Communes,code_ofs,district_electoral,dim1,dim1_acp,dim2_acp,dim3_acp,effectif,liste_eag_2022,part_eag_2022,part_gauche_2022,part_ps_verts,raboud_voix,part_raboud_2026,tendance_raboud,particip_moy,part_eag_cc,ecart,levier,part_manquante,voix_quorum,voix_siege,statut_district,marge_ecart,marge_raboud,marge_reservoir,marge_progression,source_marge,potentiel_commune,potentiel_district,score_district,score_priorite,score_marge,part_score_district,voix_a_trouver,voix_quorum_commune,profil,cluster,type_electorat,message_cle
Aigle,5401,Aigle,0.5688941388859339,0.5688941388859339,-0.654488956700615,-0.04227955472323332,1562,TRUE,0.03969270166453265,0.3866837387964149,0.34699103713188223,168,0.06857142857142857,0.028878726906895927,0.45085012529550283,NA,0.002125921143699222,0.005917159763313609,0.022233916589922378,161,169,offensive,0,0.028878726906895927,0.034699103713188226,0.034699103713188226,reservoir_ps_verts,54.20000000000001,292.6002125828787,1.7313622046324184,0.3207100591715977,0.2053201403147232,0.18523568223535694,32,30,mobilisation,5,2. Gauche marquée abstentionniste,Électorat acquis qui ne se déplace pas — priorité absolue au « faire voter »
Bex,5402,Aigle,1.7108029824327098,1.7108029824327098,-0.8777011696938358,-0.6061824348086031,1239,TRUE,0.031476997578692496,0.44713478611783697,0.4156577885391445,176,0.08,0.048523002421307505,0.48216961422590304,NA,-0.022210577730580668,0.005917159763313609,0.022233916589922378,161,169,offensive,0.022210577730580668,0.048523002421307505,0.04156577885391445,0.048523002421307505,raboud_2026,60.12,292.6002125828787,1.7313622046324184,0.35573964497041416,0.28711835752252957,0.2054680667156763,35,34,mobilisation,5,2. Gauche marquée abstentionniste,Électorat acquis qui ne se déplace pas — priorité absolue au « faire voter »
Chessel,5403,Aigle,-1.5712154421992,-1.5712154421992,-1.9329586807486256,-0.6175875123454937,97,TRUE,0.010309278350515464,0.27835051546391754,0.26804123711340205,11,0.06626506024096386,0.0559557818904484,0.5202587330761645,NA,0.002955301221491435,0.005917159763313609,0.022233916589922378,161,169,offensive,0,0.0559557818904484,0.026804123711340208,0.0559557818904484,raboud_2026,5.427710843373495,292.6002125828787,1.7313622046324184,0.03211663220931062,0.3310993011269136,0.01854992105255597,4,3,persuasion,1,5. Droite,"Terrain difficile — présence, visibilité, et d'abord déposer une liste"
Corbeyrier,5404,Aigle,1.6759382812305517,1.6759382812305517,-1.930400176771495,-0.2824554141922362,130,TRUE,0.038461538461538464,0.36923076923076925,0.3307692307692308,19,0.09595959595959595,0.05749805749805749,0.5638722197342887,NA,-0.014733837582778894,0.005917159763313609,0.022233916589922378,161,169,offensive,0.014733837582778894,0.05749805749805749,0.03307692307692308,0.05749805749805749,raboud_2026,7.474747474747474,292.6002125828787,1.7313622046324184,0.04422927499850576,0.3402251922961982,0.025545940000403312,5,5,persuasion,4,1. Gauche marquée mobilisé,Gauche implantée où EàG a déjà fait ses preuves — incarner et consolider
Gryon,5405,Aigle,-0.2710187003843512,-0.2710187003843512,0.4802634526077931,0.17559957223999142,267,TRUE,0.04868913857677903,0.40074906367041196,0.35205992509363293,30,0.06134969325153374,0.012660554674754715,0.5476769879333233,NA,0.022979751576076783,0.005917159763313609,0.022233916589922378,161,169,offensive,0,0.012660554674754715,0.03520599250936329,0.03520599250936329,reservoir_ps_verts,9.399999999999999,292.6002125828787,1.7313622046324184,0.055621301775147916,0.2083194823039248,0.032125745627534216,6,6,report_gauche,2,3. Centre mobilisé,Commune disputée où EàG perce déjà — porte-à-porte et présence publique
Lavey-Morcles,5406,Aigle,-1.0904557202354677,-1.0904557202354677,-1.7757317835964583,-0.25729397637720114,164,TRUE,0.036585365853658534,0.32926829268292684,0.29268292682926833,19,0.06690140845070422,0.030316042597045685,0.4715955719066688,NA,0.022444306844917716,0.005917159763313609,0.022233916589922378,161,169,offensive,0,0.030316042597045685,0.029268292682926834,0.030316042597045685,raboud_2026,4.971830985915492,292.6002125828787,1.7313622046324184,0.029419118259854982,0.17938486743814014,0.016991891229426997,3,3,implantation,1,5. Droite,"Terrain difficile — présence, visibilité, et d'abord déposer une liste"
Leysin,5407,Aigle,1.5435298061095266,1.5435298061095266,0.13189240430638205,0.26238748373397514,500,TRUE,0.02,0.372,0.352,54,0.06593406593406594,0.04593406593406593,0.5008199583708958,NA,-0.031326111376004245,0.005917159763313609,0.022233916589922378,161,169,offensive,0.031326111376004245,0.04593406593406593,0.0352,0.04593406593406593,raboud_2026,22.967032967032967,292.6002125828787,1.7313622046324184,0.13589960335522466,0.2717992067104493,0.07849287860830784,14,13,mobilisation,5,2. Gauche marquée abstentionniste,Électorat acquis qui ne se déplace pas — priorité absolue au « faire voter »
Noville,5408,Aigle,-1.1589350032365462,-1.1589350032365462,-0.8985990243844767,0.3157380857005432,199,TRUE,0.02512562814070352,0.35678391959798994,0.3316582914572864,12,0.03076923076923077,0.005643602628527252,0.46397311614251074,NA,0.011951319214299424,0.005917159763313609,0.022233916589922378,161,169,offensive,0,0.005643602628527252,0.033165829145728645,0.033165829145728645,reservoir_ps_verts,6.6000000000000005,292.6002125828787,1.7313622046324184,0.039053254437869826,0.19624750973803934,0.022556374589545305,4,4,report_gauche,5,2. Gauche marquée abstentionniste,Électorat acquis qui ne se déplace pas — priorité absolue au « faire voter »
Ollon VD,5409,Aigle,-0.33224549929693703,-0.33224549929693703,0.13216328278241676,-0.3606111379963665,1543,TRUE,0.027219701879455604,0.3765392093324692,0.3493195074530136,143,0.05616653574234093,0.028946833862885324,0.5848229409975736,NA,0.002374678673114701,0.005917159763313609,0.022233916589922378,161,169,offensive,0,0.028946833862885324,0.03493195074530136,0.03493195074530136,reservoir_ps_verts,53.9,292.6002125828787,1.7313622046324184,0.31893491124260354,0.20669793340415005,0.18421039248128665,32,30,report_gauche,2,3. Centre mobilisé,Commune disputée où EàG perce déjà — porte-à-porte et présence publique
Ormont-Dessous,5410,Aigle,-1.6178290198769911,-1.6178290198769911,-1.349770288162958,-0.6453920695368992,244,TRUE,0.020491803278688523,0.27459016393442626,0.2540983606557377,31,0.0649895178197065,0.044497714541017974,0.5253258391101622,NA,0.013795889115325276,0.005917159763313609,0.022233916589922378,161,169,offensive,0,0.044497714541017974,0.025409836065573774,0.044497714541017974,raboud_2026,10.857442348008385,292.6002125828787,1.7313622046324184,0.06424522099413246,0.26330008604152644,0.037106747982737796,7,6,implantation,1,5. Droite,"Terrain difficile — présence, visibilité, et d'abord déposer une liste"
Ormont-Dessus,5411,Aigle,-2.5385878752717734,-2.5385878752717734,0.5018738084991777,0.3857324254931881,335,TRUE,0.023880597014925373,0.20298507462686566,0.1791044776119403,17,0.03125,0.007369402985074627,0.5393473046225663,NA,0.03018341269006164,0.005917159763313609,0.022233916589922378,161,169,offensive,0,0.007369402985074627,0.01791044776119403,0.01791044776119403,reservoir_ps_verts,6,292.6002125828787,1.7313622046324184,0.03550295857988166,0.10597898083546764,0.020505795081404824,4,4,implantation,1,5. Droite,"Terrain difficile — présence, visibilité, et d'abord déposer une liste"
Rennaz,5412,Aigle,0.6916508514609131,0.6916508514609131,-1.2555954063587416,-0.5154696683619509,98,TRUE,0.04081632653061224,0.40816326530612246,0.3673469387755102,16,0.07407407407407407,0.03325774754346183,0.4493188529819293,NA,0.0015165392259990015,0.005917159763313609,0.022233916589922378,161,169,offensive,0,0.03325774754346183,0.036734693877551024,0.036734693877551024,reservoir_ps_verts,3.6000000000000005,292.6002125828787,1.7313622046324184,0.021301775147928997,0.21736505252988772,0.012303477048842895,3,2,mobilisation,5,2. Gauche marquée abstentionniste,Électorat acquis qui ne se déplace pas — priorité absolue au « faire voter »
Roche VD,5413,Aigle,-1.0586417848515013,-1.0586417848515013,-1.5565958917900464,0.8326484807095781,202,TRUE,0.01485148514851485,0.36633663366336633,0.35148514851485146,33,0.0746606334841629,0.059809148335648044,0.41900932755792963,NA,2.612957852488537e-4,0.005917159763313609,0.022233916589922378,161,169,offensive,0,0.059809148335648044,0.035148514851485145,0.059809148335648044,raboud_2026,12.081447963800905,292.6002125828787,1.7313622046324184,0.07148785777396985,0.3539002860097517,0.04128994937205948,7,7,persuasion,3,4. Centre,"Commune disputée, réservoir réel — thèmes sociaux concrets, pas d'étiquette"
Villeneuve VD,5414,Aigle,1.4627601192238042,1.4627601192238042,-0.8214762069940114,-0.35667552673853026,758,TRUE,0.018469656992084433,0.3891820580474934,0.370712401055409,66,0.05365853658536585,0.035188879593281416,0.4380446153322844,NA,-0.03171619563667426,0.005917159763313609,0.022233916589922378,161,169,offensive,0.03171619563667426,0.035188879593281416,0.0370712401055409,0.0370712401055409,reservoir_ps_verts,28.1,292.6002125828787,1.7313622046324184,0.16627218934911242,0.2193564503286444,0.09603547363124593,17,16,mobilisation,5,2. Gauche marquée abstentionniste,Électorat acquis qui ne se déplace pas — priorité absolue au « faire voter »
Yvorne,5415,Aigle,-1.0928522694802045,-1.0928522694802045,0.09676465204115267,-0.08830785357899501,264,TRUE,0.011363636363636364,0.2727272727272727,0.26136363636363635,13,0.031476997578692496,0.020113361215056132,0.4772112620379461,NA,-0.0027435895779615495,0.005917159763313609,0.022233916589922378,161,169,offensive,0.0027435895779615495,0.020113361215056132,0.026136363636363638,0.026136363636363638,reservoir_ps_verts,6.9,292.6002125828787,1.7313622046324184,0.04082840236686391,0.1546530392684239,0.023581664343615548,4,4,persuasion,1,5. Droite,"Terrain difficile — présence, visibilité, et d'abord déposer une liste"
Avenches,5451,Broye-Vully,-0.6025186908939155,-0.6025186908939155,-1.0834023104696022,-0.6498171514107777,573,FALSE,0,0.35602094240837695,0.35602094240837695,45,0.04563894523326572,0.04563894523326572,0.4326803557937513,NA,NA,0.002188183807439825,0.06194090539441583,369,457,offensive,NA,0.04563894523326572,0.0356020942408377,0.04563894523326572,raboud_2026,26.151115618661258,378.47248309332974,0.8281673590663671,0.057223447743241264,0.09986640094806502,0.06909647804491113,32,26,persuasion,5,2. Gauche marquée abstentionniste,Électorat acquis qui ne se déplace pas — priorité absolue au « faire voter »
Bussy-sur-Moudon,5663,Broye-Vully,-4.521534652631299,-4.521534652631299,0.15377818251598507,0.5204628262238118,64,FALSE,0,0.28125,0.28125,3,0.025210084033613446,0.025210084033613446,0.5441763057731923,NA,NA,0.002188183807439825,0.06194090539441583,369,457,offensive,NA,0.025210084033613446,0.028125,0.028125,reservoir_ps_verts,1.8,378.47248309332974,0.8281673590663671,0.003938730853391685,0.06154266958424508,0.004755960024592138,3,2,implantation,1,5. Droite,"Terrain difficile — présence, visibilité, et d'abord déposer une liste"
Champtauroz,5812,Broye-Vully,2.1628007057015632,2.1628007057015632,-2.7650577319062566,-1.1252720391938527,44,FALSE,0,0.45454545454545453,0.45454545454545453,7,0.08536585365853659,0.08536585365853659,0.5594165543018002,NA,NA,0.002188183807439825,0.06194090539441583,369,457,offensive,NA,0.08536585365853659,0.045454545454545456,0.08536585365853659,raboud_2026,3.75609756097561,378.47248309332974,0.8281673590663671,0.00821903186209105,0.1867961786838875,0.009924361026926684,5,4,persuasion,4,1. Gauche marquée mobilisé,Gauche implantée où EàG a déjà fait ses preuves — incarner et consolider
Chavannes-sur-Moudon,5665,Broye-Vully,-5.081327537043442,-5.081327537043442,-2.0726902150885023,-1.0785811271934898,67,FALSE,0,0.13432835820895522,0.13432835820895522,6,0.05172413793103448,0.05172413793103448,0.5117780856564506,NA,NA,0.002188183807439825,0.06194090539441583,369,457,offensive,NA,0.05172413793103448,0.013432835820895522,0.05172413793103448,raboud_2026,3.4655172413793105,378.47248309332974,0.8281673590663671,0.007583188711989738,0.11318192107447371,0.009156589702519346,5,4,persuasion,1,5. Droite,"Terrain difficile — présence, visibilité, et d'abord déposer une liste"
Chevroux,5813,Broye-Vully,-1.1143607624068088,-1.1143607624068088,-1.8993957935293249,-0.3534643284785263,114,FALSE,0,0.21929824561403508,0.21929824561403508,8,0.041884816753926704,0.041884816753926704,0.5405060881264339,NA,NA,0.002188183807439825,0.06194090539441583,369,457,offensive,NA,0.041884816753926704,0.021929824561403508,0.041884816753926704,raboud_2026,4.774869109947645,378.47248309332974,0.8281673590663671,0.010448291269032045,0.0916516777985267,0.012616159227539355,6,5,implantation,1,5. Droite,"Terrain difficile — présence, visibilité, et d'abord déposer une liste"
Corcelles-le-Jorat,5785,Broye-Vully,-1.1846073047013927,-1.1846073047013927,-1.2047604418506472,0.5018244676245627,154,FALSE,0,0.2012987012987013,0.2012987012987013,7,0.03664921465968586,0.03664921465968586,0.5664965535524921,NA,NA,0.002188183807439825,0.06194090539441583,369,457,offensive,NA,0.03664921465968586,0.020129870129870133,0.03664921465968586,raboud_2026,5.643979057591623,378.47248309332974,0.8281673590663671,0.012350063583351473,0.08019521807371086,0.014912521543078315,7,6,implantation,1,5. Droite,"Terrain difficile — présence, visibilité, et d'abord déposer une liste"
Corcelles-près-Payerne,5816,Broye-Vully,-3.046913375453423,-3.046913375453423,-1.3512939798874841,0.08774509062007699,542,FALSE,0,0.1992619926199262,0.1992619926199262,38,0.050870147255689425,0.050870147255689425,0.4875381617577917,NA,NA,0.002188183807439825,0.06194090539441583,369,457,offensive,NA,0.050870147255689425,0.01992619926199262,0.050870147255689425,raboud_2026,27.57161981258367,378.47248309332974,0.8281673590663671,0.06033177201878265,0.11131323250697904,0.07284973424550029,34,27,persuasion,1,5. Droite,"Terrain difficile — présence, visibilité, et d'abord déposer une liste"
Cudrefin,5456,Broye-Vully,-0.9533911775174966,-0.9533911775174966,-0.3417699980573933,-0.7782528957453746,290,FALSE,0,0.3103448275862069,0.3103448275862069,29,0.04393939393939394,0.04393939393939394,0.4709423152044959,NA,NA,0.002188183807439825,0.06194090539441583,369,457,offensive,NA,0.04393939393939394,0.031034482758620693,0.04393939393939394,raboud_2026,12.742424242424242,378.47248309332974,0.8281673590663671,0.027882766394801403,0.0961474703269014,0.03366803350742414,16,13,report_gauche,1,5. Droite,"Terrain difficile — présence, visibilité, et d'abord déposer une liste"
Curtilles,5669,Broye-Vully,0.41061529764896126,0.41061529764896126,-0.6493428905090068,-0.7600717218373003,81,FALSE,0,0.4074074074074074,0.4074074074074074,5,0.047619047619047616,0.047619047619047616,0.5543814177779992,NA,NA,0.002188183807439825,0.06194090539441583,369,457,offensive,NA,0.047619047619047616,0.040740740740740744,0.047619047619047616,raboud_2026,3.8571428571428568,378.47248309332974,0.8281673590663671,0.00844013754298218,0.10419922892570595,0.010191342909840294,5,4,persuasion,4,1. Gauche marquée mobilisé,Gauche implantée où EàG a déjà fait ses preuves — incarner et consolider
Dompierre VD,5671,Broye-Vully,-2.9930675801359,-2.9930675801359,-1.5307055282972155,-1.4048280328926297,77,FALSE,0,0.24675324675324675,0.24675324675324675,6,0.05714285714285714,0.05714285714285714,0.6010530118875992,NA,NA,0.002188183807439825,0.06194090539441583,369,457,offensive,NA,0.05714285714285714,0.024675324675324677,0.05714285714285714,raboud_2026,4.3999999999999995,378.47248309332974,0.8281673590663671,0.009628008752735229,0.12503907471084713,0.011625680060114113,6,5,persuasion,1,5. Droite,"Terrain difficile — présence, visibilité, et d'abord déposer une liste"
Faoug,5458,Broye-Vully,-0.3571523132075901,-0.3571523132075901,0.5808935552184279,-0.527885464061683,114,FALSE,0,0.39473684210526316,0.39473684210526316,16,0.0642570281124498,0.0642570281124498,0.43147313269843546,NA,NA,0.002188183807439825,0.06194090539441583,369,457,offensive,NA,0.0642570281124498,0.03947368421052632,0.0642570281124498,raboud_2026,7.325301204819277,378.47248309332974,0.8281673590663671,0.01602910548100498,0.14060618842986825,0.019354910943453946,9,8,persuasion,5,2. Gauche marquée abstentionniste,Électorat acquis qui ne se déplace pas — priorité absolue au « faire voter »
Grandcour,5817,Broye-Vully,-0.6052574022396634,-0.6052574022396634,1.6797090203009108,-1.1510292255191514,198,FALSE,0,0.2222222222222222,0.2222222222222222,17,0.05345911949685535,0.05345911949685535,0.4657065619483191,NA,NA,0.002188183807439825,0.06194090539441583,369,457,offensive,NA,0.05345911949685535,0.022222222222222223,0.05345911949685535,raboud_2026,10.584905660377359,378.47248309332974,0.8281673590663671,0.02316171916931588,0.11697837964300951,0.027967437880463204,13,11,persuasion,2,3. Centre mobilisé,Commune disputée où EàG perce déjà — porte-à-porte et présence publique
Henniez,5819,Broye-Vully,-1.7404418406840474,-1.7404418406840474,-1.6713612298919878,0.6201143456434026,46,FALSE,0,0.17391304347826086,0.17391304347826086,7,0.07,0.07,0.37920199922555736,NA,NA,0.002188183807439825,0.06194090539441583,369,457,offensive,NA,0.07,0.017391304347826087,0.07,raboud_2026,3.22,378.47248309332974,0.8281673590663671,0.007045951859956236,0.15317286652078774,0.008507884043992603,4,4,persuasion,1,5. Droite,"Terrain difficile — présence, visibilité, et d'abord déposer une liste"
Hermenches,5673,Broye-Vully,-3.915555484691521,-3.915555484691521,-1.6398870777766552,1.2421353313894892,93,FALSE,0,0.1827956989247312,0.1827956989247312,4,0.026490066225165563,0.026490066225165563,0.5339477402033629,NA,NA,0.002188183807439825,0.06194090539441583,369,457,offensive,NA,0.026490066225165563,0.01827956989247312,0.026490066225165563,raboud_2026,2.4635761589403975,378.47248309332974,0.8281673590663671,0.005390757459388178,0.05796513397191589,0.006509260960810432,3,3,implantation,3,4. Centre,"Commune disputée, réservoir réel — thèmes sociaux concrets, pas d'étiquette"
Lovatens,5674,Broye-Vully,3.8205852154544897,3.8205852154544897,-1.9498330113045157,-2.1030843899656406,37,FALSE,0,0.3783783783783784,0.3783783783783784,7,0.10294117647058823,0.10294117647058823,0.5243006993006993,NA,NA,0.002188183807439825,0.06194090539441583,369,457,offensive,NA,0.10294117647058823,0.03783783783783784,0.10294117647058823,raboud_2026,3.8088235294117645,378.47248309332974,0.8281673590663671,0.008334405972454627,0.22525421547174665,0.010063673581449049,5,4,mobilisation,4,1. Gauche marquée mobilisé,Gauche implantée où EàG a déjà fait ses preuves — incarner et consolider
Lucens,5675,Broye-Vully,1.3323053055807024,1.3323053055807024,-1.641647878967577,0.25009324619241,574,FALSE,0,0.42857142857142855,0.42857142857142855,49,0.05493273542600897,0.05493273542600897,0.4546020591291871,NA,NA,0.002188183807439825,0.06194090539441583,369,457,offensive,NA,0.05493273542600897,0.04285714285714286,0.05493273542600897,raboud_2026,31.531390134529147,378.47248309332974,0.8281673590663671,0.06899647731844452,0.12020292215756885,0.08331223944424418,39,31,mobilisation,5,2. Gauche marquée abstentionniste,Électorat acquis qui ne se déplace pas — priorité absolue au « faire voter »
Missy,5821,Broye-Vully,-0.5890053831392984,-0.5890053831392984,0.5902013463553147,0.4181950558032742,92,FALSE,0,0.2608695652173913,0.2608695652173913,12,0.08108108108108109,0.08108108108108109,0.5109124141334543,NA,NA,0.002188183807439825,0.06194090539441583,369,457,offensive,NA,0.08108108108108109,0.026086956521739132,0.08108108108108109,raboud_2026,7.45945945945946,378.47248309332974,0.8281673590663671,0.01632266840144302,0.17742030871133715,0.019709383885697148,10,8,persuasion,2,3. Centre mobilisé,Commune disputée où EàG perce déjà — porte-à-porte et présence publique
Moudon,5678,Broye-Vully,1.0510668325551091,1.0510668325551091,-1.021065991034443,-0.08643299357013519,647,FALSE,0,0.4420401854714065,0.4420401854714065,83,0.0747074707470747,0.0747074707470747,0.3009569818394779,NA,NA,0.002188183807439825,0.06194090539441583,369,457,offensive,NA,0.0747074707470747,0.04420401854714065,0.0747074707470747,raboud_2026,48.33573357335734,378.47248309332974,0.8281673590663671,0.10576746952594603,0.16347367778353325,0.127712675907902,59,48,mobilisation,5,2. Gauche marquée abstentionniste,Électorat acquis qui ne se déplace pas — priorité absolue au « faire voter »
Payerne,5822,Broye-Vully,-1.7755952235528554,-1.7755952235528554,-1.1060227418451878,-0.09921056412001192,1412,FALSE,0,0.2847025495750708,0.2847025495750708,89,0.04038112522686026,0.04038112522686026,0.43595439499638117,NA,NA,0.002188183807439825,0.06194090539441583,369,457,offensive,NA,0.04038112522686026,0.02847025495750708,0.04038112522686026,raboud_2026,57.01814882032668,378.47248309332974,0.8281673590663671,0.12476618997883299,0.08836132434761543,0.15065335359206614,69,56,implantation,1,5. Droite,"Terrain difficile — présence, visibilité, et d'abord déposer une liste"
Prévonloup,5683,Broye-Vully,-3.2137146534295478,-3.2137146534295478,0.2904712919695896,-0.21336920405274162,55,FALSE,0,0.32727272727272727,0.32727272727272727,3,0.0375,0.0375,0.4548605686276992,NA,NA,0.002188183807439825,0.06194090539441583,369,457,offensive,NA,0.0375,0.03272727272727273,0.0375,raboud_2026,2.0625,378.47248309332974,0.8281673590663671,0.0045131291028446385,0.08205689277899343,0.005449537528178491,3,3,report_gauche,1,5. Droite,"Terrain difficile — présence, visibilité, et d'abord déposer une liste"
Ropraz,5798,Broye-Vully,-1.2428359344402384,-1.2428359344402384,-0.5501146615039144,-0.8438633927493122,110,FALSE,0,0.2,0.2,16,0.08290155440414508,0.08290155440414508,0.5516557443868423,NA,NA,0.002188183807439825,0.06194090539441583,369,457,offensive,NA,0.08290155440414508,0.020000000000000004,0.08290155440414508,raboud_2026,9.119170984455959,378.47248309332974,0.8281673590663671,0.019954422285461616,0.18140383895874196,0.024094673699718374,12,9,persuasion,1,5. Droite,"Terrain difficile — présence, visibilité, et d'abord déposer une liste"
Rossenges,5684,Broye-Vully,-2.5058661294552147,-2.5058661294552147,-0.608831095356244,3.103653924632363,23,FALSE,0,0.13043478260869565,0.13043478260869565,0,0,0,0.5276367948781742,NA,NA,0.002188183807439825,0.06194090539441583,369,457,offensive,NA,0,0.013043478260869566,0.013043478260869566,reservoir_ps_verts,0.30000000000000004,378.47248309332974,0.8281673590663671,6.564551422319476e-4,0.028541527923128154,7.926600040986897e-4,1,1,implantation,3,4. Centre,"Commune disputée, réservoir réel — thèmes sociaux concrets, pas d'étiquette"
Syens,5688,Broye-Vully,-1.1666171111827057,-1.1666171111827057,-1.401261398265326,2.810467089909029,33,FALSE,0,0.3333333333333333,0.3333333333333333,1,0.024390243902439025,0.024390243902439025,0.4523678568622389,NA,NA,0.002188183807439825,0.06194090539441583,369,457,offensive,NA,0.024390243902439025,0.03333333333333333,0.03333333333333333,reservoir_ps_verts,1.1,378.47248309332974,0.8281673590663671,0.0024070021881838076,0.07293946024799416,0.002906420015028529,2,2,report_gauche,3,4. Centre,"Commune disputée, réservoir réel — thèmes sociaux concrets, pas d'étiquette"
Trey,5827,Broye-Vully,-3.160094993067322,-3.160094993067322,-1.2059806918463465,0.06680302793247034,92,FALSE,0,0.2717391304347826,0.2717391304347826,6,0.05660377358490566,0.05660377358490566,0.5008162580963978,NA,NA,0.002188183807439825,0.06194090539441583,369,457,offensive,NA,0.05660377358490566,0.02717391304347826,0.05660377358490566,raboud_2026,5.2075471698113205,378.47248309332974,0.8281673590663671,0.01139507039346022,0.12385946079848065,0.013759381203222537,7,6,persuasion,1,5. Droite,"Terrain difficile — présence, visibilité, et d'abord déposer une liste"
Treytorrens (Payerne),5828,Broye-Vully,-5.826046634231328,-5.826046634231328,0.005908179081541492,-2.477378583317801,36,FALSE,0,0.05555555555555555,0.05555555555555555,2,0.03508771929824561,0.03508771929824561,0.5839887096168784,NA,NA,0.002188183807439825,0.06194090539441583,369,457,offensive,NA,0.03508771929824561,0.005555555555555556,0.03508771929824561,raboud_2026,1.263157894736842,378.47248309332974,0.8281673590663671,0.0027640216515029364,0.0767783792084149,0.0033375158067313246,2,2,implantation,1,5. Droite,"Terrain difficile — présence, visibilité, et d'abord déposer une liste"
Valbroye,5831,Broye-Vully,-2.6561456655019455,-2.6561456655019455,-0.9183736369288958,-0.18308157567384753,690,FALSE,0,0.21884057971014492,0.21884057971014492,52,0.05226130653266332,0.05226130653266332,0.5133799208341189,NA,NA,0.002188183807439825,0.06194090539441583,369,457,offensive,NA,0.05226130653266332,0.021884057971014493,0.05226130653266332,raboud_2026,36.06030150753769,378.47248309332974,0.8281673590663671,0.07890656785019187,0.11435734471042301,0.0952785291358827,44,36,persuasion,1,5. Droite,"Terrain difficile — présence, visibilité, et d'abord déposer une liste"
Villars-le-Comte,5690,Broye-Vully,-3.05923457203056,-3.05923457203056,1.2545053554534897,-0.7887291185105472,35,FALSE,0,0.2,0.2,6,0.1016949152542373,0.1016949152542373,0.5941809180918092,NA,NA,0.002188183807439825,0.06194090539441583,369,457,offensive,NA,0.1016949152542373,0.020000000000000004,0.1016949152542373,raboud_2026,3.5593220338983054,378.47248309332974,0.8281673590663671,0.0077884508400400555,0.22252716685828727,0.009404440726594623,5,4,persuasion,2,3. Centre mobilisé,Commune disputée où EàG perce déjà — porte-à-porte et présence publique
Villarzel,5830,Broye-Vully,-0.3313570423056125,-0.3313570423056125,-1.3430837766613637,-0.22382992895795434,114,FALSE,0,0.32456140350877194,0.32456140350877194,12,0.0670391061452514,0.0670391061452514,0.4903659330967969,NA,NA,0.002188183807439825,0.06194090539441583,369,457,offensive,NA,0.0670391061452514,0.0324561403508772,0.0670391061452514,raboud_2026,7.642458100558659,378.47248309332974,0.8281673590663671,0.01672310306467978,0.14669388653227874,0.020192902897709634,10,8,persuasion,5,2. Gauche marquée abstentionniste,Électorat acquis qui ne se déplace pas — priorité absolue au « faire voter »
Vucherens,5692,Broye-Vully,0.9452088320221907,0.9452088320221907,-0.46453503356515885,-0.20043847070034965,164,FALSE,0,0.34146341463414637,0.34146341463414637,16,0.0653061224489796,0.0653061224489796,0.5443502772867355,NA,NA,0.002188183807439825,0.06194090539441583,369,457,offensive,NA,0.0653061224489796,0.03414634146341464,0.0653061224489796,raboud_2026,10.710204081632654,378.47248309332974,0.8281673590663671,0.023435895145804492,0.1429017996695396,0.028298501370815805,13,11,persuasion,5,2. Gauche marquée abstentionniste,Électorat acquis qui ne se déplace pas — priorité absolue au « faire voter »
Vulliens,5803,Broye-Vully,-2.6817090845659117,-2.6817090845659117,-1.0260809975203091,0.06699777304736296,171,FALSE,0,0.23391812865497075,0.23391812865497075,11,0.04296875,0.04296875,0.582952772904926,NA,NA,0.002188183807439825,0.06194090539441583,369,457,offensive,NA,0.04296875,0.023391812865497075,0.04296875,raboud_2026,7.34765625,378.47248309332974,0.8281673590663671,0.016078022428884026,0.09402352297592997,0.019413977444135876,9,8,implantation,1,5. Droite,"Terrain difficile — présence, visibilité, et d'abord déposer une liste"
Vully-les-Lacs,5464,Broye-Vully,-2.7244904621291397,-2.7244904621291397,0.17386354225323378,-0.3959498612149626,634,FALSE,0,0.2334384858044164,0.2334384858044164,51,0.044463818657367045,0.044463818657367045,0.5033192996254114,NA,NA,0.002188183807439825,0.06194090539441583,369,457,offensive,NA,0.044463818657367045,0.02334384858044164,0.044463818657367045,raboud_2026,28.190061028770707,378.47248309332974,0.8281673590663671,0.06168503507389651,0.09729500800299135,0.074483779635359,35,28,implantation,1,5. Droite,"Terrain difficile — présence, visibilité, et d'abord déposer une liste"
Assens,5511,Gros-de-Vaud,-2.4636121485345304,-2.4636121485345304,0.1283932678067248,0.4422003744874784,428,FALSE,0,0.20093457943925233,0.20093457943925233,33,0.05188679245283019,0.05188679245283019,0.5324305791229444,NA,NA,0.0019230769230769232,0.05266356086692323,494,520,offensive,NA,0.05188679245283019,0.020093457943925235,0.05188679245283019,raboud_2026,22.20754716981132,490.83175864846106,0.9439072281701175,0.04270682148040639,0.0997822931785196,0.0452447234281688,24,23,persuasion,1,5. Droite,"Terrain difficile — présence, visibilité, et d'abord déposer une liste"
Bercher,5512,Gros-de-Vaud,-0.5605811925366224,-0.5605811925366224,0.04304949019392735,-0.2665994144717821,303,FALSE,0,0.31683168316831684,0.31683168316831684,14,0.029350104821802937,0.029350104821802937,0.5364476536088724,NA,NA,0.0019230769230769232,0.05266356086692323,494,520,offensive,NA,0.029350104821802937,0.031683168316831684,0.031683168316831684,reservoir_ps_verts,9.6,490.83175864846106,0.9439072281701175,0.018461538461538463,0.06092916984006093,0.01955863660174366,11,10,report_gauche,2,3. Centre mobilisé,Commune disputée où EàG perce déjà — porte-à-porte et présence publique
Bettens,5471,Gros-de-Vaud,-2.535202205177911,-2.535202205177911,-1.52410917774889,-0.5292021305472652,122,FALSE,0,0.26229508196721313,0.26229508196721313,9,0.04186046511627907,0.04186046511627907,0.5232636562829134,NA,NA,0.0019230769230769232,0.05266356086692323,494,520,offensive,NA,0.04186046511627907,0.026229508196721315,0.04186046511627907,raboud_2026,5.1069767441860465,490.83175864846106,0.9439072281701175,0.009821109123434705,0.08050089445438283,0.010404739820113633,6,6,implantation,1,5. Droite,"Terrain difficile — présence, visibilité, et d'abord déposer une liste"
Bottens,5514,Gros-de-Vaud,-0.9160173006145529,-0.9160173006145529,-0.803945343784588,-0.16672287800283517,268,FALSE,0,0.19029850746268656,0.19029850746268656,30,0.06109979633401222,0.06109979633401222,0.49406461490741976,NA,NA,0.0019230769230769232,0.05266356086692323,494,520,offensive,NA,0.06109979633401222,0.01902985074626866,0.06109979633401222,raboud_2026,16.374745417515275,490.83175864846106,0.9439072281701175,0.03148989503368322,0.11749960833463888,0.03336121823617172,18,17,persuasion,1,5. Droite,"Terrain difficile — présence, visibilité, et d'abord déposer une liste"
Boulens,5661,Gros-de-Vaud,0.025988728767356015,0.025988728767356015,-1.0671921824265773,1.1119268698059979,110,FALSE,0,0.42727272727272725,0.42727272727272725,9,0.05454545454545454,0.05454545454545454,0.5691485885413168,NA,NA,0.0019230769230769232,0.05266356086692323,494,520,offensive,NA,0.05454545454545454,0.042727272727272725,0.05454545454545454,raboud_2026,6,490.83175864846106,0.9439072281701175,0.011538461538461539,0.1048951048951049,0.012224147876089787,7,7,persuasion,3,4. Centre,"Commune disputée, réservoir réel — thèmes sociaux concrets, pas d'étiquette"
Bournens,5472,Gros-de-Vaud,-2.9786567520587024,-2.9786567520587024,-0.1710516373686815,-0.08647240183176778,103,FALSE,0,0.18446601941747573,0.18446601941747573,9,0.04568527918781726,0.04568527918781726,0.5187450446631927,NA,NA,0.0019230769230769232,0.05266356086692323,494,520,offensive,NA,0.04568527918781726,0.018446601941747572,0.04568527918781726,raboud_2026,4.7055837563451774,490.83175864846106,0.9439072281701175,0.009049199531433034,0.0878563061304178,0.009586958613481583,5,5,persuasion,1,5. Droite,"Terrain difficile — présence, visibilité, et d'abord déposer une liste"
Boussens,5473,Gros-de-Vaud,0.5267132759416778,0.5267132759416778,-0.680306191071774,0.24149528386548907,192,FALSE,0,0.3645833333333333,0.3645833333333333,14,0.03753351206434316,0.03753351206434316,0.5950638674057313,NA,NA,0.0019230769230769232,0.05266356086692323,494,520,offensive,NA,0.03753351206434316,0.036458333333333336,0.03753351206434316,raboud_2026,7.206434316353887,490.83175864846106,0.9439072281701175,0.013858527531449782,0.07217983089296762,0.014682086457072986,8,8,report_gauche,4,1. Gauche marquée mobilisé,Gauche implantée où EàG a déjà fait ses preuves — incarner et consolider
Bretigny-sur-Morrens,5515,Gros-de-Vaud,2.275541460960916,2.275541460960916,-0.48405098304221633,-1.0671873817046613,173,FALSE,0,0.3988439306358382,0.3988439306358382,15,0.049019607843137254,0.049019607843137254,0.50963027529212,NA,NA,0.0019230769230769232,0.05266356086692323,494,520,offensive,NA,0.049019607843137254,0.03988439306358382,0.049019607843137254,raboud_2026,8.480392156862745,490.83175864846106,0.9439072281701175,0.01630844645550528,0.0942684766214178,0.017277594628787037,9,9,mobilisation,5,2. Gauche marquée abstentionniste,Électorat acquis qui ne se déplace pas — priorité absolue au « faire voter »
Cugy VD,5516,Gros-de-Vaud,2.241553336901663,2.241553336901663,0.05091144950971566,0.4383843184359225,496,FALSE,0,0.3487903225806452,0.3487903225806452,56,0.06549707602339182,0.06549707602339182,0.5413415298752116,NA,NA,0.0019230769230769232,0.05266356086692323,494,520,offensive,NA,0.06549707602339182,0.03487903225806452,0.06549707602339182,raboud_2026,32.48654970760234,490.83175864846106,0.9439072281701175,0.062474134053081436,0.12595591542959966,0.06618673126827875,35,33,mobilisation,5,2. Gauche marquée abstentionniste,Électorat acquis qui ne se déplace pas — priorité absolue au « faire voter »
Daillens,5480,Gros-de-Vaud,0.9663732649241833,0.9663732649241833,0.649133259386132,0.12517149982987388,236,FALSE,0,0.4025423728813559,0.4025423728813559,31,0.07524271844660194,0.07524271844660194,0.5709473991440841,NA,NA,0.0019230769230769232,0.05266356086692323,494,520,offensive,NA,0.07524271844660194,0.0402542372881356,0.07524271844660194,raboud_2026,17.757281553398055,490.83175864846106,0.9439072281701175,0.03414861837191934,0.1446975354742345,0.03617793926434986,19,18,persuasion,5,2. Gauche marquée abstentionniste,Électorat acquis qui ne se déplace pas — priorité absolue au « faire voter »
Echallens,5518,Gros-de-Vaud,1.2112692885626963,1.2112692885626963,-0.025759197818165387,0.44138506079389883,1134,FALSE,0,0.328042328042328,0.328042328042328,109,0.052378664103796255,0.052378664103796255,0.49770253796791913,NA,NA,0.0019230769230769232,0.05266356086692323,494,520,offensive,NA,0.052378664103796255,0.0328042328042328,0.052378664103796255,raboud_2026,59.397405093704954,490.83175864846106,0.9439072281701175,0.11422577902635568,0.10072820019960818,0.12101377722024301,63,60,mobilisation,5,2. Gauche marquée abstentionniste,Électorat acquis qui ne se déplace pas — priorité absolue au « faire voter »
Essertines-sur-Yverdon,5520,Gros-de-Vaud,-0.8472566290265438,-0.8472566290265438,-1.467813823687493,0.1676010231392196,209,FALSE,0,0.291866028708134,0.291866028708134,19,0.05352112676056338,0.05352112676056338,0.4812594475056499,NA,NA,0.0019230769230769232,0.05266356086692323,494,520,offensive,NA,0.05352112676056338,0.0291866028708134,0.05352112676056338,raboud_2026,11.185915492957745,490.83175864846106,0.9439072281701175,0.021511375947995664,0.10292524377031419,0.02278971418589321,12,12,persuasion,1,5. Droite,"Terrain difficile — présence, visibilité, et d'abord déposer une liste"
Etagnières,5521,Gros-de-Vaud,1.2173262594536136,1.2173262594536136,0.9540707678466472,0.4006881659882229,246,FALSE,0,0.36585365853658536,0.36585365853658536,27,0.06633906633906633,0.06633906633906633,0.5630519347300761,NA,NA,0.0019230769230769232,0.05266356086692323,494,520,offensive,NA,0.06633906633906633,0.036585365853658534,0.06633906633906633,raboud_2026,16.319410319410316,490.83175864846106,0.9439072281701175,0.031383481383481376,0.12757512757512757,0.03324848083250956,18,17,persuasion,2,3. Centre mobilisé,Commune disputée où EàG perce déjà — porte-à-porte et présence publique
Fey,5522,Gros-de-Vaud,0.46647057484189997,0.46647057484189997,0.1727195535571756,0.7833572600164144,154,FALSE,0,0.2792207792207792,0.2792207792207792,19,0.06690140845070422,0.06690140845070422,0.5054567006691851,NA,NA,0.0019230769230769232,0.05266356086692323,494,520,offensive,NA,0.06690140845070422,0.02792207792207792,0.06690140845070422,raboud_2026,10.30281690140845,490.83175864846106,0.9439072281701175,0.019813109425785482,0.12865655471289275,0.02099052622384901,11,11,mobilisation,3,4. Centre,"Commune disputée, réservoir réel — thèmes sociaux concrets, pas d'étiquette"
Froideville,5523,Gros-de-Vaud,-0.6221235181059949,-0.6221235181059949,-0.09392263915845454,0.23306239676483453,550,FALSE,0,0.28545454545454546,0.28545454545454546,38,0.03588290840415486,0.03588290840415486,0.5718157852445716,NA,NA,0.0019230769230769232,0.05266356086692323,494,520,offensive,NA,0.03588290840415486,0.028545454545454547,0.03588290840415486,raboud_2026,19.73559962228517,490.83175864846106,0.9439072281701175,0.037953076196702254,0.06900559308491319,0.04020848136768595,21,20,implantation,2,3. Centre mobilisé,Commune disputée où EàG perce déjà — porte-à-porte et présence publique
Goumoëns,5541,Gros-de-Vaud,-1.9511711953617812,-1.9511711953617812,-0.06911217235946625,-0.42477504609602673,300,FALSE,0,0.19666666666666666,0.19666666666666666,22,0.04772234273318872,0.04772234273318872,0.5634601543692453,NA,NA,0.0019230769230769232,0.05266356086692323,494,520,offensive,NA,0.04772234273318872,0.019666666666666666,0.04772234273318872,raboud_2026,14.316702819956616,490.83175864846106,0.9439072281701175,0.02753212080760888,0.09177373602536291,0.029168248728196886,16,15,persuasion,1,5. Droite,"Terrain difficile — présence, visibilité, et d'abord déposer une liste"
Jorat-Menthue,5804,Gros-de-Vaud,-0.484753958824083,-0.484753958824083,-0.3776943108619077,0.6876395183619318,355,FALSE,0,0.30422535211267604,0.30422535211267604,25,0.04440497335701599,0.04440497335701599,0.5236705046923263,NA,NA,0.0019230769230769232,0.05266356086692323,494,520,offensive,NA,0.04440497335701599,0.030422535211267605,0.04440497335701599,raboud_2026,15.763765541740675,490.83175864846106,0.9439072281701175,0.030314933734116683,0.08539417953272306,0.032116433511041105,17,16,report_gauche,3,4. Centre,"Commune disputée, réservoir réel — thèmes sociaux concrets, pas d'étiquette"
Lussery-Villars,5487,Gros-de-Vaud,3.110393372365199,3.110393372365199,-0.39436114285141904,0.10090579847334517,103,FALSE,0,0.42718446601941745,0.42718446601941745,14,0.07954545454545454,0.07954545454545454,0.5060971877348176,NA,NA,0.0019230769230769232,0.05266356086692323,494,520,offensive,NA,0.07954545454545454,0.04271844660194175,0.07954545454545454,raboud_2026,8.193181818181818,490.83175864846106,0.9439072281701175,0.015756118881118882,0.152972027972028,0.01669244435352412,9,9,mobilisation,5,2. Gauche marquée abstentionniste,Électorat acquis qui ne se déplace pas — priorité absolue au « faire voter »
Mex VD,5489,Gros-de-Vaud,-2.511433009180533,-2.511433009180533,-0.553039208327905,0.7659380611372005,146,FALSE,0,0.19863013698630136,0.19863013698630136,7,0.02734375,0.02734375,0.4957024009979721,NA,NA,0.0019230769230769232,0.05266356086692323,494,520,offensive,NA,0.02734375,0.01986301369863014,0.02734375,raboud_2026,3.9921875,490.83175864846106,0.9439072281701175,0.007677283653846154,0.052584134615384616,0.008133515058179533,5,5,implantation,1,5. Droite,"Terrain difficile — présence, visibilité, et d'abord déposer une liste"
Montanaire,5693,Gros-de-Vaud,-1.1301295665620985,-1.1301295665620985,-0.7142743284463557,0.07444068401176596,694,FALSE,0,0.2780979827089337,0.2780979827089337,45,0.04217432052483599,0.04217432052483599,0.5196370543087732,NA,NA,0.0019230769230769232,0.05266356086692323,494,520,offensive,NA,0.04217432052483599,0.027809798270893374,0.04217432052483599,raboud_2026,29.268978444236176,490.83175864846106,0.9439072281701175,0.056286497008146495,0.08110446254776152,0.0596313867807379,32,30,implantation,1,5. Droite,"Terrain difficile — présence, visibilité, et d'abord déposer une liste"
Montilliez,5540,Gros-de-Vaud,-2.2908547326419852,-2.2908547326419852,-0.9201020355378551,0.14108112092559774,425,FALSE,0,0.25882352941176473,0.25882352941176473,26,0.03757225433526012,0.03757225433526012,0.516229827978716,NA,NA,0.0019230769230769232,0.05266356086692323,494,520,offensive,NA,0.03757225433526012,0.025882352941176474,0.03757225433526012,raboud_2026,15.96820809248555,490.83175864846106,0.9439072281701175,0.03070809248554914,0.07225433526011561,0.0325329561731195,17,17,implantation,1,5. Droite,"Terrain difficile — présence, visibilité, et d'abord déposer une liste"
Morrens VD,5527,Gros-de-Vaud,0.8227866796196236,0.8227866796196236,-0.02804363043206517,0.6607693342508313,218,FALSE,0,0.43577981651376146,0.43577981651376146,32,0.06866952789699571,0.06866952789699571,0.5732029264237889,NA,NA,0.0019230769230769232,0.05266356086692323,494,520,offensive,NA,0.06866952789699571,0.04357798165137615,0.06866952789699571,raboud_2026,14.969957081545065,490.83175864846106,0.9439072281701175,0.02878837900297128,0.13205678441729946,0.030499161510587396,16,16,persuasion,5,2. Gauche marquée abstentionniste,Électorat acquis qui ne se déplace pas — priorité absolue au « faire voter »
Ogens,5680,Gros-de-Vaud,0.9489908395434966,0.9489908395434966,-0.42494655159154326,-0.1504404578860534,81,FALSE,0,0.35802469135802467,0.35802469135802467,14,0.10294117647058823,0.10294117647058823,0.5232859055025509,NA,NA,0.0019230769230769232,0.05266356086692323,494,520,offensive,NA,0.10294117647058823,0.03580246913580247,0.10294117647058823,raboud_2026,8.338235294117647,490.83175864846106,0.9439072281701175,0.01603506787330317,0.19796380090497737,0.016987970210154187,9,9,mobilisation,5,2. Gauche marquée abstentionniste,Électorat acquis qui ne se déplace pas — priorité absolue au « faire voter »
Oppens,5923,Gros-de-Vaud,0.817602353946175,0.817602353946175,-1.418637968328694,-1.0764605022186369,52,FALSE,0,0.25,0.25,6,0.06451612903225806,0.06451612903225806,0.5503758460347667,NA,NA,0.0019230769230769232,0.05266356086692323,494,520,offensive,NA,0.06451612903225806,0.025,0.06451612903225806,raboud_2026,3.354838709677419,490.83175864846106,0.9439072281701175,0.0064516129032258064,0.12406947890818859,0.006835007414587837,4,4,persuasion,4,1. Gauche marquée mobilisé,Gauche implantée où EàG a déjà fait ses preuves — incarner et consolider
Oulens-sous-Echallens,5529,Gros-de-Vaud,-2.0216375085966405,-2.0216375085966405,0.6469994100366796,-0.11105446489481338,168,FALSE,0,0.25595238095238093,0.25595238095238093,13,0.04797047970479705,0.04797047970479705,0.6104668191200314,NA,NA,0.0019230769230769232,0.05266356086692323,494,520,offensive,NA,0.04797047970479705,0.025595238095238095,0.04797047970479705,raboud_2026,8.059040590405905,490.83175864846106,0.9439072281701175,0.015498154981549819,0.0922509225092251,0.016419150652755288,9,9,persuasion,2,3. Centre mobilisé,Commune disputée où EàG perce déjà — porte-à-porte et présence publique
Pailly,5530,Gros-de-Vaud,-3.1839867099640937,-3.1839867099640937,-2.0616141821158664,0.37387714096573327,140,FALSE,0,0.12142857142857143,0.12142857142857143,10,0.04310344827586207,0.04310344827586207,0.560794324388296,NA,NA,0.0019230769230769232,0.05266356086692323,494,520,offensive,NA,0.04310344827586207,0.012142857142857143,0.04310344827586207,raboud_2026,6.03448275862069,490.83175864846106,0.9439072281701175,0.01160477453580902,0.08289124668435015,0.012294401599515592,7,7,implantation,1,5. Droite,"Terrain difficile — présence, visibilité, et d'abord déposer une liste"
Penthalaz,5495,Gros-de-Vaud,0.6601345961357074,0.6601345961357074,-0.23233362982426484,0.038092406534338534,556,FALSE,0,0.4262589928057554,0.4262589928057554,51,0.05472103004291846,0.05472103004291846,0.4899626087921139,NA,NA,0.0019230769230769232,0.05266356086692323,494,520,offensive,NA,0.05472103004291846,0.042625899280575544,0.05472103004291846,raboud_2026,30.424892703862664,490.83175864846106,0.9439072281701175,0.05850940904588974,0.10523275008253549,0.0619863979210304,33,31,mobilisation,5,2. Gauche marquée abstentionniste,Électorat acquis qui ne se déplace pas — priorité absolue au « faire voter »
Penthaz,5496,Gros-de-Vaud,-0.47203209915522193,-0.47203209915522193,0.11313951390522149,-0.0947909163649638,283,FALSE,0,0.3710247349823322,0.3710247349823322,29,0.05471698113207547,0.05471698113207547,0.5011786238895755,NA,NA,0.0019230769230769232,0.05266356086692323,494,520,offensive,NA,0.05471698113207547,0.03710247349823322,0.05471698113207547,raboud_2026,15.48490566037736,490.83175864846106,0.9439072281701175,0.029778664731494923,0.10522496371552977,0.031548296106625434,17,16,persuasion,5,2. Gauche marquée abstentionniste,Électorat acquis qui ne se déplace pas — priorité absolue au « faire voter »
Penthéréaz,5531,Gros-de-Vaud,-0.9395151499860672,-0.9395151499860672,-0.3383944804704496,0.30689281172440597,107,FALSE,0,0.2336448598130841,0.2336448598130841,9,0.04522613065326633,0.04522613065326633,0.5490179432750539,NA,NA,0.0019230769230769232,0.05266356086692323,494,520,offensive,NA,0.04522613065326633,0.023364485981308414,0.04522613065326633,raboud_2026,4.839195979899498,490.83175864846106,0.9439072281701175,0.009306146115191342,0.08697332817935834,0.009859174543278447,6,5,persuasion,1,5. Droite,"Terrain difficile — présence, visibilité, et d'abord déposer une liste"
Poliez-Pittet,5533,Gros-de-Vaud,-2.563279127429139,-2.563279127429139,0.10187232144363889,0.5141476804744692,191,FALSE,0,0.193717277486911,0.193717277486911,17,0.05466237942122187,0.05466237942122187,0.5295675322667015,NA,NA,0.0019230769230769232,0.05266356086692323,494,520,offensive,NA,0.05466237942122187,0.0193717277486911,0.05466237942122187,raboud_2026,10.440514469453376,490.83175864846106,0.9439072281701175,0.020077912441256493,0.10511996042542666,0.021271065462842194,12,11,persuasion,1,5. Droite,"Terrain difficile — présence, visibilité, et d'abord déposer une liste"
Rueyres,5534,Gros-de-Vaud,-0.32488798916800343,-0.32488798916800343,-1.3326734563377745,1.9258126000973372,109,FALSE,0,0.1743119266055046,0.1743119266055046,2,0.013605442176870748,0.013605442176870748,0.6624770600259932,NA,NA,0.0019230769230769232,0.05266356086692323,494,520,offensive,NA,0.013605442176870748,0.01743119266055046,0.01743119266055046,reservoir_ps_verts,1.9000000000000001,490.83175864846106,0.9439072281701175,0.0036538461538461542,0.03352152434721242,0.003870980160761766,3,2,implantation,3,4. Centre,"Commune disputée, réservoir réel — thèmes sociaux concrets, pas d'étiquette"
Saint-Barthélemy VD,5535,Gros-de-Vaud,-2.7937678242496147,-2.7937678242496147,-0.05787629362981171,0.7348118679485778,172,FALSE,0,0.21511627906976744,0.21511627906976744,6,0.018292682926829267,0.018292682926829267,0.5684327601599977,NA,NA,0.0019230769230769232,0.05266356086692323,494,520,offensive,NA,0.018292682926829267,0.021511627906976746,0.021511627906976746,reservoir_ps_verts,3.7,490.83175864846106,0.9439072281701175,0.007115384615384616,0.041368515205724515,0.007538224523588702,4,4,implantation,1,5. Droite,"Terrain difficile — présence, visibilité, et d'abord déposer une liste"
Sullens,5501,Gros-de-Vaud,-2.210945794806827,-2.210945794806827,-0.9229265381455097,0.2865051627418181,192,FALSE,0,0.19791666666666666,0.19791666666666666,22,0.05263157894736842,0.05263157894736842,0.5425306143926787,NA,NA,0.0019230769230769232,0.05266356086692323,494,520,offensive,NA,0.05263157894736842,0.019791666666666666,0.05263157894736842,raboud_2026,10.105263157894736,490.83175864846106,0.9439072281701175,0.019433198380566803,0.10121457489878542,0.020588038528151217,11,11,persuasion,1,5. Droite,"Terrain difficile — présence, visibilité, et d'abord déposer une liste"
Villars-le-Terroir,5537,Gros-de-Vaud,-2.2992770158757576,-2.2992770158757576,-0.11971644971230877,0.2757645244097766,302,FALSE,0,0.2185430463576159,0.2185430463576159,19,0.03861788617886179,0.03861788617886179,0.5075894833888569,NA,NA,0.0019230769230769232,0.05266356086692323,494,520,offensive,NA,0.03861788617886179,0.02185430463576159,0.03861788617886179,raboud_2026,11.662601626016261,490.83175864846106,0.9439072281701175,0.022428080050031274,0.07426516572858037,0.023760894482724663,13,12,implantation,1,5. Droite,"Terrain difficile — présence, visibilité, et d'abord déposer une liste"
Vuarrens,5539,Gros-de-Vaud,-2.8398979852345345,-2.8398979852345345,-0.6241832044161595,0.15397654132939512,246,FALSE,0,0.21138211382113822,0.21138211382113822,20,0.04938271604938271,0.04938271604938271,0.5278481406472594,NA,NA,0.0019230769230769232,0.05266356086692323,494,520,offensive,NA,0.04938271604938271,0.021138211382113824,0.04938271604938271,raboud_2026,12.148148148148147,490.83175864846106,0.9439072281701175,0.02336182336182336,0.09496676163342829,0.024750126563934875,13,13,persuasion,1,5. Droite,"Terrain difficile — présence, visibilité, et d'abord déposer une liste"
Vufflens-la-Ville,5503,Gros-de-Vaud,1.5568555213998059,1.5568555213998059,0.011248701393907053,-0.0037868787448386274,320,FALSE,0,0.41875,0.41875,24,0.046875,0.046875,0.583689412607214,NA,NA,0.0019230769230769232,0.05266356086692323,494,520,offensive,NA,0.046875,0.041875,0.046875,raboud_2026,15,490.83175864846106,0.9439072281701175,0.028846153846153848,0.09014423076923077,0.030560369690224465,16,16,persuasion,4,1. Gauche marquée mobilisé,Gauche implantée où EàG a déjà fait ses preuves — incarner et consolider
Agiez,5742,Yverdon,-0.6644864825187313,-0.6644864825187313,0.1702289883829924,0.34297411569273917,72,TRUE,0.08333333333333333,0.25,0.16666666666666669,12,0.09302325581395349,0.009689922480620158,0.5094776034867698,NA,0.06317869214924936,0.0028089887640449437,0.021605874855859682,0,356,consolidation,0,0.009689922480620158,0.01666666666666667,0.01666666666666667,reservoir_ps_verts,6,1253.2482865814402,3.520360355565843,0.016853932584269662,0.046816479400749074,0.004787558909309628,2,0,implantation,1,5. Droite,"Terrain difficile — présence, visibilité, et d'abord déposer une liste"
Arnex-sur-Orbe,5743,Yverdon,2.4026920526567626,2.4026920526567626,0.48194077624896897,-0.5305540233421066,182,TRUE,0.07692307692307693,0.3901098901098901,0.3131868131868132,12,0.045454545454545456,-0.03146853146853147,0.5223504060613784,NA,0.013467820261234012,0.0028089887640449437,0.021605874855859682,0,356,consolidation,0,0,0.03131868131868132,0.03131868131868132,reservoir_ps_verts,14,1253.2482865814402,3.520360355565843,0.03932584269662921,0.08797382392888012,0.011170970788389132,4,0,consolidation,5,2. Gauche marquée abstentionniste,Électorat acquis qui ne se déplace pas — priorité absolue au « faire voter »
Ballaigues,5744,Yverdon,0.6044088349312591,0.6044088349312591,-0.589654664710379,-0.062247273231491915,237,TRUE,0.07172995780590717,0.3755274261603376,0.3037974683544304,34,0.08,0.00827004219409283,0.5180564381376328,NA,0.033661801776725606,0.0028089887640449437,0.021605874855859682,0,356,consolidation,0,0.00827004219409283,0.03037974683544304,0.03037974683544304,reservoir_ps_verts,17,1253.2482865814402,3.520360355565843,0.047752808988764044,0.08533636751528943,0.013564750243043946,5,0,consolidation,5,2. Gauche marquée abstentionniste,Électorat acquis qui ne se déplace pas — priorité absolue au « faire voter »
Baulmes,5745,Yverdon,2.8962031057017024,2.8962031057017024,-1.0317215264418538,-0.3760797487159684,285,TRUE,0.1368421052631579,0.47719298245614034,0.3403508771929824,26,0.06388206388206388,-0.07296004138109402,0.5258007623199429,NA,0.06641975095869272,0.0028089887640449437,0.021605874855859682,0,356,consolidation,0,0,0.034035087719298245,0.034035087719298245,reservoir_ps_verts,39,1253.2482865814402,3.520360355565843,0.1095505617977528,0.09560417898679283,0.031119132910512583,12,0,consolidation,5,2. Gauche marquée abstentionniste,Électorat acquis qui ne se déplace pas — priorité absolue au « faire voter »
Bavois,5746,Yverdon,-0.10878852698562899,-0.10878852698562899,-0.27537557298641147,-1.4584999846077853,197,TRUE,0.07106598984771574,0.39593908629441626,0.32487309644670054,13,0.03591160220994475,-0.03515438763777099,0.4807121057551139,NA,0.04306633305128206,0.0028089887640449437,0.021605874855859682,0,356,consolidation,0,0,0.03248730964467005,0.03248730964467005,reservoir_ps_verts,14.000000000000002,1253.2482865814402,3.520360355565843,0.03932584269662922,0.09125648776592711,0.011170970788389134,4,0,report_gauche,5,2. Gauche marquée abstentionniste,Électorat acquis qui ne se déplace pas — priorité absolue au « faire voter »
Belmont-sur-Yverdon,5902,Yverdon,-1.8983813876649989,-1.8983813876649989,-1.0127381096665848,0.17522094778862324,98,TRUE,0.08163265306122448,0.2857142857142857,0.20408163265306123,11,0.06285714285714286,-0.018775510204081622,0.5383044797986293,NA,0.07889741156808396,0.0028089887640449437,0.021605874855859682,0,356,consolidation,0,0,0.020408163265306124,0.020408163265306124,reservoir_ps_verts,7.999999999999999,1253.2482865814402,3.520360355565843,0.022471910112359546,0.057326301307039675,0.006383411879079503,3,0,implantation,1,5. Droite,"Terrain difficile — présence, visibilité, et d'abord déposer une liste"
Bioley-Magnoux,5903,Yverdon,-1.7585718388781502,-1.7585718388781502,-0.04495304363715444,1.1089555312998596,72,TRUE,0.06944444444444445,0.2777777777777778,0.20833333333333334,4,0.031496062992125984,-0.037948381452318464,0.5320759713449498,NA,0.0647354542951006,0.0028089887640449437,0.021605874855859682,0,356,consolidation,0,0,0.020833333333333336,0.020833333333333336,reservoir_ps_verts,5,1253.2482865814402,3.520360355565843,0.014044943820224719,0.058520599250936334,0.00398963242442469,2,0,implantation,3,4. Centre,"Commune disputée, réservoir réel — thèmes sociaux concrets, pas d'étiquette"
Bofflens,5747,Yverdon,-1.5996541383257774,-1.5996541383257774,-1.894564934362405,-1.6057024819728678,74,TRUE,0.04054054054054054,0.3108108108108108,0.2702702702702703,1,0.011494252873563218,-0.029046287666977325,0.6295014955302036,NA,0.033588044131188835,0.0028089887640449437,0.021605874855859682,0,356,consolidation,0,0,0.02702702702702703,0.02702702702702703,reservoir_ps_verts,3,1253.2482865814402,3.520360355565843,0.008426966292134831,0.07591861524445795,0.002393779454654814,1,0,implantation,4,1. Gauche marquée mobilisé,Gauche implantée où EàG a déjà fait ses preuves — incarner et consolider
Bonvillars,5551,Yverdon,-0.9505458930377921,-0.9505458930377921,0.4773588861855754,-1.5047531965470935,132,TRUE,0.05303030303030303,0.2727272727272727,0.21969696969696967,9,0.03862660944206009,-0.014403693588242943,0.5709685655253837,NA,0.036914079693966394,0.0028089887640449437,0.021605874855859682,0,356,consolidation,0,0,0.02196969696969697,0.02196969696969697,reservoir_ps_verts,7,1253.2482865814402,3.520360355565843,0.019662921348314606,0.061712631937351034,0.005585485394194566,2,0,implantation,2,3. Centre mobilisé,Commune disputée où EàG perce déjà — porte-à-porte et présence publique
Bretonnières,5748,Yverdon,1.8559420068747996,1.8559420068747996,-0.3581913015196151,0.1764034005191973,82,TRUE,0.0975609756097561,0.34146341463414637,0.24390243902439027,11,0.08270676691729323,-0.014854208692462872,0.6050126711465413,NA,0.04182441325388299,0.0028089887640449437,0.021605874855859682,0,356,consolidation,0,0,0.02439024390243903,0.02439024390243903,reservoir_ps_verts,8,1253.2482865814402,3.520360355565843,0.02247191011235955,0.06851192107426693,0.006383411879079504,3,0,consolidation,2,3. Centre mobilisé,Commune disputée où EàG perce déjà — porte-à-porte et présence publique
Bullet,5552,Yverdon,-3.084023289993721,-3.084023289993721,-0.8916894472955889,-0.6023720043752812,211,TRUE,0.037914691943127965,0.3080568720379147,0.27014218009478674,10,0.02564102564102564,-0.012273666302102325,0.6004751890194864,NA,0.05191764273918105,0.0028089887640449437,0.021605874855859682,0,356,consolidation,0,0,0.027014218009478674,0.027014218009478674,reservoir_ps_verts,8,1253.2482865814402,3.520360355565843,0.02247191011235955,0.07588263485808616,0.006383411879079504,3,0,implantation,1,5. Droite,"Terrain difficile — présence, visibilité, et d'abord déposer une liste"
Chamblon,5904,Yverdon,-2.123848423659282,-2.123848423659282,0.857325855973451,-0.23425025431285312,142,TRUE,0.07746478873239436,0.34507042253521125,0.2676056338028169,12,0.05660377358490566,-0.0208610151474887,0.5242162255144325,NA,0.07791255772153731,0.0028089887640449437,0.021605874855859682,0,356,consolidation,0,0,0.02676056338028169,0.02676056338028169,reservoir_ps_verts,11,1253.2482865814402,3.520360355565843,0.03089887640449438,0.07517012185472385,0.008777191333734318,4,0,implantation,2,3. Centre mobilisé,Commune disputée où EàG perce déjà — porte-à-porte et présence publique
Champagne,5553,Yverdon,-0.39484155873893145,-0.39484155873893145,1.1202417299066973,0.2977719034549296,205,TRUE,0.0975609756097561,0.375609756097561,0.2780487804878049,14,0.04154302670623145,-0.05601794890352465,0.47052930723243813,NA,0.07359964660942125,0.0028089887640449437,0.021605874855859682,0,356,consolidation,0,0,0.02780487804878049,0.02780487804878049,reservoir_ps_verts,20,1253.2482865814402,3.520360355565843,0.056179775280898875,0.07810359002466431,0.01595852969769876,6,0,implantation,2,3. Centre mobilisé,Commune disputée où EàG perce déjà — porte-à-porte et présence publique
Champvent,5905,Yverdon,0.12119921971358821,0.12119921971358821,-0.3660793427573653,0.7499767862006284,152,TRUE,0.046052631578947366,0.2894736842105263,0.24342105263157895,14,0.04964539007092199,0.003592758491974622,0.5365713531337677,NA,0.014806143575849275,0.0028089887640449437,0.021605874855859682,0,356,consolidation,0,0.003592758491974622,0.024342105263157898,0.024342105263157898,reservoir_ps_verts,7,1253.2482865814402,3.520360355565843,0.019662921348314606,0.06837670017740982,0.005585485394194566,2,0,consolidation,3,4. Centre,"Commune disputée, réservoir réel — thèmes sociaux concrets, pas d'étiquette"
Chavannes-le-Chêne,5907,Yverdon,-3.336074078299358,-3.336074078299358,-0.22243427012657976,-0.5026661448506116,82,TRUE,0.024390243902439025,0.25609756097560976,0.23170731707317074,9,0.06870229007633588,0.044312046173896856,0.4552868467045083,NA,0.041951498898956247,0.0028089887640449437,0.021605874855859682,0,356,consolidation,0,0.044312046173896856,0.023170731707317076,0.044312046173896856,raboud_2026,3.6335877862595423,1253.2482865814402,3.520360355565843,0.010206707264773995,0.124472039814317,0.00289933592981092,2,0,implantation,1,5. Droite,"Terrain difficile — présence, visibilité, et d'abord déposer une liste"
Chavornay,5749,Yverdon,0.8357448685118144,0.8357448685118144,-0.905635496283883,0.3468811605396158,881,TRUE,0.08286038592508513,0.3598183881952327,0.27695800227014755,110,0.07432432432432433,-0.0085360616007608,0.47670921893291146,NA,0.041526364371173546,0.0028089887640449437,0.021605874855859682,0,356,consolidation,0,0,0.027695800227014757,0.027695800227014757,reservoir_ps_verts,73,1253.2482865814402,3.520360355565843,0.2050561797752809,0.07779719164891787,0.058248633396600476,21,0,consolidation,5,2. Gauche marquée abstentionniste,Électorat acquis qui ne se déplace pas — priorité absolue au « faire voter »
Cheseaux-Noréaz,5909,Yverdon,-0.8820155717085341,-0.8820155717085341,0.8094382181782753,0.7800427351676218,224,TRUE,0.044642857142857144,0.3482142857142857,0.30357142857142855,9,0.02857142857142857,-0.016071428571428573,0.5836605718596298,NA,0.027559163195203226,0.0028089887640449437,0.021605874855859682,0,356,consolidation,0,0,0.030357142857142857,0.030357142857142857,reservoir_ps_verts,10,1253.2482865814402,3.520360355565843,0.028089887640449437,0.08527287319422151,0.00797926484884938,3,0,implantation,2,3. Centre mobilisé,Commune disputée où EàG perce déjà — porte-à-porte et présence publique
Chêne-Pâquier,5908,Yverdon,0.6909343576668351,0.6909343576668351,0.009061761432305427,-0.5231205618658944,44,TRUE,0.13636363636363635,0.4090909090909091,0.27272727272727276,4,0.06060606060606061,-0.07575757575757575,0.5531631648239724,NA,0.09707396409533867,0.0028089887640449437,0.021605874855859682,0,356,consolidation,0,0,0.02727272727272728,0.02727272727272728,reservoir_ps_verts,6,1253.2482865814402,3.520360355565843,0.016853932584269662,0.07660878447395303,0.004787558909309628,2,0,consolidation,2,3. Centre mobilisé,Commune disputée où EàG perce déjà — porte-à-porte et présence publique
Concise,5554,Yverdon,1.5278125348685698,1.5278125348685698,0.309663223576945,-0.5804267997835935,244,TRUE,0.0860655737704918,0.3442622950819672,0.2581967213114754,28,0.08484848484848485,-0.001217088922006948,0.5227237689289285,NA,0.03496134954926493,0.0028089887640449437,0.021605874855859682,0,356,consolidation,0,0,0.025819672131147543,0.025819672131147543,reservoir_ps_verts,21,1253.2482865814402,3.520360355565843,0.05898876404494382,0.07252716890771782,0.016756456182583698,6,0,consolidation,2,3. Centre mobilisé,Commune disputée où EàG perce déjà — porte-à-porte et présence publique
Corcelles-près-Concise,5555,Yverdon,1.892953883996865,1.892953883996865,0.4032843401438208,0.9309162707866461,89,TRUE,0.06741573033707865,0.4044943820224719,0.33707865168539325,7,0.04216867469879518,-0.025247055638283472,0.47655837013377045,NA,0.011156656154458905,0.0028089887640449437,0.021605874855859682,0,356,consolidation,0,0,0.033707865168539325,0.033707865168539325,reservoir_ps_verts,6,1253.2482865814402,3.520360355565843,0.016853932584269662,0.09468501451836889,0.004787558909309628,2,0,consolidation,5,2. Gauche marquée abstentionniste,Électorat acquis qui ne se déplace pas — priorité absolue au « faire voter »
Cronay,5910,Yverdon,0.4712993841335432,0.4712993841335432,-0.23900065663632514,0.6475365625510663,128,TRUE,0.0546875,0.3515625,0.296875,7,0.03571428571428571,-0.018973214285714288,0.6008464846926843,NA,0.01849850459982883,0.0028089887640449437,0.021605874855859682,0,356,consolidation,0,0,0.029687500000000002,0.029687500000000002,reservoir_ps_verts,7,1253.2482865814402,3.520360355565843,0.019662921348314606,0.08339185393258428,0.005585485394194566,2,0,consolidation,2,3. Centre mobilisé,Commune disputée où EàG perce déjà — porte-à-porte et présence publique
Croy,5752,Yverdon,4.051439737370594,4.051439737370594,-0.6174861774242462,-0.55341568047222,98,TRUE,0.09183673469387756,0.5204081632653061,0.4285714285714286,20,0.10810810810810811,0.01627137341423056,0.5545143251756365,NA,0.005105431757945117,0.0028089887640449437,0.021605874855859682,0,356,consolidation,0,0.01627137341423056,0.042857142857142864,0.042857142857142864,reservoir_ps_verts,9,1253.2482865814402,3.520360355565843,0.025280898876404494,0.12038523274478331,0.007181338363964442,3,0,consolidation,4,1. Gauche marquée mobilisé,Gauche implantée où EàG a déjà fait ses preuves — incarner et consolider
Cuarny,5911,Yverdon,-2.9907315073493823,-2.9907315073493823,-0.09361854784186503,-0.001558840895087533,59,TRUE,0.03389830508474576,0.1864406779661017,0.15254237288135594,4,0.04040404040404041,0.006505735319294645,0.6369077787485969,NA,0.04658421757957519,0.0028089887640449437,0.021605874855859682,0,356,consolidation,0,0.006505735319294645,0.015254237288135596,0.015254237288135596,reservoir_ps_verts,2,1253.2482865814402,3.520360355565843,0.0056179775280898875,0.0428489811464483,0.001595852969769876,1,0,implantation,1,5. Droite,"Terrain difficile — présence, visibilité, et d'abord déposer une liste"
Donneloye,5913,Yverdon,-0.11426185467457274,-0.11426185467457274,0.27277637420207956,-0.050598273390578166,211,TRUE,0.09004739336492891,0.35545023696682465,0.26540284360189575,24,0.06956521739130435,-0.02048217597362456,0.5584559623933495,NA,0.06212500577696312,0.0028089887640449437,0.021605874855859682,0,356,consolidation,0,0,0.026540284360189577,0.026540284360189577,reservoir_ps_verts,19,1253.2482865814402,3.520360355565843,0.05337078651685393,0.07455136056233028,0.015160603212813822,6,0,implantation,2,3. Centre mobilisé,Commune disputée où EàG perce déjà — porte-à-porte et présence publique
Démoret,5912,Yverdon,-1.8133136605265152,-1.8133136605265152,-0.6428445701075262,0.259683596825491,57,TRUE,0.10526315789473684,0.24561403508771928,0.14035087719298245,1,0.011627906976744186,-0.09363525091799266,0.6339877728978339,NA,0.10132698045993302,0.0028089887640449437,0.021605874855859682,0,356,consolidation,0,0,0.014035087719298246,0.014035087719298246,reservoir_ps_verts,6,1253.2482865814402,3.520360355565843,0.016853932584269662,0.03942440370589395,0.004787558909309628,2,0,implantation,1,5. Droite,"Terrain difficile — présence, visibilité, et d'abord déposer une liste"
Ependes VD,5914,Yverdon,-2.4958124926353156,-2.4958124926353156,-0.48840767140706454,0.7420152393202898,100,TRUE,0.05,0.38,0.33,6,0.0425531914893617,-0.007446808510638302,0.5391028170891815,NA,0.05569893808072382,0.0028089887640449437,0.021605874855859682,0,356,consolidation,0,0,0.033,0.033,reservoir_ps_verts,5,1253.2482865814402,3.520360355565843,0.014044943820224719,0.09269662921348315,0.00398963242442469,2,0,report_gauche,3,4. Centre,"Commune disputée, réservoir réel — thèmes sociaux concrets, pas d'étiquette"
Fiez,5556,Yverdon,3.5355954155957052,3.5355954155957052,0.8977385843967425,0.19054586844930663,122,TRUE,0.08196721311475409,0.47540983606557374,0.39344262295081966,14,0.08536585365853659,0.0033986405437824996,0.5255524472293994,NA,0.0025182957222121966,0.0028089887640449437,0.021605874855859682,0,356,consolidation,0,0.0033986405437824996,0.03934426229508197,0.03934426229508197,reservoir_ps_verts,10,1253.2482865814402,3.520360355565843,0.028089887640449437,0.11051759071652238,0.00797926484884938,3,0,consolidation,5,2. Gauche marquée abstentionniste,Électorat acquis qui ne se déplace pas — priorité absolue au « faire voter »
Fontaines-sur-Grandson,5557,Yverdon,-1.065504004581747,-1.065504004581747,-0.8878973456679988,-0.9213450915616078,47,TRUE,0.0425531914893617,0.44680851063829785,0.40425531914893614,2,0.02197802197802198,-0.02057516951133972,0.4700233674961434,NA,0.02805987889230138,0.0028089887640449437,0.021605874855859682,0,356,consolidation,0,0,0.04042553191489362,0.04042553191489362,reservoir_ps_verts,2,1253.2482865814402,3.520360355565843,0.0056179775280898875,0.11355486492947646,0.001595852969769876,1,0,report_gauche,5,2. Gauche marquée abstentionniste,Électorat acquis qui ne se déplace pas — priorité absolue au « faire voter »
Giez,5559,Yverdon,-0.01195280478231082,-0.01195280478231082,0.7378251194353638,0.1888486967709515,109,TRUE,0.05504587155963303,0.44954128440366975,0.3944954128440367,6,0.030456852791878174,-0.024589018767754857,0.5318848906464136,NA,0.025679145215877726,0.0028089887640449437,0.021605874855859682,0,356,consolidation,0,0,0.03944954128440367,0.03944954128440367,reservoir_ps_verts,6,1253.2482865814402,3.520360355565843,0.016853932584269662,0.11081331821461705,0.004787558909309628,2,0,consolidation,5,2. Gauche marquée abstentionniste,Électorat acquis qui ne se déplace pas — priorité absolue au « faire voter »
Grandevent,5560,Yverdon,2.680940403647835,2.680940403647835,0.013805557803433451,-0.08295524310476111,61,TRUE,0.01639344262295082,0.39344262295081966,0.3770491803278688,9,0.09,0.07360655737704917,0.626735767693951,NA,-0.05098995996043218,0.0028089887640449437,0.021605874855859682,0,356,consolidation,0.05098995996043218,0.07360655737704917,0.03770491803278689,0.07360655737704917,raboud_2026,4.489999999999999,1253.2482865814402,3.520360355565843,0.012612359550561796,0.2067599926321606,0.003582689917133371,2,0,consolidation,4,1. Gauche marquée mobilisé,Gauche implantée où EàG a déjà fait ses preuves — incarner et consolider
Grandson,5561,Yverdon,1.5063655852895237,1.5063655852895237,0.20834919560946488,0.19478797621332147,733,TRUE,0.06957708049113233,0.40791268758526605,0.33833560709413374,68,0.061316501352569885,-0.008260579138562443,0.48923543073264886,NA,0.01877563164024757,0.0028089887640449437,0.021605874855859682,0,356,consolidation,0,0,0.033833560709413374,0.033833560709413374,reservoir_ps_verts,51,1253.2482865814402,3.520360355565843,0.14325842696629212,0.09503809188037464,0.04069425072913184,15,0,consolidation,5,2. Gauche marquée abstentionniste,Électorat acquis qui ne se déplace pas — priorité absolue au « faire voter »
Juriens,5754,Yverdon,-1.394402680877884,-1.394402680877884,-0.3439661623231897,0.8180100822539264,90,TRUE,0.044444444444444446,0.35555555555555557,0.3111111111111111,6,0.03773584905660377,-0.006708595387840674,0.5735503008021391,NA,0.03459432915400197,0.0028089887640449437,0.021605874855859682,0,356,consolidation,0,0,0.031111111111111114,0.031111111111111114,reservoir_ps_verts,4,1253.2482865814402,3.520360355565843,0.011235955056179775,0.08739076154806492,0.003191705939539752,2,0,report_gauche,3,4. Centre,"Commune disputée, réservoir réel — thèmes sociaux concrets, pas d'étiquette"
L'Abbaye,5871,La Vallée,0.46309514323259315,0.46309514323259315,-0.11441614987320482,-0.024614492037147617,396,FALSE,0,0.3434343434343434,0.3434343434343434,28,0.04658901830282862,0.04658901830282862,0.5407161030906313,NA,NA,0.001851851851851852,0.32786885245901637,83,540,conquete_longue,NA,0.04658901830282862,0.03434343434343434,0.04658901830282862,raboud_2026,18.449251247920134,95.46347811238225,0.1767842187266338,0.03416528008874099,0.086275959820053,0.19325978492215803,105,17,mobilisation,5,2. Gauche marquée abstentionniste,Électorat acquis qui ne se déplace pas — priorité absolue au « faire voter »
L'Abergement,5741,Yverdon,1.3950728605887126,1.3950728605887126,-1.1711725749069624,-0.421724286054736,88,TRUE,0.09090909090909091,0.3977272727272727,0.30681818181818177,4,0.027777777777777776,-0.06313131313131314,0.7078910936778956,NA,0.04167880703033784,0.0028089887640449437,0.021605874855859682,0,356,consolidation,0,0,0.030681818181818178,0.030681818181818178,reservoir_ps_verts,8,1253.2482865814402,3.520360355565843,0.02247191011235955,0.08618488253319713,0.006383411879079504,3,0,consolidation,4,1. Gauche marquée mobilisé,Gauche implantée où EàG a déjà fait ses preuves — incarner et consolider
La Praz,5758,Yverdon,2.8873793900601465,2.8873793900601465,-0.023933133822966142,0.14230140379102268,50,TRUE,0.14,0.44,0.3,13,0.1368421052631579,-0.0031578947368421095,0.6300018485705139,NA,0.06970221370280873,0.0028089887640449437,0.021605874855859682,0,356,consolidation,0,0,0.03,0.03,reservoir_ps_verts,7.000000000000001,1253.2482865814402,3.520360355565843,0.01966292134831461,0.08426966292134831,0.005585485394194567,2,0,consolidation,4,1. Gauche marquée mobilisé,Gauche implantée où EàG a déjà fait ses preuves — incarner et consolider
Le Chenit,5872,La Vallée,1.2261629625639456,1.2261629625639456,-0.38492013981958234,0.03456185150189762,971,FALSE,0,0.46138002059732236,0.46138002059732236,79,0.05512909979064899,0.05512909979064899,0.5525396795304752,NA,NA,0.001851851851851852,0.32786885245901637,83,540,conquete_longue,NA,0.05512909979064899,0.04613800205973224,0.05512909979064899,raboud_2026,53.530355896720174,95.46347811238225,0.1767842187266338,0.09913028869762995,0.10209092553823887,0.5607417302950428,303,47,persuasion,5,2. Gauche marquée abstentionniste,Électorat acquis qui ne se déplace pas — priorité absolue au « faire voter »
Le Lieu,5873,La Vallée,2.3324071914158737,2.3324071914158737,-0.6427324322856599,-0.6956511772199525,280,FALSE,0,0.43214285714285716,0.43214285714285716,26,0.08387096774193549,0.08387096774193549,0.5687318367784354,NA,NA,0.001851851851851852,0.32786885245901637,83,540,conquete_longue,NA,0.08387096774193549,0.04321428571428572,0.08387096774193549,raboud_2026,23.483870967741936,95.46347811238225,0.1767842187266338,0.043488649940262844,0.15531660692951016,0.24599848478279907,133,21,persuasion,4,1. Gauche marquée mobilisé,Gauche implantée où EàG a déjà fait ses preuves — incarner et consolider
Les Clées,5750,Yverdon,4.142015187655807,4.142015187655807,1.3776697779011822,-0.5314295332687367,60,TRUE,0.13333333333333333,0.38333333333333336,0.25,6,0.07142857142857142,-0.06190476190476191,0.5291711963555418,NA,0.045323339672506235,0.0028089887640449437,0.021605874855859682,0,356,consolidation,0,0,0.025,0.025,reservoir_ps_verts,8,1253.2482865814402,3.520360355565843,0.02247191011235955,0.0702247191011236,0.006383411879079504,3,0,consolidation,2,3. Centre mobilisé,Commune disputée où EàG perce déjà — porte-à-porte et présence publique
Lignerolle,5755,Yverdon,-1.6744405496026238,-1.6744405496026238,-0.46022257361982427,-0.5350834243904506,123,TRUE,0.04878048780487805,0.2845528455284553,0.23577235772357724,2,0.012903225806451613,-0.03587726199842644,0.5522977619593413,NA,0.04288378179068017,0.0028089887640449437,0.021605874855859682,0,356,consolidation,0,0,0.023577235772357725,0.023577235772357725,reservoir_ps_verts,6,1253.2482865814402,3.520360355565843,0.016853932584269662,0.06622819037179135,0.004787558909309628,2,0,implantation,1,5. Droite,"Terrain difficile — présence, visibilité, et d'abord déposer une liste"
Mathod,5919,Yverdon,0.7105557595567936,0.7105557595567936,-0.9964045305702613,-0.6367533296964868,142,TRUE,0.11267605633802817,0.38028169014084506,0.2676056338028169,22,0.09523809523809523,-0.01743796109993294,0.5274807829013917,NA,0.07310938070372883,0.0028089887640449437,0.021605874855859682,0,356,consolidation,0,0,0.02676056338028169,0.02676056338028169,reservoir_ps_verts,16,1253.2482865814402,3.520360355565843,0.0449438202247191,0.07517012185472385,0.012766823758159008,5,0,consolidation,1,5. Droite,"Terrain difficile — présence, visibilité, et d'abord déposer une liste"
Mauborget,5562,Yverdon,-1.6024593540309064,-1.6024593540309064,-1.658195210920162,-1.9819769773979934,49,TRUE,0.08163265306122448,0.42857142857142855,0.3469387755102041,3,0.0410958904109589,-0.04053676265026558,0.6613558263042799,NA,0.07471975903079756,0.0028089887640449437,0.021605874855859682,0,356,consolidation,0,0,0.03469387755102041,0.03469387755102041,reservoir_ps_verts,3.9999999999999996,1253.2482865814402,3.520360355565843,0.011235955056179773,0.09745471222196743,0.0031917059395397515,2,0,report_gauche,4,1. Gauche marquée mobilisé,Gauche implantée où EàG a déjà fait ses preuves — incarner et consolider
Molondin,5921,Yverdon,-1.8121233064837672,-1.8121233064837672,1.431898496261917,0.4815061714295212,64,TRUE,0.015625,0.234375,0.21875,3,0.028846153846153848,0.013221153846153848,0.5095867513556556,NA,0.011672017849690935,0.0028089887640449437,0.021605874855859682,0,356,consolidation,0,0.013221153846153848,0.021875000000000002,0.021875000000000002,reservoir_ps_verts,1.4000000000000001,1253.2482865814402,3.520360355565843,0.003932584269662922,0.06144662921348315,0.0011170970788389133,1,0,implantation,2,3. Centre mobilisé,Commune disputée où EàG perce déjà — porte-à-porte et présence publique
Montagny-près-Yverdon,5922,Yverdon,-0.23600220339256744,-0.23600220339256744,0.38340856135773266,0.08649959860116167,154,TRUE,0.05194805194805195,0.36363636363636365,0.3116883116883117,14,0.05303030303030303,0.0010822510822510803,0.460977954145188,NA,0.02574432271906707,0.0028089887640449437,0.021605874855859682,0,356,consolidation,0,0.0010822510822510803,0.03116883116883117,0.03116883116883117,reservoir_ps_verts,8,1253.2482865814402,3.520360355565843,0.02247191011235955,0.0875528965416606,0.006383411879079504,3,0,report_gauche,5,2. Gauche marquée abstentionniste,Électorat acquis qui ne se déplace pas — priorité absolue au « faire voter »
Montcherand,5756,Yverdon,-0.12632337729213067,-0.12632337729213067,-0.3882139111430185,1.8312177452639058,120,TRUE,0.08333333333333333,0.3416666666666667,0.25833333333333336,16,0.07547169811320754,-0.007861635220125784,0.5235887671491058,NA,0.055581223199695544,0.0028089887640449437,0.021605874855859682,0,356,consolidation,0,0,0.025833333333333337,0.025833333333333337,reservoir_ps_verts,10,1253.2482865814402,3.520360355565843,0.028089887640449437,0.07256554307116106,0.00797926484884938,3,0,implantation,3,4. Centre,"Commune disputée, réservoir réel — thèmes sociaux concrets, pas d'étiquette"
Mutrux,5563,Yverdon,-0.7549312356762443,-0.7549312356762443,0.4916075839445395,-3.1227422359018013,40,TRUE,0.05,0.4,0.35000000000000003,1,0.018518518518518517,-0.031481481481481485,0.39771017720727586,NA,0.031122204435934758,0.0028089887640449437,0.021605874855859682,0,356,consolidation,0,0,0.035,0.035,reservoir_ps_verts,2,1253.2482865814402,3.520360355565843,0.0056179775280898875,0.09831460674157304,0.001595852969769876,1,0,report_gauche,5,2. Gauche marquée abstentionniste,Électorat acquis qui ne se déplace pas — priorité absolue au « faire voter »
Novalles,5564,Yverdon,-0.2961519024065109,-0.2961519024065109,-0.14673849555202212,1.9878941583665997,33,TRUE,0,0.2727272727272727,0.2727272727272727,3,0.05,0.05,0.6320315530841846,NA,-0.02535457129499566,0.0028089887640449437,0.021605874855859682,0,356,consolidation,0.02535457129499566,0.05,0.02727272727272727,0.05,raboud_2026,1.6500000000000001,1253.2482865814402,3.520360355565843,0.0046348314606741575,0.1404494382022472,0.0013165787000601478,1,0,persuasion,3,4. Centre,"Commune disputée, réservoir réel — thèmes sociaux concrets, pas d'étiquette"
Onnens VD,5565,Yverdon,0.6253506449161635,0.6253506449161635,0.2127706470721964,0.8870931243587304,110,TRUE,0.02727272727272727,0.44545454545454544,0.41818181818181815,14,0.06796116504854369,0.04068843777581642,0.5316769929283446,NA,-0.011091072864276911,0.0028089887640449437,0.021605874855859682,0,356,consolidation,0.011091072864276911,0.04068843777581642,0.04181818181818182,0.04181818181818182,reservoir_ps_verts,4.6,1253.2482865814402,3.520360355565843,0.012921348314606741,0.11746680286006128,0.0036704618304707146,2,0,consolidation,5,2. Gauche marquée abstentionniste,Électorat acquis qui ne se déplace pas — priorité absolue au « faire voter »
Orbe,5757,Yverdon,1.4410758785796072,1.4410758785796072,-0.8944901517095827,0.1265008596231651,1019,TRUE,0.0549558390578999,0.44847890088321885,0.39352306182531893,127,0.06958904109589041,0.014633202037990511,0.4469484766808982,NA,0.005076111734627492,0.0028089887640449437,0.021605874855859682,0,356,consolidation,0,0.014633202037990511,0.039352306182531896,0.039352306182531896,reservoir_ps_verts,56,1253.2482865814402,3.520360355565843,0.15730337078651685,0.11054018590598848,0.04468388315355653,16,0,consolidation,5,2. Gauche marquée abstentionniste,Électorat acquis qui ne se déplace pas — priorité absolue au « faire voter »
Orges,5924,Yverdon,0.25970060469692474,0.25970060469692474,-0.7189867750631238,0.17212654344567724,74,TRUE,0.02702702702702703,0.35135135135135137,0.32432432432432434,9,0.058823529411764705,0.03179650238473768,0.4823903548885016,NA,-0.006174741748129986,0.0028089887640449437,0.021605874855859682,0,356,consolidation,0.006174741748129986,0.03179650238473768,0.032432432432432434,0.032432432432432434,reservoir_ps_verts,2.4000000000000004,1253.2482865814402,3.520360355565843,0.006741573033707866,0.09110233829334953,0.0019150235637238515,1,0,consolidation,5,2. Gauche marquée abstentionniste,Électorat acquis qui ne se déplace pas — priorité absolue au « faire voter »
Orzens,5925,Yverdon,1.926161756431068,1.926161756431068,-0.7133835723400442,-1.3776457986062616,70,TRUE,0.11428571428571428,0.34285714285714286,0.2285714285714286,11,0.10576923076923077,-0.008516483516483514,0.6550782972035344,NA,0.05755783096837437,0.0028089887640449437,0.021605874855859682,0,356,consolidation,0,0,0.02285714285714286,0.02285714285714286,reservoir_ps_verts,8,1253.2482865814402,3.520360355565843,0.02247191011235955,0.06420545746388444,0.006383411879079504,3,0,consolidation,4,1. Gauche marquée mobilisé,Gauche implantée où EàG a déjà fait ses preuves — incarner et consolider
Pomy,5926,Yverdon,-1.8885772840174202,-1.8885772840174202,0.2737659078006701,0.08253578937858128,221,TRUE,0.08597285067873303,0.31221719457013575,0.22624434389140272,13,0.03513513513513514,-0.050837715543597894,0.5453985070369309,NA,0.08309920063934086,0.0028089887640449437,0.021605874855859682,0,356,consolidation,0,0,0.022624434389140274,0.022624434389140274,reservoir_ps_verts,19,1253.2482865814402,3.520360355565843,0.05337078651685393,0.06355178199196707,0.015160603212813822,6,0,implantation,1,5. Droite,"Terrain difficile — présence, visibilité, et d'abord déposer une liste"
Premier,5759,Yverdon,1.515278567004768,1.515278567004768,-1.984116883884194,-1.4890132421313733,73,TRUE,0.1095890410958904,0.3561643835616438,0.2465753424657534,12,0.096,-0.013589041095890403,0.6276793122904842,NA,0.058661764032012495,0.0028089887640449437,0.021605874855859682,0,356,consolidation,0,0,0.024657534246575342,0.024657534246575342,reservoir_ps_verts,8,1253.2482865814402,3.520360355565843,0.02247191011235955,0.06926273664768354,0.006383411879079504,3,0,consolidation,4,1. Gauche marquée mobilisé,Gauche implantée où EàG a déjà fait ses preuves — incarner et consolider
Provence,5566,Yverdon,-0.6011459029804198,-0.6011459029804198,-1.542911339475877,0.1934806978901979,92,TRUE,0.043478260869565216,0.31521739130434784,0.2717391304347826,4,0.025974025974025976,-0.01750423489553924,0.45837431542271573,NA,0.022429414784373356,0.0028089887640449437,0.021605874855859682,0,356,consolidation,0,0,0.02717391304347826,0.02717391304347826,reservoir_ps_verts,4,1253.2482865814402,3.520360355565843,0.011235955056179775,0.07633121641426477,0.003191705939539752,2,0,implantation,1,5. Droite,"Terrain difficile — présence, visibilité, et d'abord déposer une liste"
Rances,5760,Yverdon,-0.47096439155893793,-0.47096439155893793,-0.7173559773547492,0.40469573071927134,150,TRUE,0.06,0.29333333333333333,0.23333333333333334,12,0.05333333333333334,-0.006666666666666661,0.5698509859424441,NA,0.037113328205046335,0.0028089887640449437,0.021605874855859682,0,356,consolidation,0,0,0.023333333333333334,0.023333333333333334,reservoir_ps_verts,9,1253.2482865814402,3.520360355565843,0.025280898876404494,0.06554307116104868,0.007181338363964442,3,0,implantation,1,5. Droite,"Terrain difficile — présence, visibilité, et d'abord déposer une liste"
Romainmôtier-Envy,5761,Yverdon,5.443144487202188,5.443144487202188,-0.7948927765282373,-1.0030770142844558,153,TRUE,0.09803921568627451,0.6928104575163399,0.5947712418300654,33,0.13807531380753138,0.04003609812125687,0.5372872360646982,NA,-0.00833935314563572,0.0028089887640449437,0.021605874855859682,0,356,consolidation,0.00833935314563572,0.04003609812125687,0.05947712418300654,0.05947712418300654,reservoir_ps_verts,15,1253.2482865814402,3.520360355565843,0.042134831460674156,0.16707057354777116,0.011968897273274071,5,0,consolidation,4,1. Gauche marquée mobilisé,Gauche implantée où EàG a déjà fait ses preuves — incarner et consolider
Rovray,5928,Yverdon,-5.573322185386416,-5.573322185386416,-1.7003662061803104,-0.2682169479069915,71,TRUE,0.014084507042253521,0.14084507042253522,0.1267605633802817,1,0.010416666666666666,-0.0036678403755868554,0.7092895740623013,NA,0.06322990978313342,0.0028089887640449437,0.021605874855859682,0,356,consolidation,0,0,0.01267605633802817,0.01267605633802817,reservoir_ps_verts,1,1253.2482865814402,3.520360355565843,0.0028089887640449437,0.03560689982592182,7.97926484884938e-4,1,0,implantation,1,5. Droite,"Terrain difficile — présence, visibilité, et d'abord déposer une liste"
Sainte-Croix,5568,Yverdon,1.0658052698920757,1.0658052698920757,-1.1091283510395271,-0.9156145258592183,1053,TRUE,0.060778727445394115,0.45489078822412155,0.3941120607787274,90,0.05721551176096631,-0.0035632156844278076,0.44383363230742423,NA,0.016196848988931672,0.0028089887640449437,0.021605874855859682,0,356,consolidation,0,0,0.03941120607787274,0.03941120607787274,reservoir_ps_verts,64,1253.2482865814402,3.520360355565843,0.1797752808988764,0.11070563505020432,0.05106729503263603,19,0,consolidation,5,2. Gauche marquée abstentionniste,Électorat acquis qui ne se déplace pas — priorité absolue au « faire voter »
Sergey,5762,Yverdon,-0.8627828832531313,-0.8627828832531313,-2.6469817360168104,1.1371309606558908,42,TRUE,0.11904761904761904,0.35714285714285715,0.2380952380952381,2,0.025974025974025976,-0.09307359307359306,0.5591963645060991,NA,0.10169240936070828,0.0028089887640449437,0.021605874855859682,0,356,consolidation,0,0,0.02380952380952381,0.02380952380952381,reservoir_ps_verts,5,1253.2482865814402,3.520360355565843,0.014044943820224719,0.06688068485821295,0.00398963242442469,2,0,implantation,3,4. Centre,"Commune disputée, réservoir réel — thèmes sociaux concrets, pas d'étiquette"
Suchy,5929,Yverdon,-1.6404977730524462,-1.6404977730524462,0.25212465674365214,-0.019381450592584722,145,TRUE,0.034482758620689655,0.2620689655172414,0.22758620689655173,15,0.05639097744360902,0.021908218822919365,0.5354599342061068,NA,0.028106868529402293,0.0028089887640449437,0.021605874855859682,0,356,consolidation,0,0.021908218822919365,0.022758620689655173,0.022758620689655173,reservoir_ps_verts,5,1253.2482865814402,3.520360355565843,0.014044943820224719,0.06392870980240217,0.00398963242442469,2,0,implantation,1,5. Droite,"Terrain difficile — présence, visibilité, et d'abord déposer une liste"
Suscévaz,5930,Yverdon,-1.6599752168295743,-1.6599752168295743,-0.597487954468363,0.004764780079274682,58,TRUE,0.017241379310344827,0.3448275862068966,0.32758620689655177,1,0.011494252873563218,-0.005747126436781609,0.671739663844927,NA,0.011140460269425369,0.0028089887640449437,0.021605874855859682,0,356,consolidation,0,0,0.032758620689655175,0.032758620689655175,reservoir_ps_verts,1.9000000000000001,1253.2482865814402,3.520360355565843,0.0053370786516853935,0.09201859744285162,0.0015160603212813824,1,0,report_gauche,4,1. Gauche marquée mobilisé,Gauche implantée où EàG a déjà fait ses preuves — incarner et consolider
Treycovagnes,5931,Yverdon,0.1532056466053004,0.1532056466053004,0.21459434090055282,-0.005741500550195909,83,TRUE,0.04819277108433735,0.5060240963855421,0.4578313253012048,11,0.06790123456790123,0.01970846348356388,0.4721446428214162,NA,0.016494435245268495,0.0028089887640449437,0.021605874855859682,0,356,consolidation,0,0.01970846348356388,0.04578313253012048,0.04578313253012048,reservoir_ps_verts,4,1253.2482865814402,3.520360355565843,0.011235955056179775,0.12860430485988897,0.003191705939539752,2,0,consolidation,5,2. Gauche marquée abstentionniste,Électorat acquis qui ne se déplace pas — priorité absolue au « faire voter »
Tévenon,5571,Yverdon,1.8167563743188533,1.8167563743188533,-0.40088964145529854,-0.6879864353045171,179,TRUE,0.09497206703910614,0.4692737430167598,0.3743016759776536,26,0.07602339181286549,-0.01894867522624065,0.5695433307930041,NA,0.03978870430565433,0.0028089887640449437,0.021605874855859682,0,356,consolidation,0,0,0.037430167597765365,0.037430167597765365,reservoir_ps_verts,17,1253.2482865814402,3.520360355565843,0.047752808988764044,0.10514092021844203,0.013564750243043946,5,0,consolidation,4,1. Gauche marquée mobilisé,Gauche implantée où EàG a déjà fait ses preuves — incarner et consolider
Ursins,5932,Yverdon,-5.87108682153918,-5.87108682153918,-0.9052937081373799,-0.5864262886567214,53,TRUE,0.03773584905660377,0.18867924528301888,0.15094339622641512,2,0.017094017094017096,-0.020641831962586676,0.5822610280903964,NA,0.09108491710912422,0.0028089887640449437,0.021605874855859682,0,356,consolidation,0,0,0.015094339622641513,0.015094339622641513,reservoir_ps_verts,2,1253.2482865814402,3.520360355565843,0.0056179775280898875,0.04239983040067841,0.001595852969769876,1,0,implantation,1,5. Droite,"Terrain difficile — présence, visibilité, et d'abord déposer une liste"
Valeyres-sous-Montagny,5933,Yverdon,1.8696426345342687,1.8696426345342687,1.3702081490112927,0.055030858500801576,169,TRUE,0.0650887573964497,0.40236686390532544,0.33727810650887574,10,0.04329004329004329,-0.021798714106406415,0.46115861197198066,NA,0.009158777669111884,0.0028089887640449437,0.021605874855859682,0,356,consolidation,0,0,0.03372781065088758,0.03372781065088758,reservoir_ps_verts,11,1253.2482865814402,3.520360355565843,0.03089887640449438,0.09474104115417858,0.008777191333734318,4,0,consolidation,5,2. Gauche marquée abstentionniste,Électorat acquis qui ne se déplace pas — priorité absolue au « faire voter »
Valeyres-sous-Rances,5763,Yverdon,-1.3167186538900992,-1.3167186538900992,0.43243032316903235,0.655988834186172,148,TRUE,0.05405405405405406,0.32432432432432434,0.2702702702702703,24,0.10434782608695652,0.05029377203290246,0.5525598660537313,NA,0.04310724154081055,0.0028089887640449437,0.021605874855859682,0,356,consolidation,0,0.05029377203290246,0.02702702702702703,0.05029377203290246,raboud_2026,8,1253.2482865814402,3.520360355565843,0.02247191011235955,0.14127464054186084,0.006383411879079504,3,0,persuasion,2,3. Centre mobilisé,Commune disputée où EàG perce déjà — porte-à-porte et présence publique
Valeyres-sous-Ursins,5934,Yverdon,2.7004513745335417,2.7004513745335417,-1.3695490366719265,-0.6237675584108197,94,TRUE,0.11702127659574468,0.3829787234042553,0.26595744680851063,12,0.08955223880597014,-0.02746903778977454,0.664557228155748,NA,0.04936242964607167,0.0028089887640449437,0.021605874855859682,0,356,consolidation,0,0,0.026595744680851064,0.026595744680851064,reservoir_ps_verts,11,1253.2482865814402,3.520360355565843,0.03089887640449438,0.07470714797991872,0.008777191333734318,4,0,consolidation,4,1. Gauche marquée mobilisé,Gauche implantée où EàG a déjà fait ses preuves — incarner et consolider
Vallorbe,5764,Yverdon,-0.44009555190551314,-0.44009555190551314,-1.092925109737101,-0.19845576520104966,573,TRUE,0.04013961605584642,0.3089005235602094,0.268760907504363,82,0.0823293172690763,0.04218970121322988,0.4183676920352961,NA,0.016817156209839163,0.0028089887640449437,0.021605874855859682,0,356,consolidation,0,0.04218970121322988,0.0268760907504363,0.04218970121322988,raboud_2026,24.17469879518072,1253.2482865814402,3.520360355565843,0.06790645728983348,0.11851039666637607,0.019289632432790697,7,0,implantation,1,5. Droite,"Terrain difficile — présence, visibilité, et d'abord déposer une liste"
Vaulion,5765,Yverdon,-0.8764367846845063,-0.8764367846845063,-1.3716860960088355,0.8201107262274155,138,TRUE,0.06521739130434782,0.2536231884057971,0.18840579710144928,12,0.05741626794258373,-0.007801123361764091,0.5242334298623057,NA,0.04805493933560404,0.0028089887640449437,0.021605874855859682,0,356,consolidation,0,0,0.01884057971014493,0.01884057971014493,reservoir_ps_verts,9,1253.2482865814402,3.520360355565843,0.025280898876404494,0.05292297671389025,0.007181338363964442,3,0,implantation,3,4. Centre,"Commune disputée, réservoir réel — thèmes sociaux concrets, pas d'étiquette"
Villars-Epeney,5935,Yverdon,-1.660821156935351,-1.660821156935351,1.249978243212237,-1.3154414396819472,23,TRUE,0.043478260869565216,0.30434782608695654,0.26086956521739135,3,0.06818181818181818,0.02470355731225296,0.5821514376501589,NA,0.0373892843115555,0.0028089887640449437,0.021605874855859682,0,356,consolidation,0,0.02470355731225296,0.026086956521739136,0.026086956521739136,reservoir_ps_verts,1,1253.2482865814402,3.520360355565843,0.0028089887640449437,0.0732779677576942,7.97926484884938e-4,1,0,implantation,2,3. Centre mobilisé,Commune disputée où EàG perce déjà — porte-à-porte et présence publique
Vugelles-La Mothe,5937,Yverdon,-1.8003226153065564,-1.8003226153065564,-1.0227808662386653,-1.190059533562858,38,TRUE,0.05263157894736842,0.2631578947368421,0.21052631578947367,1,0.02127659574468085,-0.031354983202687564,0.5250797448165869,NA,0.048512001606992615,0.0028089887640449437,0.021605874855859682,0,356,consolidation,0,0,0.021052631578947368,0.021052631578947368,reservoir_ps_verts,2,1253.2482865814402,3.520360355565843,0.0056179775280898875,0.05913660555884091,0.001595852969769876,1,0,implantation,1,5. Droite,"Terrain difficile — présence, visibilité, et d'abord déposer une liste"
Vuiteboeuf,5766,Yverdon,0.3524705032295023,0.3524705032295023,-1.0335109703211507,0.8893785681683911,115,TRUE,0.06956521739130435,0.3130434782608696,0.24347826086956526,13,0.0593607305936073,-0.010204486797697046,0.4771293853311082,NA,0.03505377796665578,0.0028089887640449437,0.021605874855859682,0,356,consolidation,0,0,0.02434782608695653,0.02434782608695653,reservoir_ps_verts,8,1253.2482865814402,3.520360355565843,0.02247191011235955,0.06839276990718125,0.006383411879079504,3,0,consolidation,3,4. Centre,"Commune disputée, réservoir réel — thèmes sociaux concrets, pas d'étiquette"
Yverdon-les-Bains,5938,Yverdon,3.775520017692616,3.775520017692616,-0.5170833679388349,0.20206705812778597,4321,TRUE,0.09442258736403611,0.5223327933348761,0.42791020597084006,568,0.08463716286693489,-0.009785424497101222,0.434390875764796,0.08,0.011586556107756177,0.0028089887640449437,0.021605874855859682,0,356,consolidation,0,0,0.042791020597084006,0.042791020597084006,reservoir_ps_verts,408,1253.2482865814402,3.520360355565843,1.146067415730337,0.12019949605922474,0.3255540058330547,116,0,consolidation,5,2. Gauche marquée abstentionniste,Électorat acquis qui ne se déplace pas — priorité absolue au « faire voter »
Yvonand,5939,Yverdon,1.6565406899255617,1.6565406899255617,-0.7121853440776635,0.19786726865302007,768,TRUE,0.07942708333333333,0.47265625,0.3932291666666667,73,0.060082304526748974,-0.019344778806584355,0.48779836043743446,NA,0.026505551029332844,0.0028089887640449437,0.021605874855859682,0,356,consolidation,0,0,0.03932291666666667,0.03932291666666667,reservoir_ps_verts,61,1253.2482865814402,3.520360355565843,0.17134831460674158,0.11045763108614233,0.04867351557798122,18,0,consolidation,5,2. Gauche marquée abstentionniste,Électorat acquis qui ne se déplace pas — priorité absolue au « faire voter »
Cheseaux-sur-Lausanne,5582,Romanel,1.5902293490890032,1.5902293490890032,-0.15492800910232077,0.28022699156676223,812,TRUE,0.012315270935960592,0.4002463054187192,0.3879310344827586,90,0.06241331484049931,0.05009804390453872,0.5121978085210612,NA,-0.03967011701307356,0.001519756838905775,0.12117863720073664,180,658,conquete_longue,0.03967011701307356,0.05009804390453872,0.03879310344827586,0.05009804390453872,raboud_2026,40.67961165048544,231.59783402344598,0.3519723921328966,0.06182311800985629,0.0761368448397245,0.17564763427954688,116,32,mobilisation,5,2. Gauche marquée abstentionniste,Électorat acquis qui ne se déplace pas — priorité absolue au « faire voter »
Epalinges,5584,Romanel,2.1277037495467352,2.1277037495467352,0.8343880344923083,0.5648765545067104,2033,TRUE,0.013280865715691098,0.4102311854402361,0.39695031972454503,157,0.05240320427236315,0.03912233855667205,0.5715720454439601,NA,-0.04629226845563059,0.001519756838905775,0.12117863720073664,180,658,conquete_longue,0.04629226845563059,0.03912233855667205,0.039695031972454504,0.04629226845563059,conversion_2022,94.112181770297,231.59783402344598,0.3519723921328966,0.1430276318697523,0.07035299157390668,0.40636037105929707,268,74,persuasion,5,2. Gauche marquée abstentionniste,Électorat acquis qui ne se déplace pas — priorité absolue au « faire voter »
Jouxtens-Mézery,5585,Romanel,0.21930389725662486,0.21930389725662486,1.447409955307582,0.18827791637768926,382,TRUE,0.01832460732984293,0.306282722513089,0.2879581151832461,23,0.03571428571428571,0.017389678384442782,0.6683595484481288,NA,-0.014306864582780826,0.001519756838905775,0.12117863720073664,180,658,conquete_longue,0.014306864582780826,0.017389678384442782,0.02879581151832461,0.02879581151832461,reservoir_ps_verts,11.000000000000002,231.59783402344598,0.3519723921328966,0.016717325227963528,0.043762631486815515,0.04749612640542402,32,9,persuasion,2,3. Centre mobilisé,Commune disputée où EàG perce déjà — porte-à-porte et présence publique
Lausanne,5586,Lausanne-Ville,7.643748974969288,7.643748974969288,-0.05412068505268585,-0.46642534858230245,18616,TRUE,0.1240868070477009,0.6147937258272453,0.4907069187795444,5001,0.1542043106903888,0.030117503642687907,0.46666712242980857,0.19,-0.013358596548029747,0.0038022813688212928,0.014127632144391921,0,263,consolidation,0.013358596548029747,0.030117503642687907,0.049070691877954445,0.049070691877954445,reservoir_ps_verts,2310,2310,8.783269961977187,8.783269961977187,0.18658057748271653,1,263,0,consolidation,5,2. Gauche marquée abstentionniste,Électorat acquis qui ne se déplace pas — priorité absolue au « faire voter »
Le Mont-sur-Lausanne,5587,Romanel,1.24420950192838,1.24420950192838,0.5608944409926665,0.2920888007681205,1559,TRUE,0.023091725465041693,0.3636946760744067,0.340602950609365,168,0.060193479039770695,0.037101753574729,0.5165911258989968,NA,-0.02400875859667513,0.001519756838905775,0.12117863720073664,180,658,conquete_longue,0.02400875859667513,0.037101753574729,0.0340602950609365,0.037101753574729,raboud_2026,57.84163382300251,231.59783402344598,0.3519723921328966,0.08790521857599165,0.05638564373059119,0.2497503228685069,165,45,mobilisation,5,2. Gauche marquée abstentionniste,Électorat acquis qui ne se déplace pas — priorité absolue au « faire voter »
Romanel-sur-Lausanne,5592,Romanel,1.4139420631242305,1.4139420631242305,-0.8515425304453512,0.507837633187009,646,TRUE,0.018575851393188854,0.37770897832817335,0.3591331269349845,73,0.06186440677966102,0.043288555386472166,0.4933832513368591,NA,-0.030920816745232255,0.001519756838905775,0.12117863720073664,180,658,conquete_longue,0.030920816745232255,0.043288555386472166,0.03591331269349845,0.043288555386472166,raboud_2026,27.96440677966102,231.59783402344598,0.3519723921328966,0.042499098449332855,0.0657880780949425,0.12074554538722508,80,22,mobilisation,5,2. Gauche marquée abstentionniste,Électorat acquis qui ne se déplace pas — priorité absolue au « faire voter »
Belmont-sur-Lausanne,5581,Lavaux-Oron,0.6035288296952113,0.6035288296952113,1.3131217891309945,0.7837339889606829,754,TRUE,0.002652519893899204,0.35809018567639256,0.35543766578249336,61,0.047031611410948346,0.04437909151704914,0.5778055347536499,NA,-0.03540321274097795,0.0013736263736263737,0.053138686131386864,647,728,offensive,0.03540321274097795,0.04437909151704914,0.035543766578249335,0.04437909151704914,raboud_2026,33.46183500385505,769.4979119277967,1.057002626274446,0.04596405907122947,0.06096029054539717,0.04348528369625365,32,29,persuasion,2,3. Centre mobilisé,Commune disputée où EàG perce déjà — porte-à-porte et présence publique
Bourg-en-Lavaux,5613,Lavaux-Oron,1.790688236334649,1.790688236334649,1.375943754906003,0.1410676181399539,1419,TRUE,0.0021141649048625794,0.3770260747004933,0.3749119097956307,99,0.04342105263157895,0.04130688772671637,0.5978875369060419,NA,-0.052701183249023655,0.0013736263736263737,0.053138686131386864,647,728,offensive,0.052701183249023655,0.04130688772671637,0.03749119097956307,0.052701183249023655,conversion_2022,74.78297903036457,769.4979119277967,1.057002626274446,0.10272387229445684,0.07239173523217536,0.09718412210244123,71,63,persuasion,2,3. Centre mobilisé,Commune disputée où EàG perce déjà — porte-à-porte et présence publique
Chexbres,5601,Lavaux-Oron,1.806049813940045,1.806049813940045,0.7133026136444304,-0.2870381755136969,506,TRUE,0.003952569169960474,0.3814229249011858,0.37747035573122534,64,0.08613728129205922,0.08218471212209874,0.5233204554470356,NA,-0.051079644665983276,0.0013736263736263737,0.053138686131386864,647,728,offensive,0.051079644665983276,0.08218471212209874,0.037747035573122534,0.08218471212209874,raboud_2026,41.585464333781964,769.4979119277967,1.057002626274446,0.05712289056838182,0.11289108807980597,0.05404233551407479,40,35,mobilisation,5,2. Gauche marquée abstentionniste,Électorat acquis qui ne se déplace pas — priorité absolue au « faire voter »
Forel (Lavaux),5604,Lavaux-Oron,-1.135796974054282,-1.135796974054282,-0.3742091375599938,0.40612265901857625,468,TRUE,0.004273504273504274,0.2777777777777778,0.27350427350427353,42,0.05398457583547558,0.049711071561971305,0.5762616452540075,NA,-0.009227453686545676,0.0013736263736263737,0.053138686131386864,647,728,offensive,0.009227453686545676,0.049711071561971305,0.027350427350427354,0.049711071561971305,raboud_2026,23.26478149100257,769.4979119277967,1.057002626274446,0.03195711743269584,0.06828443895875179,0.030233716206868072,23,20,persuasion,1,5. Droite,"Terrain difficile — présence, visibilité, et d'abord déposer une liste"
Jorat-Mézières,5806,Lavaux-Oron,0.48200540711282697,0.48200540711282697,-0.004508153020052965,0.24874130896520125,606,TRUE,0.0033003300330033004,0.37293729372937295,0.36963696369636967,65,0.05736981465136805,0.05406948461836475,0.543210385091142,NA,-0.03303980667798677,0.0013736263736263737,0.053138686131386864,647,728,offensive,0.03303980667798677,0.05406948461836475,0.03696369636963697,0.05406948461836475,raboud_2026,32.766107678729036,769.4979119277967,1.057002626274446,0.045008389668583844,0.07427127008017137,0.042581152165366155,31,28,persuasion,5,2. Gauche marquée abstentionniste,Électorat acquis qui ne se déplace pas — priorité absolue au « faire voter »
Lutry,5606,Lavaux-Oron,-0.3803795146075127,-0.3803795146075127,1.572037838143266,0.42265001196878493,2440,TRUE,0.003278688524590164,0.3040983606557377,0.3008196721311475,161,0.0440251572327044,0.040746468708114235,0.5698395236943864,NA,-0.02088680707536556,0.0013736263736263737,0.053138686131386864,647,728,offensive,0.02088680707536556,0.040746468708114235,0.030081967213114753,0.040746468708114235,raboud_2026,99.42138364779873,769.4979119277967,1.057002626274446,0.13656783468104222,0.05597042404960747,0.12920292843774164,95,84,persuasion,2,3. Centre mobilisé,Commune disputée où EàG perce déjà — porte-à-porte et présence publique
Maracon,5790,Lavaux-Oron,1.6271950498202044,1.6271950498202044,-0.3199241962002922,0.01793602181069466,140,TRUE,0.007142857142857143,0.42142857142857143,0.4142857142857143,29,0.11372549019607843,0.10658263305322128,0.6019522144522145,NA,-0.045364390741903265,0.0013736263736263737,0.053138686131386864,647,728,offensive,0.045364390741903265,0.10658263305322128,0.04142857142857143,0.10658263305322128,raboud_2026,14.92156862745098,769.4979119277967,1.057002626274446,0.02049666020254256,0.14640471573244682,0.019391304896550644,15,13,persuasion,4,1. Gauche marquée mobilisé,Gauche implantée où EàG a déjà fait ses preuves — incarner et consolider
Montpreveyres,5792,Lavaux-Oron,1.59011241769742,1.59011241769742,-1.326663530882479,0.1525878275463503,115,TRUE,0.008695652173913044,0.5217391304347826,0.5130434782608696,13,0.05555555555555555,0.04685990338164251,0.5421209180469555,NA,-0.04328808500677941,0.0013736263736263737,0.053138686131386864,647,728,offensive,0.04328808500677941,0.04685990338164251,0.05130434782608696,0.05130434782608696,reservoir_ps_verts,5.9,769.4979119277967,1.057002626274446,0.008104395604395605,0.07047300525561397,0.0076673372449041904,6,5,mobilisation,5,2. Gauche marquée abstentionniste,Électorat acquis qui ne se déplace pas — priorité absolue au « faire voter »
Oron,5805,Lavaux-Oron,1.5091333497073334,1.5091333497073334,-1.0352220070953604,-0.33980460269623647,1169,TRUE,0.001710863986313088,0.40804106073567153,0.40633019674935844,142,0.07263427109974424,0.07092340711343115,0.5183668456013149,NA,-0.049129658528336,0.0013736263736263737,0.053138686131386864,647,728,offensive,0.049129658528336,0.07092340711343115,0.04063301967493585,0.07092340711343115,raboud_2026,82.90946291560101,769.4979119277967,1.057002626274446,0.11388662488406734,0.09742226251844939,0.10774488355386277,79,70,mobilisation,5,2. Gauche marquée abstentionniste,Électorat acquis qui ne se déplace pas — priorité absolue au « faire voter »
Paudex,5588,Lavaux-Oron,0.8151033373724714,0.8151033373724714,0.27452205212568687,0.637959307251732,294,TRUE,0.003401360544217687,0.29591836734693877,0.2925170068027211,28,0.07253886010362694,0.06913749955940925,0.5360168089912973,NA,-0.037641256061306784,0.0013736263736263737,0.053138686131386864,647,728,offensive,0.037641256061306784,0.06913749955940925,0.029251700680272108,0.06913749955940925,raboud_2026,20.32642487046632,769.4979119277967,1.057002626274446,0.027920913283607584,0.09496909280138634,0.026415178722893767,20,18,mobilisation,2,3. Centre mobilisé,Commune disputée où EàG perce déjà — porte-à-porte et présence publique
Puidoux,5607,Lavaux-Oron,-0.04086059593576136,-0.04086059593576136,0.2561000570519163,0.475730370350838,552,TRUE,0.0018115942028985507,0.32065217391304346,0.3188405797101449,52,0.058823529411764705,0.05701193520886615,0.5299792625617665,NA,-0.027147029014582328,0.0013736263736263737,0.053138686131386864,647,728,offensive,0.027147029014582328,0.05701193520886615,0.03188405797101449,0.05701193520886615,raboud_2026,31.470588235294116,769.4979119277967,1.057002626274446,0.043228829993535875,0.07831309781437659,0.04089756157551088,30,27,mobilisation,2,3. Centre mobilisé,Commune disputée où EàG perce déjà — porte-à-porte et présence publique
Pully,5590,Lavaux-Oron,1.8035301499160132,1.8035301499160132,1.2656333873299224,0.15443979538446584,3788,TRUE,0.0021119324181626186,0.3719640971488912,0.3698521647307286,340,0.05632869449966865,0.05421676208150603,0.5760614400905401,NA,-0.05288471028887993,0.0013736263736263737,0.053138686131386864,647,728,offensive,0.05288471028887993,0.05421676208150603,0.03698521647307287,0.05421676208150603,raboud_2026,205.37309476474485,769.4979119277967,1.057002626274446,0.28210589940212205,0.07447357428778302,0.266892335354401,195,173,persuasion,2,3. Centre mobilisé,Commune disputée où EàG perce déjà — porte-à-porte et présence publique
Rivaz,5609,Lavaux-Oron,1.5788402239324624,1.5788402239324624,0.24518578003495195,-0.8055239123696541,107,TRUE,0.009345794392523364,0.32710280373831774,0.3177570093457944,15,0.09146341463414634,0.08211762024162297,0.6349513655069211,NA,-0.04247880861250582,0.0013736263736263737,0.053138686131386864,647,728,offensive,0.04247880861250582,0.08211762024162297,0.03177570093457944,0.08211762024162297,raboud_2026,8.786585365853659,769.4979119277967,1.057002626274446,0.012069485392656126,0.11279892890332827,0.011418595462905062,9,8,persuasion,4,1. Gauche marquée mobilisé,Gauche implantée où EàG a déjà fait ses preuves — incarner et consolider
Saint-Saphorin (Lavaux),5610,Lavaux-Oron,3.5811005185861715,3.5811005185861715,0.3589627653446126,1.0863280152121497,105,TRUE,0.009523809523809525,0.42857142857142855,0.419047619047619,30,0.1595744680851064,0.15005065856129687,0.6157468320459791,NA,-0.07056752204328035,0.0013736263736263737,0.053138686131386864,647,728,offensive,0.07056752204328035,0.15005065856129687,0.0419047619047619,0.15005065856129687,raboud_2026,15.755319148936172,769.4979119277967,1.057002626274446,0.02164192190787936,0.20611354197980342,0.020474804290845847,15,14,persuasion,5,2. Gauche marquée abstentionniste,Électorat acquis qui ne se déplace pas — priorité absolue au « faire voter »
Savigny,5611,Lavaux-Oron,0.8323536459695636,0.8323536459695636,0.37555401881683625,0.3266844910650303,828,TRUE,0.0024154589371980675,0.3502415458937198,0.34782608695652173,89,0.0703001579778831,0.06788469904068503,0.5822194603661175,NA,-0.03887068733928266,0.0013736263736263737,0.053138686131386864,647,728,offensive,0.03887068733928266,0.06788469904068503,0.034782608695652174,0.06788469904068503,raboud_2026,56.208530805687204,769.4979119277967,1.057002626274446,0.07720952033748243,0.09324821296797396,0.07304572232674407,54,48,persuasion,2,3. Centre mobilisé,Commune disputée où EàG perce déjà — porte-à-porte et présence publique
Servion,5799,Lavaux-Oron,1.0263641762765816,1.0263641762765816,0.09925411813137233,0.29144721211068647,409,TRUE,0.0024449877750611247,0.43765281173594134,0.4352078239608802,42,0.05761316872427984,0.055168180949218715,0.5521267118584584,NA,-0.04158008461058384,0.0013736263736263737,0.053138686131386864,647,728,offensive,0.04158008461058384,0.055168180949218715,0.043520782396088024,0.055168180949218715,raboud_2026,22.563786008230455,769.4979119277967,1.057002626274446,0.03099421154976711,0.0757804683368389,0.02932273844863617,22,19,persuasion,5,2. Gauche marquée abstentionniste,Électorat acquis qui ne se déplace pas — priorité absolue au « faire voter »
Aclens,5621,Morges,-0.2621534605703222,-0.2621534605703222,0.30432185049804344,-1.0309546967415217,117,FALSE,0,0.3504273504273504,0.3504273504273504,16,0.0855614973262032,0.0855614973262032,0.5300635332462013,NA,NA,0.001122334455667789,0.05264401772525849,847,891,offensive,NA,0.0855614973262032,0.03504273504273504,0.0855614973262032,raboud_2026,10.010695187165775,1100.763106980972,1.2354243624926735,0.011235348133743855,0.09602861652772528,0.009094322950758942,9,8,persuasion,5,2. Gauche marquée abstentionniste,Électorat acquis qui ne se déplace pas — priorité absolue au « faire voter »
Allaman,5851,Morges,0.520460648221126,0.520460648221126,1.2979597848258557,0.17465248581924303,98,FALSE,0,0.29591836734693877,0.29591836734693877,13,0.08843537414965986,0.08843537414965986,0.5427777355141372,NA,NA,0.001122334455667789,0.05264401772525849,847,891,offensive,NA,0.08843537414965986,0.02959183673469388,0.08843537414965986,raboud_2026,8.666666666666666,1100.763106980972,1.2354243624926735,0.009726898615787506,0.09925406750803578,0.007873325887925565,8,7,persuasion,2,3. Centre mobilisé,Commune disputée où EàG perce déjà — porte-à-porte et présence publique
Aubonne,5422,Morges,0.6104326443511122,0.6104326443511122,0.8996570237905965,-0.5636861822080762,719,FALSE,0,0.3908205841446453,0.3908205841446453,78,0.06571187868576242,0.06571187868576242,0.527258824428703,NA,NA,0.001122334455667789,0.05264401772525849,847,891,offensive,NA,0.06571187868576242,0.039082058414464535,0.06571187868576242,raboud_2026,47.24684077506318,1100.763106980972,1.2354243624926735,0.05302675732330323,0.07375070559569297,0.042921897068884864,39,37,mobilisation,5,2. Gauche marquée abstentionniste,Électorat acquis qui ne se déplace pas — priorité absolue au « faire voter »
Ballens,5423,Morges,-0.06030394210349389,-0.06030394210349389,-1.2502353050680373,0.968580941336066,148,FALSE,0,0.2702702702702703,0.2702702702702703,13,0.053061224489795916,0.053061224489795916,0.582531278258745,NA,NA,0.001122334455667789,0.05264401772525849,847,891,offensive,NA,0.053061224489795916,0.02702702702702703,0.053061224489795916,raboud_2026,7.853061224489796,1100.763106980972,1.2354243624926735,0.008813761194713577,0.05955244050482146,0.007134197335181534,7,7,persuasion,3,4. Centre,"Commune disputée, réservoir réel — thèmes sociaux concrets, pas d'étiquette"
Berolle,5424,Morges,0.9972814785847596,0.9972814785847596,-0.18998960523931346,-0.3921465279680124,73,FALSE,0,0.3013698630136986,0.3013698630136986,8,0.06557377049180328,0.06557377049180328,0.5800474898236092,NA,NA,0.001122334455667789,0.05264401772525849,847,891,offensive,NA,0.06557377049180328,0.030136986301369864,0.06557377049180328,raboud_2026,4.786885245901639,1100.763106980972,1.2354243624926735,0.005372486246803187,0.07359570201100257,0.004348697022586883,4,4,persuasion,4,1. Gauche marquée mobilisé,Gauche implantée où EàG a déjà fait ses preuves — incarner et consolider
Bière,5425,Morges,-1.8519275208486652,-1.8519275208486652,-1.9406356975520975,-0.45377127720755284,298,FALSE,0,0.3221476510067114,0.3221476510067114,28,0.06451612903225806,0.06451612903225806,0.48700394196824115,NA,NA,0.001122334455667789,0.05264401772525849,847,891,offensive,NA,0.06451612903225806,0.03221476510067114,0.06451612903225806,raboud_2026,19.225806451612904,1100.763106980972,1.2354243624926735,0.021577785018645237,0.0724086745592122,0.01746588919058426,16,15,persuasion,1,5. Droite,"Terrain difficile — présence, visibilité, et d'abord déposer une liste"
Bougy-Villars,5426,Morges,-1.6310895739296043,-1.6310895739296043,0.6971021235829151,-0.07879021447318779,98,FALSE,0,0.23469387755102042,0.23469387755102042,9,0.05357142857142857,0.05357142857142857,0.584749775807898,NA,NA,0.001122334455667789,0.05264401772525849,847,891,offensive,NA,0.05357142857142857,0.023469387755102045,0.05357142857142857,raboud_2026,5.25,1100.763106980972,1.2354243624926735,0.005892255892255893,0.06012506012506013,0.004769418566724141,5,5,persuasion,2,3. Centre mobilisé,Commune disputée où EàG perce déjà — porte-à-porte et présence publique
Bremblens,5622,Morges,-1.0960311124107525,-1.0960311124107525,0.7131119256428269,0.35238266296090676,140,FALSE,0,0.25,0.25,12,0.05454545454545454,0.05454545454545454,0.5905877589352725,NA,NA,0.001122334455667789,0.05264401772525849,847,891,offensive,NA,0.05454545454545454,0.025,0.05454545454545454,raboud_2026,7.636363636363636,1100.763106980972,1.2354243624926735,0.008570554025099479,0.061218243036424855,0.006937336097053296,7,6,persuasion,2,3. Centre mobilisé,Commune disputée où EàG perce déjà — porte-à-porte et présence publique
Buchillon,5623,Morges,-1.1821525849303811,-1.1821525849303811,1.3103102471106964,0.39300580709050326,172,FALSE,0,0.2441860465116279,0.2441860465116279,20,0.078125,0.078125,0.6200974397314466,NA,NA,0.001122334455667789,0.05264401772525849,847,891,offensive,NA,0.078125,0.02441860465116279,0.078125,raboud_2026,13.4375,1100.763106980972,1.2354243624926735,0.015081369248035915,0.08768237934904602,0.012207440379115362,11,11,persuasion,2,3. Centre mobilisé,Commune disputée où EàG perce déjà — porte-à-porte et présence publique
Chavannes-le-Veyron,5475,Morges,0.18659504684571382,0.18659504684571382,0.14538957989876147,1.250198227376791,56,FALSE,0,0.2857142857142857,0.2857142857142857,6,0.06976744186046512,0.06976744186046512,0.686868686868687,NA,NA,0.001122334455667789,0.05264401772525849,847,891,offensive,NA,0.06976744186046512,0.02857142857142857,0.06976744186046512,raboud_2026,3.9069767441860463,1100.763106980972,1.2354243624926735,0.0043849346174927575,0.07830240388379925,0.0035493347473295935,4,4,persuasion,2,3. Centre mobilisé,Commune disputée où EàG perce déjà — porte-à-porte et présence publique
Chevilly,5476,Morges,-0.5611770666143185,-0.5611770666143185,0.6595529996228315,-0.9333920409385045,82,FALSE,0,0.36585365853658536,0.36585365853658536,8,0.05228758169934641,0.05228758169934641,0.577827592244893,NA,NA,0.001122334455667789,0.05264401772525849,847,891,offensive,NA,0.05228758169934641,0.036585365853658534,0.05228758169934641,raboud_2026,4.287581699346405,1100.763106980972,1.2354243624926735,0.004812100672667121,0.058684154544721,0.0038950993834684553,4,4,persuasion,2,3. Centre mobilisé,Commune disputée où EàG perce déjà — porte-à-porte et présence publique
Chigny,5628,Morges,0.9513258953986626,0.9513258953986626,2.046853418989743,0.639710925120791,86,FALSE,0,0.313953488372093,0.313953488372093,9,0.05521472392638037,0.05521472392638037,0.5844659547643526,NA,NA,0.001122334455667789,0.05264401772525849,847,891,offensive,NA,0.05521472392638037,0.031395348837209305,0.05521472392638037,raboud_2026,4.748466257668712,1100.763106980972,1.2354243624926735,0.005329367292557477,0.061969387122761364,0.004313794882435858,4,4,persuasion,2,3. Centre mobilisé,Commune disputée où EàG perce déjà — porte-à-porte et présence publique
Clarmont,5629,Morges,-0.4705036881511813,-0.4705036881511813,1.9770646763604287,-2.4154660016426983,46,FALSE,0,0.41304347826086957,0.41304347826086957,2,0.02564102564102564,0.02564102564102564,0.5116234145011124,NA,NA,0.001122334455667789,0.05264401772525849,847,891,offensive,NA,0.02564102564102564,0.04130434782608696,0.04130434782608696,reservoir_ps_verts,1.9000000000000001,1100.763106980972,1.2354243624926735,0.0021324354657687996,0.046357292734104334,0.0017260752908144512,2,2,report_gauche,2,3. Centre mobilisé,Commune disputée où EàG perce déjà — porte-à-porte et présence publique
Cossonay,5477,Morges,1.6303121777586809,1.6303121777586809,0.17823861511618674,0.47974102972153965,829,FALSE,0,0.4825090470446321,0.4825090470446321,104,0.07036535859269283,0.07036535859269283,0.5250406032461377,NA,NA,0.001122334455667789,0.05264401772525849,847,891,offensive,NA,0.07036535859269283,0.048250904704463214,0.07036535859269283,raboud_2026,58.332882273342356,1100.763106980972,1.2354243624926735,0.06546900367378491,0.07897346643399869,0.052993129860002396,48,45,mobilisation,5,2. Gauche marquée abstentionniste,Électorat acquis qui ne se déplace pas — priorité absolue au « faire voter »
Cuarnens,5479,Morges,-1.1732043369477028,-1.1732043369477028,0.8238429766276875,0.442840943493092,121,FALSE,0,0.2975206611570248,0.2975206611570248,15,0.06302521008403361,0.06302521008403361,0.5510473588342442,NA,NA,0.001122334455667789,0.05264401772525849,847,891,offensive,NA,0.06302521008403361,0.029752066115702483,0.06302521008403361,raboud_2026,7.626050420168067,1100.763106980972,1.2354243624926735,0.008558979147214442,0.07073536485301192,0.006927966945661717,7,6,persuasion,2,3. Centre mobilisé,Commune disputée où EàG perce déjà — porte-à-porte et présence publique
Denens,5631,Morges,0.15611757004045113,0.15611757004045113,2.4808241037921053,-0.3603150606629426,200,FALSE,0,0.3,0.3,22,0.07407407407407407,0.07407407407407407,0.6142781319802726,NA,NA,0.001122334455667789,0.05264401772525849,847,891,offensive,NA,0.07407407407407407,0.03,0.07407407407407407,raboud_2026,14.814814814814813,1100.763106980972,1.2354243624926735,0.01662717712100428,0.08313588560502141,0.013458676731496694,12,12,persuasion,2,3. Centre mobilisé,Commune disputée où EàG perce déjà — porte-à-porte et présence publique
Denges,5632,Morges,3.2734766249154545,3.2734766249154545,0.7621918200447173,0.02270447149241143,318,FALSE,0,0.449685534591195,0.449685534591195,42,0.08731808731808732,0.08731808731808732,0.5445753190151076,NA,NA,0.001122334455667789,0.05264401772525849,847,891,offensive,NA,0.08731808731808732,0.0449685534591195,0.08731808731808732,raboud_2026,27.76715176715177,1100.763106980972,1.2354243624926735,0.03116403116403117,0.09800009800009801,0.02522536555872394,23,22,persuasion,5,2. Gauche marquée abstentionniste,Électorat acquis qui ne se déplace pas — priorité absolue au « faire voter »
Dizy,5481,Morges,3.184255247418684,3.184255247418684,-0.5062831643774499,-0.6057841870322634,65,FALSE,0,0.5076923076923077,0.5076923076923077,5,0.04716981132075472,0.04716981132075472,0.5691345914280456,NA,NA,0.001122334455667789,0.05264401772525849,847,891,offensive,NA,0.04716981132075472,0.05076923076923077,0.05076923076923077,reservoir_ps_verts,3.3,1100.763106980972,1.2354243624926735,0.003703703703703704,0.05698005698005698,0.0029979202419408886,3,3,persuasion,4,1. Gauche marquée mobilisé,Gauche implantée où EàG a déjà fait ses preuves — incarner et consolider
Echandens,5633,Morges,0.30291540482481477,0.30291540482481477,0.7022878135751873,0.6744180985530217,585,FALSE,0,0.3162393162393162,0.3162393162393162,56,0.06313416009019165,0.06313416009019165,0.5247762568925013,NA,NA,0.001122334455667789,0.05264401772525849,847,891,offensive,NA,0.06313416009019165,0.03162393162393162,0.06313416009019165,raboud_2026,36.93348365276212,1100.763106980972,1.2354243624926735,0.04145172127133796,0.0708576431988683,0.03355261765091166,30,29,mobilisation,2,3. Centre mobilisé,Commune disputée où EàG perce déjà — porte-à-porte et présence publique
Echichens,5634,Morges,0.18451994056684334,0.18451994056684334,1.5230431031021852,0.40878517091134176,716,FALSE,0,0.33379888268156427,0.33379888268156427,44,0.03859649122807018,0.03859649122807018,0.5752627710755921,NA,NA,0.001122334455667789,0.05264401772525849,847,891,offensive,NA,0.03859649122807018,0.03337988826815643,0.03859649122807018,raboud_2026,27.635087719298248,1100.763106980972,1.2354243624926735,0.031015811132770202,0.043318171973142736,0.025105390564089784,23,22,report_gauche,2,3. Centre mobilisé,Commune disputée où EàG perce déjà — porte-à-porte et présence publique
Eclépens,5482,Morges,0.5848625575722314,0.5848625575722314,0.29585077875397575,0.7175921153151519,252,FALSE,0,0.4246031746031746,0.4246031746031746,22,0.06043956043956044,0.06043956043956044,0.5734068040360348,NA,NA,0.001122334455667789,0.05264401772525849,847,891,offensive,NA,0.06043956043956044,0.04246031746031746,0.06043956043956044,raboud_2026,15.230769230769232,1100.763106980972,1.2354243624926735,0.017094017094017096,0.0678334011667345,0.013836554962804103,13,12,persuasion,5,2. Gauche marquée abstentionniste,Électorat acquis qui ne se déplace pas — priorité absolue au « faire voter »
Etoy,5636,Morges,1.4014797604906366,1.4014797604906366,1.095927937823666,0.051281171610824586,464,FALSE,0,0.3793103448275862,0.3793103448275862,71,0.07768052516411379,0.07768052516411379,0.5519536856956698,NA,NA,0.001122334455667789,0.05264401772525849,847,891,offensive,NA,0.07768052516411379,0.03793103448275862,0.07768052516411379,raboud_2026,36.0437636761488,1100.763106980972,1.2354243624926735,0.040453157885688894,0.08718352992605365,0.0327443420365031,30,28,persuasion,2,3. Centre mobilisé,Commune disputée où EàG perce déjà — porte-à-porte et présence publique
Ferreyres,5483,Morges,2.878431930997539,2.878431930997539,0.3934626949677867,-0.735416845323381,94,FALSE,0,0.425531914893617,0.425531914893617,7,0.051094890510948905,0.051094890510948905,0.584124109859404,NA,NA,0.001122334455667789,0.05264401772525849,847,891,offensive,NA,0.051094890510948905,0.04255319148936171,0.051094890510948905,raboud_2026,4.802919708029197,1100.763106980972,1.2354243624926735,0.005390482276127046,0.05734555612901112,0.004363263700944713,4,4,persuasion,4,1. Gauche marquée mobilisé,Gauche implantée où EàG a déjà fait ses preuves — incarner et consolider
Féchy,5427,Morges,-1.269795961708684,-1.269795961708684,1.671087368121881,0.15496113992110935,225,FALSE,0,0.2222222222222222,0.2222222222222222,10,0.03460207612456748,0.03460207612456748,0.5968665867939105,NA,NA,0.001122334455667789,0.05264401772525849,847,891,offensive,NA,0.03460207612456748,0.022222222222222223,0.03460207612456748,raboud_2026,7.785467128027682,1100.763106980972,1.2354243624926735,0.008737898011254415,0.038835102272241837,0.0070727907563877535,7,6,implantation,2,3. Centre mobilisé,Commune disputée où EàG perce déjà — porte-à-porte et présence publique
Gimel,5428,Morges,0.07379989360962562,0.07379989360962562,-0.6613717705805835,0.15974912574862687,356,FALSE,0,0.36235955056179775,0.36235955056179775,31,0.05410122164048865,0.05410122164048865,0.4955043574924167,NA,NA,0.001122334455667789,0.05264401772525849,847,891,offensive,NA,0.05410122164048865,0.036235955056179776,0.05410122164048865,raboud_2026,19.26003490401396,1100.763106980972,1.2354243624926735,0.021616200790139126,0.06071966514084025,0.017496984393706512,16,15,mobilisation,5,2. Gauche marquée abstentionniste,Électorat acquis qui ne se déplace pas — priorité absolue au « faire voter »
Gollion,5484,Morges,0.293121035916119,0.293121035916119,-0.17507554602090913,0.8121486595904036,232,FALSE,0,0.3275862068965517,0.3275862068965517,25,0.06443298969072164,0.06443298969072164,0.5554193525523023,NA,NA,0.001122334455667789,0.05264401772525849,847,891,offensive,NA,0.06443298969072164,0.032758620689655175,0.06443298969072164,raboud_2026,14.948453608247421,1100.763106980972,1.2354243624926735,0.016777164543487568,0.07231536441158434,0.013580082320569472,13,12,persuasion,3,4. Centre,"Commune disputée, réservoir réel — thèmes sociaux concrets, pas d'étiquette"
Grancy,5485,Morges,-1.472244891331062,-1.472244891331062,1.0581609892074024,0.15059907186184132,118,FALSE,0,0.3474576271186441,0.3474576271186441,8,0.038834951456310676,0.038834951456310676,0.5591777429126826,NA,NA,0.001122334455667789,0.05264401772525849,847,891,offensive,NA,0.038834951456310676,0.03474576271186441,0.038834951456310676,raboud_2026,4.58252427184466,1100.763106980972,1.2354243624926735,0.005143124884225208,0.04358580410360346,0.004163043113257133,4,4,report_gauche,2,3. Centre mobilisé,Commune disputée où EàG perce déjà — porte-à-porte et présence publique
Hautemorges,5656,Morges,0.5549689369505246,0.5549689369505246,0.26540306585577184,-0.23111703821822693,955,FALSE,0,0.37591623036649213,0.37591623036649213,84,0.05194805194805195,0.05194805194805195,0.5466288493961085,NA,NA,0.001122334455667789,0.05264401772525849,847,891,offensive,NA,0.05194805194805195,0.037591623036649216,0.05194805194805195,raboud_2026,49.61038961038961,1100.763106980972,1.2354243624926735,0.055679449618843566,0.058303088606118915,0.04506908824956393,41,39,persuasion,5,2. Gauche marquée abstentionniste,Électorat acquis qui ne se déplace pas — priorité absolue au « faire voter »
L'Isle,5486,Morges,0.46904430468031655,0.46904430468031655,-0.4319723156851665,-1.1887499377521724,227,FALSE,0,0.3303964757709251,0.3303964757709251,28,0.06779661016949153,0.06779661016949153,0.5256296605308443,NA,NA,0.001122334455667789,0.05264401772525849,847,891,offensive,NA,0.06779661016949153,0.03303964757709251,0.06779661016949153,raboud_2026,15.389830508474576,1100.763106980972,1.2354243624926735,0.017272537046548346,0.07609047157069757,0.013981055879210719,13,12,mobilisation,4,1. Gauche marquée mobilisé,Gauche implantée où EàG a déjà fait ses preuves — incarner et consolider
La Chaux (Cossonay),5474,Morges,0.3055246167715526,0.3055246167715526,0.1993310469999229,-0.44970924649372823,100,FALSE,0,0.41,0.41,9,0.05,0.05,0.49864146704655143,NA,NA,0.001122334455667789,0.05264401772525849,847,891,offensive,NA,0.05,0.041,0.05,raboud_2026,5,1100.763106980972,1.2354243624926735,0.0056116722783389455,0.05611672278338946,0.004542303396880135,5,4,mobilisation,5,2. Gauche marquée abstentionniste,Électorat acquis qui ne se déplace pas — priorité absolue au « faire voter »
La Sarraz,5498,Morges,3.4548873165105007,3.4548873165105007,0.25931368671028093,-0.3039830230103275,422,FALSE,0,0.44786729857819907,0.44786729857819907,71,0.10773899848254932,0.10773899848254932,0.47626786632126783,NA,NA,0.001122334455667789,0.05264401772525849,847,891,offensive,NA,0.10773899848254932,0.04478672985781991,0.10773899848254932,raboud_2026,45.46585735963581,1100.763106980972,1.2354243624926735,0.0510278982711962,0.12091919021610474,0.041303943665348286,37,35,mobilisation,5,2. Gauche marquée abstentionniste,Électorat acquis qui ne se déplace pas — priorité absolue au « faire voter »
Lavigny,5637,Morges,-0.07025239727780422,-0.07025239727780422,2.2415638027720792,-0.08423668220741957,196,FALSE,0,0.30612244897959184,0.30612244897959184,16,0.0446927374301676,0.0446927374301676,0.5635025540345773,NA,NA,0.001122334455667789,0.05264401772525849,847,891,offensive,NA,0.0446927374301676,0.030612244897959186,0.0446927374301676,raboud_2026,8.759776536312849,1100.763106980972,1.2354243624926735,0.009831399030654152,0.050160199135990576,0.007957912543360951,8,7,persuasion,2,3. Centre mobilisé,Commune disputée où EàG perce déjà — porte-à-porte et présence publique
Lonay,5638,Morges,0.4043179948728278,0.4043179948728278,0.5026795268230548,0.5946909190179372,553,FALSE,0,0.40325497287522605,0.40325497287522605,50,0.05580357142857143,0.05580357142857143,0.5332451605778383,NA,NA,0.001122334455667789,0.05264401772525849,847,891,offensive,NA,0.05580357142857143,0.040325497287522605,0.05580357142857143,raboud_2026,30.859375,1100.763106980972,1.2354243624926735,0.03463453984287318,0.06263027096360431,0.02803452877761958,25,24,mobilisation,5,2. Gauche marquée abstentionniste,Électorat acquis qui ne se déplace pas — priorité absolue au « faire voter »
Lully VD,5639,Morges,1.2000561864669304,1.2000561864669304,2.500279799251311,-0.17143837829869554,187,FALSE,0,0.40641711229946526,0.40641711229946526,19,0.05956112852664577,0.05956112852664577,0.6240209537385762,NA,NA,0.001122334455667789,0.05264401772525849,847,891,offensive,NA,0.05956112852664577,0.04064171122994653,0.05956112852664577,raboud_2026,11.137931034482758,1100.763106980972,1.2354243624926735,0.012500483764851581,0.0668475067639122,0.01011837239442954,10,9,persuasion,2,3. Centre mobilisé,Commune disputée où EàG perce déjà — porte-à-porte et présence publique
Lussy-sur-Morges,5640,Morges,2.13771798482006,2.13771798482006,2.4691381828711108,0.6122333359362151,183,FALSE,0,0.39344262295081966,0.39344262295081966,19,0.06884057971014493,0.06884057971014493,0.6051615499424018,NA,NA,0.001122334455667789,0.05264401772525849,847,891,offensive,NA,0.06884057971014493,0.03934426229508197,0.06884057971014493,raboud_2026,12.597826086956522,1100.763106980972,1.2354243624926735,0.01413897428390182,0.07726215455684056,0.011444629645617556,11,10,persuasion,2,3. Centre mobilisé,Commune disputée où EàG perce déjà — porte-à-porte et présence publique
Mauraz,5488,Morges,4.286217842902305,4.286217842902305,-0.5053818169134284,-3.2602887012746633,20,FALSE,0,0.55,0.55,3,0.10344827586206896,0.10344827586206896,0.6737603305785123,NA,NA,0.001122334455667789,0.05264401772525849,847,891,offensive,NA,0.10344827586206896,0.05500000000000001,0.10344827586206896,raboud_2026,2.0689655172413794,1100.763106980972,1.2354243624926735,0.002322071287588529,0.11610356437942647,0.0018795738193986766,2,2,persuasion,4,1. Gauche marquée mobilisé,Gauche implantée où EàG a déjà fait ses preuves — incarner et consolider
Moiry VD,5490,Morges,5.213452430919119,5.213452430919119,-0.7118005891281374,-0.6153274658737573,104,FALSE,0,0.49038461538461536,0.49038461538461536,17,0.11888111888111888,0.11888111888111888,0.6046620349242818,NA,NA,0.001122334455667789,0.05264401772525849,847,891,offensive,NA,0.11888111888111888,0.04903846153846154,0.11888111888111888,raboud_2026,12.363636363636363,1100.763106980972,1.2354243624926735,0.013876135088256301,0.13342437584861827,0.011231877490467241,11,10,persuasion,4,1. Gauche marquée mobilisé,Gauche implantée où EàG a déjà fait ses preuves — incarner et consolider
Mollens VD,5431,Morges,-0.08383946782217677,-0.08383946782217677,-1.1316763320582701,0.263258319307479,73,FALSE,0,0.3561643835616438,0.3561643835616438,6,0.044444444444444446,0.044444444444444446,0.5532082740875456,NA,NA,0.001122334455667789,0.05264401772525849,847,891,offensive,NA,0.044444444444444446,0.03561643835616438,0.044444444444444446,raboud_2026,3.2444444444444445,1100.763106980972,1.2354243624926735,0.003641351789499938,0.04988153136301285,0.002947450204197776,3,3,report_gauche,5,2. Gauche marquée abstentionniste,Électorat acquis qui ne se déplace pas — priorité absolue au « faire voter »
Mont-la-Ville,5491,Morges,-0.40409048054975516,-0.40409048054975516,-0.5848889099087436,1.21044487772849,113,FALSE,0,0.40707964601769914,0.40707964601769914,11,0.0582010582010582,0.0582010582010582,0.5351767742419217,NA,NA,0.001122334455667789,0.05264401772525849,847,891,offensive,NA,0.0582010582010582,0.04070796460176992,0.0582010582010582,raboud_2026,6.576719576719577,1100.763106980972,1.2354243624926735,0.007381278986217259,0.06532105297537395,0.0059746911347322825,6,6,persuasion,3,4. Centre,"Commune disputée, réservoir réel — thèmes sociaux concrets, pas d'étiquette"
Montricher,5492,Morges,-1.282044315777929,-1.282044315777929,-0.13904101987820305,-0.4986147719286885,249,FALSE,0,0.3293172690763052,0.3293172690763052,27,0.06569343065693431,0.06569343065693431,0.5778720050812172,NA,NA,0.001122334455667789,0.05264401772525849,847,891,offensive,NA,0.06569343065693431,0.03293172690763052,0.06569343065693431,raboud_2026,16.357664233576642,1100.763106980972,1.2354243624926735,0.018358770183587704,0.07373000073730002,0.014860294762639973,14,13,persuasion,2,3. Centre mobilisé,Commune disputée où EàG perce déjà — porte-à-porte et présence publique
Morges,5642,Morges,3.1051398399416845,3.1051398399416845,0.36187266257039863,0.003593713096098675,2943,FALSE,0,0.48148148148148145,0.48148148148148145,352,0.07903008531656938,0.07903008531656938,0.5178362233228204,NA,NA,0.001122334455667789,0.05264401772525849,847,891,offensive,NA,0.07903008531656938,0.04814814814814815,0.07903008531656938,raboud_2026,232.58554108666368,1100.763106980972,1.2354243624926735,0.2610387666516989,0.08869818778515083,0.2112948186686313,189,179,mobilisation,5,2. Gauche marquée abstentionniste,Électorat acquis qui ne se déplace pas — priorité absolue au « faire voter »
Orny,5493,Morges,3.3183510391759103,3.3183510391759103,-0.24343441722408385,-0.9347507222401014,98,FALSE,0,0.336734693877551,0.336734693877551,23,0.12637362637362637,0.12637362637362637,0.5213133775892018,NA,NA,0.001122334455667789,0.05264401772525849,847,891,offensive,NA,0.12637362637362637,0.0336734693877551,0.12637362637362637,raboud_2026,12.384615384615383,1100.763106980972,1.2354243624926735,0.013899680566347232,0.1418334751668085,0.011250936106118485,11,10,mobilisation,5,2. Gauche marquée abstentionniste,Électorat acquis qui ne se déplace pas — priorité absolue au « faire voter »
Pompaples,5497,Morges,-0.24786044283523473,-0.24786044283523473,-0.13165924564635398,-0.6574901644487054,148,FALSE,0,0.4189189189189189,0.4189189189189189,15,0.056179775280898875,0.056179775280898875,0.5197364715125371,NA,NA,0.001122334455667789,0.05264401772525849,847,891,offensive,NA,0.056179775280898875,0.041891891891891894,0.056179775280898875,raboud_2026,8.314606741573034,1100.763106980972,1.2354243624926735,0.0093317696313951,0.06305249750942635,0.0075534932891939315,7,7,persuasion,5,2. Gauche marquée abstentionniste,Électorat acquis qui ne se déplace pas — priorité absolue au « faire voter »
Préverenges,5643,Morges,2.221199213160927,2.221199213160927,0.3956871630823885,0.2874993182390028,895,FALSE,0,0.4424581005586592,0.4424581005586592,90,0.06126616746085772,0.06126616746085772,0.5246995681951808,NA,NA,0.001122334455667789,0.05264401772525849,847,891,offensive,NA,0.06126616746085772,0.04424581005586592,0.06126616746085772,raboud_2026,54.83321987746766,1100.763106980972,1.2354243624926735,0.061541211983689864,0.06876113070803336,0.04981382418225933,45,43,mobilisation,5,2. Gauche marquée abstentionniste,Électorat acquis qui ne se déplace pas — priorité absolue au « faire voter »
Romanel-sur-Morges,5645,Morges,-1.5574354676238882,-1.5574354676238882,-0.046521160715415386,1.0020930836384963,135,FALSE,0,0.2518518518518518,0.2518518518518518,12,0.057971014492753624,0.057971014492753624,0.5781049197182139,NA,NA,0.001122334455667789,0.05264401772525849,847,891,offensive,NA,0.057971014492753624,0.025185185185185185,0.057971014492753624,raboud_2026,7.826086956521739,1100.763106980972,1.2354243624926735,0.00878348704435661,0.06506286699523414,0.007109692273377602,7,7,persuasion,3,4. Centre,"Commune disputée, réservoir réel — thèmes sociaux concrets, pas d'étiquette"
Saint-Livres,5435,Morges,0.39081117163529566,0.39081117163529566,0.08784310383462735,-0.8713946198855939,160,FALSE,0,0.40625,0.40625,13,0.04887218045112782,0.04887218045112782,0.5752413168721655,NA,NA,0.001122334455667789,0.05264401772525849,847,891,offensive,NA,0.04887218045112782,0.040625,0.04887218045112782,raboud_2026,7.819548872180451,1100.763106980972,1.2354243624926735,0.00877614912702632,0.0548509320439145,0.007103752680835097,7,7,persuasion,4,1. Gauche marquée mobilisé,Gauche implantée où EàG a déjà fait ses preuves — incarner et consolider
Saint-Oyens,5436,Morges,0.2990613604487928,0.2990613604487928,-7.107295407645395e-4,-0.1956198973320845,91,FALSE,0,0.27472527472527475,0.27472527472527475,11,0.06918238993710692,0.06918238993710692,0.6708892313283684,NA,NA,0.001122334455667789,0.05264401772525849,847,891,offensive,NA,0.06918238993710692,0.027472527472527476,0.06918238993710692,raboud_2026,6.29559748427673,1100.763106980972,1.2354243624926735,0.007065765975619226,0.07764577995185963,0.005719302767644044,6,5,persuasion,2,3. Centre mobilisé,Commune disputée où EàG perce déjà — porte-à-porte et présence publique
Saint-Prex,5646,Morges,0.36676146879844507,0.36676146879844507,1.319548312614617,0.4385091543526848,927,FALSE,0,0.3419633225458468,0.3419633225458468,89,0.055590256089943786,0.055590256089943786,0.5480246577372508,NA,NA,0.001122334455667789,0.05264401772525849,847,891,offensive,NA,0.055590256089943786,0.03419633225458468,0.055590256089943786,raboud_2026,51.53216739537789,1100.763106980972,1.2354243624926735,0.05783632704307283,0.062390859809140053,0.04681494780172414,42,40,persuasion,2,3. Centre mobilisé,Commune disputée où EàG perce déjà — porte-à-porte et présence publique
Saubraz,5437,Morges,1.8710211522311615,1.8710211522311615,-0.9408188098856304,0.29427823462098607,84,FALSE,0,0.4166666666666667,0.4166666666666667,16,0.1415929203539823,0.1415929203539823,0.5278609201333977,NA,NA,0.001122334455667789,0.05264401772525849,847,891,offensive,NA,0.1415929203539823,0.04166666666666667,0.1415929203539823,raboud_2026,11.893805309734514,1100.763106980972,1.2354243624926735,0.013348827508119545,0.15891461319189934,0.010805054452047613,10,10,mobilisation,5,2. Gauche marquée abstentionniste,Électorat acquis qui ne se déplace pas — priorité absolue au « faire voter »
Senarclens,5499,Morges,-3.586119079715578,-3.586119079715578,-0.5413743241273291,0.6127375682962367,115,FALSE,0,0.2,0.2,5,0.02824858757062147,0.02824858757062147,0.5325285865028409,NA,NA,0.001122334455667789,0.05264401772525849,847,891,offensive,NA,0.02824858757062147,0.020000000000000004,0.02824858757062147,raboud_2026,3.248587570621469,1100.763106980972,1.2354243624926735,0.0036460017627625916,0.03170436315445732,0.0029512140714192964,3,3,implantation,1,5. Droite,"Terrain difficile — présence, visibilité, et d'abord déposer une liste"
Tolochenaz,5649,Morges,1.202868266816316,1.202868266816316,0.5916072814048517,0.15558408469228338,350,FALSE,0,0.4257142857142857,0.4257142857142857,41,0.07231040564373897,0.07231040564373897,0.49106293324520295,NA,NA,0.001122334455667789,0.05264401772525849,847,891,offensive,NA,0.07231040564373897,0.04257142857142857,0.07231040564373897,raboud_2026,25.30864197530864,1100.763106980972,1.2354243624926735,0.02840476091504898,0.0811564597572828,0.022991906082973516,21,20,mobilisation,5,2. Gauche marquée abstentionniste,Électorat acquis qui ne se déplace pas — priorité absolue au « faire voter »
Vaux-sur-Morges,5650,Morges,1.0944369110888064,1.0944369110888064,1.8311436876606093,1.001093490441518,60,FALSE,0,0.2,0.2,5,0.05263157894736842,0.05263157894736842,0.6815215549953922,NA,NA,0.001122334455667789,0.05264401772525849,847,891,offensive,NA,0.05263157894736842,0.020000000000000004,0.05263157894736842,raboud_2026,3.1578947368421053,1100.763106980972,1.2354243624926735,0.0035442140705298606,0.059070234508831004,0.002868823198029559,3,3,persuasion,2,3. Centre mobilisé,Commune disputée où EàG perce déjà — porte-à-porte et présence publique
Villars-sous-Yens,5652,Morges,1.317401433171641,1.317401433171641,-0.43274207913329693,0.46145207922304876,130,FALSE,0,0.4230769230769231,0.4230769230769231,20,0.08583690987124463,0.08583690987124463,0.5936356546373162,NA,NA,0.001122334455667789,0.05264401772525849,847,891,offensive,NA,0.08583690987124463,0.04230769230769231,0.08583690987124463,raboud_2026,11.158798283261802,1100.763106980972,1.2354243624926735,0.012523903797151294,0.09633772151654842,0.01013732946943206,10,9,persuasion,4,1. Gauche marquée mobilisé,Gauche implantée où EàG a déjà fait ses preuves — incarner et consolider
Vufflens-le-Château,5653,Morges,-1.6148164936667453,-1.6148164936667453,1.615037209148003,-0.3380357332559709,238,FALSE,0,0.25210084033613445,0.25210084033613445,10,0.02680965147453083,0.02680965147453083,0.6642613991745985,NA,NA,0.001122334455667789,0.05264401772525849,847,891,offensive,NA,0.02680965147453083,0.025210084033613446,0.02680965147453083,raboud_2026,6.380697050938338,1100.763106980972,1.2354243624926735,0.007161276151445946,0.0300893955943107,0.005796612377788054,6,5,implantation,2,3. Centre mobilisé,Commune disputée où EàG perce déjà — porte-à-porte et présence publique
Vullierens,5654,Morges,-1.128561418229875,-1.128561418229875,0.7121892416362865,-1.0415582691911447,139,FALSE,0,0.31654676258992803,0.31654676258992803,4,0.015151515151515152,0.015151515151515152,0.5721790396798522,NA,NA,0.001122334455667789,0.05264401772525849,847,891,offensive,NA,0.015151515151515152,0.031654676258992806,0.031654676258992806,reservoir_ps_verts,4.4,1100.763106980972,1.2354243624926735,0.004938271604938272,0.03552713384847678,0.003997226989254519,4,4,report_gauche,2,3. Centre mobilisé,Commune disputée où EàG perce déjà — porte-à-porte et présence publique
Yens,5655,Morges,-0.21062378202743803,-0.21062378202743803,0.6361738032793339,-1.3317726530827043,326,FALSE,0,0.29141104294478526,0.29141104294478526,25,0.0496031746031746,0.0496031746031746,0.569068635811821,NA,NA,0.001122334455667789,0.05264401772525849,847,891,offensive,NA,0.0496031746031746,0.029141104294478526,0.0496031746031746,raboud_2026,16.17063492063492,1100.763106980972,1.2354243624926735,0.018148860741453336,0.05567135196764827,0.014690385985941705,14,13,persuasion,2,3. Centre mobilisé,Commune disputée où EàG perce déjà — porte-à-porte et présence publique
Arnex-sur-Nyon,5701,Nyon,-0.9699744908434464,-0.9699744908434464,1.6127663195930044,-0.5144824708656967,38,FALSE,0,0.21052631578947367,0.21052631578947367,3,0.036585365853658534,0.036585365853658534,0.4733338659332006,NA,NA,0.0011547344110854503,0.05264757736032585,823,866,offensive,NA,0.036585365853658534,0.021052631578947368,0.036585365853658534,raboud_2026,1.3902439024390243,961.2744183723482,1.1100166493907024,0.001605362473948065,0.04224638089337013,0.001446250806084091,2,2,implantation,2,3. Centre mobilisé,Commune disputée où EàG perce déjà — porte-à-porte et présence publique
Arzier - Le Muids,5702,Nyon,-0.9421494164713999,-0.9421494164713999,0.7652087865132358,-0.1682512594279841,498,FALSE,0,0.23293172690763053,0.23293172690763053,48,0.050261780104712044,0.050261780104712044,0.6058534466588015,NA,NA,0.0011547344110854503,0.05264757736032585,823,866,offensive,NA,0.050261780104712044,0.023293172690763055,0.050261780104712044,raboud_2026,25.030366492146598,961.2744183723482,1.1100166493907024,0.02890342551056189,0.058039007049321065,0.026038731514907664,23,22,persuasion,2,3. Centre mobilisé,Commune disputée où EàG perce déjà — porte-à-porte et présence publique
Bassins,5703,Nyon,0.34448184263336507,0.34448184263336507,0.8310182009573399,0.3343317882951289,313,FALSE,0,0.3610223642172524,0.3610223642172524,26,0.052313883299798795,0.052313883299798795,0.5845183244475295,NA,NA,0.0011547344110854503,0.05264757736032585,823,866,offensive,NA,0.052313883299798795,0.03610223642172524,0.052313883299798795,raboud_2026,16.37424547283702,961.2744183723482,1.1100166493907024,0.01890790470304506,0.060408641223786134,0.017033892882078634,15,15,persuasion,2,3. Centre mobilisé,Commune disputée où EàG perce déjà — porte-à-porte et présence publique
Begnins,5704,Nyon,-0.1328719314358594,-0.1328719314358594,0.8801009493195858,0.45292445018779404,314,FALSE,0,0.3343949044585987,0.3343949044585987,44,0.07547169811320754,0.07547169811320754,0.5186752397778586,NA,NA,0.0011547344110854503,0.05264757736032585,823,866,offensive,NA,0.07547169811320754,0.03343949044585987,0.07547169811320754,raboud_2026,23.69811320754717,961.2744183723482,1.1100166493907024,0.027365026798553314,0.0871497668743736,0.024652807517413555,22,21,persuasion,2,3. Centre mobilisé,Commune disputée où EàG perce déjà — porte-à-porte et présence publique
Bogis-Bossey,5705,Nyon,0.03713454833086473,0.03713454833086473,2.0420231866471643,0.514299356045277,128,FALSE,0,0.2734375,0.2734375,22,0.08494208494208494,0.08494208494208494,0.5721985223230767,NA,NA,0.0011547344110854503,0.05264757736032585,823,866,offensive,NA,0.08494208494208494,0.02734375,0.08494208494208494,raboud_2026,10.872586872586872,961.2744183723482,1.1100166493907024,0.012554950199292,0.09808554843196875,0.011310596292572295,10,10,persuasion,2,3. Centre mobilisé,Commune disputée où EàG perce déjà — porte-à-porte et présence publique
Borex,5706,Nyon,0.13212309671784944,0.13212309671784944,0.8721771048954454,1.2076223631320746,224,FALSE,0,0.21875,0.21875,23,0.06845238095238096,0.06845238095238096,0.570788887141741,NA,NA,0.0011547344110854503,0.05264757736032585,823,866,offensive,NA,0.06845238095238096,0.021875000000000002,0.06845238095238096,raboud_2026,15.333333333333336,961.2744183723482,1.1100166493907024,0.017705927636643574,0.07904431980644452,0.01595104690219062,14,14,persuasion,2,3. Centre mobilisé,Commune disputée où EàG perce déjà — porte-à-porte et présence publique
Bursinel,5852,Nyon,-1.96008183532379,-1.96008183532379,0.27688304509538353,0.14772978453325117,84,FALSE,0,0.15476190476190477,0.15476190476190477,11,0.07006369426751592,0.07006369426751592,0.5652019615735547,NA,NA,0.0011547344110854503,0.05264757736032585,823,866,offensive,NA,0.07006369426751592,0.015476190476190477,0.07006369426751592,raboud_2026,5.885350318471337,961.2744183723482,1.1100166493907024,0.0067960165340315674,0.08090495873847105,0.0061224455847234,6,6,persuasion,1,5. Droite,"Terrain difficile — présence, visibilité, et d'abord déposer une liste"
Bursins,5853,Nyon,0.5977403986652823,0.5977403986652823,1.3794899575452688,0.1499952186556888,176,FALSE,0,0.3522727272727273,0.3522727272727273,11,0.04365079365079365,0.04365079365079365,0.5478564772160633,NA,NA,0.0011547344110854503,0.05264757736032585,823,866,offensive,NA,0.04365079365079365,0.03522727272727273,0.04365079365079365,raboud_2026,7.682539682539682,961.2744183723482,1.1100166493907024,0.008871292935958062,0.05040507349976172,0.00799203592200855,7,7,report_gauche,2,3. Centre mobilisé,Commune disputée où EàG perce déjà — porte-à-porte et présence publique
Burtigny,5854,Nyon,0.22580565549753048,0.22580565549753048,1.1709706432019886,-1.122418871683497,90,FALSE,0,0.16666666666666666,0.16666666666666666,7,0.050359712230215826,0.050359712230215826,0.5680936764709066,NA,NA,0.0011547344110854503,0.05264757736032585,823,866,offensive,NA,0.050359712230215826,0.016666666666666666,0.050359712230215826,raboud_2026,4.532374100719425,961.2744183723482,1.1100166493907024,0.005233688338013192,0.05815209264459102,0.004714963816881494,5,4,persuasion,2,3. Centre mobilisé,Commune disputée où EàG perce déjà — porte-à-porte et présence publique
Chavannes-de-Bogis,5707,Nyon,-2.18035162402152,-2.18035162402152,0.7591390694633748,-0.2121728189552952,183,FALSE,0,0.20765027322404372,0.20765027322404372,14,0.05054151624548736,0.05054151624548736,0.5177710091371991,NA,NA,0.0011547344110854503,0.05264757736032585,823,866,offensive,NA,0.05054151624548736,0.020765027322404372,0.05054151624548736,raboud_2026,9.249097472924188,961.2744183723482,1.1100166493907024,0.010680251123469039,0.058362027997098574,0.00962170353870955,9,8,persuasion,1,5. Droite,"Terrain difficile — présence, visibilité, et d'abord déposer une liste"
Chavannes-des-Bois,5708,Nyon,-0.9231638557050043,-0.9231638557050043,0.8342520773924558,-0.18965335055039936,140,FALSE,0,0.22142857142857142,0.22142857142857142,5,0.020161290322580645,0.020161290322580645,0.5778770536537068,NA,NA,0.0011547344110854503,0.05264757736032585,823,866,offensive,NA,0.020161290322580645,0.022142857142857145,0.022142857142857145,reservoir_ps_verts,3.1,961.2744183723482,1.1100166493907024,0.003579676674364896,0.0255691191026064,0.0032248855693559294,3,3,implantation,2,3. Centre mobilisé,Commune disputée où EàG perce déjà — porte-à-porte et présence publique
Chéserex,5709,Nyon,-1.5171708055943638,-1.5171708055943638,1.496522489623312,-0.07919255597373394,268,FALSE,0,0.26119402985074625,0.26119402985074625,23,0.05251141552511415,0.05251141552511415,0.5796903389560094,NA,NA,0.0011547344110854503,0.05264757736032585,823,866,offensive,NA,0.05251141552511415,0.026119402985074626,0.05251141552511415,raboud_2026,14.073059360730593,961.2744183723482,1.1100166493907024,0.016250645913083825,0.060636738481656065,0.014640001951325634,13,13,persuasion,2,3. Centre mobilisé,Commune disputée où EàG perce déjà — porte-à-porte et présence publique
Coinsins,5710,Nyon,-1.8244854874926542,-1.8244854874926542,-0.2083718843359828,0.6838903295162724,109,FALSE,0,0.30275229357798167,0.30275229357798167,6,0.03592814371257485,0.03592814371257485,0.5503388802457074,NA,NA,0.0011547344110854503,0.05264757736032585,823,866,offensive,NA,0.03592814371257485,0.030275229357798167,0.03592814371257485,raboud_2026,3.9161676646706587,961.2744183723482,1.1100166493907024,0.004522133561975356,0.04148746387133354,0.004073933093217651,4,4,implantation,3,4. Centre,"Commune disputée, réservoir réel — thèmes sociaux concrets, pas d'étiquette"
Commugny,5711,Nyon,-0.9416492984913915,-0.9416492984913915,1.676999578459445,0.505195417584877,396,FALSE,0,0.2222222222222222,0.2222222222222222,29,0.0388739946380697,0.0388739946380697,0.5669185418719289,NA,NA,0.0011547344110854503,0.05264757736032585,823,866,offensive,NA,0.0388739946380697,0.022222222222222223,0.0388739946380697,raboud_2026,15.394101876675602,961.2744183723482,1.1100166493907024,0.017776099164752427,0.044889139304930374,0.016014263546866508,14,14,implantation,2,3. Centre mobilisé,Commune disputée où EàG perce déjà — porte-à-porte et présence publique
Coppet,5712,Nyon,-1.3557976055423238,-1.3557976055423238,1.6218472776332518,0.4323613956595884,510,FALSE,0,0.2725490196078431,0.2725490196078431,24,0.026726057906458798,0.026726057906458798,0.5135704776968261,NA,NA,0.0011547344110854503,0.05264757736032585,823,866,offensive,NA,0.026726057906458798,0.02725490196078431,0.02725490196078431,reservoir_ps_verts,13.899999999999999,961.2744183723482,1.1100166493907024,0.01605080831408776,0.03147217316487796,0.014459970778724972,13,12,implantation,2,3. Centre mobilisé,Commune disputée où EàG perce déjà — porte-à-porte et présence publique
Crans,5713,Nyon,-1.7369757577148097,-1.7369757577148097,1.444739458206996,0.18399140490855764,417,FALSE,0,0.19424460431654678,0.19424460431654678,28,0.03899721448467967,0.03899721448467967,0.5849882014438365,NA,NA,0.0011547344110854503,0.05264757736032585,823,866,offensive,NA,0.03899721448467967,0.01942446043165468,0.03899721448467967,raboud_2026,16.261838440111422,961.2744183723482,1.1100166493907024,0.0187781044343088,0.045031425501939566,0.01691695745700415,15,14,implantation,2,3. Centre mobilisé,Commune disputée où EàG perce déjà — porte-à-porte et présence publique
Crassier,5714,Nyon,0.1519624059232466,0.1519624059232466,0.4580889597369501,0.6831308881266644,253,FALSE,0,0.15019762845849802,0.15019762845849802,31,0.08157894736842106,0.08157894736842106,0.5570754877329585,NA,NA,0.0011547344110854503,0.05264757736032585,823,866,offensive,NA,0.08157894736842106,0.015019762845849802,0.08157894736842106,raboud_2026,20.63947368421053,961.2744183723482,1.1100166493907024,0.023833110489850495,0.09420201774644463,0.0214709486591329,19,18,persuasion,2,3. Centre mobilisé,Commune disputée où EàG perce déjà — porte-à-porte et présence publique
Duillier,5715,Nyon,-0.4981321639591822,-0.4981321639591822,1.2982702927675087,0.39685692371096304,204,FALSE,0,0.21568627450980393,0.21568627450980393,16,0.04456824512534819,0.04456824512534819,0.583548080862052,NA,NA,0.0011547344110854503,0.05264757736032585,823,866,offensive,NA,0.04456824512534819,0.021568627450980395,0.04456824512534819,raboud_2026,9.09192200557103,961.2744183723482,1.1100166493907024,0.01049875520273791,0.05146448628793093,0.009458196152734076,9,8,persuasion,2,3. Centre mobilisé,Commune disputée où EàG perce déjà — porte-à-porte et présence publique
Dully,5855,Nyon,-1.609404973571417,-1.609404973571417,1.244594974777573,-1.0891468511697215,130,FALSE,0,0.2076923076923077,0.2076923076923077,7,0.03398058252427184,0.03398058252427184,0.5681458822990129,NA,NA,0.0011547344110854503,0.05264757736032585,823,866,offensive,NA,0.03398058252427184,0.020769230769230772,0.03398058252427184,raboud_2026,4.41747572815534,961.2744183723482,1.1100166493907024,0.005101011233435727,0.03923854794950559,0.004595436686680075,4,4,implantation,2,3. Centre mobilisé,Commune disputée où EàG perce déjà — porte-à-porte et présence publique
Essertines-sur-Rolle,5856,Nyon,-1.6059931613958083,-1.6059931613958083,0.1582732117350048,0.2173241182677997,154,FALSE,0,0.24675324675324675,0.24675324675324675,11,0.04230769230769231,0.04230769230769231,0.6042647899466784,NA,NA,0.0011547344110854503,0.05264757736032585,823,866,offensive,NA,0.04230769230769231,0.024675324675324677,0.04230769230769231,raboud_2026,6.515384615384615,961.2744183723482,1.1100166493907024,0.007523538816841357,0.04885414816130752,0.006777861233857251,6,6,implantation,2,3. Centre mobilisé,Commune disputée où EàG perce déjà — porte-à-porte et présence publique
Eysins,5716,Nyon,-0.2553995636501521,-0.2553995636501521,0.7910423729522902,0.9199731848849623,257,FALSE,0,0.311284046692607,0.311284046692607,37,0.07708333333333334,0.07708333333333334,0.5760895065240939,NA,NA,0.0011547344110854503,0.05264757736032585,823,866,offensive,NA,0.07708333333333334,0.0311284046692607,0.07708333333333334,raboud_2026,19.81041666666667,961.2744183723482,1.1100166493907024,0.022875769822940727,0.08901077752117013,0.0206084925262134,18,17,persuasion,2,3. Centre mobilisé,Commune disputée où EàG perce déjà — porte-à-porte et présence publique
Founex,5717,Nyon,-0.7729975644061224,-0.7729975644061224,1.3459606520861973,0.10421349319766418,517,FALSE,0,0.24758220502901354,0.24758220502901354,55,0.05595116988809766,0.05595116988809766,0.583780241054149,NA,NA,0.0011547344110854503,0.05264757736032585,823,866,offensive,NA,0.05595116988809766,0.024758220502901357,0.05595116988809766,raboud_2026,28.92675483214649,961.2744183723482,1.1100166493907024,0.03340271920571188,0.06460874121027443,0.030092088460156808,27,25,persuasion,2,3. Centre mobilisé,Commune disputée où EàG perce déjà — porte-à-porte et présence publique
Genolier,5718,Nyon,-1.3650737036125902,-1.3650737036125902,1.3704398142359258,-0.1416784155062907,416,FALSE,0,0.21634615384615385,0.21634615384615385,16,0.02342606149341142,0.02342606149341142,0.6051336434109721,NA,NA,0.0011547344110854503,0.05264757736032585,823,866,offensive,NA,0.02342606149341142,0.021634615384615388,0.02342606149341142,raboud_2026,9.745241581259151,961.2744183723482,1.1100166493907024,0.011253165798220728,0.02705087932264598,0.010137835143641933,9,9,implantation,2,3. Centre mobilisé,Commune disputée où EàG perce déjà — porte-à-porte et présence publique
Gilly,5857,Nyon,-1.335660847115875,-1.335660847115875,1.0760267307786915,-0.3905241402213712,277,FALSE,0,0.2527075812274368,0.2527075812274368,17,0.03917050691244239,0.03917050691244239,0.5731392482436372,NA,NA,0.0011547344110854503,0.05264757736032585,823,866,offensive,NA,0.03917050691244239,0.02527075812274368,0.03917050691244239,raboud_2026,10.850230414746543,961.2744183723482,1.1100166493907024,0.01252913442811379,0.045231532231457726,0.01128733918990417,10,10,implantation,2,3. Centre mobilisé,Commune disputée où EàG perce déjà — porte-à-porte et présence publique
Gingins,5719,Nyon,-0.9529052049496569,-0.9529052049496569,1.0161537779067984,0.5815087706724413,240,FALSE,0,0.25833333333333336,0.25833333333333336,32,0.07655502392344497,0.07655502392344497,0.5855234322167671,NA,NA,0.0011547344110854503,0.05264757736032585,823,866,offensive,NA,0.07655502392344497,0.025833333333333337,0.07655502392344497,raboud_2026,18.373205741626794,961.2744183723482,1.1100166493907024,0.02121617291180923,0.0884007204658718,0.019113382599670888,17,16,persuasion,2,3. Centre mobilisé,Commune disputée où EàG perce déjà — porte-à-porte et présence publique
Givrins,5720,Nyon,0.2395852730938524,0.2395852730938524,1.67219343149742,0.14004701569155753,267,FALSE,0,0.2883895131086142,0.2883895131086142,22,0.05314009661835749,0.05314009661835749,0.6006840950314016,NA,NA,0.0011547344110854503,0.05264757736032585,823,866,offensive,NA,0.05314009661835749,0.02883895131086142,0.05314009661835749,raboud_2026,14.18840579710145,961.2744183723482,1.1100166493907024,0.016383840412357333,0.061362698173622957,0.014759995195883379,13,13,persuasion,2,3. Centre mobilisé,Commune disputée où EàG perce déjà — porte-à-porte et présence publique
Gland,5721,Nyon,0.6154389740271478,0.6154389740271478,0.11038448196532419,0.3421770527845405,1783,FALSE,0,0.34324172742568704,0.34324172742568704,197,0.06024464831804281,0.06024464831804281,0.507280614609144,NA,NA,0.0011547344110854503,0.05264757736032585,823,866,offensive,NA,0.06024464831804281,0.03432417274256871,0.06024464831804281,raboud_2026,107.41620795107033,961.2744183723482,1.1100166493907024,0.12403719162941147,0.06956656849658524,0.1117435415923685,97,92,mobilisation,5,2. Gauche marquée abstentionniste,Électorat acquis qui ne se déplace pas — priorité absolue au « faire voter »
Grens,5722,Nyon,2.127610241871655,2.127610241871655,1.2688970413368454,-0.7204438159609727,88,FALSE,0,0.3409090909090909,0.3409090909090909,12,0.0759493670886076,0.0759493670886076,0.5941821465077279,NA,NA,0.0011547344110854503,0.05264757736032585,823,866,offensive,NA,0.0759493670886076,0.03409090909090909,0.0759493670886076,raboud_2026,6.6835443037974684,961.2744183723482,1.1100166493907024,0.007717718595609086,0.08770134767737597,0.0069527953475701535,7,6,persuasion,2,3. Centre mobilisé,Commune disputée où EàG perce déjà — porte-à-porte et présence publique
La Rippe,5726,Nyon,-0.32645314391358843,-0.32645314391358843,1.3595940440086187,0.10219393352275974,199,FALSE,0,0.271356783919598,0.271356783919598,21,0.05384615384615385,0.05384615384615385,0.5654000640171835,NA,NA,0.0011547344110854503,0.05264757736032585,823,866,offensive,NA,0.05384615384615385,0.0271356783919598,0.05384615384615385,raboud_2026,10.715384615384616,961.2744183723482,1.1100166493907024,0.012373423343400249,0.06217800675075502,0.01114706103750077,10,10,persuasion,2,3. Centre mobilisé,Commune disputée où EàG perce déjà — porte-à-porte et présence publique
Le Vaud,5731,Nyon,5.03393081584671,5.03393081584671,-3.5262174195572125,4.968051772196007,301,FALSE,0,0.26578073089701,0.26578073089701,27,0.05410821643286573,0.05410821643286573,0.3713619473806225,NA,NA,0.0011547344110854503,0.05264757736032585,823,866,offensive,NA,0.05410821643286573,0.026578073089701,0.05410821643286573,raboud_2026,16.286573146292586,961.2744183723482,1.1100166493907024,0.018806666450684278,0.062480619437489296,0.016942688617335083,15,14,mobilisation,3,4. Centre,"Commune disputée, réservoir réel — thèmes sociaux concrets, pas d'étiquette"
Longirod,5429,Nyon,0.28879444345282435,0.28879444345282435,-0.005490571498080018,-0.515412736965393,114,FALSE,0,0.2982456140350877,0.2982456140350877,15,0.07246376811594203,0.07246376811594203,0.5389123645777811,NA,NA,0.0011547344110854503,0.05264757736032585,823,866,offensive,NA,0.07246376811594203,0.02982456140350877,0.07246376811594203,raboud_2026,8.260869565217392,961.2744183723482,1.1100166493907024,0.009539110352445026,0.08367640660039496,0.00859366421006489,8,8,mobilisation,2,3. Centre mobilisé,Commune disputée où EàG perce déjà — porte-à-porte et présence publique
Luins,5858,Nyon,-2.4333612130620503,-2.4333612130620503,0.7169223807894222,-0.5777703358470719,106,FALSE,0,0.2358490566037736,0.2358490566037736,6,0.03296703296703297,0.03296703296703297,0.5530675251290669,NA,NA,0.0011547344110854503,0.05264757736032585,823,866,offensive,NA,0.03296703296703297,0.02358490566037736,0.03296703296703297,raboud_2026,3.4945054945054945,961.2744183723482,1.1100166493907024,0.004035225744232673,0.03806816739842144,0.003635283981053476,4,3,implantation,2,3. Centre mobilisé,Commune disputée où EàG perce déjà — porte-à-porte et présence publique
Marchissy,5430,Nyon,-0.2289531191474321,-0.2289531191474321,0.9331261992154389,0.1176876752965861,112,FALSE,0,0.16964285714285715,0.16964285714285715,14,0.07291666666666667,0.07291666666666667,0.5696511996360062,NA,NA,0.0011547344110854503,0.05264757736032585,823,866,offensive,NA,0.07291666666666667,0.016964285714285716,0.07291666666666667,raboud_2026,8.166666666666668,961.2744183723482,1.1100166493907024,0.009430331023864513,0.08419938414164743,0.008495666284862395,8,7,persuasion,2,3. Centre mobilisé,Commune disputée où EàG perce déjà — porte-à-porte et présence publique
Mies,5723,Nyon,-0.8430263369748406,-0.8430263369748406,1.0979444727127876,0.7797578248025477,291,FALSE,0,0.3127147766323024,0.3127147766323024,29,0.06345733041575492,0.06345733041575492,0.5484241710229605,NA,NA,0.0011547344110854503,0.05264757736032585,823,866,offensive,NA,0.06345733041575492,0.03127147766323024,0.06345733041575492,raboud_2026,18.466083150984684,961.2744183723482,1.1100166493907024,0.021323421652407255,0.0732763630666916,0.019210001637463604,17,16,persuasion,2,3. Centre mobilisé,Commune disputée où EàG perce déjà — porte-à-porte et présence publique
Mont-sur-Rolle,5859,Nyon,-0.030791000823373233,-0.030791000823373233,0.5437405159417567,0.19746173449188062,429,FALSE,0,0.2634032634032634,0.2634032634032634,39,0.05446927374301676,0.05446927374301676,0.5267301841459946,NA,NA,0.0011547344110854503,0.05264757736032585,823,866,offensive,NA,0.05446927374301676,0.026340326340326344,0.05446927374301676,raboud_2026,23.36731843575419,961.2744183723482,1.1100166493907024,0.0269830466925568,0.06289754473789463,0.024308686457422082,22,21,mobilisation,2,3. Centre mobilisé,Commune disputée où EàG perce déjà — porte-à-porte et présence publique
Nyon,5724,Nyon,3.242022257130385,3.242022257130385,0.6802451413374286,0.12993745733574247,2918,FALSE,0,0.429061000685401,0.429061000685401,421,0.08023632551934438,0.08023632551934438,0.48882496789083907,0.06,NA,0.0011547344110854503,0.05264757736032585,823,866,offensive,NA,0.08023632551934438,0.0429061000685401,0.08023632551934438,raboud_2026,234.12959786544693,961.2744183723482,1.1100166493907024,0.2703575033088302,0.09265164609624063,0.2435616650049634,211,201,consolidation,5,2. Gauche marquée abstentionniste,Électorat acquis qui ne se déplace pas — priorité absolue au « faire voter »
Perroy,5860,Nyon,-1.0381673966928717,-1.0381673966928717,0.40594397664717075,0.4912609358462973,273,FALSE,0,0.2600732600732601,0.2600732600732601,30,0.05917159763313609,0.05917159763313609,0.5753901371617949,NA,NA,0.0011547344110854503,0.05264757736032585,823,866,offensive,NA,0.05917159763313609,0.026007326007326012,0.05917159763313609,raboud_2026,16.153846153846153,961.2744183723482,1.1100166493907024,0.018653402025226504,0.06832747994588463,0.016804614629398144,15,14,persuasion,2,3. Centre mobilisé,Commune disputée où EàG perce déjà — porte-à-porte et présence publique
Prangins,5725,Nyon,1.0242008389505861,1.0242008389505861,1.2008386654520544,0.3803792063877311,711,FALSE,0,0.3530239099859353,0.3530239099859353,67,0.05259026687598116,0.05259026687598116,0.5907505550431509,NA,NA,0.0011547344110854503,0.05264757736032585,823,866,offensive,NA,0.05259026687598116,0.03530239099859353,0.05259026687598116,raboud_2026,37.391679748822604,961.2744183723482,1.1100166493907024,0.04317745929425243,0.06072779084986277,0.038898028527727856,34,33,persuasion,2,3. Centre mobilisé,Commune disputée où EàG perce déjà — porte-à-porte et présence publique
Rolle,5861,Nyon,1.4534150842958025,1.4534150842958025,0.5399792855375158,0.04054031028030196,891,FALSE,0,0.38608305274971944,0.38608305274971944,97,0.06190172303765156,0.06190172303765156,0.5038433255476943,NA,NA,0.0011547344110854503,0.05264757736032585,823,866,offensive,NA,0.06190172303765156,0.038608305274971944,0.06190172303765156,raboud_2026,55.15443522654754,961.2744183723482,1.1100166493907024,0.06368872428007799,0.07148004969705724,0.05737636846711919,50,48,mobilisation,5,2. Gauche marquée abstentionniste,Électorat acquis qui ne se déplace pas — priorité absolue au « faire voter »
Saint-Cergue,5727,Nyon,0.49489755750444864,0.49489755750444864,-0.6615833606170957,-0.4778518640317744,316,FALSE,0,0.3575949367088608,0.3575949367088608,47,0.056490384615384616,0.056490384615384616,0.47271776596831294,NA,NA,0.0011547344110854503,0.05264757736032585,823,866,offensive,NA,0.056490384615384616,0.03575949367088608,0.056490384615384616,raboud_2026,17.85096153846154,961.2744183723482,1.1100166493907024,0.020613119559424412,0.06523139101083673,0.018570099440165272,17,16,mobilisation,5,2. Gauche marquée abstentionniste,Électorat acquis qui ne se déplace pas — priorité absolue au « faire voter »
Saint-George,5434,Nyon,0.7668561286759094,0.7668561286759094,-0.5469514373491704,-0.41943994827084213,233,FALSE,0,0.34334763948497854,0.34334763948497854,26,0.07142857142857142,0.07142857142857142,0.5303933587620039,NA,NA,0.0011547344110854503,0.05264757736032585,823,866,offensive,NA,0.07142857142857142,0.034334763948497854,0.07142857142857142,raboud_2026,16.642857142857142,961.2744183723482,1.1100166493907024,0.019218079841636423,0.08248102936324646,0.017313325752532985,15,15,mobilisation,5,2. Gauche marquée abstentionniste,Électorat acquis qui ne se déplace pas — priorité absolue au « faire voter »
Signy-Avenex,5728,Nyon,-2.2091238993043536,-2.2091238993043536,0.8475384934371893,0.1026936073826192,112,FALSE,0,0.1875,0.1875,10,0.053475935828877004,0.053475935828877004,0.5464474645674295,NA,NA,0.0011547344110854503,0.05264757736032585,823,866,offensive,NA,0.053475935828877004,0.018750000000000003,0.053475935828877004,raboud_2026,5.9893048128342246,961.2744183723482,1.1100166493907024,0.006916056365859381,0.06175050326660162,0.006230587955284873,6,6,persuasion,2,3. Centre mobilisé,Commune disputée où EàG perce déjà — porte-à-porte et présence publique
Tannay,5729,Nyon,-1.184488490362031,-1.184488490362031,1.8749054142783697,0.6856228640969387,290,FALSE,0,0.2620689655172414,0.2620689655172414,27,0.04936014625228519,0.04936014625228519,0.5985123738118003,NA,NA,0.0011547344110854503,0.05264757736032585,823,866,offensive,NA,0.04936014625228519,0.026206896551724142,0.04936014625228519,raboud_2026,14.314442413162705,961.2744183723482,1.1100166493907024,0.01652937922998003,0.05699785941372425,0.01489110928115641,13,13,persuasion,2,3. Centre mobilisé,Commune disputée où EàG perce déjà — porte-à-porte et présence publique
Tartegnin,5862,Nyon,-4.233980591573036,-4.233980591573036,0.8301847572827001,-1.3797440919533361,61,FALSE,0,0.3114754098360656,0.3114754098360656,9,0.09,0.09,0.5529272459477592,NA,NA,0.0011547344110854503,0.05264757736032585,823,866,offensive,NA,0.09,0.03114754098360656,0.09,raboud_2026,5.49,961.2744183723482,1.1100166493907024,0.0063394919168591225,0.10392609699769052,0.005711168314762598,5,5,persuasion,1,5. Droite,"Terrain difficile — présence, visibilité, et d'abord déposer une liste"
Trélex,5730,Nyon,-0.5207607876138504,-0.5207607876138504,1.170732660231341,-0.25754567616031016,352,FALSE,0,0.29261363636363635,0.29261363636363635,20,0.0351493848857645,0.0351493848857645,0.6337379094054916,NA,NA,0.0011547344110854503,0.05264757736032585,823,866,offensive,NA,0.0351493848857645,0.029261363636363637,0.0351493848857645,raboud_2026,12.372583479789105,961.2744183723482,1.1100166493907024,0.014287047898139844,0.040588204256079105,0.012871021264394662,12,11,implantation,2,3. Centre mobilisé,Commune disputée où EàG perce déjà — porte-à-porte et présence publique
Vich,5732,Nyon,-0.3056020758679826,-0.3056020758679826,1.7038006398167973,0.022084468016341976,166,FALSE,0,0.2891566265060241,0.2891566265060241,14,0.046357615894039736,0.046357615894039736,0.55812000107531,NA,NA,0.0011547344110854503,0.05264757736032585,823,866,offensive,NA,0.046357615894039736,0.02891566265060241,0.046357615894039736,raboud_2026,7.695364238410596,961.2744183723482,1.1100166493907024,0.0088861018919290935,0.05353073428872949,0.008005377123673552,7,7,persuasion,2,3. Centre mobilisé,Commune disputée où EàG perce déjà — porte-à-porte et présence publique
Vinzel,5863,Nyon,-1.4997894611195637,-1.4997894611195637,1.56473294134283,0.6315442791108813,101,FALSE,0,0.31683168316831684,0.31683168316831684,9,0.05921052631578947,0.05921052631578947,0.5914077483697737,NA,NA,0.0011547344110854503,0.05264757736032585,823,866,offensive,NA,0.05921052631578947,0.031683168316831684,0.05921052631578947,raboud_2026,5.980263157894736,961.2744183723482,1.1100166493907024,0.006905615655767593,0.06837243223532272,0.006221182051240534,6,6,persuasion,2,3. Centre mobilisé,Commune disputée où EàG perce déjà — porte-à-porte et présence publique
Bussigny,5624,Ouest lausannois,2.6293556576309594,2.6293556576309594,-0.02013591250944718,0.22510912359352217,1401,TRUE,0.04853675945753034,0.45467523197715914,0.4061384725196288,223,0.08450170519136037,0.03596494573383003,0.47598579762984267,NA,-0.01811840014091446,0.004830917874396135,0.021670854271356784,0,207,consolidation,0.01811840014091446,0.03596494573383003,0.04061384725196288,0.04061384725196288,reservoir_ps_verts,68,812,3.9227053140096615,0.32850241545893716,0.19620216063750184,0.08374384236453201,18,0,consolidation,5,2. Gauche marquée abstentionniste,Électorat acquis qui ne se déplace pas — priorité absolue au « faire voter »
Chavannes-près-Renens,5627,Ouest lausannois,5.708448881528877,5.708448881528877,-1.047456076029333,0.1218309050902447,700,TRUE,0.10714285714285714,0.6271428571428571,0.52,162,0.11629576453697056,0.009152907394113424,0.36020807334405264,NA,-0.002981122473444342,0.004830917874396135,0.021670854271356784,0,207,consolidation,0.002981122473444342,0.009152907394113424,0.052000000000000005,0.052000000000000005,reservoir_ps_verts,75,812,3.9227053140096615,0.36231884057971014,0.25120772946859904,0.09236453201970443,20,0,consolidation,5,2. Gauche marquée abstentionniste,Électorat acquis qui ne se déplace pas — priorité absolue au « faire voter »
Crissier,5583,Ouest lausannois,2.854534773891054,2.854534773891054,-0.42427685129318626,0.3432418636251094,971,TRUE,0.07106076210092688,0.4160659114315139,0.345005149330587,183,0.08883495145631068,0.0177741893553838,0.42410571335133723,NA,0.0012266567009974472,0.004830917874396135,0.021670854271356784,0,207,consolidation,0,0.0177741893553838,0.0345005149330587,0.0345005149330587,reservoir_ps_verts,69,812,3.9227053140096615,0.3333333333333333,0.16666915426598405,0.08497536945812807,18,0,consolidation,5,2. Gauche marquée abstentionniste,Électorat acquis qui ne se déplace pas — priorité absolue au « faire voter »
Ecublens VD,5635,Ouest lausannois,2.7339292145188927,2.7339292145188927,-0.33065466553648765,0.09647308792511387,1631,TRUE,0.03923973022685469,0.40772532188841204,0.36848559166155737,195,0.07417268923545074,0.034932959008596054,0.46267704730277964,NA,-0.028891737100017426,0.004830917874396135,0.021670854271356784,0,207,consolidation,0.028891737100017426,0.034932959008596054,0.03684855916615574,0.03684855916615574,reservoir_ps_verts,64,812,3.9227053140096615,0.30917874396135264,0.1780123631215253,0.07881773399014778,17,0,consolidation,5,2. Gauche marquée abstentionniste,Électorat acquis qui ne se déplace pas — priorité absolue au « faire voter »
Prilly,5589,Ouest lausannois,4.7156581658589305,4.7156581658589305,-0.2700376305997253,-0.1646075728698294,1674,TRUE,0.06690561529271206,0.5185185185185185,0.45161290322580644,284,0.1066066066066066,0.03970099131389454,0.46052019049015086,NA,-0.02920273121449367,0.004830917874396135,0.021670854271356784,0,207,consolidation,0.02920273121449367,0.03970099131389454,0.04516129032258065,0.04516129032258065,reservoir_ps_verts,112,812,3.9227053140096615,0.5410628019323671,0.21817048465014807,0.13793103448275862,29,0,consolidation,5,2. Gauche marquée abstentionniste,Électorat acquis qui ne se déplace pas — priorité absolue au « faire voter »
Renens VD,5591,Ouest lausannois,5.9765982022208135,5.9765982022208135,-0.6903011110748684,-0.06690386151560629,2154,TRUE,0.17827298050139276,0.6253481894150418,0.44707520891364905,435,0.1262699564586357,-0.05200302404275706,0.39480298400687724,NA,0.0643634271101237,0.004830917874396135,0.021670854271356784,0,207,consolidation,0,0,0.044707520891364906,0.044707520891364906,reservoir_ps_verts,384,812,3.9227053140096615,1.8550724637681157,0.21597836179403335,0.4729064039408867,98,0,consolidation,5,2. Gauche marquée abstentionniste,Électorat acquis qui ne se déplace pas — priorité absolue au « faire voter »
Saint-Sulpice,5648,Ouest lausannois,0.12471620754565672,0.12471620754565672,1.1513548720218845,0.1497811793298895,853,TRUE,0.03399765533411489,0.31887456037514655,0.2848769050410317,83,0.06076134699853587,0.026763691664420983,0.6174761260366995,NA,0.0027015165734851285,0.004830917874396135,0.021670854271356784,0,207,consolidation,0,0.026763691664420983,0.028487690504103172,0.028487690504103172,reservoir_ps_verts,29,812,3.9227053140096615,0.1400966183574879,0.13762169325653706,0.03571428571428571,8,0,consolidation,2,3. Centre mobilisé,Commune disputée où EàG perce déjà — porte-à-porte et présence publique
Villars-Sainte-Croix,5651,Ouest lausannois,-0.8762441000267261,-0.8762441000267261,-0.5447569658812157,1.0645705707464554,169,TRUE,0.0650887573964497,0.3431952662721893,0.2781065088757396,18,0.06593406593406594,8.453085376162323e-4,0.49147148899672777,NA,0.0479235852194822,0.004830917874396135,0.021670854271356784,0,207,consolidation,0,8.453085376162323e-4,0.027810650887573965,0.027810650887573965,reservoir_ps_verts,11,812,3.9227053140096615,0.05314009661835749,0.13435097047137182,0.013546798029556651,3,0,implantation,3,4. Centre,"Commune disputée, réservoir réel — thèmes sociaux concrets, pas d'étiquette"
Blonay - Saint-Légier,5892,Riviera,-0.14999928134235976,-0.14999928134235976,1.2524922544343777,0.1599083282092953,2601,TRUE,0.050365244136870435,0.3348712033833141,0.2845059592464437,173,0.039624370132844706,-0.010740874004025729,0.5715260907069065,NA,0.022947376436664595,0.004739336492890996,0.015222566914364043,0,211,consolidation,0,0,0.02845059592464437,0.02845059592464437,reservoir_ps_verts,131,1465,6.943127962085309,0.6208530805687205,0.1348369475101629,0.089419795221843,19,0,implantation,2,3. Centre mobilisé,Commune disputée où EàG perce déjà — porte-à-porte et présence publique
Chardonne,5882,Riviera,0.6308191885331581,0.6308191885331581,0.8274527099731249,0.058586162457185224,727,TRUE,0.07565337001375516,0.30949105914718017,0.233837689133425,82,0.06612903225806452,-0.009524337755690643,0.5710519781130674,NA,0.03721236820698601,0.004739336492890996,0.015222566914364043,0,211,consolidation,0,0,0.0233837689133425,0.0233837689133425,reservoir_ps_verts,55,1465,6.943127962085309,0.26066350710900477,0.11082354935233414,0.03754266211604096,8,0,consolidation,2,3. Centre mobilisé,Commune disputée où EàG perce déjà — porte-à-porte et présence publique
Château-d'Oex,5841,Pays-d'Enhaut,-3.431691945110838,-3.431691945110838,0.21373113388685072,0.24743724006753223,819,FALSE,0,0.1978021978021978,0.1978021978021978,30,0.027675276752767528,0.027675276752767528,0.47632379351129006,NA,NA,0.0024752475247524753,0.3692870201096892,55,404,conquete_longue,NA,0.027675276752767528,0.01978021978021978,0.027675276752767528,raboud_2026,22.666051660516604,28.366051660516604,0.07021299915969456,0.05610408826860546,0.06850316027912753,0.7990555729004059,323,44,implantation,1,5. Droite,"Terrain difficile — présence, visibilité, et d'abord déposer une liste"
Corseaux,5883,Riviera,0.131103915839974,0.131103915839974,0.855080180323179,0.06690164411385212,610,TRUE,0.05573770491803279,0.2786885245901639,0.22295081967213112,55,0.06516587677725119,0.009428171859218404,0.6086975666148191,NA,0.024351388263464252,0.004739336492890996,0.015222566914364043,0,211,consolidation,0,0.009428171859218404,0.022295081967213113,0.022295081967213113,reservoir_ps_verts,34,1465,6.943127962085309,0.16113744075829384,0.10566389557920908,0.023208191126279865,5,0,consolidation,2,3. Centre mobilisé,Commune disputée où EàG perce déjà — porte-à-porte et présence publique
Corsier-sur-Vevey,5884,Riviera,2.183812050362043,2.183812050362043,-0.38821751835364177,0.31704779871554395,629,TRUE,0.09697933227344992,0.43402225755166934,0.33704292527821944,85,0.08682328907048008,-0.010156043202969839,0.5171921211430363,0.1,0.03661409424157644,0.004739336492890996,0.015222566914364043,0,211,consolidation,0,0,0.03370429252782194,0.03370429252782194,reservoir_ps_verts,61,1465,6.943127962085309,0.28909952606635075,0.15973598354417984,0.041638225255972695,9,0,consolidation,5,2. Gauche marquée abstentionniste,Électorat acquis qui ne se déplace pas — priorité absolue au « faire voter »
Jongny,5885,Riviera,0.16387720076321427,0.16387720076321427,0.38129646694574937,0.1578151517639668,388,TRUE,0.061855670103092786,0.3402061855670103,0.27835051546391754,30,0.04608294930875576,-0.015772720794337024,0.6005217268481355,NA,0.03000667956367227,0.004739336492890996,0.015222566914364043,0,211,consolidation,0,0,0.027835051546391754,0.027835051546391754,reservoir_ps_verts,24,1465,6.943127962085309,0.1137440758293839,0.13191967557531636,0.016382252559726963,4,0,consolidation,2,3. Centre mobilisé,Commune disputée où EàG perce déjà — porte-à-porte et présence publique
La Tour-de-Peilz,5889,Riviera,2.8664244552372953,2.8664244552372953,0.40353235317850966,0.11221000587563833,2411,TRUE,0.085026959767731225,0.43799253421816675,0.3529655744504355,297,0.07599795291709315,-0.00902900685063808,0.5476144955370108,NA,0.015025002867074838,0.004739336492890996,0.015222566914364043,0,211,consolidation,0,0,0.03529655744504356,0.03529655744504356,reservoir_ps_verts,204.99999999999997,1465,6.943127962085309,0.971563981042654,0.1672822627727183,0.13993174061433444,30,0,consolidation,5,2. Gauche marquée abstentionniste,Électorat acquis qui ne se déplace pas — priorité absolue au « faire voter »
Montreux,5886,Riviera,1.6635043111624312,1.6635043111624312,-0.32687684743147233,-0.28668423449417835,3456,TRUE,0.0703125,0.41608796296296297,0.34577546296296297,341,0.06281083072389022,-0.007501669276109776,0.4663975249916474,0.07,0.01729265940319804,0.004739336492890996,0.015222566914364043,0,211,consolidation,0,0,0.0345775462962963,0.0345775462962963,reservoir_ps_verts,243,1465,6.943127962085309,1.1516587677725119,0.16387462699666494,0.1658703071672355,35,0,consolidation,5,2. Gauche marquée abstentionniste,Électorat acquis qui ne se déplace pas — priorité absolue au « faire voter »
Rossinière,5842,Pays-d'Enhaut,-2.810990418367069,-2.810990418367069,-0.07341091294492776,-0.5984332411450684,132,FALSE,0,0.25757575757575757,0.25757575757575757,4,0.02040816326530612,0.02040816326530612,0.4477108586240104,NA,NA,0.0024752475247524753,0.3692870201096892,55,404,conquete_longue,NA,0.02040816326530612,0.025757575757575757,0.025757575757575757,reservoir_ps_verts,3.4,28.366051660516604,0.07021299915969456,0.008415841584158416,0.06375637563756376,0.11986158809449475,49,7,implantation,1,5. Droite,"Terrain difficile — présence, visibilité, et d'abord déposer une liste"
Rougemont,5843,Pays-d'Enhaut,-5.70266146734217,-5.70266146734217,1.0574661654051576,-0.8031663018843187,142,FALSE,0,0.1619718309859155,0.1619718309859155,1,0.004761904761904762,0.004761904761904762,0.4055528740825713,NA,NA,0.0024752475247524753,0.3692870201096892,55,404,conquete_longue,NA,0.004761904761904762,0.016197183098591552,0.016197183098591552,reservoir_ps_verts,2.3000000000000003,28.366051660516604,0.07021299915969456,0.005693069306930694,0.04009203737275137,0.0810828390050994,33,5,implantation,1,5. Droite,"Terrain difficile — présence, visibilité, et d'abord déposer une liste"
Vevey,5890,Riviera,7.01959494142321,7.01959494142321,-0.1962503583167467,-0.22203257283425512,2884,TRUE,0.2420249653259362,0.5565187239944521,0.3144937586685159,827,0.17294019238812214,-0.06908477293781407,0.46079069957333585,0.2,0.11339099983057183,0.004739336492890996,0.015222566914364043,0,211,consolidation,0,0,0.03144937586685159,0.03144937586685159,reservoir_ps_verts,698,1465,6.943127962085309,3.308056872037915,0.14904917472441515,0.4764505119453925,101,0,consolidation,5,2. Gauche marquée abstentionniste,Électorat acquis qui ne se déplace pas — priorité absolue au « faire voter »
Veytaux,5891,Riviera,1.0919906660842265,1.0919906660842265,-0.11295380477440076,-0.5112825565766956,157,TRUE,0.08917197452229299,0.40764331210191085,0.3184713375796179,13,0.051587301587301584,-0.0375846729349914,0.47142240169104455,NA,0.044220426104122815,0.004739336492890996,0.015222566914364043,0,211,consolidation,0,0,0.03184713375796179,0.03184713375796179,reservoir_ps_verts,13.999999999999998,1465,6.943127962085309,0.06635071090047392,0.15093428321308908,0.00955631399317406,3,0,consolidation,5,2. Gauche marquée abstentionniste,Électorat acquis qui ne se déplace pas — priorité absolue au « faire voter »
