votation,date,positionnement_politique_oui,district,Communes,code_ofs,Electeurs_inscrits,Bulletins_rentres,Blancs,Nuls,Valables,OUI,OUI_perc,NON,NON_perc,particip_perc
gc_2022_PS,20.03.22,centre-gauche,Vevey,Chardonne,5882,,727,0,0,727,85,11.691884456671252,642,88.30811554332875,
gc_2022_Gauche,20.03.22,gauche,Vevey,Chardonne,5882,,727,0,0,727,55,7.565337001375516,672,92.43466299862449,
gc_2022_extreme-droite,20.03.22,extreme-droite,Vevey,Chardonne,5882,,727,0,0,727,114,15.680880330123797,613,84.3191196698762,
gc_2022_droite-bourgeoise,20.03.22,droite,Vevey,Chardonne,5882,,727,0,0,727,315,43.328748280605225,412,56.671251719394775,
gc_2022_centre,20.03.22,centre,Vevey,Chardonne,5882,,727,0,0,727,73,10.041265474552958,654,89.95873452544704,
gc_2022_verts,20.03.22,centre-gauche,Vevey,Chardonne,5882,,727,0,0,727,85,11.691884456671252,642,88.30811554332875,
gc_2022_PS,20.03.22,centre-gauche,Vevey,Corseaux,5883,,610,0,0,610,77,12.622950819672132,533,87.37704918032787,
gc_2022_Gauche,20.03.22,gauche,Vevey,Corseaux,5883,,610,0,0,610,34,5.573770491803279,576,94.42622950819673,
gc_2022_extreme-droite,20.03.22,extreme-droite,Vevey,Corseaux,5883,,610,0,0,610,83,13.60655737704918,527,86.39344262295083,
gc_2022_droite-bourgeoise,20.03.22,droite,Vevey,Corseaux,5883,,610,0,0,610,280,45.90163934426229,330,54.09836065573771,
gc_2022_centre,20.03.22,centre,Vevey,Corseaux,5883,,610,0,0,610,78,12.786885245901638,532,87.21311475409837,
gc_2022_verts,20.03.22,centre-gauche,Vevey,Corseaux,5883,,610,0,0,610,59,9.672131147540984,551,90.32786885245902,
gc_2022_PS,20.03.22,centre-gauche,Vevey,Corsier-sur-Vevey,5884,,629,0,0,629,134,21.303656597774246,495,78.69634340222575,
gc_2022_Gauche,20.03.22,gauche,Vevey,Corsier-sur-Vevey,5884,,629,0,0,629,61,9.697933227344992,568,90.30206677265501,
gc_2022_extreme-droite,20.03.22,extreme-droite,Vevey,Corsier-sur-Vevey,5884,,629,0,0,629,110,17.488076311605724,519,82.51192368839428,
gc_2022_droite-bourgeoise,20.03.22,droite,Vevey,Corsier-sur-Vevey,5884,,629,0,0,629,201,31.955484896661368,428,68.04451510333863,
gc_2022_centre,20.03.22,centre,Vevey,Corsier-sur-Vevey,5884,,629,0,0,629,45,7.154213036565977,584,92.84578696343402,
gc_2022_verts,20.03.22,centre-gauche,Vevey,Corsier-sur-Vevey,5884,,629,0,0,629,78,12.400635930047695,551,87.5993640699523,
gc_2022_PS,20.03.22,centre-gauche,Vevey,Jongny,5885,,388,0,0,388,56,14.432989690721648,332,85.56701030927834,
gc_2022_Gauche,20.03.22,gauche,Vevey,Jongny,5885,,388,0,0,388,24,6.185567010309279,364,93.81443298969072,
gc_2022_extreme-droite,20.03.22,extreme-droite,Vevey,Jongny,5885,,388,0,0,388,61,15.721649484536082,327,84.27835051546391,
gc_2022_droite-bourgeoise,20.03.22,droite,Vevey,Jongny,5885,,388,0,0,388,143,36.855670103092784,245,63.144329896907216,
gc_2022_centre,20.03.22,centre,Vevey,Jongny,5885,,388,0,0,388,52,13.402061855670103,336,86.5979381443299,
gc_2022_verts,20.03.22,centre-gauche,Vevey,Jongny,5885,,388,0,0,388,52,13.402061855670103,336,86.5979381443299,
gc_2022_PS,20.03.22,centre-gauche,Vevey,Montreux,5886,,3456,0,0,3456,858,24.82638888888889,2598,75.17361111111111,
gc_2022_Gauche,20.03.22,gauche,Vevey,Montreux,5886,,3456,0,0,3456,243,7.03125,3213,92.96875,
gc_2022_extreme-droite,20.03.22,extreme-droite,Vevey,Montreux,5886,,3456,0,0,3456,465,13.45486111111111,2991,86.54513888888889,
gc_2022_droite-bourgeoise,20.03.22,droite,Vevey,Montreux,5886,,3456,0,0,3456,1344,38.88888888888889,2112,61.111111111111114,
gc_2022_centre,20.03.22,centre,Vevey,Montreux,5886,,3456,0,0,3456,209,6.047453703703703,3247,93.95254629629629,
gc_2022_verts,20.03.22,centre-gauche,Vevey,Montreux,5886,,3456,0,0,3456,337,9.751157407407407,3119,90.2488425925926,
gc_2022_PS,20.03.22,centre-gauche,Vevey,La Tour-de-Peilz,5889,,2411,0,0,2411,503,20.86271256739942,1908,79.13728743260057,
gc_2022_Gauche,20.03.22,gauche,Vevey,La Tour-de-Peilz,5889,,2411,0,0,2411,205,8.502695976773122,2206,91.49730402322687,
gc_2022_extreme-droite,20.03.22,extreme-droite,Vevey,La Tour-de-Peilz,5889,,2411,0,0,2411,291,12.069680630443798,2120,87.9303193695562,
gc_2022_droite-bourgeoise,20.03.22,droite,Vevey,La Tour-de-Peilz,5889,,2411,0,0,2411,781,32.39319784321858,1630,67.60680215678143,
gc_2022_centre,20.03.22,centre,Vevey,La Tour-de-Peilz,5889,,2411,0,0,2411,282,11.696391538780588,2129,88.30360846121941,
gc_2022_verts,20.03.22,centre-gauche,Vevey,La Tour-de-Peilz,5889,,2411,0,0,2411,348,14.43384487764413,2063,85.56615512235587,
gc_2022_PS,20.03.22,centre-gauche,Vevey,Vevey,5890,,2884,0,0,2884,513,17.787794729542302,2371,82.2122052704577,
gc_2022_Gauche,20.03.22,gauche,Vevey,Vevey,5890,,2884,0,0,2884,698,24.20249653259362,2186,75.79750346740639,
gc_2022_extreme-droite,20.03.22,extreme-droite,Vevey,Vevey,5890,,2884,0,0,2884,247,8.564493758668517,2637,91.43550624133148,
gc_2022_droite-bourgeoise,20.03.22,droite,Vevey,Vevey,5890,,2884,0,0,2884,816,28.29403606102635,2068,71.70596393897365,
gc_2022_centre,20.03.22,centre,Vevey,Vevey,5890,,2884,0,0,2884,216,7.489597780859916,2668,92.51040221914009,
gc_2022_verts,20.03.22,centre-gauche,Vevey,Vevey,5890,,2884,0,0,2884,394,13.661581137309293,2490,86.3384188626907,
gc_2022_PS,20.03.22,centre-gauche,Vevey,Veytaux,5891,,157,0,0,157,35,22.29299363057325,122,77.70700636942675,
gc_2022_Gauche,20.03.22,gauche,Vevey,Veytaux,5891,,157,0,0,157,14,8.9171974522293,143,91.0828025477707,
gc_2022_extreme-droite,20.03.22,extreme-droite,Vevey,Veytaux,5891,,157,0,0,157,20,12.738853503184714,137,87.26114649681529,
gc_2022_droite-bourgeoise,20.03.22,droite,Vevey,Veytaux,5891,,157,0,0,157,64,40.76433121019109,93,59.23566878980891,
gc_2022_centre,20.03.22,centre,Vevey,Veytaux,5891,,157,0,0,157,8,5.095541401273886,149,94.90445859872611,
gc_2022_verts,20.03.22,centre-gauche,Vevey,Veytaux,5891,,157,0,0,157,15,9.554140127388536,142,90.44585987261146,
gc_2022_PS,20.03.22,centre-gauche,Vevey,Blonay - Saint-Légier,5892,,2601,0,0,2601,432,16.608996539792386,2169,83.39100346020761,
gc_2022_Gauche,20.03.22,gauche,Vevey,Blonay - Saint-Légier,5892,,2601,0,0,2601,131,5.036524413687044,2470,94.96347558631297,
gc_2022_extreme-droite,20.03.22,extreme-droite,Vevey,Blonay - Saint-Légier,5892,,2601,0,0,2601,326,12.53364090734333,2275,87.46635909265667,
gc_2022_droite-bourgeoise,20.03.22,droite,Vevey,Blonay - Saint-Légier,5892,,2601,0,0,2601,1091,41.94540561322568,1510,58.05459438677432,
gc_2022_centre,20.03.22,centre,Vevey,Blonay - Saint-Légier,5892,,2601,0,0,2601,312,11.995386389850058,2289,88.00461361014995,
gc_2022_verts,20.03.22,centre-gauche,Vevey,Blonay - Saint-Légier,5892,,2601,0,0,2601,308,11.84159938485198,2293,88.15840061514803,
gc_2022_PS,20.03.22,centre-gauche,La Vallée,L'Abbaye,5871,,396,0,0,396,104,26.262626262626267,292,73.73737373737373,
gc_2022_Gauche,20.03.22,gauche,La Vallée,L'Abbaye,5871,,396,0,0,396,0,0,396,100,
gc_2022_extreme-droite,20.03.22,extreme-droite,La Vallée,L'Abbaye,5871,,396,0,0,396,46,11.616161616161616,350,88.38383838383838,
gc_2022_droite-bourgeoise,20.03.22,droite,La Vallée,L'Abbaye,5871,,396,0,0,396,198,50,198,50,
gc_2022_centre,20.03.22,centre,La Vallée,L'Abbaye,5871,,396,0,0,396,17,4.292929292929292,379,95.70707070707071,
gc_2022_verts,20.03.22,centre-gauche,La Vallée,L'Abbaye,5871,,396,0,0,396,32,8.080808080808081,364,91.91919191919192,
gc_2022_PS,20.03.22,centre-gauche,La Vallée,Le Chenit,5872,,971,0,0,971,354,36.4572605561277,617,63.5427394438723,
gc_2022_Gauche,20.03.22,gauche,La Vallée,Le Chenit,5872,,971,0,0,971,0,0,971,100,
gc_2022_extreme-droite,20.03.22,extreme-droite,La Vallée,Le Chenit,5872,,971,0,0,971,90,9.268795056642636,881,90.73120494335737,
gc_2022_droite-bourgeoise,20.03.22,droite,La Vallée,Le Chenit,5872,,971,0,0,971,399,41.09165808444902,572,58.90834191555098,
gc_2022_centre,20.03.22,centre,La Vallée,Le Chenit,5872,,971,0,0,971,32,3.2955715756951593,939,96.70442842430485,
gc_2022_verts,20.03.22,centre-gauche,La Vallée,Le Chenit,5872,,971,0,0,971,94,9.680741503604532,877,90.31925849639548,
gc_2022_PS,20.03.22,centre-gauche,La Vallée,Le Lieu,5873,,280,0,0,280,81,28.92857142857143,199,71.07142857142857,
gc_2022_Gauche,20.03.22,gauche,La Vallée,Le Lieu,5873,,280,0,0,280,0,0,280,100,
gc_2022_extreme-droite,20.03.22,extreme-droite,La Vallée,Le Lieu,5873,,280,0,0,280,23,8.214285714285714,257,91.78571428571428,
gc_2022_droite-bourgeoise,20.03.22,droite,La Vallée,Le Lieu,5873,,280,0,0,280,129,46.07142857142857,151,53.92857142857142,
gc_2022_centre,20.03.22,centre,La Vallée,Le Lieu,5873,,280,0,0,280,8,2.857142857142857,272,97.14285714285714,
gc_2022_verts,20.03.22,centre-gauche,La Vallée,Le Lieu,5873,,280,0,0,280,40,14.285714285714285,240,85.71428571428571,
gc_2022_PS,20.03.22,centre-gauche,Yverdon,Bonvillars,5551,,132,0,0,132,13,9.848484848484848,119,90.15151515151516,
gc_2022_Gauche,20.03.22,gauche,Yverdon,Bonvillars,5551,,132,0,0,132,7,5.303030303030303,125,94.6969696969697,
gc_2022_extreme-droite,20.03.22,extreme-droite,Yverdon,Bonvillars,5551,,132,0,0,132,33,25,99,75,
gc_2022_droite-bourgeoise,20.03.22,droite,Yverdon,Bonvillars,5551,,132,0,0,132,51,38.63636363636363,81,61.36363636363637,
gc_2022_centre,20.03.22,centre,Yverdon,Bonvillars,5551,,132,0,0,132,11,8.333333333333332,121,91.66666666666666,
gc_2022_verts,20.03.22,centre-gauche,Yverdon,Bonvillars,5551,,132,0,0,132,16,12.121212121212121,116,87.87878787878788,
gc_2022_PS,20.03.22,centre-gauche,Yverdon,Bullet,5552,,211,0,0,211,44,20.85308056872038,167,79.14691943127961,
gc_2022_Gauche,20.03.22,gauche,Yverdon,Bullet,5552,,211,0,0,211,8,3.7914691943127963,203,96.2085308056872,
gc_2022_extreme-droite,20.03.22,extreme-droite,Yverdon,Bullet,5552,,211,0,0,211,57,27.014218009478675,154,72.98578199052133,
gc_2022_droite-bourgeoise,20.03.22,droite,Yverdon,Bullet,5552,,211,0,0,211,77,36.492890995260666,134,63.507109004739334,
gc_2022_centre,20.03.22,centre,Yverdon,Bullet,5552,,211,0,0,211,13,6.161137440758294,198,93.8388625592417,
gc_2022_verts,20.03.22,centre-gauche,Yverdon,Bullet,5552,,211,0,0,211,13,6.161137440758294,198,93.8388625592417,
gc_2022_PS,20.03.22,centre-gauche,Yverdon,Champagne,5553,,205,0,0,205,26,12.682926829268293,179,87.3170731707317,
gc_2022_Gauche,20.03.22,gauche,Yverdon,Champagne,5553,,205,0,0,205,20,9.75609756097561,185,90.2439024390244,
gc_2022_extreme-droite,20.03.22,extreme-droite,Yverdon,Champagne,5553,,205,0,0,205,41,20,164,80,
gc_2022_droite-bourgeoise,20.03.22,droite,Yverdon,Champagne,5553,,205,0,0,205,67,32.6829268292683,138,67.31707317073172,
gc_2022_centre,20.03.22,centre,Yverdon,Champagne,5553,,205,0,0,205,20,9.75609756097561,185,90.2439024390244,
gc_2022_verts,20.03.22,centre-gauche,Yverdon,Champagne,5553,,205,0,0,205,31,15.121951219512194,174,84.8780487804878,
gc_2022_PS,20.03.22,centre-gauche,Yverdon,Concise,5554,,244,0,0,244,38,15.573770491803279,206,84.42622950819673,
gc_2022_Gauche,20.03.22,gauche,Yverdon,Concise,5554,,244,0,0,244,21,8.60655737704918,223,91.39344262295081,
gc_2022_extreme-droite,20.03.22,extreme-droite,Yverdon,Concise,5554,,244,0,0,244,40,16.39344262295082,204,83.60655737704919,
gc_2022_droite-bourgeoise,20.03.22,droite,Yverdon,Concise,5554,,244,0,0,244,105,43.0327868852459,139,56.9672131147541,
gc_2022_centre,20.03.22,centre,Yverdon,Concise,5554,,244,0,0,244,14,5.737704918032787,230,94.26229508196722,
gc_2022_verts,20.03.22,centre-gauche,Yverdon,Concise,5554,,244,0,0,244,25,10.245901639344263,219,89.75409836065575,
gc_2022_PS,20.03.22,centre-gauche,Yverdon,Corcelles-près-Concise,5555,,89,0,0,89,17,19.101123595505616,72,80.89887640449437,
gc_2022_Gauche,20.03.22,gauche,Yverdon,Corcelles-près-Concise,5555,,89,0,0,89,6,6.741573033707865,83,93.25842696629213,
gc_2022_extreme-droite,20.03.22,extreme-droite,Yverdon,Corcelles-près-Concise,5555,,89,0,0,89,21,23.595505617977526,68,76.40449438202246,
gc_2022_droite-bourgeoise,20.03.22,droite,Yverdon,Corcelles-près-Concise,5555,,89,0,0,89,26,29.213483146067414,63,70.78651685393258,
gc_2022_centre,20.03.22,centre,Yverdon,Corcelles-près-Concise,5555,,89,0,0,89,7,7.865168539325842,82,92.13483146067416,
gc_2022_verts,20.03.22,centre-gauche,Yverdon,Corcelles-près-Concise,5555,,89,0,0,89,13,14.606741573033707,76,85.39325842696628,
gc_2022_PS,20.03.22,centre-gauche,Yverdon,Fiez,5556,,122,0,0,122,22,18.0327868852459,100,81.9672131147541,
gc_2022_Gauche,20.03.22,gauche,Yverdon,Fiez,5556,,122,0,0,122,10,8.19672131147541,112,91.80327868852459,
gc_2022_extreme-droite,20.03.22,extreme-droite,Yverdon,Fiez,5556,,122,0,0,122,17,13.934426229508196,105,86.0655737704918,
gc_2022_droite-bourgeoise,20.03.22,droite,Yverdon,Fiez,5556,,122,0,0,122,35,28.688524590163933,87,71.31147540983606,
gc_2022_centre,20.03.22,centre,Yverdon,Fiez,5556,,122,0,0,122,11,9.01639344262295,111,90.98360655737704,
gc_2022_verts,20.03.22,centre-gauche,Yverdon,Fiez,5556,,122,0,0,122,26,21.311475409836063,96,78.68852459016394,
gc_2022_PS,20.03.22,centre-gauche,Yverdon,Fontaines-sur-Grandson,5557,,47,0,0,47,11,23.404255319148938,36,76.59574468085107,
gc_2022_Gauche,20.03.22,gauche,Yverdon,Fontaines-sur-Grandson,5557,,47,0,0,47,2,4.25531914893617,45,95.74468085106383,
gc_2022_extreme-droite,20.03.22,extreme-droite,Yverdon,Fontaines-sur-Grandson,5557,,47,0,0,47,13,27.659574468085108,34,72.3404255319149,
gc_2022_droite-bourgeoise,20.03.22,droite,Yverdon,Fontaines-sur-Grandson,5557,,47,0,0,47,12,25.53191489361702,35,74.46808510638297,
gc_2022_centre,20.03.22,centre,Yverdon,Fontaines-sur-Grandson,5557,,47,0,0,47,2,4.25531914893617,45,95.74468085106383,
gc_2022_verts,20.03.22,centre-gauche,Yverdon,Fontaines-sur-Grandson,5557,,47,0,0,47,8,17.02127659574468,39,82.97872340425532,
gc_2022_PS,20.03.22,centre-gauche,Yverdon,Giez,5559,,109,0,0,109,23,21.100917431192663,86,78.89908256880734,
gc_2022_Gauche,20.03.22,gauche,Yverdon,Giez,5559,,109,0,0,109,6,5.5045871559633035,103,94.4954128440367,
gc_2022_extreme-droite,20.03.22,extreme-droite,Yverdon,Giez,5559,,109,0,0,109,17,15.59633027522936,92,84.40366972477065,
gc_2022_droite-bourgeoise,20.03.22,droite,Yverdon,Giez,5559,,109,0,0,109,33,30.275229357798167,76,69.72477064220183,
gc_2022_centre,20.03.22,centre,Yverdon,Giez,5559,,109,0,0,109,10,9.174311926605505,99,90.82568807339449,
gc_2022_verts,20.03.22,centre-gauche,Yverdon,Giez,5559,,109,0,0,109,20,18.34862385321101,89,81.65137614678899,
gc_2022_PS,20.03.22,centre-gauche,Yverdon,Grandevent,5560,,61,0,0,61,11,18.0327868852459,50,81.9672131147541,
gc_2022_Gauche,20.03.22,gauche,Yverdon,Grandevent,5560,,61,0,0,61,1,1.639344262295082,60,98.36065573770492,
gc_2022_extreme-droite,20.03.22,extreme-droite,Yverdon,Grandevent,5560,,61,0,0,61,17,27.86885245901639,44,72.1311475409836,
gc_2022_droite-bourgeoise,20.03.22,droite,Yverdon,Grandevent,5560,,61,0,0,61,13,21.311475409836063,48,78.68852459016394,
gc_2022_centre,20.03.22,centre,Yverdon,Grandevent,5560,,61,0,0,61,7,11.475409836065573,54,88.52459016393442,
gc_2022_verts,20.03.22,centre-gauche,Yverdon,Grandevent,5560,,61,0,0,61,12,19.672131147540984,49,80.32786885245902,
gc_2022_PS,20.03.22,centre-gauche,Yverdon,Grandson,5561,,733,0,0,733,137,18.69031377899045,596,81.30968622100954,
gc_2022_Gauche,20.03.22,gauche,Yverdon,Grandson,5561,,733,0,0,733,51,6.957708049113233,682,93.04229195088676,
gc_2022_extreme-droite,20.03.22,extreme-droite,Yverdon,Grandson,5561,,733,0,0,733,73,9.959072305593452,660,90.04092769440655,
gc_2022_droite-bourgeoise,20.03.22,droite,Yverdon,Grandson,5561,,733,0,0,733,300,40.92769440654843,433,59.07230559345157,
gc_2022_centre,20.03.22,centre,Yverdon,Grandson,5561,,733,0,0,733,61,8.321964529331515,672,91.67803547066849,
gc_2022_verts,20.03.22,centre-gauche,Yverdon,Grandson,5561,,733,0,0,733,111,15.143246930422919,622,84.85675306957708,
gc_2022_PS,20.03.22,centre-gauche,Yverdon,Mauborget,5562,,49,0,0,49,6,12.244897959183673,43,87.75510204081633,
gc_2022_Gauche,20.03.22,gauche,Yverdon,Mauborget,5562,,49,0,0,49,4,8.16326530612245,45,91.83673469387756,
gc_2022_extreme-droite,20.03.22,extreme-droite,Yverdon,Mauborget,5562,,49,0,0,49,17,34.69387755102041,32,65.3061224489796,
gc_2022_droite-bourgeoise,20.03.22,droite,Yverdon,Mauborget,5562,,49,0,0,49,10,20.408163265306122,39,79.59183673469387,
gc_2022_centre,20.03.22,centre,Yverdon,Mauborget,5562,,49,0,0,49,1,2.0408163265306123,48,97.95918367346938,
gc_2022_verts,20.03.22,centre-gauche,Yverdon,Mauborget,5562,,49,0,0,49,11,22.448979591836736,38,77.55102040816327,
gc_2022_PS,20.03.22,centre-gauche,Yverdon,Mutrux,5563,,40,0,0,40,7,17.5,33,82.5,
gc_2022_Gauche,20.03.22,gauche,Yverdon,Mutrux,5563,,40,0,0,40,2,5,38,95,
gc_2022_extreme-droite,20.03.22,extreme-droite,Yverdon,Mutrux,5563,,40,0,0,40,13,32.5,27,67.5,
gc_2022_droite-bourgeoise,20.03.22,droite,Yverdon,Mutrux,5563,,40,0,0,40,10,25,30,75,
gc_2022_centre,20.03.22,centre,Yverdon,Mutrux,5563,,40,0,0,40,1,2.5,39,97.5,
gc_2022_verts,20.03.22,centre-gauche,Yverdon,Mutrux,5563,,40,0,0,40,7,17.5,33,82.5,
gc_2022_PS,20.03.22,centre-gauche,Yverdon,Novalles,5564,,33,0,0,33,4,12.121212121212121,29,87.87878787878788,
gc_2022_Gauche,20.03.22,gauche,Yverdon,Novalles,5564,,33,0,0,33,0,0,33,100,
gc_2022_extreme-droite,20.03.22,extreme-droite,Yverdon,Novalles,5564,,33,0,0,33,12,36.36363636363637,21,63.63636363636363,
gc_2022_droite-bourgeoise,20.03.22,droite,Yverdon,Novalles,5564,,33,0,0,33,11,33.33333333333333,22,66.66666666666666,
gc_2022_centre,20.03.22,centre,Yverdon,Novalles,5564,,33,0,0,33,1,3.0303030303030303,32,96.96969696969697,
gc_2022_verts,20.03.22,centre-gauche,Yverdon,Novalles,5564,,33,0,0,33,5,15.151515151515152,28,84.84848484848484,
gc_2022_PS,20.03.22,centre-gauche,Yverdon,Onnens VD,5565,,110,0,0,110,27,24.545454545454547,83,75.45454545454545,
gc_2022_Gauche,20.03.22,gauche,Yverdon,Onnens VD,5565,,110,0,0,110,3,2.727272727272727,107,97.27272727272728,
gc_2022_extreme-droite,20.03.22,extreme-droite,Yverdon,Onnens VD,5565,,110,0,0,110,16,14.545454545454545,94,85.45454545454545,
gc_2022_droite-bourgeoise,20.03.22,droite,Yverdon,Onnens VD,5565,,110,0,0,110,33,30,77,70,
gc_2022_centre,20.03.22,centre,Yverdon,Onnens VD,5565,,110,0,0,110,12,10.909090909090908,98,89.0909090909091,
gc_2022_verts,20.03.22,centre-gauche,Yverdon,Onnens VD,5565,,110,0,0,110,19,17.272727272727273,91,82.72727272727273,
gc_2022_PS,20.03.22,centre-gauche,Yverdon,Provence,5566,,92,0,0,92,14,15.217391304347828,78,84.78260869565217,
gc_2022_Gauche,20.03.22,gauche,Yverdon,Provence,5566,,92,0,0,92,4,4.3478260869565215,88,95.65217391304348,
gc_2022_extreme-droite,20.03.22,extreme-droite,Yverdon,Provence,5566,,92,0,0,92,39,42.391304347826086,53,57.608695652173914,
gc_2022_droite-bourgeoise,20.03.22,droite,Yverdon,Provence,5566,,92,0,0,92,20,21.73913043478261,72,78.26086956521739,
gc_2022_centre,20.03.22,centre,Yverdon,Provence,5566,,92,0,0,92,4,4.3478260869565215,88,95.65217391304348,
gc_2022_verts,20.03.22,centre-gauche,Yverdon,Provence,5566,,92,0,0,92,11,11.956521739130435,81,88.04347826086956,
gc_2022_PS,20.03.22,centre-gauche,Yverdon,Sainte-Croix,5568,,1053,0,0,1053,317,30.10446343779677,736,69.89553656220323,
gc_2022_Gauche,20.03.22,gauche,Yverdon,Sainte-Croix,5568,,1053,0,0,1053,64,6.077872744539412,989,93.92212725546058,
gc_2022_extreme-droite,20.03.22,extreme-droite,Yverdon,Sainte-Croix,5568,,1053,0,0,1053,268,25.451092117758783,785,74.54890788224121,
gc_2022_droite-bourgeoise,20.03.22,droite,Yverdon,Sainte-Croix,5568,,1053,0,0,1053,260,24.691358024691358,793,75.30864197530865,
gc_2022_centre,20.03.22,centre,Yverdon,Sainte-Croix,5568,,1053,0,0,1053,46,4.368471035137702,1007,95.6315289648623,
gc_2022_verts,20.03.22,centre-gauche,Yverdon,Sainte-Croix,5568,,1053,0,0,1053,98,9.306742640075974,955,90.69325735992403,
gc_2022_PS,20.03.22,centre-gauche,Yverdon,Tévenon,5571,,179,0,0,179,35,19.553072625698324,144,80.44692737430168,
gc_2022_Gauche,20.03.22,gauche,Yverdon,Tévenon,5571,,179,0,0,179,17,9.497206703910614,162,90.5027932960894,
gc_2022_extreme-droite,20.03.22,extreme-droite,Yverdon,Tévenon,5571,,179,0,0,179,44,24.581005586592177,135,75.41899441340783,
gc_2022_droite-bourgeoise,20.03.22,droite,Yverdon,Tévenon,5571,,179,0,0,179,37,20.670391061452513,142,79.3296089385475,
gc_2022_centre,20.03.22,centre,Yverdon,Tévenon,5571,,179,0,0,179,15,8.379888268156424,164,91.62011173184358,
gc_2022_verts,20.03.22,centre-gauche,Yverdon,Tévenon,5571,,179,0,0,179,32,17.877094972067038,147,82.12290502793296,
gc_2022_PS,20.03.22,centre-gauche,Yverdon,L'Abergement,5741,,88,0,0,88,17,19.318181818181817,71,80.68181818181817,
gc_2022_Gauche,20.03.22,gauche,Yverdon,L'Abergement,5741,,88,0,0,88,8,9.090909090909092,80,90.9090909090909,
gc_2022_extreme-droite,20.03.22,extreme-droite,Yverdon,L'Abergement,5741,,88,0,0,88,22,25,66,75,
gc_2022_droite-bourgeoise,20.03.22,droite,Yverdon,L'Abergement,5741,,88,0,0,88,24,27.27272727272727,64,72.72727272727273,
gc_2022_centre,20.03.22,centre,Yverdon,L'Abergement,5741,,88,0,0,88,7,7.954545454545454,81,92.04545454545455,
gc_2022_verts,20.03.22,centre-gauche,Yverdon,L'Abergement,5741,,88,0,0,88,10,11.363636363636363,78,88.63636363636364,
gc_2022_PS,20.03.22,centre-gauche,Yverdon,Agiez,5742,,72,0,0,72,9,12.5,63,87.5,
gc_2022_Gauche,20.03.22,gauche,Yverdon,Agiez,5742,,72,0,0,72,6,8.333333333333332,66,91.66666666666666,
gc_2022_extreme-droite,20.03.22,extreme-droite,Yverdon,Agiez,5742,,72,0,0,72,19,26.38888888888889,53,73.61111111111111,
gc_2022_droite-bourgeoise,20.03.22,droite,Yverdon,Agiez,5742,,72,0,0,72,32,44.44444444444444,40,55.55555555555556,
gc_2022_centre,20.03.22,centre,Yverdon,Agiez,5742,,72,0,0,72,3,4.166666666666666,69,95.83333333333334,
gc_2022_verts,20.03.22,centre-gauche,Yverdon,Agiez,5742,,72,0,0,72,3,4.166666666666666,69,95.83333333333334,
gc_2022_PS,20.03.22,centre-gauche,Yverdon,Arnex-sur-Orbe,5743,,182,0,0,182,27,14.835164835164836,155,85.16483516483517,
gc_2022_Gauche,20.03.22,gauche,Yverdon,Arnex-sur-Orbe,5743,,182,0,0,182,14,7.6923076923076925,168,92.3076923076923,
gc_2022_extreme-droite,20.03.22,extreme-droite,Yverdon,Arnex-sur-Orbe,5743,,182,0,0,182,36,19.78021978021978,146,80.21978021978022,
gc_2022_droite-bourgeoise,20.03.22,droite,Yverdon,Arnex-sur-Orbe,5743,,182,0,0,182,62,34.065934065934066,120,65.93406593406593,
gc_2022_centre,20.03.22,centre,Yverdon,Arnex-sur-Orbe,5743,,182,0,0,182,13,7.142857142857142,169,92.85714285714286,
gc_2022_verts,20.03.22,centre-gauche,Yverdon,Arnex-sur-Orbe,5743,,182,0,0,182,30,16.483516483516482,152,83.51648351648352,
gc_2022_PS,20.03.22,centre-gauche,Yverdon,Ballaigues,5744,,237,0,0,237,46,19.40928270042194,191,80.59071729957806,
gc_2022_Gauche,20.03.22,gauche,Yverdon,Ballaigues,5744,,237,0,0,237,17,7.172995780590717,220,92.82700421940928,
gc_2022_extreme-droite,20.03.22,extreme-droite,Yverdon,Ballaigues,5744,,237,0,0,237,45,18.9873417721519,192,81.0126582278481,
gc_2022_droite-bourgeoise,20.03.22,droite,Yverdon,Ballaigues,5744,,237,0,0,237,76,32.06751054852321,161,67.9324894514768,
gc_2022_centre,20.03.22,centre,Yverdon,Ballaigues,5744,,237,0,0,237,27,11.39240506329114,210,88.60759493670885,
gc_2022_verts,20.03.22,centre-gauche,Yverdon,Ballaigues,5744,,237,0,0,237,26,10.970464135021098,211,89.0295358649789,
gc_2022_PS,20.03.22,centre-gauche,Yverdon,Baulmes,5745,,285,0,0,285,58,20.350877192982455,227,79.64912280701755,
gc_2022_Gauche,20.03.22,gauche,Yverdon,Baulmes,5745,,285,0,0,285,39,13.684210526315791,246,86.31578947368422,
gc_2022_extreme-droite,20.03.22,extreme-droite,Yverdon,Baulmes,5745,,285,0,0,285,74,25.964912280701753,211,74.03508771929825,
gc_2022_droite-bourgeoise,20.03.22,droite,Yverdon,Baulmes,5745,,285,0,0,285,50,17.543859649122805,235,82.45614035087719,
gc_2022_centre,20.03.22,centre,Yverdon,Baulmes,5745,,285,0,0,285,25,8.771929824561402,260,91.22807017543859,
gc_2022_verts,20.03.22,centre-gauche,Yverdon,Baulmes,5745,,285,0,0,285,39,13.684210526315791,246,86.31578947368422,
gc_2022_PS,20.03.22,centre-gauche,Yverdon,Bavois,5746,,197,0,0,197,40,20.304568527918782,157,79.69543147208121,
gc_2022_Gauche,20.03.22,gauche,Yverdon,Bavois,5746,,197,0,0,197,14,7.1065989847715745,183,92.89340101522842,
gc_2022_extreme-droite,20.03.22,extreme-droite,Yverdon,Bavois,5746,,197,0,0,197,55,27.918781725888326,142,72.08121827411168,
gc_2022_droite-bourgeoise,20.03.22,droite,Yverdon,Bavois,5746,,197,0,0,197,46,23.3502538071066,151,76.6497461928934,
gc_2022_centre,20.03.22,centre,Yverdon,Bavois,5746,,197,0,0,197,17,8.629441624365482,180,91.37055837563452,
gc_2022_verts,20.03.22,centre-gauche,Yverdon,Bavois,5746,,197,0,0,197,24,12.18274111675127,173,87.81725888324873,
gc_2022_PS,20.03.22,centre-gauche,Yverdon,Bofflens,5747,,74,0,0,74,10,13.513513513513514,64,86.48648648648648,
gc_2022_Gauche,20.03.22,gauche,Yverdon,Bofflens,5747,,74,0,0,74,3,4.054054054054054,71,95.94594594594594,
gc_2022_extreme-droite,20.03.22,extreme-droite,Yverdon,Bofflens,5747,,74,0,0,74,22,29.72972972972973,52,70.27027027027027,
gc_2022_droite-bourgeoise,20.03.22,droite,Yverdon,Bofflens,5747,,74,0,0,74,17,22.972972972972975,57,77.02702702702703,
gc_2022_centre,20.03.22,centre,Yverdon,Bofflens,5747,,74,0,0,74,12,16.216216216216218,62,83.78378378378379,
gc_2022_verts,20.03.22,centre-gauche,Yverdon,Bofflens,5747,,74,0,0,74,10,13.513513513513514,64,86.48648648648648,
gc_2022_PS,20.03.22,centre-gauche,Yverdon,Bretonnières,5748,,82,0,0,82,8,9.75609756097561,74,90.2439024390244,
gc_2022_Gauche,20.03.22,gauche,Yverdon,Bretonnières,5748,,82,0,0,82,8,9.75609756097561,74,90.2439024390244,
gc_2022_extreme-droite,20.03.22,extreme-droite,Yverdon,Bretonnières,5748,,82,0,0,82,21,25.609756097560975,61,74.39024390243902,
gc_2022_droite-bourgeoise,20.03.22,droite,Yverdon,Bretonnières,5748,,82,0,0,82,15,18.29268292682927,67,81.70731707317073,
gc_2022_centre,20.03.22,centre,Yverdon,Bretonnières,5748,,82,0,0,82,18,21.951219512195124,64,78.04878048780488,
gc_2022_verts,20.03.22,centre-gauche,Yverdon,Bretonnières,5748,,82,0,0,82,12,14.634146341463413,70,85.36585365853658,
gc_2022_PS,20.03.22,centre-gauche,Yverdon,Chavornay,5749,,881,0,0,881,130,14.755959137343927,751,85.24404086265606,
gc_2022_Gauche,20.03.22,gauche,Yverdon,Chavornay,5749,,881,0,0,881,73,8.286038592508513,808,91.71396140749148,
gc_2022_extreme-droite,20.03.22,extreme-droite,Yverdon,Chavornay,5749,,881,0,0,881,140,15.891032917139613,741,84.10896708286039,
gc_2022_droite-bourgeoise,20.03.22,droite,Yverdon,Chavornay,5749,,881,0,0,881,328,37.230419977298524,553,62.769580022701476,
gc_2022_centre,20.03.22,centre,Yverdon,Chavornay,5749,,881,0,0,881,95,10.783200908059024,786,89.21679909194098,
gc_2022_verts,20.03.22,centre-gauche,Yverdon,Chavornay,5749,,881,0,0,881,114,12.939841089670828,767,87.06015891032916,
gc_2022_PS,20.03.22,centre-gauche,Yverdon,Les Clées,5750,,60,0,0,60,10,16.666666666666664,50,83.33333333333334,
gc_2022_Gauche,20.03.22,gauche,Yverdon,Les Clées,5750,,60,0,0,60,8,13.333333333333334,52,86.66666666666667,
gc_2022_extreme-droite,20.03.22,extreme-droite,Yverdon,Les Clées,5750,,60,0,0,60,11,18.333333333333332,49,81.66666666666667,
gc_2022_droite-bourgeoise,20.03.22,droite,Yverdon,Les Clées,5750,,60,0,0,60,18,30,42,70,
gc_2022_centre,20.03.22,centre,Yverdon,Les Clées,5750,,60,0,0,60,8,13.333333333333334,52,86.66666666666667,
gc_2022_verts,20.03.22,centre-gauche,Yverdon,Les Clées,5750,,60,0,0,60,5,8.333333333333332,55,91.66666666666666,
gc_2022_PS,20.03.22,centre-gauche,Yverdon,Croy,5752,,98,0,0,98,26,26.53061224489796,72,73.46938775510205,
gc_2022_Gauche,20.03.22,gauche,Yverdon,Croy,5752,,98,0,0,98,9,9.183673469387756,89,90.81632653061224,
gc_2022_extreme-droite,20.03.22,extreme-droite,Yverdon,Croy,5752,,98,0,0,98,12,12.244897959183673,86,87.75510204081633,
gc_2022_droite-bourgeoise,20.03.22,droite,Yverdon,Croy,5752,,98,0,0,98,24,24.489795918367346,74,75.51020408163265,
gc_2022_centre,20.03.22,centre,Yverdon,Croy,5752,,98,0,0,98,10,10.204081632653061,88,89.79591836734694,
gc_2022_verts,20.03.22,centre-gauche,Yverdon,Croy,5752,,98,0,0,98,16,16.3265306122449,82,83.6734693877551,
gc_2022_PS,20.03.22,centre-gauche,Yverdon,Juriens,5754,,90,0,0,90,16,17.77777777777778,74,82.22222222222221,
gc_2022_Gauche,20.03.22,gauche,Yverdon,Juriens,5754,,90,0,0,90,4,4.444444444444445,86,95.55555555555556,
gc_2022_extreme-droite,20.03.22,extreme-droite,Yverdon,Juriens,5754,,90,0,0,90,13,14.444444444444443,77,85.55555555555556,
gc_2022_droite-bourgeoise,20.03.22,droite,Yverdon,Juriens,5754,,90,0,0,90,38,42.22222222222222,52,57.77777777777777,
gc_2022_centre,20.03.22,centre,Yverdon,Juriens,5754,,90,0,0,90,6,6.666666666666667,84,93.33333333333333,
gc_2022_verts,20.03.22,centre-gauche,Yverdon,Juriens,5754,,90,0,0,90,12,13.333333333333334,78,86.66666666666667,
gc_2022_PS,20.03.22,centre-gauche,Yverdon,Lignerolle,5755,,123,0,0,123,12,9.75609756097561,111,90.2439024390244,
gc_2022_Gauche,20.03.22,gauche,Yverdon,Lignerolle,5755,,123,0,0,123,6,4.878048780487805,117,95.1219512195122,
gc_2022_extreme-droite,20.03.22,extreme-droite,Yverdon,Lignerolle,5755,,123,0,0,123,29,23.577235772357724,94,76.42276422764228,
gc_2022_droite-bourgeoise,20.03.22,droite,Yverdon,Lignerolle,5755,,123,0,0,123,49,39.83739837398374,74,60.16260162601627,
gc_2022_centre,20.03.22,centre,Yverdon,Lignerolle,5755,,123,0,0,123,10,8.130081300813007,113,91.869918699187,
gc_2022_verts,20.03.22,centre-gauche,Yverdon,Lignerolle,5755,,123,0,0,123,17,13.821138211382115,106,86.1788617886179,
gc_2022_PS,20.03.22,centre-gauche,Yverdon,Montcherand,5756,,120,0,0,120,13,10.833333333333334,107,89.16666666666667,
gc_2022_Gauche,20.03.22,gauche,Yverdon,Montcherand,5756,,120,0,0,120,10,8.333333333333332,110,91.66666666666666,
gc_2022_extreme-droite,20.03.22,extreme-droite,Yverdon,Montcherand,5756,,120,0,0,120,26,21.666666666666668,94,78.33333333333333,
gc_2022_droite-bourgeoise,20.03.22,droite,Yverdon,Montcherand,5756,,120,0,0,120,43,35.833333333333336,77,64.16666666666667,
gc_2022_centre,20.03.22,centre,Yverdon,Montcherand,5756,,120,0,0,120,10,8.333333333333332,110,91.66666666666666,
gc_2022_verts,20.03.22,centre-gauche,Yverdon,Montcherand,5756,,120,0,0,120,18,15,102,85,
gc_2022_PS,20.03.22,centre-gauche,Yverdon,Orbe,5757,,1019,0,0,1019,247,24.23945044160942,772,75.76054955839058,
gc_2022_Gauche,20.03.22,gauche,Yverdon,Orbe,5757,,1019,0,0,1019,56,5.49558390578999,963,94.50441609421001,
gc_2022_extreme-droite,20.03.22,extreme-droite,Yverdon,Orbe,5757,,1019,0,0,1019,159,15.603532875368009,860,84.396467124632,
gc_2022_droite-bourgeoise,20.03.22,droite,Yverdon,Orbe,5757,,1019,0,0,1019,316,31.0107948969578,703,68.9892051030422,
gc_2022_centre,20.03.22,centre,Yverdon,Orbe,5757,,1019,0,0,1019,87,8.537782139352307,932,91.4622178606477,
gc_2022_verts,20.03.22,centre-gauche,Yverdon,Orbe,5757,,1019,0,0,1019,154,15.112855740922473,865,84.88714425907753,
gc_2022_PS,20.03.22,centre-gauche,Yverdon,La Praz,5758,,50,0,0,50,12,24,38,76,
gc_2022_Gauche,20.03.22,gauche,Yverdon,La Praz,5758,,50,0,0,50,7,14.000000000000002,43,86,
gc_2022_extreme-droite,20.03.22,extreme-droite,Yverdon,La Praz,5758,,50,0,0,50,15,30,35,70,
gc_2022_droite-bourgeoise,20.03.22,droite,Yverdon,La Praz,5758,,50,0,0,50,8,16,42,84,
gc_2022_centre,20.03.22,centre,Yverdon,La Praz,5758,,50,0,0,50,4,8,46,92,
gc_2022_verts,20.03.22,centre-gauche,Yverdon,La Praz,5758,,50,0,0,50,3,6,47,94,
gc_2022_PS,20.03.22,centre-gauche,Yverdon,Premier,5759,,73,0,0,73,13,17.80821917808219,60,82.1917808219178,
gc_2022_Gauche,20.03.22,gauche,Yverdon,Premier,5759,,73,0,0,73,8,10.95890410958904,65,89.04109589041096,
gc_2022_extreme-droite,20.03.22,extreme-droite,Yverdon,Premier,5759,,73,0,0,73,24,32.87671232876712,49,67.12328767123287,
gc_2022_droite-bourgeoise,20.03.22,droite,Yverdon,Premier,5759,,73,0,0,73,17,23.28767123287671,56,76.71232876712328,
gc_2022_centre,20.03.22,centre,Yverdon,Premier,5759,,73,0,0,73,6,8.21917808219178,67,91.78082191780823,
gc_2022_verts,20.03.22,centre-gauche,Yverdon,Premier,5759,,73,0,0,73,5,6.8493150684931505,68,93.15068493150685,
gc_2022_PS,20.03.22,centre-gauche,Yverdon,Rances,5760,,150,0,0,150,18,12,132,88,
gc_2022_Gauche,20.03.22,gauche,Yverdon,Rances,5760,,150,0,0,150,9,6,141,94,
gc_2022_extreme-droite,20.03.22,extreme-droite,Yverdon,Rances,5760,,150,0,0,150,41,27.333333333333332,109,72.66666666666667,
gc_2022_droite-bourgeoise,20.03.22,droite,Yverdon,Rances,5760,,150,0,0,150,43,28.666666666666668,107,71.33333333333334,
gc_2022_centre,20.03.22,centre,Yverdon,Rances,5760,,150,0,0,150,23,15.333333333333332,127,84.66666666666667,
gc_2022_verts,20.03.22,centre-gauche,Yverdon,Rances,5760,,150,0,0,150,17,11.333333333333332,133,88.66666666666667,
gc_2022_PS,20.03.22,centre-gauche,Yverdon,Romainmôtier-Envy,5761,,153,0,0,153,45,29.411764705882355,108,70.58823529411765,
gc_2022_Gauche,20.03.22,gauche,Yverdon,Romainmôtier-Envy,5761,,153,0,0,153,15,9.803921568627452,138,90.19607843137256,
gc_2022_extreme-droite,20.03.22,extreme-droite,Yverdon,Romainmôtier-Envy,5761,,153,0,0,153,23,15.032679738562091,130,84.9673202614379,
gc_2022_droite-bourgeoise,20.03.22,droite,Yverdon,Romainmôtier-Envy,5761,,153,0,0,153,18,11.76470588235294,135,88.23529411764706,
gc_2022_centre,20.03.22,centre,Yverdon,Romainmôtier-Envy,5761,,153,0,0,153,6,3.9215686274509802,147,96.07843137254902,
gc_2022_verts,20.03.22,centre-gauche,Yverdon,Romainmôtier-Envy,5761,,153,0,0,153,46,30.065359477124183,107,69.93464052287581,
gc_2022_PS,20.03.22,centre-gauche,Yverdon,Sergey,5762,,42,0,0,42,6,14.285714285714285,36,85.71428571428571,
gc_2022_Gauche,20.03.22,gauche,Yverdon,Sergey,5762,,42,0,0,42,5,11.904761904761903,37,88.09523809523809,
gc_2022_extreme-droite,20.03.22,extreme-droite,Yverdon,Sergey,5762,,42,0,0,42,16,38.095238095238095,26,61.904761904761905,
gc_2022_droite-bourgeoise,20.03.22,droite,Yverdon,Sergey,5762,,42,0,0,42,10,23.809523809523807,32,76.19047619047619,
gc_2022_centre,20.03.22,centre,Yverdon,Sergey,5762,,42,0,0,42,2,4.761904761904762,40,95.23809523809523,
gc_2022_verts,20.03.22,centre-gauche,Yverdon,Sergey,5762,,42,0,0,42,4,9.523809523809524,38,90.47619047619048,
gc_2022_PS,20.03.22,centre-gauche,Yverdon,Valeyres-sous-Rances,5763,,148,0,0,148,23,15.54054054054054,125,84.45945945945947,
gc_2022_Gauche,20.03.22,gauche,Yverdon,Valeyres-sous-Rances,5763,,148,0,0,148,8,5.405405405405405,140,94.5945945945946,
gc_2022_extreme-droite,20.03.22,extreme-droite,Yverdon,Valeyres-sous-Rances,5763,,148,0,0,148,39,26.351351351351347,109,73.64864864864865,
gc_2022_droite-bourgeoise,20.03.22,droite,Yverdon,Valeyres-sous-Rances,5763,,148,0,0,148,48,32.432432432432435,100,67.56756756756756,
gc_2022_centre,20.03.22,centre,Yverdon,Valeyres-sous-Rances,5763,,148,0,0,148,13,8.783783783783784,135,91.21621621621621,
gc_2022_verts,20.03.22,centre-gauche,Yverdon,Valeyres-sous-Rances,5763,,148,0,0,148,17,11.486486486486488,131,88.51351351351352,
gc_2022_PS,20.03.22,centre-gauche,Yverdon,Vallorbe,5764,,573,0,0,573,108,18.848167539267017,465,81.15183246073299,
gc_2022_Gauche,20.03.22,gauche,Yverdon,Vallorbe,5764,,573,0,0,573,23,4.013961605584642,550,95.98603839441536,
gc_2022_extreme-droite,20.03.22,extreme-droite,Yverdon,Vallorbe,5764,,573,0,0,573,102,17.801047120418847,471,82.19895287958116,
gc_2022_droite-bourgeoise,20.03.22,droite,Yverdon,Vallorbe,5764,,573,0,0,573,264,46.07329842931937,309,53.92670157068062,
gc_2022_centre,20.03.22,centre,Yverdon,Vallorbe,5764,,573,0,0,573,31,5.4101221640488655,542,94.58987783595113,
gc_2022_verts,20.03.22,centre-gauche,Yverdon,Vallorbe,5764,,573,0,0,573,46,8.027923211169284,527,91.97207678883072,
gc_2022_PS,20.03.22,centre-gauche,Yverdon,Vaulion,5765,,138,0,0,138,14,10.144927536231885,124,89.85507246376811,
gc_2022_Gauche,20.03.22,gauche,Yverdon,Vaulion,5765,,138,0,0,138,9,6.521739130434782,129,93.47826086956522,
gc_2022_extreme-droite,20.03.22,extreme-droite,Yverdon,Vaulion,5765,,138,0,0,138,34,24.637681159420293,104,75.36231884057972,
gc_2022_droite-bourgeoise,20.03.22,droite,Yverdon,Vaulion,5765,,138,0,0,138,57,41.30434782608695,81,58.69565217391305,
gc_2022_centre,20.03.22,centre,Yverdon,Vaulion,5765,,138,0,0,138,11,7.971014492753622,127,92.02898550724638,
gc_2022_verts,20.03.22,centre-gauche,Yverdon,Vaulion,5765,,138,0,0,138,12,8.695652173913043,126,91.30434782608695,
gc_2022_PS,20.03.22,centre-gauche,Yverdon,Vuiteboeuf,5766,,115,0,0,115,16,13.91304347826087,99,86.08695652173914,
gc_2022_Gauche,20.03.22,gauche,Yverdon,Vuiteboeuf,5766,,115,0,0,115,8,6.956521739130435,107,93.04347826086956,
gc_2022_extreme-droite,20.03.22,extreme-droite,Yverdon,Vuiteboeuf,5766,,115,0,0,115,33,28.695652173913043,82,71.30434782608695,
gc_2022_droite-bourgeoise,20.03.22,droite,Yverdon,Vuiteboeuf,5766,,115,0,0,115,37,32.17391304347826,78,67.82608695652173,
gc_2022_centre,20.03.22,centre,Yverdon,Vuiteboeuf,5766,,115,0,0,115,10,8.695652173913043,105,91.30434782608695,
gc_2022_verts,20.03.22,centre-gauche,Yverdon,Vuiteboeuf,5766,,115,0,0,115,12,10.434782608695652,103,89.56521739130436,
gc_2022_PS,20.03.22,centre-gauche,Yverdon,Belmont-sur-Yverdon,5902,,98,0,0,98,11,11.224489795918368,87,88.77551020408163,
gc_2022_Gauche,20.03.22,gauche,Yverdon,Belmont-sur-Yverdon,5902,,98,0,0,98,8,8.16326530612245,90,91.83673469387756,
gc_2022_extreme-droite,20.03.22,extreme-droite,Yverdon,Belmont-sur-Yverdon,5902,,98,0,0,98,35,35.714285714285715,63,64.28571428571429,
gc_2022_droite-bourgeoise,20.03.22,droite,Yverdon,Belmont-sur-Yverdon,5902,,98,0,0,98,29,29.591836734693878,69,70.40816326530613,
gc_2022_centre,20.03.22,centre,Yverdon,Belmont-sur-Yverdon,5902,,98,0,0,98,5,5.1020408163265305,93,94.89795918367348,
gc_2022_verts,20.03.22,centre-gauche,Yverdon,Belmont-sur-Yverdon,5902,,98,0,0,98,9,9.183673469387756,89,90.81632653061224,
gc_2022_PS,20.03.22,centre-gauche,Yverdon,Bioley-Magnoux,5903,,72,0,0,72,8,11.11111111111111,64,88.88888888888889,
gc_2022_Gauche,20.03.22,gauche,Yverdon,Bioley-Magnoux,5903,,72,0,0,72,5,6.944444444444445,67,93.05555555555556,
gc_2022_extreme-droite,20.03.22,extreme-droite,Yverdon,Bioley-Magnoux,5903,,72,0,0,72,29,40.27777777777778,43,59.72222222222222,
gc_2022_droite-bourgeoise,20.03.22,droite,Yverdon,Bioley-Magnoux,5903,,72,0,0,72,19,26.38888888888889,53,73.61111111111111,
gc_2022_centre,20.03.22,centre,Yverdon,Bioley-Magnoux,5903,,72,0,0,72,5,6.944444444444445,67,93.05555555555556,
gc_2022_verts,20.03.22,centre-gauche,Yverdon,Bioley-Magnoux,5903,,72,0,0,72,7,9.722222222222223,65,90.27777777777779,
gc_2022_PS,20.03.22,centre-gauche,Yverdon,Chamblon,5904,,142,0,0,142,27,19.014084507042252,115,80.98591549295774,
gc_2022_Gauche,20.03.22,gauche,Yverdon,Chamblon,5904,,142,0,0,142,11,7.746478873239436,131,92.25352112676056,
gc_2022_extreme-droite,20.03.22,extreme-droite,Yverdon,Chamblon,5904,,142,0,0,142,22,15.492957746478872,120,84.50704225352112,
gc_2022_droite-bourgeoise,20.03.22,droite,Yverdon,Chamblon,5904,,142,0,0,142,59,41.54929577464789,83,58.45070422535211,
gc_2022_centre,20.03.22,centre,Yverdon,Chamblon,5904,,142,0,0,142,12,8.450704225352112,130,91.54929577464789,
gc_2022_verts,20.03.22,centre-gauche,Yverdon,Chamblon,5904,,142,0,0,142,11,7.746478873239436,131,92.25352112676056,
gc_2022_PS,20.03.22,centre-gauche,Yverdon,Champvent,5905,,152,0,0,152,21,13.815789473684212,131,86.18421052631578,
gc_2022_Gauche,20.03.22,gauche,Yverdon,Champvent,5905,,152,0,0,152,7,4.605263157894736,145,95.39473684210526,
gc_2022_extreme-droite,20.03.22,extreme-droite,Yverdon,Champvent,5905,,152,0,0,152,41,26.973684210526315,111,73.02631578947368,
gc_2022_droite-bourgeoise,20.03.22,droite,Yverdon,Champvent,5905,,152,0,0,152,50,32.89473684210527,102,67.10526315789474,
gc_2022_centre,20.03.22,centre,Yverdon,Champvent,5905,,152,0,0,152,18,11.842105263157894,134,88.1578947368421,
gc_2022_verts,20.03.22,centre-gauche,Yverdon,Champvent,5905,,152,0,0,152,16,10.526315789473683,136,89.47368421052632,
gc_2022_PS,20.03.22,centre-gauche,Yverdon,Chavannes-le-Chêne,5907,,82,0,0,82,10,12.195121951219512,72,87.8048780487805,
gc_2022_Gauche,20.03.22,gauche,Yverdon,Chavannes-le-Chêne,5907,,82,0,0,82,2,2.4390243902439024,80,97.5609756097561,
gc_2022_extreme-droite,20.03.22,extreme-droite,Yverdon,Chavannes-le-Chêne,5907,,82,0,0,82,37,45.1219512195122,45,54.87804878048781,
gc_2022_droite-bourgeoise,20.03.22,droite,Yverdon,Chavannes-le-Chêne,5907,,82,0,0,82,20,24.390243902439025,62,75.60975609756098,
gc_2022_centre,20.03.22,centre,Yverdon,Chavannes-le-Chêne,5907,,82,0,0,82,4,4.878048780487805,78,95.1219512195122,
gc_2022_verts,20.03.22,centre-gauche,Yverdon,Chavannes-le-Chêne,5907,,82,0,0,82,9,10.975609756097562,73,89.02439024390245,
gc_2022_PS,20.03.22,centre-gauche,Yverdon,Chêne-Pâquier,5908,,44,0,0,44,2,4.545454545454546,42,95.45454545454545,
gc_2022_Gauche,20.03.22,gauche,Yverdon,Chêne-Pâquier,5908,,44,0,0,44,6,13.636363636363635,38,86.36363636363636,
gc_2022_extreme-droite,20.03.22,extreme-droite,Yverdon,Chêne-Pâquier,5908,,44,0,0,44,11,25,33,75,
gc_2022_droite-bourgeoise,20.03.22,droite,Yverdon,Chêne-Pâquier,5908,,44,0,0,44,13,29.545454545454547,31,70.45454545454545,
gc_2022_centre,20.03.22,centre,Yverdon,Chêne-Pâquier,5908,,44,0,0,44,3,6.8181818181818175,41,93.18181818181817,
gc_2022_verts,20.03.22,centre-gauche,Yverdon,Chêne-Pâquier,5908,,44,0,0,44,10,22.727272727272727,34,77.27272727272727,
gc_2022_PS,20.03.22,centre-gauche,Yverdon,Cheseaux-Noréaz,5909,,224,0,0,224,31,13.839285714285715,193,86.16071428571429,
gc_2022_Gauche,20.03.22,gauche,Yverdon,Cheseaux-Noréaz,5909,,224,0,0,224,10,4.464285714285714,214,95.53571428571429,
gc_2022_extreme-droite,20.03.22,extreme-droite,Yverdon,Cheseaux-Noréaz,5909,,224,0,0,224,30,13.392857142857142,194,86.60714285714286,
gc_2022_droite-bourgeoise,20.03.22,droite,Yverdon,Cheseaux-Noréaz,5909,,224,0,0,224,93,41.517857142857146,131,58.48214285714286,
gc_2022_centre,20.03.22,centre,Yverdon,Cheseaux-Noréaz,5909,,224,0,0,224,22,9.821428571428571,202,90.17857142857143,
gc_2022_verts,20.03.22,centre-gauche,Yverdon,Cheseaux-Noréaz,5909,,224,0,0,224,37,16.517857142857142,187,83.48214285714286,
gc_2022_PS,20.03.22,centre-gauche,Yverdon,Cronay,5910,,128,0,0,128,24,18.75,104,81.25,
gc_2022_Gauche,20.03.22,gauche,Yverdon,Cronay,5910,,128,0,0,128,7,5.46875,121,94.53125,
gc_2022_extreme-droite,20.03.22,extreme-droite,Yverdon,Cronay,5910,,128,0,0,128,46,35.9375,82,64.0625,
gc_2022_droite-bourgeoise,20.03.22,droite,Yverdon,Cronay,5910,,128,0,0,128,30,23.4375,98,76.5625,
gc_2022_centre,20.03.22,centre,Yverdon,Cronay,5910,,128,0,0,128,8,6.25,120,93.75,
gc_2022_verts,20.03.22,centre-gauche,Yverdon,Cronay,5910,,128,0,0,128,14,10.9375,114,89.0625,
gc_2022_PS,20.03.22,centre-gauche,Yverdon,Cuarny,5911,,59,0,0,59,8,13.559322033898304,51,86.4406779661017,
gc_2022_Gauche,20.03.22,gauche,Yverdon,Cuarny,5911,,59,0,0,59,2,3.389830508474576,57,96.61016949152543,
gc_2022_extreme-droite,20.03.22,extreme-droite,Yverdon,Cuarny,5911,,59,0,0,59,26,44.06779661016949,33,55.932203389830505,
gc_2022_droite-bourgeoise,20.03.22,droite,Yverdon,Cuarny,5911,,59,0,0,59,17,28.8135593220339,42,71.1864406779661,
gc_2022_centre,20.03.22,centre,Yverdon,Cuarny,5911,,59,0,0,59,5,8.47457627118644,54,91.52542372881356,
gc_2022_verts,20.03.22,centre-gauche,Yverdon,Cuarny,5911,,59,0,0,59,1,1.694915254237288,58,98.30508474576271,
gc_2022_PS,20.03.22,centre-gauche,Yverdon,Démoret,5912,,57,0,0,57,2,3.508771929824561,55,96.49122807017544,
gc_2022_Gauche,20.03.22,gauche,Yverdon,Démoret,5912,,57,0,0,57,6,10.526315789473683,51,89.47368421052632,
gc_2022_extreme-droite,20.03.22,extreme-droite,Yverdon,Démoret,5912,,57,0,0,57,22,38.59649122807017,35,61.40350877192983,
gc_2022_droite-bourgeoise,20.03.22,droite,Yverdon,Démoret,5912,,57,0,0,57,19,33.33333333333333,38,66.66666666666666,
gc_2022_centre,20.03.22,centre,Yverdon,Démoret,5912,,57,0,0,57,4,7.017543859649122,53,92.98245614035088,
gc_2022_verts,20.03.22,centre-gauche,Yverdon,Démoret,5912,,57,0,0,57,6,10.526315789473683,51,89.47368421052632,
gc_2022_PS,20.03.22,centre-gauche,Yverdon,Donneloye,5913,,211,0,0,211,27,12.796208530805686,184,87.20379146919431,
gc_2022_Gauche,20.03.22,gauche,Yverdon,Donneloye,5913,,211,0,0,211,19,9.004739336492891,192,90.99526066350711,
gc_2022_extreme-droite,20.03.22,extreme-droite,Yverdon,Donneloye,5913,,211,0,0,211,66,31.27962085308057,145,68.72037914691943,
gc_2022_droite-bourgeoise,20.03.22,droite,Yverdon,Donneloye,5913,,211,0,0,211,55,26.066350710900476,156,73.93364928909952,
gc_2022_centre,20.03.22,centre,Yverdon,Donneloye,5913,,211,0,0,211,15,7.109004739336493,196,92.89099526066352,
gc_2022_verts,20.03.22,centre-gauche,Yverdon,Donneloye,5913,,211,0,0,211,29,13.744075829383887,182,86.25592417061611,
gc_2022_PS,20.03.22,centre-gauche,Yverdon,Ependes VD,5914,,100,0,0,100,15,15,85,85,
gc_2022_Gauche,20.03.22,gauche,Yverdon,Ependes VD,5914,,100,0,0,100,5,5,95,95,
gc_2022_extreme-droite,20.03.22,extreme-droite,Yverdon,Ependes VD,5914,,100,0,0,100,29,28.999999999999996,71,71,
gc_2022_droite-bourgeoise,20.03.22,droite,Yverdon,Ependes VD,5914,,100,0,0,100,24,24,76,76,
gc_2022_centre,20.03.22,centre,Yverdon,Ependes VD,5914,,100,0,0,100,8,8,92,92,
gc_2022_verts,20.03.22,centre-gauche,Yverdon,Ependes VD,5914,,100,0,0,100,18,18,82,82,
gc_2022_PS,20.03.22,centre-gauche,Yverdon,Mathod,5919,,142,0,0,142,16,11.267605633802818,126,88.73239436619718,
gc_2022_Gauche,20.03.22,gauche,Yverdon,Mathod,5919,,142,0,0,142,16,11.267605633802818,126,88.73239436619718,
gc_2022_extreme-droite,20.03.22,extreme-droite,Yverdon,Mathod,5919,,142,0,0,142,39,27.464788732394368,103,72.53521126760563,
gc_2022_droite-bourgeoise,20.03.22,droite,Yverdon,Mathod,5919,,142,0,0,142,40,28.169014084507044,102,71.83098591549296,
gc_2022_centre,20.03.22,centre,Yverdon,Mathod,5919,,142,0,0,142,9,6.338028169014084,133,93.66197183098592,
gc_2022_verts,20.03.22,centre-gauche,Yverdon,Mathod,5919,,142,0,0,142,22,15.492957746478872,120,84.50704225352112,
gc_2022_PS,20.03.22,centre-gauche,Yverdon,Molondin,5921,,64,0,0,64,4,6.25,60,93.75,
gc_2022_Gauche,20.03.22,gauche,Yverdon,Molondin,5921,,64,0,0,64,1,1.5625,63,98.4375,
gc_2022_extreme-droite,20.03.22,extreme-droite,Yverdon,Molondin,5921,,64,0,0,64,23,35.9375,41,64.0625,
gc_2022_droite-bourgeoise,20.03.22,droite,Yverdon,Molondin,5921,,64,0,0,64,22,34.375,42,65.625,
gc_2022_centre,20.03.22,centre,Yverdon,Molondin,5921,,64,0,0,64,3,4.6875,61,95.3125,
gc_2022_verts,20.03.22,centre-gauche,Yverdon,Molondin,5921,,64,0,0,64,10,15.625,54,84.375,
gc_2022_PS,20.03.22,centre-gauche,Yverdon,Montagny-près-Yverdon,5922,,154,0,0,154,31,20.12987012987013,123,79.87012987012987,
gc_2022_Gauche,20.03.22,gauche,Yverdon,Montagny-près-Yverdon,5922,,154,0,0,154,8,5.194805194805195,146,94.8051948051948,
gc_2022_extreme-droite,20.03.22,extreme-droite,Yverdon,Montagny-près-Yverdon,5922,,154,0,0,154,29,18.83116883116883,125,81.16883116883116,
gc_2022_droite-bourgeoise,20.03.22,droite,Yverdon,Montagny-près-Yverdon,5922,,154,0,0,154,50,32.467532467532465,104,67.53246753246754,
gc_2022_centre,20.03.22,centre,Yverdon,Montagny-près-Yverdon,5922,,154,0,0,154,17,11.03896103896104,137,88.96103896103897,
gc_2022_verts,20.03.22,centre-gauche,Yverdon,Montagny-près-Yverdon,5922,,154,0,0,154,17,11.03896103896104,137,88.96103896103897,
gc_2022_PS,20.03.22,centre-gauche,Yverdon,Orges,5924,,74,0,0,74,17,22.972972972972975,57,77.02702702702703,
gc_2022_Gauche,20.03.22,gauche,Yverdon,Orges,5924,,74,0,0,74,2,2.7027027027027026,72,97.2972972972973,
gc_2022_extreme-droite,20.03.22,extreme-droite,Yverdon,Orges,5924,,74,0,0,74,27,36.486486486486484,47,63.51351351351351,
gc_2022_droite-bourgeoise,20.03.22,droite,Yverdon,Orges,5924,,74,0,0,74,17,22.972972972972975,57,77.02702702702703,
gc_2022_centre,20.03.22,centre,Yverdon,Orges,5924,,74,0,0,74,4,5.405405405405405,70,94.5945945945946,
gc_2022_verts,20.03.22,centre-gauche,Yverdon,Orges,5924,,74,0,0,74,7,9.45945945945946,67,90.54054054054053,
gc_2022_PS,20.03.22,centre-gauche,Yverdon,Orzens,5925,,70,0,0,70,8,11.428571428571429,62,88.57142857142857,
gc_2022_Gauche,20.03.22,gauche,Yverdon,Orzens,5925,,70,0,0,70,8,11.428571428571429,62,88.57142857142857,
gc_2022_extreme-droite,20.03.22,extreme-droite,Yverdon,Orzens,5925,,70,0,0,70,26,37.142857142857146,44,62.857142857142854,
gc_2022_droite-bourgeoise,20.03.22,droite,Yverdon,Orzens,5925,,70,0,0,70,18,25.71428571428571,52,74.28571428571429,
gc_2022_centre,20.03.22,centre,Yverdon,Orzens,5925,,70,0,0,70,3,4.285714285714286,67,95.71428571428572,
gc_2022_verts,20.03.22,centre-gauche,Yverdon,Orzens,5925,,70,0,0,70,8,11.428571428571429,62,88.57142857142857,
gc_2022_PS,20.03.22,centre-gauche,Yverdon,Pomy,5926,,221,0,0,221,24,10.85972850678733,197,89.14027149321268,
gc_2022_Gauche,20.03.22,gauche,Yverdon,Pomy,5926,,221,0,0,221,19,8.597285067873303,202,91.4027149321267,
gc_2022_extreme-droite,20.03.22,extreme-droite,Yverdon,Pomy,5926,,221,0,0,221,79,35.74660633484163,142,64.25339366515837,
gc_2022_droite-bourgeoise,20.03.22,droite,Yverdon,Pomy,5926,,221,0,0,221,54,24.43438914027149,167,75.56561085972851,
gc_2022_centre,20.03.22,centre,Yverdon,Pomy,5926,,221,0,0,221,21,9.502262443438914,200,90.49773755656109,
gc_2022_verts,20.03.22,centre-gauche,Yverdon,Pomy,5926,,221,0,0,221,26,11.76470588235294,195,88.23529411764706,
gc_2022_PS,20.03.22,centre-gauche,Yverdon,Rovray,5928,,71,0,0,71,6,8.450704225352112,65,91.54929577464789,
gc_2022_Gauche,20.03.22,gauche,Yverdon,Rovray,5928,,71,0,0,71,1,1.4084507042253522,70,98.59154929577466,
gc_2022_extreme-droite,20.03.22,extreme-droite,Yverdon,Rovray,5928,,71,0,0,71,41,57.74647887323944,30,42.25352112676056,
gc_2022_droite-bourgeoise,20.03.22,droite,Yverdon,Rovray,5928,,71,0,0,71,17,23.943661971830984,54,76.05633802816901,
gc_2022_centre,20.03.22,centre,Yverdon,Rovray,5928,,71,0,0,71,4,5.633802816901409,67,94.36619718309859,
gc_2022_verts,20.03.22,centre-gauche,Yverdon,Rovray,5928,,71,0,0,71,3,4.225352112676056,68,95.77464788732394,
gc_2022_PS,20.03.22,centre-gauche,Yverdon,Suchy,5929,,145,0,0,145,16,11.03448275862069,129,88.96551724137932,
gc_2022_Gauche,20.03.22,gauche,Yverdon,Suchy,5929,,145,0,0,145,5,3.4482758620689653,140,96.55172413793103,
gc_2022_extreme-droite,20.03.22,extreme-droite,Yverdon,Suchy,5929,,145,0,0,145,48,33.10344827586207,97,66.89655172413794,
gc_2022_droite-bourgeoise,20.03.22,droite,Yverdon,Suchy,5929,,145,0,0,145,50,34.48275862068966,95,65.51724137931035,
gc_2022_centre,20.03.22,centre,Yverdon,Suchy,5929,,145,0,0,145,9,6.206896551724138,136,93.79310344827586,
gc_2022_verts,20.03.22,centre-gauche,Yverdon,Suchy,5929,,145,0,0,145,17,11.724137931034482,128,88.27586206896552,
gc_2022_PS,20.03.22,centre-gauche,Yverdon,Suscévaz,5930,,58,0,0,58,10,17.24137931034483,48,82.75862068965517,
gc_2022_Gauche,20.03.22,gauche,Yverdon,Suscévaz,5930,,58,0,0,58,1,1.7241379310344827,57,98.27586206896551,
gc_2022_extreme-droite,20.03.22,extreme-droite,Yverdon,Suscévaz,5930,,58,0,0,58,17,29.310344827586203,41,70.6896551724138,
gc_2022_droite-bourgeoise,20.03.22,droite,Yverdon,Suscévaz,5930,,58,0,0,58,18,31.03448275862069,40,68.96551724137932,
gc_2022_centre,20.03.22,centre,Yverdon,Suscévaz,5930,,58,0,0,58,4,6.896551724137931,54,93.10344827586206,
gc_2022_verts,20.03.22,centre-gauche,Yverdon,Suscévaz,5930,,58,0,0,58,9,15.517241379310345,49,84.48275862068965,
gc_2022_PS,20.03.22,centre-gauche,Yverdon,Treycovagnes,5931,,83,0,0,83,27,32.53012048192771,56,67.46987951807229,
gc_2022_Gauche,20.03.22,gauche,Yverdon,Treycovagnes,5931,,83,0,0,83,4,4.819277108433735,79,95.18072289156626,
gc_2022_extreme-droite,20.03.22,extreme-droite,Yverdon,Treycovagnes,5931,,83,0,0,83,10,12.048192771084338,73,87.95180722891565,
gc_2022_droite-bourgeoise,20.03.22,droite,Yverdon,Treycovagnes,5931,,83,0,0,83,17,20.481927710843372,66,79.51807228915662,
gc_2022_centre,20.03.22,centre,Yverdon,Treycovagnes,5931,,83,0,0,83,13,15.66265060240964,70,84.33734939759037,
gc_2022_verts,20.03.22,centre-gauche,Yverdon,Treycovagnes,5931,,83,0,0,83,11,13.253012048192772,72,86.74698795180723,
gc_2022_PS,20.03.22,centre-gauche,Yverdon,Ursins,5932,,53,0,0,53,3,5.660377358490567,50,94.33962264150944,
gc_2022_Gauche,20.03.22,gauche,Yverdon,Ursins,5932,,53,0,0,53,2,3.7735849056603774,51,96.22641509433963,
gc_2022_extreme-droite,20.03.22,extreme-droite,Yverdon,Ursins,5932,,53,0,0,53,21,39.62264150943396,32,60.37735849056604,
gc_2022_droite-bourgeoise,20.03.22,droite,Yverdon,Ursins,5932,,53,0,0,53,18,33.9622641509434,35,66.0377358490566,
gc_2022_centre,20.03.22,centre,Yverdon,Ursins,5932,,53,0,0,53,5,9.433962264150944,48,90.56603773584906,
gc_2022_verts,20.03.22,centre-gauche,Yverdon,Ursins,5932,,53,0,0,53,5,9.433962264150944,48,90.56603773584906,
gc_2022_PS,20.03.22,centre-gauche,Yverdon,Valeyres-sous-Montagny,5933,,169,0,0,169,32,18.93491124260355,137,81.06508875739645,
gc_2022_Gauche,20.03.22,gauche,Yverdon,Valeyres-sous-Montagny,5933,,169,0,0,169,11,6.508875739644971,158,93.49112426035504,
gc_2022_extreme-droite,20.03.22,extreme-droite,Yverdon,Valeyres-sous-Montagny,5933,,169,0,0,169,28,16.56804733727811,141,83.4319526627219,
gc_2022_droite-bourgeoise,20.03.22,droite,Yverdon,Valeyres-sous-Montagny,5933,,169,0,0,169,54,31.952662721893493,115,68.04733727810651,
gc_2022_centre,20.03.22,centre,Yverdon,Valeyres-sous-Montagny,5933,,169,0,0,169,19,11.242603550295858,150,88.75739644970415,
gc_2022_verts,20.03.22,centre-gauche,Yverdon,Valeyres-sous-Montagny,5933,,169,0,0,169,25,14.792899408284024,144,85.20710059171599,
gc_2022_PS,20.03.22,centre-gauche,Yverdon,Valeyres-sous-Ursins,5934,,94,0,0,94,12,12.76595744680851,82,87.2340425531915,
gc_2022_Gauche,20.03.22,gauche,Yverdon,Valeyres-sous-Ursins,5934,,94,0,0,94,11,11.702127659574469,83,88.29787234042553,
gc_2022_extreme-droite,20.03.22,extreme-droite,Yverdon,Valeyres-sous-Ursins,5934,,94,0,0,94,30,31.914893617021278,64,68.08510638297872,
gc_2022_droite-bourgeoise,20.03.22,droite,Yverdon,Valeyres-sous-Ursins,5934,,94,0,0,94,19,20.212765957446805,75,79.7872340425532,
gc_2022_centre,20.03.22,centre,Yverdon,Valeyres-sous-Ursins,5934,,94,0,0,94,10,10.638297872340425,84,89.36170212765957,
gc_2022_verts,20.03.22,centre-gauche,Yverdon,Valeyres-sous-Ursins,5934,,94,0,0,94,13,13.829787234042554,81,86.17021276595744,
gc_2022_PS,20.03.22,centre-gauche,Yverdon,Villars-Epeney,5935,,23,0,0,23,4,17.391304347826086,19,82.6086956521739,
gc_2022_Gauche,20.03.22,gauche,Yverdon,Villars-Epeney,5935,,23,0,0,23,1,4.3478260869565215,22,95.65217391304348,
gc_2022_extreme-droite,20.03.22,extreme-droite,Yverdon,Villars-Epeney,5935,,23,0,0,23,12,52.17391304347826,11,47.82608695652174,
gc_2022_droite-bourgeoise,20.03.22,droite,Yverdon,Villars-Epeney,5935,,23,0,0,23,3,13.043478260869565,20,86.95652173913044,
gc_2022_centre,20.03.22,centre,Yverdon,Villars-Epeney,5935,,23,0,0,23,0,0,23,100,
gc_2022_verts,20.03.22,centre-gauche,Yverdon,Villars-Epeney,5935,,23,0,0,23,2,8.695652173913043,21,91.30434782608695,
gc_2022_PS,20.03.22,centre-gauche,Yverdon,Vugelles-La Mothe,5937,,38,0,0,38,4,10.526315789473683,34,89.47368421052632,
gc_2022_Gauche,20.03.22,gauche,Yverdon,Vugelles-La Mothe,5937,,38,0,0,38,2,5.263157894736842,36,94.73684210526315,
gc_2022_extreme-droite,20.03.22,extreme-droite,Yverdon,Vugelles-La Mothe,5937,,38,0,0,38,21,55.26315789473685,17,44.73684210526316,
gc_2022_droite-bourgeoise,20.03.22,droite,Yverdon,Vugelles-La Mothe,5937,,38,0,0,38,5,13.157894736842104,33,86.8421052631579,
gc_2022_centre,20.03.22,centre,Yverdon,Vugelles-La Mothe,5937,,38,0,0,38,2,5.263157894736842,36,94.73684210526315,
gc_2022_verts,20.03.22,centre-gauche,Yverdon,Vugelles-La Mothe,5937,,38,0,0,38,4,10.526315789473683,34,89.47368421052632,
gc_2022_PS,20.03.22,centre-gauche,Yverdon,Yverdon-les-Bains,5938,,4321,0,0,4321,1110,25.68849803286276,3211,74.31150196713723,
gc_2022_Gauche,20.03.22,gauche,Yverdon,Yverdon-les-Bains,5938,,4321,0,0,4321,408,9.44225873640361,3913,90.5577412635964,
gc_2022_extreme-droite,20.03.22,extreme-droite,Yverdon,Yverdon-les-Bains,5938,,4321,0,0,4321,535,12.38139319601944,3786,87.61860680398055,
gc_2022_droite-bourgeoise,20.03.22,droite,Yverdon,Yverdon-les-Bains,5938,,4321,0,0,4321,1217,28.16477667206665,3104,71.83522332793335,
gc_2022_centre,20.03.22,centre,Yverdon,Yverdon-les-Bains,5938,,4321,0,0,4321,310,7.174265216385097,4011,92.8257347836149,
gc_2022_verts,20.03.22,centre-gauche,Yverdon,Yverdon-les-Bains,5938,,4321,0,0,4321,739,17.102522564221246,3582,82.89747743577875,
gc_2022_PS,20.03.22,centre-gauche,Yverdon,Yvonand,5939,,768,0,0,768,199,25.911458333333332,569,74.08854166666666,
gc_2022_Gauche,20.03.22,gauche,Yverdon,Yvonand,5939,,768,0,0,768,61,7.942708333333333,707,92.05729166666666,
gc_2022_extreme-droite,20.03.22,extreme-droite,Yverdon,Yvonand,5939,,768,0,0,768,179,23.307291666666664,589,76.69270833333334,
gc_2022_droite-bourgeoise,20.03.22,droite,Yverdon,Yvonand,5939,,768,0,0,768,180,23.4375,588,76.5625,
gc_2022_centre,20.03.22,centre,Yverdon,Yvonand,5939,,768,0,0,768,45,5.859375,723,94.140625,
gc_2022_verts,20.03.22,centre-gauche,Yverdon,Yvonand,5939,,768,0,0,768,103,13.411458333333334,665,86.58854166666666,
gc_2022_PS,20.03.22,centre-gauche,Lausanne-Ville,Lausanne,5586,,18616,0,0,18616,5426,29.146970348087663,13190,70.85302965191234,
gc_2022_Gauche,20.03.22,gauche,Lausanne-Ville,Lausanne,5586,,18616,0,0,18616,2310,12.40868070477009,16306,87.59131929522991,
gc_2022_extreme-droite,20.03.22,extreme-droite,Lausanne-Ville,Lausanne,5586,,18616,0,0,18616,1174,6.306403094112591,17442,93.6935969058874,
gc_2022_droite-bourgeoise,20.03.22,droite,Lausanne-Ville,Lausanne,5586,,18616,0,0,18616,4151,22.298023205844437,14465,77.70197679415557,
gc_2022_centre,20.03.22,centre,Lausanne-Ville,Lausanne,5586,,18616,0,0,18616,1846,9.916201117318437,16770,90.08379888268156,
gc_2022_verts,20.03.22,centre-gauche,Lausanne-Ville,Lausanne,5586,,18616,0,0,18616,3709,19.923721529866782,14907,80.07627847013322,
gc_2022_PS,20.03.22,centre-gauche,Romanel,Cheseaux-sur-Lausanne,5582,,812,0,0,812,180,22.167487684729064,632,77.83251231527095,
gc_2022_Gauche,20.03.22,gauche,Romanel,Cheseaux-sur-Lausanne,5582,,812,0,0,812,10,1.2315270935960592,802,98.76847290640394,
gc_2022_extreme-droite,20.03.22,extreme-droite,Romanel,Cheseaux-sur-Lausanne,5582,,812,0,0,812,195,24.014778325123153,617,75.98522167487684,
gc_2022_droite-bourgeoise,20.03.22,droite,Romanel,Cheseaux-sur-Lausanne,5582,,812,0,0,812,219,26.970443349753694,593,73.0295566502463,
gc_2022_centre,20.03.22,centre,Romanel,Cheseaux-sur-Lausanne,5582,,812,0,0,812,72,8.866995073891626,740,91.13300492610837,
gc_2022_verts,20.03.22,centre-gauche,Romanel,Cheseaux-sur-Lausanne,5582,,812,0,0,812,135,16.625615763546797,677,83.37438423645321,
gc_2022_PS,20.03.22,centre-gauche,Romanel,Epalinges,5584,,2033,0,0,2033,408,20.068863748155437,1625,79.93113625184456,
gc_2022_Gauche,20.03.22,gauche,Romanel,Epalinges,5584,,2033,0,0,2033,27,1.3280865715691097,2006,98.67191342843088,
gc_2022_extreme-droite,20.03.22,extreme-droite,Romanel,Epalinges,5584,,2033,0,0,2033,241,11.854402361042794,1792,88.14559763895721,
gc_2022_droite-bourgeoise,20.03.22,droite,Romanel,Epalinges,5584,,2033,0,0,2033,722,35.51401869158878,1311,64.48598130841121,
gc_2022_centre,20.03.22,centre,Romanel,Epalinges,5584,,2033,0,0,2033,237,11.657648794884407,1796,88.34235120511559,
gc_2022_verts,20.03.22,centre-gauche,Romanel,Epalinges,5584,,2033,0,0,2033,399,19.626168224299064,1634,80.37383177570094,
gc_2022_PS,20.03.22,centre-gauche,Romanel,Jouxtens-Mézery,5585,,382,0,0,382,58,15.18324607329843,324,84.81675392670157,
gc_2022_Gauche,20.03.22,gauche,Romanel,Jouxtens-Mézery,5585,,382,0,0,382,7,1.832460732984293,375,98.1675392670157,
gc_2022_extreme-droite,20.03.22,extreme-droite,Romanel,Jouxtens-Mézery,5585,,382,0,0,382,69,18.06282722513089,313,81.93717277486911,
gc_2022_droite-bourgeoise,20.03.22,droite,Romanel,Jouxtens-Mézery,5585,,382,0,0,382,152,39.79057591623037,230,60.20942408376963,
gc_2022_centre,20.03.22,centre,Romanel,Jouxtens-Mézery,5585,,382,0,0,382,43,11.2565445026178,339,88.7434554973822,
gc_2022_verts,20.03.22,centre-gauche,Romanel,Jouxtens-Mézery,5585,,382,0,0,382,52,13.612565445026178,330,86.38743455497382,
gc_2022_PS,20.03.22,centre-gauche,Romanel,Le Mont-sur-Lausanne,5587,,1559,0,0,1559,209,13.40602950609365,1350,86.59397049390634,
gc_2022_Gauche,20.03.22,gauche,Romanel,Le Mont-sur-Lausanne,5587,,1559,0,0,1559,36,2.3091725465041693,1523,97.69082745349583,
gc_2022_extreme-droite,20.03.22,extreme-droite,Romanel,Le Mont-sur-Lausanne,5587,,1559,0,0,1559,211,13.534316869788327,1348,86.46568313021167,
gc_2022_droite-bourgeoise,20.03.22,droite,Romanel,Le Mont-sur-Lausanne,5587,,1559,0,0,1559,636,40.79538165490699,923,59.20461834509301,
gc_2022_centre,20.03.22,centre,Romanel,Le Mont-sur-Lausanne,5587,,1559,0,0,1559,144,9.236690186016677,1415,90.76330981398331,
gc_2022_verts,20.03.22,centre-gauche,Romanel,Le Mont-sur-Lausanne,5587,,1559,0,0,1559,322,20.654265554842848,1237,79.34573444515716,
gc_2022_PS,20.03.22,centre-gauche,Romanel,Romanel-sur-Lausanne,5592,,646,0,0,646,142,21.981424148606813,504,78.0185758513932,
gc_2022_Gauche,20.03.22,gauche,Romanel,Romanel-sur-Lausanne,5592,,646,0,0,646,12,1.8575851393188854,634,98.14241486068111,
gc_2022_extreme-droite,20.03.22,extreme-droite,Romanel,Romanel-sur-Lausanne,5592,,646,0,0,646,124,19.195046439628484,522,80.80495356037152,
gc_2022_droite-bourgeoise,20.03.22,droite,Romanel,Romanel-sur-Lausanne,5592,,646,0,0,646,239,36.9969040247678,407,63.00309597523219,
gc_2022_centre,20.03.22,centre,Romanel,Romanel-sur-Lausanne,5592,,646,0,0,646,39,6.037151702786378,607,93.96284829721363,
gc_2022_verts,20.03.22,centre-gauche,Romanel,Romanel-sur-Lausanne,5592,,646,0,0,646,90,13.93188854489164,556,86.06811145510835,
gc_2022_PS,20.03.22,centre-gauche,Aigle,Aigle,5401,,1562,0,0,1562,326,20.87067861715749,1236,79.1293213828425,
gc_2022_Gauche,20.03.22,gauche,Aigle,Aigle,5401,,1562,0,0,1562,62,3.969270166453265,1500,96.03072983354673,
gc_2022_extreme-droite,20.03.22,extreme-droite,Aigle,Aigle,5401,,1562,0,0,1562,178,11.395646606914212,1384,88.60435339308579,
gc_2022_droite-bourgeoise,20.03.22,droite,Aigle,Aigle,5401,,1562,0,0,1562,663,42.445582586427655,899,57.554417413572345,
gc_2022_centre,20.03.22,centre,Aigle,Aigle,5401,,1562,0,0,1562,117,7.490396927016646,1445,92.50960307298335,
gc_2022_verts,20.03.22,centre-gauche,Aigle,Aigle,5401,,1562,0,0,1562,216,13.828425096030731,1346,86.17157490396927,
gc_2022_PS,20.03.22,centre-gauche,Aigle,Bex,5402,,1239,0,0,1239,359,28.97497982243745,880,71.02502017756255,
gc_2022_Gauche,20.03.22,gauche,Aigle,Bex,5402,,1239,0,0,1239,39,3.14769975786925,1200,96.85230024213075,
gc_2022_extreme-droite,20.03.22,extreme-droite,Aigle,Bex,5402,,1239,0,0,1239,195,15.738498789346247,1044,84.26150121065376,
gc_2022_droite-bourgeoise,20.03.22,droite,Aigle,Bex,5402,,1239,0,0,1239,277,22.35673930589185,962,77.64326069410815,
gc_2022_centre,20.03.22,centre,Aigle,Bex,5402,,1239,0,0,1239,213,17.191283292978206,1026,82.80871670702179,
gc_2022_verts,20.03.22,centre-gauche,Aigle,Bex,5402,,1239,0,0,1239,156,12.590799031477,1083,87.40920096852301,
gc_2022_PS,20.03.22,centre-gauche,Aigle,Chessel,5403,,97,0,0,97,8,8.24742268041237,89,91.75257731958763,
gc_2022_Gauche,20.03.22,gauche,Aigle,Chessel,5403,,97,0,0,97,1,1.0309278350515463,96,98.96907216494846,
gc_2022_extreme-droite,20.03.22,extreme-droite,Aigle,Chessel,5403,,97,0,0,97,24,24.742268041237114,73,75.25773195876289,
gc_2022_droite-bourgeoise,20.03.22,droite,Aigle,Chessel,5403,,97,0,0,97,43,44.329896907216494,54,55.670103092783506,
gc_2022_centre,20.03.22,centre,Aigle,Chessel,5403,,97,0,0,97,3,3.0927835051546393,94,96.90721649484536,
gc_2022_verts,20.03.22,centre-gauche,Aigle,Chessel,5403,,97,0,0,97,18,18.556701030927837,79,81.44329896907216,
gc_2022_PS,20.03.22,centre-gauche,Aigle,Corbeyrier,5404,,130,0,0,130,25,19.230769230769234,105,80.76923076923077,
gc_2022_Gauche,20.03.22,gauche,Aigle,Corbeyrier,5404,,130,0,0,130,5,3.8461538461538463,125,96.15384615384616,
gc_2022_extreme-droite,20.03.22,extreme-droite,Aigle,Corbeyrier,5404,,130,0,0,130,37,28.46153846153846,93,71.53846153846153,
gc_2022_droite-bourgeoise,20.03.22,droite,Aigle,Corbeyrier,5404,,130,0,0,130,34,26.153846153846157,96,73.84615384615385,
gc_2022_centre,20.03.22,centre,Aigle,Corbeyrier,5404,,130,0,0,130,10,7.6923076923076925,120,92.3076923076923,
gc_2022_verts,20.03.22,centre-gauche,Aigle,Corbeyrier,5404,,130,0,0,130,18,13.846153846153847,112,86.15384615384616,
gc_2022_PS,20.03.22,centre-gauche,Aigle,Gryon,5405,,267,0,0,267,38,14.232209737827715,229,85.76779026217228,
gc_2022_Gauche,20.03.22,gauche,Aigle,Gryon,5405,,267,0,0,267,13,4.868913857677903,254,95.13108614232209,
gc_2022_extreme-droite,20.03.22,extreme-droite,Aigle,Gryon,5405,,267,0,0,267,44,16.479400749063668,223,83.52059925093633,
gc_2022_droite-bourgeoise,20.03.22,droite,Aigle,Gryon,5405,,267,0,0,267,92,34.45692883895131,175,65.54307116104869,
gc_2022_centre,20.03.22,centre,Aigle,Gryon,5405,,267,0,0,267,24,8.98876404494382,243,91.01123595505618,
gc_2022_verts,20.03.22,centre-gauche,Aigle,Gryon,5405,,267,0,0,267,56,20.973782771535582,211,79.02621722846442,
gc_2022_PS,20.03.22,centre-gauche,Aigle,Lavey-Morcles,5406,,164,0,0,164,31,18.902439024390244,133,81.09756097560977,
gc_2022_Gauche,20.03.22,gauche,Aigle,Lavey-Morcles,5406,,164,0,0,164,6,3.6585365853658534,158,96.34146341463415,
gc_2022_extreme-droite,20.03.22,extreme-droite,Aigle,Lavey-Morcles,5406,,164,0,0,164,35,21.341463414634145,129,78.65853658536585,
gc_2022_droite-bourgeoise,20.03.22,droite,Aigle,Lavey-Morcles,5406,,164,0,0,164,55,33.53658536585366,109,66.46341463414635,
gc_2022_centre,20.03.22,centre,Aigle,Lavey-Morcles,5406,,164,0,0,164,20,12.195121951219512,144,87.8048780487805,
gc_2022_verts,20.03.22,centre-gauche,Aigle,Lavey-Morcles,5406,,164,0,0,164,17,10.365853658536585,147,89.63414634146342,
gc_2022_PS,20.03.22,centre-gauche,Aigle,Leysin,5407,,500,0,0,500,94,18.8,406,81.2,
gc_2022_Gauche,20.03.22,gauche,Aigle,Leysin,5407,,500,0,0,500,10,2,490,98,
gc_2022_extreme-droite,20.03.22,extreme-droite,Aigle,Leysin,5407,,500,0,0,500,40,8,460,92,
gc_2022_droite-bourgeoise,20.03.22,droite,Aigle,Leysin,5407,,500,0,0,500,245,49,255,51,
gc_2022_centre,20.03.22,centre,Aigle,Leysin,5407,,500,0,0,500,28,5.6000000000000005,472,94.39999999999999,
gc_2022_verts,20.03.22,centre-gauche,Aigle,Leysin,5407,,500,0,0,500,82,16.400000000000002,418,83.6,
gc_2022_PS,20.03.22,centre-gauche,Aigle,Noville,5408,,199,0,0,199,38,19.09547738693467,161,80.90452261306532,
gc_2022_Gauche,20.03.22,gauche,Aigle,Noville,5408,,199,0,0,199,5,2.512562814070352,194,97.48743718592965,
gc_2022_extreme-droite,20.03.22,extreme-droite,Aigle,Noville,5408,,199,0,0,199,60,30.15075376884422,139,69.84924623115577,
gc_2022_droite-bourgeoise,20.03.22,droite,Aigle,Noville,5408,,199,0,0,199,61,30.65326633165829,138,69.34673366834171,
gc_2022_centre,20.03.22,centre,Aigle,Noville,5408,,199,0,0,199,8,4.0201005025125625,191,95.97989949748744,
gc_2022_verts,20.03.22,centre-gauche,Aigle,Noville,5408,,199,0,0,199,28,14.07035175879397,171,85.92964824120602,
gc_2022_PS,20.03.22,centre-gauche,Aigle,Ollon VD,5409,,1543,0,0,1543,238,15.424497731691512,1305,84.57550226830848,
gc_2022_Gauche,20.03.22,gauche,Aigle,Ollon VD,5409,,1543,0,0,1543,42,2.7219701879455602,1501,97.27802981205443,
gc_2022_extreme-droite,20.03.22,extreme-droite,Aigle,Ollon VD,5409,,1543,0,0,1543,233,15.10045366169799,1310,84.89954633830202,
gc_2022_droite-bourgeoise,20.03.22,droite,Aigle,Ollon VD,5409,,1543,0,0,1543,635,41.15359688917693,908,58.846403110823076,
gc_2022_centre,20.03.22,centre,Aigle,Ollon VD,5409,,1543,0,0,1543,94,6.09202851587816,1449,93.90797148412184,
gc_2022_verts,20.03.22,centre-gauche,Aigle,Ollon VD,5409,,1543,0,0,1543,301,19.50745301360985,1242,80.49254698639015,
gc_2022_PS,20.03.22,centre-gauche,Aigle,Ormont-Dessous,5410,,244,0,0,244,34,13.934426229508196,210,86.0655737704918,
gc_2022_Gauche,20.03.22,gauche,Aigle,Ormont-Dessous,5410,,244,0,0,244,5,2.0491803278688523,239,97.95081967213115,
gc_2022_extreme-droite,20.03.22,extreme-droite,Aigle,Ormont-Dessous,5410,,244,0,0,244,51,20.901639344262296,193,79.09836065573771,
gc_2022_droite-bourgeoise,20.03.22,droite,Aigle,Ormont-Dessous,5410,,244,0,0,244,111,45.49180327868852,133,54.50819672131148,
gc_2022_centre,20.03.22,centre,Aigle,Ormont-Dessous,5410,,244,0,0,244,16,6.557377049180328,228,93.44262295081968,
gc_2022_verts,20.03.22,centre-gauche,Aigle,Ormont-Dessous,5410,,244,0,0,244,28,11.475409836065573,216,88.52459016393442,
gc_2022_PS,20.03.22,centre-gauche,Aigle,Ormont-Dessus,5411,,335,0,0,335,33,9.850746268656717,302,90.14925373134328,
gc_2022_Gauche,20.03.22,gauche,Aigle,Ormont-Dessus,5411,,335,0,0,335,8,2.3880597014925375,327,97.61194029850746,
gc_2022_extreme-droite,20.03.22,extreme-droite,Aigle,Ormont-Dessus,5411,,335,0,0,335,41,12.238805970149254,294,87.76119402985074,
gc_2022_droite-bourgeoise,20.03.22,droite,Aigle,Ormont-Dessus,5411,,335,0,0,335,216,64.4776119402985,119,35.52238805970149,
gc_2022_centre,20.03.22,centre,Aigle,Ormont-Dessus,5411,,335,0,0,335,11,3.2835820895522385,324,96.71641791044776,
gc_2022_verts,20.03.22,centre-gauche,Aigle,Ormont-Dessus,5411,,335,0,0,335,27,8.059701492537313,308,91.94029850746269,
gc_2022_PS,20.03.22,centre-gauche,Aigle,Rennaz,5412,,98,0,0,98,20,20.408163265306122,78,79.59183673469387,
gc_2022_Gauche,20.03.22,gauche,Aigle,Rennaz,5412,,98,0,0,98,4,4.081632653061225,94,95.91836734693877,
gc_2022_extreme-droite,20.03.22,extreme-droite,Aigle,Rennaz,5412,,98,0,0,98,13,13.26530612244898,85,86.73469387755102,
gc_2022_droite-bourgeoise,20.03.22,droite,Aigle,Rennaz,5412,,98,0,0,98,40,40.816326530612244,58,59.183673469387756,
gc_2022_centre,20.03.22,centre,Aigle,Rennaz,5412,,98,0,0,98,4,4.081632653061225,94,95.91836734693877,
gc_2022_verts,20.03.22,centre-gauche,Aigle,Rennaz,5412,,98,0,0,98,16,16.3265306122449,82,83.6734693877551,
gc_2022_PS,20.03.22,centre-gauche,Aigle,Roche VD,5413,,202,0,0,202,42,20.792079207920793,160,79.20792079207921,
gc_2022_Gauche,20.03.22,gauche,Aigle,Roche VD,5413,,202,0,0,202,3,1.4851485148514851,199,98.51485148514851,
gc_2022_extreme-droite,20.03.22,extreme-droite,Aigle,Roche VD,5413,,202,0,0,202,50,24.752475247524753,152,75.24752475247524,
gc_2022_droite-bourgeoise,20.03.22,droite,Aigle,Roche VD,5413,,202,0,0,202,60,29.7029702970297,142,70.29702970297029,
gc_2022_centre,20.03.22,centre,Aigle,Roche VD,5413,,202,0,0,202,18,8.91089108910891,184,91.0891089108911,
gc_2022_verts,20.03.22,centre-gauche,Aigle,Roche VD,5413,,202,0,0,202,29,14.356435643564355,173,85.64356435643565,
gc_2022_PS,20.03.22,centre-gauche,Aigle,Villeneuve VD,5414,,758,0,0,758,139,18.337730870712402,619,81.66226912928761,
gc_2022_Gauche,20.03.22,gauche,Aigle,Villeneuve VD,5414,,758,0,0,758,14,1.8469656992084433,744,98.15303430079155,
gc_2022_extreme-droite,20.03.22,extreme-droite,Aigle,Villeneuve VD,5414,,758,0,0,758,151,19.92084432717678,607,80.07915567282322,
gc_2022_droite-bourgeoise,20.03.22,droite,Aigle,Villeneuve VD,5414,,758,0,0,758,279,36.80738786279684,479,63.19261213720316,
gc_2022_centre,20.03.22,centre,Aigle,Villeneuve VD,5414,,758,0,0,758,32,4.221635883905013,726,95.77836411609498,
gc_2022_verts,20.03.22,centre-gauche,Aigle,Villeneuve VD,5414,,758,0,0,758,142,18.733509234828496,616,81.26649076517151,
gc_2022_PS,20.03.22,centre-gauche,Aigle,Yvorne,5415,,264,0,0,264,33,12.5,231,87.5,
gc_2022_Gauche,20.03.22,gauche,Aigle,Yvorne,5415,,264,0,0,264,3,1.1363636363636365,261,98.86363636363636,
gc_2022_extreme-droite,20.03.22,extreme-droite,Aigle,Yvorne,5415,,264,0,0,264,29,10.984848484848484,235,89.01515151515152,
gc_2022_droite-bourgeoise,20.03.22,droite,Aigle,Yvorne,5415,,264,0,0,264,148,56.060606060606055,116,43.93939393939394,
gc_2022_centre,20.03.22,centre,Aigle,Yvorne,5415,,264,0,0,264,15,5.681818181818182,249,94.31818181818183,
gc_2022_verts,20.03.22,centre-gauche,Aigle,Yvorne,5415,,264,0,0,264,36,13.636363636363635,228,86.36363636363636,
gc_2022_PS,20.03.22,centre-gauche,Broye - Vully,Avenches,5451,,573,0,0,573,115,20.069808027923212,458,79.9301919720768,
gc_2022_Gauche,20.03.22,gauche,Broye - Vully,Avenches,5451,,573,0,0,573,0,0,573,100,
gc_2022_extreme-droite,20.03.22,extreme-droite,Broye - Vully,Avenches,5451,,573,0,0,573,95,16.57940663176265,478,83.42059336823735,
gc_2022_droite-bourgeoise,20.03.22,droite,Broye - Vully,Avenches,5451,,573,0,0,573,234,40.83769633507853,339,59.16230366492147,
gc_2022_centre,20.03.22,centre,Broye - Vully,Avenches,5451,,573,0,0,573,39,6.806282722513089,534,93.19371727748691,
gc_2022_verts,20.03.22,centre-gauche,Broye - Vully,Avenches,5451,,573,0,0,573,89,15.532286212914483,484,84.46771378708551,
gc_2022_PS,20.03.22,centre-gauche,Broye - Vully,Cudrefin,5456,,290,0,0,290,59,20.344827586206897,231,79.65517241379311,
gc_2022_Gauche,20.03.22,gauche,Broye - Vully,Cudrefin,5456,,290,0,0,290,0,0,290,100,
gc_2022_extreme-droite,20.03.22,extreme-droite,Broye - Vully,Cudrefin,5456,,290,0,0,290,35,12.068965517241379,255,87.93103448275862,
gc_2022_droite-bourgeoise,20.03.22,droite,Broye - Vully,Cudrefin,5456,,290,0,0,290,145,50,145,50,
gc_2022_centre,20.03.22,centre,Broye - Vully,Cudrefin,5456,,290,0,0,290,18,6.206896551724138,272,93.79310344827586,
gc_2022_verts,20.03.22,centre-gauche,Broye - Vully,Cudrefin,5456,,290,0,0,290,31,10.689655172413794,259,89.3103448275862,
gc_2022_PS,20.03.22,centre-gauche,Broye - Vully,Faoug,5458,,114,0,0,114,26,22.807017543859647,88,77.19298245614034,
gc_2022_Gauche,20.03.22,gauche,Broye - Vully,Faoug,5458,,114,0,0,114,0,0,114,100,
gc_2022_extreme-droite,20.03.22,extreme-droite,Broye - Vully,Faoug,5458,,114,0,0,114,14,12.280701754385964,100,87.71929824561403,
gc_2022_droite-bourgeoise,20.03.22,droite,Broye - Vully,Faoug,5458,,114,0,0,114,45,39.473684210526315,69,60.526315789473685,
gc_2022_centre,20.03.22,centre,Broye - Vully,Faoug,5458,,114,0,0,114,10,8.771929824561402,104,91.22807017543859,
gc_2022_verts,20.03.22,centre-gauche,Broye - Vully,Faoug,5458,,114,0,0,114,19,16.666666666666664,95,83.33333333333334,
gc_2022_PS,20.03.22,centre-gauche,Broye - Vully,Vully-les-Lacs,5464,,634,0,0,634,85,13.406940063091483,549,86.59305993690852,
gc_2022_Gauche,20.03.22,gauche,Broye - Vully,Vully-les-Lacs,5464,,634,0,0,634,0,0,634,100,
gc_2022_extreme-droite,20.03.22,extreme-droite,Broye - Vully,Vully-les-Lacs,5464,,634,0,0,634,116,18.29652996845426,518,81.70347003154575,
gc_2022_droite-bourgeoise,20.03.22,droite,Broye - Vully,Vully-les-Lacs,5464,,634,0,0,634,322,50.78864353312302,312,49.21135646687697,
gc_2022_centre,20.03.22,centre,Broye - Vully,Vully-les-Lacs,5464,,634,0,0,634,48,7.570977917981073,586,92.42902208201893,
gc_2022_verts,20.03.22,centre-gauche,Broye - Vully,Vully-les-Lacs,5464,,634,0,0,634,63,9.936908517350158,571,90.06309148264984,
gc_2022_PS,20.03.22,centre-gauche,Broye - Vully,Bussy-sur-Moudon,5663,,64,0,0,64,9,14.0625,55,85.9375,
gc_2022_Gauche,20.03.22,gauche,Broye - Vully,Bussy-sur-Moudon,5663,,64,0,0,64,0,0,64,100,
gc_2022_extreme-droite,20.03.22,extreme-droite,Broye - Vully,Bussy-sur-Moudon,5663,,64,0,0,64,20,31.25,44,68.75,
gc_2022_droite-bourgeoise,20.03.22,droite,Broye - Vully,Bussy-sur-Moudon,5663,,64,0,0,64,24,37.5,40,62.5,
gc_2022_centre,20.03.22,centre,Broye - Vully,Bussy-sur-Moudon,5663,,64,0,0,64,2,3.125,62,96.875,
gc_2022_verts,20.03.22,centre-gauche,Broye - Vully,Bussy-sur-Moudon,5663,,64,0,0,64,9,14.0625,55,85.9375,
gc_2022_PS,20.03.22,centre-gauche,Broye - Vully,Chavannes-sur-Moudon,5665,,67,0,0,67,6,8.955223880597014,61,91.04477611940298,
gc_2022_Gauche,20.03.22,gauche,Broye - Vully,Chavannes-sur-Moudon,5665,,67,0,0,67,0,0,67,100,
gc_2022_extreme-droite,20.03.22,extreme-droite,Broye - Vully,Chavannes-sur-Moudon,5665,,67,0,0,67,33,49.25373134328358,34,50.74626865671642,
gc_2022_droite-bourgeoise,20.03.22,droite,Broye - Vully,Chavannes-sur-Moudon,5665,,67,0,0,67,23,34.32835820895522,44,65.67164179104478,
gc_2022_centre,20.03.22,centre,Broye - Vully,Chavannes-sur-Moudon,5665,,67,0,0,67,2,2.9850746268656714,65,97.01492537313433,
gc_2022_verts,20.03.22,centre-gauche,Broye - Vully,Chavannes-sur-Moudon,5665,,67,0,0,67,3,4.477611940298507,64,95.52238805970148,
gc_2022_PS,20.03.22,centre-gauche,Broye - Vully,Curtilles,5669,,81,0,0,81,17,20.98765432098765,64,79.01234567901234,
gc_2022_Gauche,20.03.22,gauche,Broye - Vully,Curtilles,5669,,81,0,0,81,0,0,81,100,
gc_2022_extreme-droite,20.03.22,extreme-droite,Broye - Vully,Curtilles,5669,,81,0,0,81,21,25.925925925925924,60,74.07407407407408,
gc_2022_droite-bourgeoise,20.03.22,droite,Broye - Vully,Curtilles,5669,,81,0,0,81,23,28.39506172839506,58,71.60493827160494,
gc_2022_centre,20.03.22,centre,Broye - Vully,Curtilles,5669,,81,0,0,81,5,6.172839506172839,76,93.82716049382715,
gc_2022_verts,20.03.22,centre-gauche,Broye - Vully,Curtilles,5669,,81,0,0,81,16,19.753086419753085,65,80.24691358024691,
gc_2022_PS,20.03.22,centre-gauche,Broye - Vully,Dompierre VD,5671,,77,0,0,77,7,9.090909090909092,70,90.9090909090909,
gc_2022_Gauche,20.03.22,gauche,Broye - Vully,Dompierre VD,5671,,77,0,0,77,0,0,77,100,
gc_2022_extreme-droite,20.03.22,extreme-droite,Broye - Vully,Dompierre VD,5671,,77,0,0,77,27,35.064935064935064,50,64.93506493506493,
gc_2022_droite-bourgeoise,20.03.22,droite,Broye - Vully,Dompierre VD,5671,,77,0,0,77,27,35.064935064935064,50,64.93506493506493,
gc_2022_centre,20.03.22,centre,Broye - Vully,Dompierre VD,5671,,77,0,0,77,4,5.194805194805195,73,94.8051948051948,
gc_2022_verts,20.03.22,centre-gauche,Broye - Vully,Dompierre VD,5671,,77,0,0,77,12,15.584415584415584,65,84.4155844155844,
gc_2022_PS,20.03.22,centre-gauche,Broye - Vully,Hermenches,5673,,93,0,0,93,10,10.75268817204301,83,89.24731182795699,
gc_2022_Gauche,20.03.22,gauche,Broye - Vully,Hermenches,5673,,93,0,0,93,0,0,93,100,
gc_2022_extreme-droite,20.03.22,extreme-droite,Broye - Vully,Hermenches,5673,,93,0,0,93,33,35.483870967741936,60,64.51612903225806,
gc_2022_droite-bourgeoise,20.03.22,droite,Broye - Vully,Hermenches,5673,,93,0,0,93,37,39.784946236559136,56,60.215053763440864,
gc_2022_centre,20.03.22,centre,Broye - Vully,Hermenches,5673,,93,0,0,93,6,6.451612903225806,87,93.54838709677419,
gc_2022_verts,20.03.22,centre-gauche,Broye - Vully,Hermenches,5673,,93,0,0,93,7,7.526881720430108,86,92.47311827956989,
gc_2022_PS,20.03.22,centre-gauche,Broye - Vully,Lovatens,5674,,37,0,0,37,6,16.216216216216218,31,83.78378378378379,
gc_2022_Gauche,20.03.22,gauche,Broye - Vully,Lovatens,5674,,37,0,0,37,0,0,37,100,
gc_2022_extreme-droite,20.03.22,extreme-droite,Broye - Vully,Lovatens,5674,,37,0,0,37,12,32.432432432432435,25,67.56756756756756,
gc_2022_droite-bourgeoise,20.03.22,droite,Broye - Vully,Lovatens,5674,,37,0,0,37,10,27.027027027027028,27,72.97297297297297,
gc_2022_centre,20.03.22,centre,Broye - Vully,Lovatens,5674,,37,0,0,37,0,0,37,100,
gc_2022_verts,20.03.22,centre-gauche,Broye - Vully,Lovatens,5674,,37,0,0,37,8,21.62162162162162,29,78.37837837837837,
gc_2022_PS,20.03.22,centre-gauche,Broye - Vully,Lucens,5675,,574,0,0,574,161,28.04878048780488,413,71.95121951219512,
gc_2022_Gauche,20.03.22,gauche,Broye - Vully,Lucens,5675,,574,0,0,574,0,0,574,100,
gc_2022_extreme-droite,20.03.22,extreme-droite,Broye - Vully,Lucens,5675,,574,0,0,574,160,27.874564459930312,414,72.12543554006969,
gc_2022_droite-bourgeoise,20.03.22,droite,Broye - Vully,Lucens,5675,,574,0,0,574,145,25.261324041811843,429,74.73867595818815,
gc_2022_centre,20.03.22,centre,Broye - Vully,Lucens,5675,,574,0,0,574,24,4.181184668989547,550,95.81881533101046,
gc_2022_verts,20.03.22,centre-gauche,Broye - Vully,Lucens,5675,,574,0,0,574,85,14.80836236933798,489,85.19163763066202,
gc_2022_PS,20.03.22,centre-gauche,Broye - Vully,Moudon,5678,,647,0,0,647,168,25.965996908809892,479,74.0340030911901,
gc_2022_Gauche,20.03.22,gauche,Broye - Vully,Moudon,5678,,647,0,0,647,0,0,647,100,
gc_2022_extreme-droite,20.03.22,extreme-droite,Broye - Vully,Moudon,5678,,647,0,0,647,123,19.01081916537867,524,80.98918083462134,
gc_2022_droite-bourgeoise,20.03.22,droite,Broye - Vully,Moudon,5678,,647,0,0,647,182,28.129829984544045,465,71.87017001545595,
gc_2022_centre,20.03.22,centre,Broye - Vully,Moudon,5678,,647,0,0,647,56,8.65533230293663,591,91.34466769706336,
gc_2022_verts,20.03.22,centre-gauche,Broye - Vully,Moudon,5678,,647,0,0,647,118,18.238021638330757,529,81.76197836166924,
gc_2022_PS,20.03.22,centre-gauche,Broye - Vully,Prévonloup,5683,,55,0,0,55,10,18.181818181818183,45,81.81818181818183,
gc_2022_Gauche,20.03.22,gauche,Broye - Vully,Prévonloup,5683,,55,0,0,55,0,0,55,100,
gc_2022_extreme-droite,20.03.22,extreme-droite,Broye - Vully,Prévonloup,5683,,55,0,0,55,23,41.81818181818181,32,58.18181818181818,
gc_2022_droite-bourgeoise,20.03.22,droite,Broye - Vully,Prévonloup,5683,,55,0,0,55,11,20,44,80,
gc_2022_centre,20.03.22,centre,Broye - Vully,Prévonloup,5683,,55,0,0,55,3,5.454545454545454,52,94.54545454545455,
gc_2022_verts,20.03.22,centre-gauche,Broye - Vully,Prévonloup,5683,,55,0,0,55,8,14.545454545454545,47,85.45454545454545,
gc_2022_PS,20.03.22,centre-gauche,Broye - Vully,Rossenges,5684,,23,0,0,23,1,4.3478260869565215,22,95.65217391304348,
gc_2022_Gauche,20.03.22,gauche,Broye - Vully,Rossenges,5684,,23,0,0,23,0,0,23,100,
gc_2022_extreme-droite,20.03.22,extreme-droite,Broye - Vully,Rossenges,5684,,23,0,0,23,6,26.08695652173913,17,73.91304347826086,
gc_2022_droite-bourgeoise,20.03.22,droite,Broye - Vully,Rossenges,5684,,23,0,0,23,14,60.86956521739131,9,39.130434782608695,
gc_2022_centre,20.03.22,centre,Broye - Vully,Rossenges,5684,,23,0,0,23,1,4.3478260869565215,22,95.65217391304348,
gc_2022_verts,20.03.22,centre-gauche,Broye - Vully,Rossenges,5684,,23,0,0,23,2,8.695652173913043,21,91.30434782608695,
gc_2022_PS,20.03.22,centre-gauche,Broye - Vully,Syens,5688,,33,0,0,33,4,12.121212121212121,29,87.87878787878788,
gc_2022_Gauche,20.03.22,gauche,Broye - Vully,Syens,5688,,33,0,0,33,0,0,33,100,
gc_2022_extreme-droite,20.03.22,extreme-droite,Broye - Vully,Syens,5688,,33,0,0,33,11,33.33333333333333,22,66.66666666666666,
gc_2022_droite-bourgeoise,20.03.22,droite,Broye - Vully,Syens,5688,,33,0,0,33,10,30.303030303030305,23,69.6969696969697,
gc_2022_centre,20.03.22,centre,Broye - Vully,Syens,5688,,33,0,0,33,1,3.0303030303030303,32,96.96969696969697,
gc_2022_verts,20.03.22,centre-gauche,Broye - Vully,Syens,5688,,33,0,0,33,7,21.21212121212121,26,78.78787878787878,
gc_2022_PS,20.03.22,centre-gauche,Broye - Vully,Villars-le-Comte,5690,,35,0,0,35,4,11.428571428571429,31,88.57142857142857,
gc_2022_Gauche,20.03.22,gauche,Broye - Vully,Villars-le-Comte,5690,,35,0,0,35,0,0,35,100,
gc_2022_extreme-droite,20.03.22,extreme-droite,Broye - Vully,Villars-le-Comte,5690,,35,0,0,35,15,42.857142857142854,20,57.14285714285714,
gc_2022_droite-bourgeoise,20.03.22,droite,Broye - Vully,Villars-le-Comte,5690,,35,0,0,35,12,34.285714285714285,23,65.71428571428571,
gc_2022_centre,20.03.22,centre,Broye - Vully,Villars-le-Comte,5690,,35,0,0,35,2,5.714285714285714,33,94.28571428571428,
gc_2022_verts,20.03.22,centre-gauche,Broye - Vully,Villars-le-Comte,5690,,35,0,0,35,3,8.571428571428571,32,91.42857142857143,
gc_2022_PS,20.03.22,centre-gauche,Broye - Vully,Vucherens,5692,,164,0,0,164,26,15.853658536585366,138,84.14634146341463,
gc_2022_Gauche,20.03.22,gauche,Broye - Vully,Vucherens,5692,,164,0,0,164,0,0,164,100,
gc_2022_extreme-droite,20.03.22,extreme-droite,Broye - Vully,Vucherens,5692,,164,0,0,164,32,19.51219512195122,132,80.48780487804879,
gc_2022_droite-bourgeoise,20.03.22,droite,Broye - Vully,Vucherens,5692,,164,0,0,164,60,36.58536585365854,104,63.41463414634146,
gc_2022_centre,20.03.22,centre,Broye - Vully,Vucherens,5692,,164,0,0,164,16,9.75609756097561,148,90.2439024390244,
gc_2022_verts,20.03.22,centre-gauche,Broye - Vully,Vucherens,5692,,164,0,0,164,30,18.29268292682927,134,81.70731707317073,
gc_2022_PS,20.03.22,centre-gauche,Broye - Vully,Corcelles-le-Jorat,5785,,154,0,0,154,8,5.194805194805195,146,94.8051948051948,
gc_2022_Gauche,20.03.22,gauche,Broye - Vully,Corcelles-le-Jorat,5785,,154,0,0,154,0,0,154,100,
gc_2022_extreme-droite,20.03.22,extreme-droite,Broye - Vully,Corcelles-le-Jorat,5785,,154,0,0,154,25,16.233766233766232,129,83.76623376623377,
gc_2022_droite-bourgeoise,20.03.22,droite,Broye - Vully,Corcelles-le-Jorat,5785,,154,0,0,154,91,59.09090909090909,63,40.909090909090914,
gc_2022_centre,20.03.22,centre,Broye - Vully,Corcelles-le-Jorat,5785,,154,0,0,154,8,5.194805194805195,146,94.8051948051948,
gc_2022_verts,20.03.22,centre-gauche,Broye - Vully,Corcelles-le-Jorat,5785,,154,0,0,154,23,14.935064935064934,131,85.06493506493507,
gc_2022_PS,20.03.22,centre-gauche,Broye - Vully,Ropraz,5798,,110,0,0,110,7,6.363636363636363,103,93.63636363636364,
gc_2022_Gauche,20.03.22,gauche,Broye - Vully,Ropraz,5798,,110,0,0,110,0,0,110,100,
gc_2022_extreme-droite,20.03.22,extreme-droite,Broye - Vully,Ropraz,5798,,110,0,0,110,29,26.36363636363636,81,73.63636363636363,
gc_2022_droite-bourgeoise,20.03.22,droite,Broye - Vully,Ropraz,5798,,110,0,0,110,50,45.45454545454545,60,54.54545454545454,
gc_2022_centre,20.03.22,centre,Broye - Vully,Ropraz,5798,,110,0,0,110,10,9.090909090909092,100,90.9090909090909,
gc_2022_verts,20.03.22,centre-gauche,Broye - Vully,Ropraz,5798,,110,0,0,110,15,13.636363636363635,95,86.36363636363636,
gc_2022_PS,20.03.22,centre-gauche,Broye - Vully,Vulliens,5803,,171,0,0,171,19,11.11111111111111,152,88.88888888888889,
gc_2022_Gauche,20.03.22,gauche,Broye - Vully,Vulliens,5803,,171,0,0,171,0,0,171,100,
gc_2022_extreme-droite,20.03.22,extreme-droite,Broye - Vully,Vulliens,5803,,171,0,0,171,28,16.374269005847953,143,83.62573099415205,
gc_2022_droite-bourgeoise,20.03.22,droite,Broye - Vully,Vulliens,5803,,171,0,0,171,87,50.877192982456144,84,49.122807017543856,
gc_2022_centre,20.03.22,centre,Broye - Vully,Vulliens,5803,,171,0,0,171,16,9.35672514619883,155,90.64327485380117,
gc_2022_verts,20.03.22,centre-gauche,Broye - Vully,Vulliens,5803,,171,0,0,171,21,12.280701754385964,150,87.71929824561403,
gc_2022_PS,20.03.22,centre-gauche,Broye - Vully,Champtauroz,5812,,44,0,0,44,13,29.545454545454547,31,70.45454545454545,
gc_2022_Gauche,20.03.22,gauche,Broye - Vully,Champtauroz,5812,,44,0,0,44,0,0,44,100,
gc_2022_extreme-droite,20.03.22,extreme-droite,Broye - Vully,Champtauroz,5812,,44,0,0,44,6,13.636363636363635,38,86.36363636363636,
gc_2022_droite-bourgeoise,20.03.22,droite,Broye - Vully,Champtauroz,5812,,44,0,0,44,14,31.818181818181817,30,68.18181818181817,
gc_2022_centre,20.03.22,centre,Broye - Vully,Champtauroz,5812,,44,0,0,44,4,9.090909090909092,40,90.9090909090909,
gc_2022_verts,20.03.22,centre-gauche,Broye - Vully,Champtauroz,5812,,44,0,0,44,7,15.909090909090908,37,84.0909090909091,
gc_2022_PS,20.03.22,centre-gauche,Broye - Vully,Chevroux,5813,,114,0,0,114,13,11.403508771929824,101,88.59649122807018,
gc_2022_Gauche,20.03.22,gauche,Broye - Vully,Chevroux,5813,,114,0,0,114,0,0,114,100,
gc_2022_extreme-droite,20.03.22,extreme-droite,Broye - Vully,Chevroux,5813,,114,0,0,114,18,15.789473684210526,96,84.21052631578947,
gc_2022_droite-bourgeoise,20.03.22,droite,Broye - Vully,Chevroux,5813,,114,0,0,114,60,52.63157894736842,54,47.368421052631575,
gc_2022_centre,20.03.22,centre,Broye - Vully,Chevroux,5813,,114,0,0,114,11,9.649122807017543,103,90.35087719298247,
gc_2022_verts,20.03.22,centre-gauche,Broye - Vully,Chevroux,5813,,114,0,0,114,12,10.526315789473683,102,89.47368421052632,
gc_2022_PS,20.03.22,centre-gauche,Broye - Vully,Corcelles-près-Payerne,5816,,542,0,0,542,73,13.468634686346864,469,86.53136531365314,
gc_2022_Gauche,20.03.22,gauche,Broye - Vully,Corcelles-près-Payerne,5816,,542,0,0,542,0,0,542,100,
gc_2022_extreme-droite,20.03.22,extreme-droite,Broye - Vully,Corcelles-près-Payerne,5816,,542,0,0,542,56,10.33210332103321,486,89.66789667896678,
gc_2022_droite-bourgeoise,20.03.22,droite,Broye - Vully,Corcelles-près-Payerne,5816,,542,0,0,542,356,65.68265682656826,186,34.31734317343174,
gc_2022_centre,20.03.22,centre,Broye - Vully,Corcelles-près-Payerne,5816,,542,0,0,542,20,3.6900369003690034,522,96.30996309963099,
gc_2022_verts,20.03.22,centre-gauche,Broye - Vully,Corcelles-près-Payerne,5816,,542,0,0,542,35,6.4575645756457565,507,93.54243542435424,
gc_2022_PS,20.03.22,centre-gauche,Broye - Vully,Grandcour,5817,,198,0,0,198,32,16.161616161616163,166,83.83838383838383,
gc_2022_Gauche,20.03.22,gauche,Broye - Vully,Grandcour,5817,,198,0,0,198,0,0,198,100,
gc_2022_extreme-droite,20.03.22,extreme-droite,Broye - Vully,Grandcour,5817,,198,0,0,198,30,15.151515151515152,168,84.84848484848484,
gc_2022_droite-bourgeoise,20.03.22,droite,Broye - Vully,Grandcour,5817,,198,0,0,198,112,56.56565656565656,86,43.43434343434344,
gc_2022_centre,20.03.22,centre,Broye - Vully,Grandcour,5817,,198,0,0,198,12,6.0606060606060606,186,93.93939393939394,
gc_2022_verts,20.03.22,centre-gauche,Broye - Vully,Grandcour,5817,,198,0,0,198,12,6.0606060606060606,186,93.93939393939394,
gc_2022_PS,20.03.22,centre-gauche,Broye - Vully,Henniez,5819,,46,0,0,46,8,17.391304347826086,38,82.6086956521739,
gc_2022_Gauche,20.03.22,gauche,Broye - Vully,Henniez,5819,,46,0,0,46,0,0,46,100,
gc_2022_extreme-droite,20.03.22,extreme-droite,Broye - Vully,Henniez,5819,,46,0,0,46,14,30.434782608695656,32,69.56521739130434,
gc_2022_droite-bourgeoise,20.03.22,droite,Broye - Vully,Henniez,5819,,46,0,0,46,21,45.65217391304348,25,54.347826086956516,
gc_2022_centre,20.03.22,centre,Broye - Vully,Henniez,5819,,46,0,0,46,3,6.521739130434782,43,93.47826086956522,
gc_2022_verts,20.03.22,centre-gauche,Broye - Vully,Henniez,5819,,46,0,0,46,0,0,46,100,
gc_2022_PS,20.03.22,centre-gauche,Broye - Vully,Missy,5821,,92,0,0,92,13,14.130434782608695,79,85.86956521739131,
gc_2022_Gauche,20.03.22,gauche,Broye - Vully,Missy,5821,,92,0,0,92,0,0,92,100,
gc_2022_extreme-droite,20.03.22,extreme-droite,Broye - Vully,Missy,5821,,92,0,0,92,15,16.304347826086957,77,83.69565217391305,
gc_2022_droite-bourgeoise,20.03.22,droite,Broye - Vully,Missy,5821,,92,0,0,92,42,45.65217391304348,50,54.347826086956516,
gc_2022_centre,20.03.22,centre,Broye - Vully,Missy,5821,,92,0,0,92,11,11.956521739130435,81,88.04347826086956,
gc_2022_verts,20.03.22,centre-gauche,Broye - Vully,Missy,5821,,92,0,0,92,11,11.956521739130435,81,88.04347826086956,
gc_2022_PS,20.03.22,centre-gauche,Broye - Vully,Payerne,5822,,1412,0,0,1412,294,20.821529745042493,1118,79.17847025495752,
gc_2022_Gauche,20.03.22,gauche,Broye - Vully,Payerne,5822,,1412,0,0,1412,0,0,1412,100,
gc_2022_extreme-droite,20.03.22,extreme-droite,Broye - Vully,Payerne,5822,,1412,0,0,1412,160,11.3314447592068,1252,88.6685552407932,
gc_2022_droite-bourgeoise,20.03.22,droite,Broye - Vully,Payerne,5822,,1412,0,0,1412,765,54.17847025495751,647,45.8215297450425,
gc_2022_centre,20.03.22,centre,Broye - Vully,Payerne,5822,,1412,0,0,1412,86,6.090651558073654,1326,93.90934844192634,
gc_2022_verts,20.03.22,centre-gauche,Broye - Vully,Payerne,5822,,1412,0,0,1412,108,7.64872521246459,1304,92.3512747875354,
gc_2022_PS,20.03.22,centre-gauche,Broye - Vully,Trey,5827,,92,0,0,92,8,8.695652173913043,84,91.30434782608695,
gc_2022_Gauche,20.03.22,gauche,Broye - Vully,Trey,5827,,92,0,0,92,0,0,92,100,
gc_2022_extreme-droite,20.03.22,extreme-droite,Broye - Vully,Trey,5827,,92,0,0,92,17,18.478260869565215,75,81.52173913043478,
gc_2022_droite-bourgeoise,20.03.22,droite,Broye - Vully,Trey,5827,,92,0,0,92,48,52.17391304347826,44,47.82608695652174,
gc_2022_centre,20.03.22,centre,Broye - Vully,Trey,5827,,92,0,0,92,2,2.1739130434782608,90,97.82608695652173,
gc_2022_verts,20.03.22,centre-gauche,Broye - Vully,Trey,5827,,92,0,0,92,17,18.478260869565215,75,81.52173913043478,
gc_2022_PS,20.03.22,centre-gauche,Broye - Vully,Treytorrens (Payerne),5828,,36,0,0,36,1,2.7777777777777777,35,97.22222222222221,
gc_2022_Gauche,20.03.22,gauche,Broye - Vully,Treytorrens (Payerne),5828,,36,0,0,36,0,0,36,100,
gc_2022_extreme-droite,20.03.22,extreme-droite,Broye - Vully,Treytorrens (Payerne),5828,,36,0,0,36,14,38.88888888888889,22,61.111111111111114,
gc_2022_droite-bourgeoise,20.03.22,droite,Broye - Vully,Treytorrens (Payerne),5828,,36,0,0,36,19,52.77777777777778,17,47.22222222222222,
gc_2022_centre,20.03.22,centre,Broye - Vully,Treytorrens (Payerne),5828,,36,0,0,36,1,2.7777777777777777,35,97.22222222222221,
gc_2022_verts,20.03.22,centre-gauche,Broye - Vully,Treytorrens (Payerne),5828,,36,0,0,36,1,2.7777777777777777,35,97.22222222222221,
gc_2022_PS,20.03.22,centre-gauche,Broye - Vully,Villarzel,5830,,114,0,0,114,17,14.912280701754385,97,85.08771929824562,
gc_2022_Gauche,20.03.22,gauche,Broye - Vully,Villarzel,5830,,114,0,0,114,0,0,114,100,
gc_2022_extreme-droite,20.03.22,extreme-droite,Broye - Vully,Villarzel,5830,,114,0,0,114,30,26.31578947368421,84,73.68421052631578,
gc_2022_droite-bourgeoise,20.03.22,droite,Broye - Vully,Villarzel,5830,,114,0,0,114,45,39.473684210526315,69,60.526315789473685,
gc_2022_centre,20.03.22,centre,Broye - Vully,Villarzel,5830,,114,0,0,114,3,2.631578947368421,111,97.36842105263158,
gc_2022_verts,20.03.22,centre-gauche,Broye - Vully,Villarzel,5830,,114,0,0,114,20,17.543859649122805,94,82.45614035087719,
gc_2022_PS,20.03.22,centre-gauche,Broye - Vully,Valbroye,5831,,690,0,0,690,86,12.46376811594203,604,87.53623188405797,
gc_2022_Gauche,20.03.22,gauche,Broye - Vully,Valbroye,5831,,690,0,0,690,0,0,690,100,
gc_2022_extreme-droite,20.03.22,extreme-droite,Broye - Vully,Valbroye,5831,,690,0,0,690,140,20.28985507246377,550,79.71014492753623,
gc_2022_droite-bourgeoise,20.03.22,droite,Broye - Vully,Valbroye,5831,,690,0,0,690,363,52.60869565217391,327,47.391304347826086,
gc_2022_centre,20.03.22,centre,Broye - Vully,Valbroye,5831,,690,0,0,690,36,5.217391304347826,654,94.78260869565217,
gc_2022_verts,20.03.22,centre-gauche,Broye - Vully,Valbroye,5831,,690,0,0,690,65,9.420289855072465,625,90.57971014492753,
gc_2022_PS,20.03.22,centre-gauche,Gros-de-Vaud,Bettens,5471,,122,0,0,122,14,11.475409836065573,108,88.52459016393442,
gc_2022_Gauche,20.03.22,gauche,Gros-de-Vaud,Bettens,5471,,122,0,0,122,0,0,122,100,
gc_2022_extreme-droite,20.03.22,extreme-droite,Gros-de-Vaud,Bettens,5471,,122,0,0,122,41,33.60655737704918,81,66.39344262295081,
gc_2022_droite-bourgeoise,20.03.22,droite,Gros-de-Vaud,Bettens,5471,,122,0,0,122,32,26.229508196721312,90,73.77049180327869,
gc_2022_centre,20.03.22,centre,Gros-de-Vaud,Bettens,5471,,122,0,0,122,16,13.114754098360656,106,86.88524590163934,
gc_2022_verts,20.03.22,centre-gauche,Gros-de-Vaud,Bettens,5471,,122,0,0,122,18,14.754098360655737,104,85.24590163934425,
gc_2022_PS,20.03.22,centre-gauche,Gros-de-Vaud,Bournens,5472,,103,0,0,103,9,8.737864077669903,94,91.2621359223301,
gc_2022_Gauche,20.03.22,gauche,Gros-de-Vaud,Bournens,5472,,103,0,0,103,0,0,103,100,
gc_2022_extreme-droite,20.03.22,extreme-droite,Gros-de-Vaud,Bournens,5472,,103,0,0,103,26,25.24271844660194,77,74.75728155339806,
gc_2022_droite-bourgeoise,20.03.22,droite,Gros-de-Vaud,Bournens,5472,,103,0,0,103,46,44.66019417475729,57,55.33980582524271,
gc_2022_centre,20.03.22,centre,Gros-de-Vaud,Bournens,5472,,103,0,0,103,11,10.679611650485436,92,89.32038834951457,
gc_2022_verts,20.03.22,centre-gauche,Gros-de-Vaud,Bournens,5472,,103,0,0,103,10,9.70873786407767,93,90.29126213592234,
gc_2022_PS,20.03.22,centre-gauche,Gros-de-Vaud,Boussens,5473,,192,0,0,192,41,21.354166666666664,151,78.64583333333334,
gc_2022_Gauche,20.03.22,gauche,Gros-de-Vaud,Boussens,5473,,192,0,0,192,0,0,192,100,
gc_2022_extreme-droite,20.03.22,extreme-droite,Gros-de-Vaud,Boussens,5473,,192,0,0,192,56,29.166666666666668,136,70.83333333333334,
gc_2022_droite-bourgeoise,20.03.22,droite,Gros-de-Vaud,Boussens,5473,,192,0,0,192,42,21.875,150,78.125,
gc_2022_centre,20.03.22,centre,Gros-de-Vaud,Boussens,5473,,192,0,0,192,23,11.979166666666668,169,88.02083333333334,
gc_2022_verts,20.03.22,centre-gauche,Gros-de-Vaud,Boussens,5473,,192,0,0,192,29,15.104166666666666,163,84.89583333333334,
gc_2022_PS,20.03.22,centre-gauche,Gros-de-Vaud,Daillens,5480,,236,0,0,236,25,10.59322033898305,211,89.40677966101694,
gc_2022_Gauche,20.03.22,gauche,Gros-de-Vaud,Daillens,5480,,236,0,0,236,0,0,236,100,
gc_2022_extreme-droite,20.03.22,extreme-droite,Gros-de-Vaud,Daillens,5480,,236,0,0,236,44,18.64406779661017,192,81.35593220338984,
gc_2022_droite-bourgeoise,20.03.22,droite,Gros-de-Vaud,Daillens,5480,,236,0,0,236,82,34.74576271186441,154,65.2542372881356,
gc_2022_centre,20.03.22,centre,Gros-de-Vaud,Daillens,5480,,236,0,0,236,15,6.3559322033898304,221,93.64406779661016,
gc_2022_verts,20.03.22,centre-gauche,Gros-de-Vaud,Daillens,5480,,236,0,0,236,70,29.66101694915254,166,70.33898305084746,
gc_2022_PS,20.03.22,centre-gauche,Gros-de-Vaud,Lussery-Villars,5487,,103,0,0,103,22,21.35922330097087,81,78.64077669902912,
gc_2022_Gauche,20.03.22,gauche,Gros-de-Vaud,Lussery-Villars,5487,,103,0,0,103,0,0,103,100,
gc_2022_extreme-droite,20.03.22,extreme-droite,Gros-de-Vaud,Lussery-Villars,5487,,103,0,0,103,26,25.24271844660194,77,74.75728155339806,
gc_2022_droite-bourgeoise,20.03.22,droite,Gros-de-Vaud,Lussery-Villars,5487,,103,0,0,103,24,23.300970873786408,79,76.69902912621359,
gc_2022_centre,20.03.22,centre,Gros-de-Vaud,Lussery-Villars,5487,,103,0,0,103,10,9.70873786407767,93,90.29126213592234,
gc_2022_verts,20.03.22,centre-gauche,Gros-de-Vaud,Lussery-Villars,5487,,103,0,0,103,22,21.35922330097087,81,78.64077669902912,
gc_2022_PS,20.03.22,centre-gauche,Gros-de-Vaud,Mex VD,5489,,146,0,0,146,17,11.643835616438356,129,88.35616438356165,
gc_2022_Gauche,20.03.22,gauche,Gros-de-Vaud,Mex VD,5489,,146,0,0,146,0,0,146,100,
gc_2022_extreme-droite,20.03.22,extreme-droite,Gros-de-Vaud,Mex VD,5489,,146,0,0,146,32,21.91780821917808,114,78.08219178082192,
gc_2022_droite-bourgeoise,20.03.22,droite,Gros-de-Vaud,Mex VD,5489,,146,0,0,146,64,43.83561643835616,82,56.16438356164384,
gc_2022_centre,20.03.22,centre,Gros-de-Vaud,Mex VD,5489,,146,0,0,146,22,15.068493150684931,124,84.93150684931507,
gc_2022_verts,20.03.22,centre-gauche,Gros-de-Vaud,Mex VD,5489,,146,0,0,146,12,8.21917808219178,134,91.78082191780823,
gc_2022_PS,20.03.22,centre-gauche,Gros-de-Vaud,Penthalaz,5495,,556,0,0,556,119,21.402877697841728,437,78.59712230215827,
gc_2022_Gauche,20.03.22,gauche,Gros-de-Vaud,Penthalaz,5495,,556,0,0,556,0,0,556,100,
gc_2022_extreme-droite,20.03.22,extreme-droite,Gros-de-Vaud,Penthalaz,5495,,556,0,0,556,103,18.525179856115106,453,81.4748201438849,
gc_2022_droite-bourgeoise,20.03.22,droite,Gros-de-Vaud,Penthalaz,5495,,556,0,0,556,163,29.31654676258993,393,70.68345323741008,
gc_2022_centre,20.03.22,centre,Gros-de-Vaud,Penthalaz,5495,,556,0,0,556,52,9.352517985611511,504,90.64748201438849,
gc_2022_verts,20.03.22,centre-gauche,Gros-de-Vaud,Penthalaz,5495,,556,0,0,556,118,21.223021582733814,438,78.77697841726618,
gc_2022_PS,20.03.22,centre-gauche,Gros-de-Vaud,Penthaz,5496,,283,0,0,283,57,20.141342756183743,226,79.85865724381625,
gc_2022_Gauche,20.03.22,gauche,Gros-de-Vaud,Penthaz,5496,,283,0,0,283,0,0,283,100,
gc_2022_extreme-droite,20.03.22,extreme-droite,Gros-de-Vaud,Penthaz,5496,,283,0,0,283,44,15.547703180212014,239,84.45229681978799,
gc_2022_droite-bourgeoise,20.03.22,droite,Gros-de-Vaud,Penthaz,5496,,283,0,0,283,94,33.215547703180206,189,66.78445229681978,
gc_2022_centre,20.03.22,centre,Gros-de-Vaud,Penthaz,5496,,283,0,0,283,40,14.13427561837456,243,85.86572438162544,
gc_2022_verts,20.03.22,centre-gauche,Gros-de-Vaud,Penthaz,5496,,283,0,0,283,48,16.96113074204947,235,83.03886925795054,
gc_2022_PS,20.03.22,centre-gauche,Gros-de-Vaud,Sullens,5501,,192,0,0,192,15,7.8125,177,92.1875,
gc_2022_Gauche,20.03.22,gauche,Gros-de-Vaud,Sullens,5501,,192,0,0,192,0,0,192,100,
gc_2022_extreme-droite,20.03.22,extreme-droite,Gros-de-Vaud,Sullens,5501,,192,0,0,192,45,23.4375,147,76.5625,
gc_2022_droite-bourgeoise,20.03.22,droite,Gros-de-Vaud,Sullens,5501,,192,0,0,192,82,42.70833333333333,110,57.291666666666664,
gc_2022_centre,20.03.22,centre,Gros-de-Vaud,Sullens,5501,,192,0,0,192,26,13.541666666666666,166,86.45833333333334,
gc_2022_verts,20.03.22,centre-gauche,Gros-de-Vaud,Sullens,5501,,192,0,0,192,23,11.979166666666668,169,88.02083333333334,
gc_2022_PS,20.03.22,centre-gauche,Gros-de-Vaud,Vufflens-la-Ville,5503,,320,0,0,320,68,21.25,252,78.75,
gc_2022_Gauche,20.03.22,gauche,Gros-de-Vaud,Vufflens-la-Ville,5503,,320,0,0,320,0,0,320,100,
gc_2022_extreme-droite,20.03.22,extreme-droite,Gros-de-Vaud,Vufflens-la-Ville,5503,,320,0,0,320,61,19.0625,259,80.9375,
gc_2022_droite-bourgeoise,20.03.22,droite,Gros-de-Vaud,Vufflens-la-Ville,5503,,320,0,0,320,78,24.375,242,75.625,
gc_2022_centre,20.03.22,centre,Gros-de-Vaud,Vufflens-la-Ville,5503,,320,0,0,320,47,14.6875,273,85.3125,
gc_2022_verts,20.03.22,centre-gauche,Gros-de-Vaud,Vufflens-la-Ville,5503,,320,0,0,320,66,20.625,254,79.375,
gc_2022_PS,20.03.22,centre-gauche,Gros-de-Vaud,Assens,5511,,428,0,0,428,43,10.046728971962617,385,89.95327102803739,
gc_2022_Gauche,20.03.22,gauche,Gros-de-Vaud,Assens,5511,,428,0,0,428,0,0,428,100,
gc_2022_extreme-droite,20.03.22,extreme-droite,Gros-de-Vaud,Assens,5511,,428,0,0,428,128,29.906542056074763,300,70.09345794392523,
gc_2022_droite-bourgeoise,20.03.22,droite,Gros-de-Vaud,Assens,5511,,428,0,0,428,144,33.64485981308411,284,66.35514018691589,
gc_2022_centre,20.03.22,centre,Gros-de-Vaud,Assens,5511,,428,0,0,428,70,16.355140186915886,358,83.64485981308411,
gc_2022_verts,20.03.22,centre-gauche,Gros-de-Vaud,Assens,5511,,428,0,0,428,43,10.046728971962617,385,89.95327102803739,
gc_2022_PS,20.03.22,centre-gauche,Gros-de-Vaud,Bercher,5512,,303,0,0,303,48,15.841584158415841,255,84.15841584158416,
gc_2022_Gauche,20.03.22,gauche,Gros-de-Vaud,Bercher,5512,,303,0,0,303,0,0,303,100,
gc_2022_extreme-droite,20.03.22,extreme-droite,Gros-de-Vaud,Bercher,5512,,303,0,0,303,72,23.762376237623762,231,76.23762376237624,
gc_2022_droite-bourgeoise,20.03.22,droite,Gros-de-Vaud,Bercher,5512,,303,0,0,303,77,25.412541254125415,226,74.58745874587459,
gc_2022_centre,20.03.22,centre,Gros-de-Vaud,Bercher,5512,,303,0,0,303,58,19.141914191419144,245,80.85808580858085,
gc_2022_verts,20.03.22,centre-gauche,Gros-de-Vaud,Bercher,5512,,303,0,0,303,48,15.841584158415841,255,84.15841584158416,
gc_2022_PS,20.03.22,centre-gauche,Gros-de-Vaud,Bottens,5514,,268,0,0,268,13,4.850746268656716,255,95.1492537313433,
gc_2022_Gauche,20.03.22,gauche,Gros-de-Vaud,Bottens,5514,,268,0,0,268,0,0,268,100,
gc_2022_extreme-droite,20.03.22,extreme-droite,Gros-de-Vaud,Bottens,5514,,268,0,0,268,90,33.582089552238806,178,66.4179104477612,
gc_2022_droite-bourgeoise,20.03.22,droite,Gros-de-Vaud,Bottens,5514,,268,0,0,268,85,31.716417910447763,183,68.28358208955224,
gc_2022_centre,20.03.22,centre,Gros-de-Vaud,Bottens,5514,,268,0,0,268,41,15.298507462686567,227,84.70149253731343,
gc_2022_verts,20.03.22,centre-gauche,Gros-de-Vaud,Bottens,5514,,268,0,0,268,38,14.17910447761194,230,85.82089552238806,
gc_2022_PS,20.03.22,centre-gauche,Gros-de-Vaud,Bretigny-sur-Morrens,5515,,173,0,0,173,27,15.606936416184972,146,84.39306358381504,
gc_2022_Gauche,20.03.22,gauche,Gros-de-Vaud,Bretigny-sur-Morrens,5515,,173,0,0,173,0,0,173,100,
gc_2022_extreme-droite,20.03.22,extreme-droite,Gros-de-Vaud,Bretigny-sur-Morrens,5515,,173,0,0,173,30,17.341040462427745,143,82.65895953757226,
gc_2022_droite-bourgeoise,20.03.22,droite,Gros-de-Vaud,Bretigny-sur-Morrens,5515,,173,0,0,173,54,31.213872832369944,119,68.78612716763006,
gc_2022_centre,20.03.22,centre,Gros-de-Vaud,Bretigny-sur-Morrens,5515,,173,0,0,173,20,11.560693641618498,153,88.4393063583815,
gc_2022_verts,20.03.22,centre-gauche,Gros-de-Vaud,Bretigny-sur-Morrens,5515,,173,0,0,173,42,24.277456647398843,131,75.72254335260115,
gc_2022_PS,20.03.22,centre-gauche,Gros-de-Vaud,Cugy VD,5516,,496,0,0,496,104,20.967741935483872,392,79.03225806451613,
gc_2022_Gauche,20.03.22,gauche,Gros-de-Vaud,Cugy VD,5516,,496,0,0,496,0,0,496,100,
gc_2022_extreme-droite,20.03.22,extreme-droite,Gros-de-Vaud,Cugy VD,5516,,496,0,0,496,73,14.717741935483872,423,85.28225806451613,
gc_2022_droite-bourgeoise,20.03.22,droite,Gros-de-Vaud,Cugy VD,5516,,496,0,0,496,198,39.91935483870967,298,60.08064516129033,
gc_2022_centre,20.03.22,centre,Gros-de-Vaud,Cugy VD,5516,,496,0,0,496,52,10.483870967741936,444,89.51612903225806,
gc_2022_verts,20.03.22,centre-gauche,Gros-de-Vaud,Cugy VD,5516,,496,0,0,496,69,13.911290322580644,427,86.08870967741935,
gc_2022_PS,20.03.22,centre-gauche,Gros-de-Vaud,Echallens,5518,,1134,0,0,1134,182,16.049382716049383,952,83.9506172839506,
gc_2022_Gauche,20.03.22,gauche,Gros-de-Vaud,Echallens,5518,,1134,0,0,1134,0,0,1134,100,
gc_2022_extreme-droite,20.03.22,extreme-droite,Gros-de-Vaud,Echallens,5518,,1134,0,0,1134,193,17.019400352733687,941,82.98059964726632,
gc_2022_droite-bourgeoise,20.03.22,droite,Gros-de-Vaud,Echallens,5518,,1134,0,0,1134,337,29.717813051146386,797,70.28218694885362,
gc_2022_centre,20.03.22,centre,Gros-de-Vaud,Echallens,5518,,1134,0,0,1134,233,20.54673721340388,901,79.45326278659613,
gc_2022_verts,20.03.22,centre-gauche,Gros-de-Vaud,Echallens,5518,,1134,0,0,1134,190,16.75485008818342,944,83.24514991181657,
gc_2022_PS,20.03.22,centre-gauche,Gros-de-Vaud,Essertines-sur-Yverdon,5520,,209,0,0,209,30,14.354066985645932,179,85.64593301435407,
gc_2022_Gauche,20.03.22,gauche,Gros-de-Vaud,Essertines-sur-Yverdon,5520,,209,0,0,209,0,0,209,100,
gc_2022_extreme-droite,20.03.22,extreme-droite,Gros-de-Vaud,Essertines-sur-Yverdon,5520,,209,0,0,209,63,30.14354066985646,146,69.85645933014354,
gc_2022_droite-bourgeoise,20.03.22,droite,Gros-de-Vaud,Essertines-sur-Yverdon,5520,,209,0,0,209,55,26.31578947368421,154,73.68421052631578,
gc_2022_centre,20.03.22,centre,Gros-de-Vaud,Essertines-sur-Yverdon,5520,,209,0,0,209,29,13.875598086124402,180,86.1244019138756,
gc_2022_verts,20.03.22,centre-gauche,Gros-de-Vaud,Essertines-sur-Yverdon,5520,,209,0,0,209,31,14.832535885167463,178,85.16746411483254,
gc_2022_PS,20.03.22,centre-gauche,Gros-de-Vaud,Etagnières,5521,,246,0,0,246,38,15.447154471544716,208,84.5528455284553,
gc_2022_Gauche,20.03.22,gauche,Gros-de-Vaud,Etagnières,5521,,246,0,0,246,0,0,246,100,
gc_2022_extreme-droite,20.03.22,extreme-droite,Gros-de-Vaud,Etagnières,5521,,246,0,0,246,28,11.38211382113821,218,88.6178861788618,
gc_2022_droite-bourgeoise,20.03.22,droite,Gros-de-Vaud,Etagnières,5521,,246,0,0,246,77,31.300813008130078,169,68.69918699186992,
gc_2022_centre,20.03.22,centre,Gros-de-Vaud,Etagnières,5521,,246,0,0,246,51,20.73170731707317,195,79.26829268292683,
gc_2022_verts,20.03.22,centre-gauche,Gros-de-Vaud,Etagnières,5521,,246,0,0,246,52,21.138211382113823,194,78.86178861788618,
gc_2022_PS,20.03.22,centre-gauche,Gros-de-Vaud,Fey,5522,,154,0,0,154,16,10.38961038961039,138,89.6103896103896,
gc_2022_Gauche,20.03.22,gauche,Gros-de-Vaud,Fey,5522,,154,0,0,154,0,0,154,100,
gc_2022_extreme-droite,20.03.22,extreme-droite,Gros-de-Vaud,Fey,5522,,154,0,0,154,44,28.57142857142857,110,71.42857142857143,
gc_2022_droite-bourgeoise,20.03.22,droite,Gros-de-Vaud,Fey,5522,,154,0,0,154,41,26.623376623376622,113,73.37662337662337,
gc_2022_centre,20.03.22,centre,Gros-de-Vaud,Fey,5522,,154,0,0,154,26,16.883116883116884,128,83.11688311688312,
gc_2022_verts,20.03.22,centre-gauche,Gros-de-Vaud,Fey,5522,,154,0,0,154,27,17.532467532467532,127,82.46753246753246,
gc_2022_PS,20.03.22,centre-gauche,Gros-de-Vaud,Froideville,5523,,550,0,0,550,86,15.636363636363637,464,84.36363636363636,
gc_2022_Gauche,20.03.22,gauche,Gros-de-Vaud,Froideville,5523,,550,0,0,550,0,0,550,100,
gc_2022_extreme-droite,20.03.22,extreme-droite,Gros-de-Vaud,Froideville,5523,,550,0,0,550,211,38.36363636363636,339,61.63636363636363,
gc_2022_droite-bourgeoise,20.03.22,droite,Gros-de-Vaud,Froideville,5523,,550,0,0,550,125,22.727272727272727,425,77.27272727272727,
gc_2022_centre,20.03.22,centre,Gros-de-Vaud,Froideville,5523,,550,0,0,550,57,10.363636363636363,493,89.63636363636364,
gc_2022_verts,20.03.22,centre-gauche,Gros-de-Vaud,Froideville,5523,,550,0,0,550,71,12.909090909090908,479,87.09090909090908,
gc_2022_PS,20.03.22,centre-gauche,Gros-de-Vaud,Morrens VD,5527,,218,0,0,218,54,24.770642201834864,164,75.22935779816514,
gc_2022_Gauche,20.03.22,gauche,Gros-de-Vaud,Morrens VD,5527,,218,0,0,218,0,0,218,100,
gc_2022_extreme-droite,20.03.22,extreme-droite,Gros-de-Vaud,Morrens VD,5527,,218,0,0,218,40,18.34862385321101,178,81.65137614678899,
gc_2022_droite-bourgeoise,20.03.22,droite,Gros-de-Vaud,Morrens VD,5527,,218,0,0,218,44,20.18348623853211,174,79.81651376146789,
gc_2022_centre,20.03.22,centre,Gros-de-Vaud,Morrens VD,5527,,218,0,0,218,39,17.889908256880734,179,82.11009174311926,
gc_2022_verts,20.03.22,centre-gauche,Gros-de-Vaud,Morrens VD,5527,,218,0,0,218,41,18.807339449541285,177,81.19266055045871,
gc_2022_PS,20.03.22,centre-gauche,Gros-de-Vaud,Oulens-sous-Echallens,5529,,168,0,0,168,22,13.095238095238097,146,86.90476190476191,
gc_2022_Gauche,20.03.22,gauche,Gros-de-Vaud,Oulens-sous-Echallens,5529,,168,0,0,168,0,0,168,100,
gc_2022_extreme-droite,20.03.22,extreme-droite,Gros-de-Vaud,Oulens-sous-Echallens,5529,,168,0,0,168,34,20.238095238095237,134,79.76190476190477,
gc_2022_droite-bourgeoise,20.03.22,droite,Gros-de-Vaud,Oulens-sous-Echallens,5529,,168,0,0,168,59,35.11904761904761,109,64.88095238095238,
gc_2022_centre,20.03.22,centre,Gros-de-Vaud,Oulens-sous-Echallens,5529,,168,0,0,168,31,18.452380952380953,137,81.54761904761905,
gc_2022_verts,20.03.22,centre-gauche,Gros-de-Vaud,Oulens-sous-Echallens,5529,,168,0,0,168,21,12.5,147,87.5,
gc_2022_PS,20.03.22,centre-gauche,Gros-de-Vaud,Pailly,5530,,140,0,0,140,7,5,133,95,
gc_2022_Gauche,20.03.22,gauche,Gros-de-Vaud,Pailly,5530,,140,0,0,140,0,0,140,100,
gc_2022_extreme-droite,20.03.22,extreme-droite,Gros-de-Vaud,Pailly,5530,,140,0,0,140,51,36.42857142857142,89,63.57142857142857,
gc_2022_droite-bourgeoise,20.03.22,droite,Gros-de-Vaud,Pailly,5530,,140,0,0,140,48,34.285714285714285,92,65.71428571428571,
gc_2022_centre,20.03.22,centre,Gros-de-Vaud,Pailly,5530,,140,0,0,140,23,16.428571428571427,117,83.57142857142857,
gc_2022_verts,20.03.22,centre-gauche,Gros-de-Vaud,Pailly,5530,,140,0,0,140,10,7.142857142857142,130,92.85714285714286,
gc_2022_PS,20.03.22,centre-gauche,Gros-de-Vaud,Penthéréaz,5531,,107,0,0,107,15,14.018691588785046,92,85.98130841121495,
gc_2022_Gauche,20.03.22,gauche,Gros-de-Vaud,Penthéréaz,5531,,107,0,0,107,0,0,107,100,
gc_2022_extreme-droite,20.03.22,extreme-droite,Gros-de-Vaud,Penthéréaz,5531,,107,0,0,107,13,12.149532710280374,94,87.85046728971963,
gc_2022_droite-bourgeoise,20.03.22,droite,Gros-de-Vaud,Penthéréaz,5531,,107,0,0,107,57,53.271028037383175,50,46.728971962616825,
gc_2022_centre,20.03.22,centre,Gros-de-Vaud,Penthéréaz,5531,,107,0,0,107,12,11.214953271028037,95,88.78504672897196,
gc_2022_verts,20.03.22,centre-gauche,Gros-de-Vaud,Penthéréaz,5531,,107,0,0,107,10,9.345794392523365,97,90.65420560747664,
gc_2022_PS,20.03.22,centre-gauche,Gros-de-Vaud,Poliez-Pittet,5533,,191,0,0,191,17,8.900523560209423,174,91.09947643979058,
gc_2022_Gauche,20.03.22,gauche,Gros-de-Vaud,Poliez-Pittet,5533,,191,0,0,191,0,0,191,100,
gc_2022_extreme-droite,20.03.22,extreme-droite,Gros-de-Vaud,Poliez-Pittet,5533,,191,0,0,191,54,28.272251308900525,137,71.72774869109948,
gc_2022_droite-bourgeoise,20.03.22,droite,Gros-de-Vaud,Poliez-Pittet,5533,,191,0,0,191,69,36.12565445026178,122,63.87434554973822,
gc_2022_centre,20.03.22,centre,Gros-de-Vaud,Poliez-Pittet,5533,,191,0,0,191,31,16.230366492146597,160,83.7696335078534,
gc_2022_verts,20.03.22,centre-gauche,Gros-de-Vaud,Poliez-Pittet,5533,,191,0,0,191,20,10.471204188481675,171,89.52879581151832,
gc_2022_PS,20.03.22,centre-gauche,Gros-de-Vaud,Rueyres,5534,,109,0,0,109,9,8.256880733944955,100,91.74311926605505,
gc_2022_Gauche,20.03.22,gauche,Gros-de-Vaud,Rueyres,5534,,109,0,0,109,0,0,109,100,
gc_2022_extreme-droite,20.03.22,extreme-droite,Gros-de-Vaud,Rueyres,5534,,109,0,0,109,51,46.788990825688074,58,53.21100917431193,
gc_2022_droite-bourgeoise,20.03.22,droite,Gros-de-Vaud,Rueyres,5534,,109,0,0,109,21,19.26605504587156,88,80.73394495412845,
gc_2022_centre,20.03.22,centre,Gros-de-Vaud,Rueyres,5534,,109,0,0,109,17,15.59633027522936,92,84.40366972477065,
gc_2022_verts,20.03.22,centre-gauche,Gros-de-Vaud,Rueyres,5534,,109,0,0,109,10,9.174311926605505,99,90.82568807339449,
gc_2022_PS,20.03.22,centre-gauche,Gros-de-Vaud,Saint-Barthélemy VD,5535,,172,0,0,172,23,13.372093023255813,149,86.62790697674419,
gc_2022_Gauche,20.03.22,gauche,Gros-de-Vaud,Saint-Barthélemy VD,5535,,172,0,0,172,0,0,172,100,
gc_2022_extreme-droite,20.03.22,extreme-droite,Gros-de-Vaud,Saint-Barthélemy VD,5535,,172,0,0,172,52,30.23255813953488,120,69.76744186046511,
gc_2022_droite-bourgeoise,20.03.22,droite,Gros-de-Vaud,Saint-Barthélemy VD,5535,,172,0,0,172,55,31.976744186046513,117,68.02325581395348,
gc_2022_centre,20.03.22,centre,Gros-de-Vaud,Saint-Barthélemy VD,5535,,172,0,0,172,28,16.27906976744186,144,83.72093023255815,
gc_2022_verts,20.03.22,centre-gauche,Gros-de-Vaud,Saint-Barthélemy VD,5535,,172,0,0,172,14,8.13953488372093,158,91.86046511627907,
gc_2022_PS,20.03.22,centre-gauche,Gros-de-Vaud,Villars-le-Terroir,5537,,302,0,0,302,28,9.271523178807946,274,90.72847682119205,
gc_2022_Gauche,20.03.22,gauche,Gros-de-Vaud,Villars-le-Terroir,5537,,302,0,0,302,0,0,302,100,
gc_2022_extreme-droite,20.03.22,extreme-droite,Gros-de-Vaud,Villars-le-Terroir,5537,,302,0,0,302,62,20.52980132450331,240,79.47019867549669,
gc_2022_droite-bourgeoise,20.03.22,droite,Gros-de-Vaud,Villars-le-Terroir,5537,,302,0,0,302,91,30.132450331125828,211,69.86754966887418,
gc_2022_centre,20.03.22,centre,Gros-de-Vaud,Villars-le-Terroir,5537,,302,0,0,302,83,27.483443708609272,219,72.51655629139073,
gc_2022_verts,20.03.22,centre-gauche,Gros-de-Vaud,Villars-le-Terroir,5537,,302,0,0,302,38,12.582781456953644,264,87.41721854304636,
gc_2022_PS,20.03.22,centre-gauche,Gros-de-Vaud,Vuarrens,5539,,246,0,0,246,19,7.723577235772358,227,92.27642276422763,
gc_2022_Gauche,20.03.22,gauche,Gros-de-Vaud,Vuarrens,5539,,246,0,0,246,0,0,246,100,
gc_2022_extreme-droite,20.03.22,extreme-droite,Gros-de-Vaud,Vuarrens,5539,,246,0,0,246,97,39.43089430894309,149,60.56910569105691,
gc_2022_droite-bourgeoise,20.03.22,droite,Gros-de-Vaud,Vuarrens,5539,,246,0,0,246,71,28.86178861788618,175,71.13821138211382,
gc_2022_centre,20.03.22,centre,Gros-de-Vaud,Vuarrens,5539,,246,0,0,246,26,10.569105691056912,220,89.43089430894308,
gc_2022_verts,20.03.22,centre-gauche,Gros-de-Vaud,Vuarrens,5539,,246,0,0,246,33,13.414634146341465,213,86.58536585365853,
gc_2022_PS,20.03.22,centre-gauche,Gros-de-Vaud,Montilliez,5540,,425,0,0,425,48,11.294117647058824,377,88.70588235294117,
gc_2022_Gauche,20.03.22,gauche,Gros-de-Vaud,Montilliez,5540,,425,0,0,425,0,0,425,100,
gc_2022_extreme-droite,20.03.22,extreme-droite,Gros-de-Vaud,Montilliez,5540,,425,0,0,425,121,28.47058823529412,304,71.52941176470588,
gc_2022_droite-bourgeoise,20.03.22,droite,Gros-de-Vaud,Montilliez,5540,,425,0,0,425,142,33.411764705882355,283,66.58823529411765,
gc_2022_centre,20.03.22,centre,Gros-de-Vaud,Montilliez,5540,,425,0,0,425,51,12,374,88,
gc_2022_verts,20.03.22,centre-gauche,Gros-de-Vaud,Montilliez,5540,,425,0,0,425,62,14.588235294117647,363,85.41176470588235,
gc_2022_PS,20.03.22,centre-gauche,Gros-de-Vaud,Goumoëns,5541,,300,0,0,300,30,10,270,90,
gc_2022_Gauche,20.03.22,gauche,Gros-de-Vaud,Goumoëns,5541,,300,0,0,300,0,0,300,100,
gc_2022_extreme-droite,20.03.22,extreme-droite,Gros-de-Vaud,Goumoëns,5541,,300,0,0,300,74,24.666666666666668,226,75.33333333333333,
gc_2022_droite-bourgeoise,20.03.22,droite,Gros-de-Vaud,Goumoëns,5541,,300,0,0,300,118,39.33333333333333,182,60.66666666666667,
gc_2022_centre,20.03.22,centre,Gros-de-Vaud,Goumoëns,5541,,300,0,0,300,49,16.333333333333332,251,83.66666666666667,
gc_2022_verts,20.03.22,centre-gauche,Gros-de-Vaud,Goumoëns,5541,,300,0,0,300,29,9.666666666666666,271,90.33333333333333,
gc_2022_PS,20.03.22,centre-gauche,Gros-de-Vaud,Boulens,5661,,110,0,0,110,22,20,88,80,
gc_2022_Gauche,20.03.22,gauche,Gros-de-Vaud,Boulens,5661,,110,0,0,110,0,0,110,100,
gc_2022_extreme-droite,20.03.22,extreme-droite,Gros-de-Vaud,Boulens,5661,,110,0,0,110,29,26.36363636363636,81,73.63636363636363,
gc_2022_droite-bourgeoise,20.03.22,droite,Gros-de-Vaud,Boulens,5661,,110,0,0,110,23,20.909090909090907,87,79.0909090909091,
gc_2022_centre,20.03.22,centre,Gros-de-Vaud,Boulens,5661,,110,0,0,110,11,10,99,90,
gc_2022_verts,20.03.22,centre-gauche,Gros-de-Vaud,Boulens,5661,,110,0,0,110,25,22.727272727272727,85,77.27272727272727,
gc_2022_PS,20.03.22,centre-gauche,Gros-de-Vaud,Ogens,5680,,81,0,0,81,9,11.11111111111111,72,88.88888888888889,
gc_2022_Gauche,20.03.22,gauche,Gros-de-Vaud,Ogens,5680,,81,0,0,81,0,0,81,100,
gc_2022_extreme-droite,20.03.22,extreme-droite,Gros-de-Vaud,Ogens,5680,,81,0,0,81,18,22.22222222222222,63,77.77777777777779,
gc_2022_droite-bourgeoise,20.03.22,droite,Gros-de-Vaud,Ogens,5680,,81,0,0,81,26,32.098765432098766,55,67.90123456790124,
gc_2022_centre,20.03.22,centre,Gros-de-Vaud,Ogens,5680,,81,0,0,81,9,11.11111111111111,72,88.88888888888889,
gc_2022_verts,20.03.22,centre-gauche,Gros-de-Vaud,Ogens,5680,,81,0,0,81,20,24.691358024691358,61,75.30864197530865,
gc_2022_PS,20.03.22,centre-gauche,Gros-de-Vaud,Montanaire,5693,,694,0,0,694,74,10.662824207492795,620,89.33717579250721,
gc_2022_Gauche,20.03.22,gauche,Gros-de-Vaud,Montanaire,5693,,694,0,0,694,0,0,694,100,
gc_2022_extreme-droite,20.03.22,extreme-droite,Gros-de-Vaud,Montanaire,5693,,694,0,0,694,188,27.089337175792505,506,72.91066282420749,
gc_2022_droite-bourgeoise,20.03.22,droite,Gros-de-Vaud,Montanaire,5693,,694,0,0,694,252,36.31123919308357,442,63.68876080691642,
gc_2022_centre,20.03.22,centre,Gros-de-Vaud,Montanaire,5693,,694,0,0,694,60,8.645533141210375,634,91.35446685878964,
gc_2022_verts,20.03.22,centre-gauche,Gros-de-Vaud,Montanaire,5693,,694,0,0,694,119,17.146974063400577,575,82.85302593659942,
gc_2022_PS,20.03.22,centre-gauche,Gros-de-Vaud,Jorat-Menthue,5804,,355,0,0,355,56,15.774647887323944,299,84.22535211267605,
gc_2022_Gauche,20.03.22,gauche,Gros-de-Vaud,Jorat-Menthue,5804,,355,0,0,355,0,0,355,100,
gc_2022_extreme-droite,20.03.22,extreme-droite,Gros-de-Vaud,Jorat-Menthue,5804,,355,0,0,355,94,26.478873239436616,261,73.52112676056338,
gc_2022_droite-bourgeoise,20.03.22,droite,Gros-de-Vaud,Jorat-Menthue,5804,,355,0,0,355,119,33.52112676056338,236,66.47887323943662,
gc_2022_centre,20.03.22,centre,Gros-de-Vaud,Jorat-Menthue,5804,,355,0,0,355,33,9.295774647887324,322,90.70422535211267,
gc_2022_verts,20.03.22,centre-gauche,Gros-de-Vaud,Jorat-Menthue,5804,,355,0,0,355,52,14.647887323943662,303,85.35211267605634,
gc_2022_PS,20.03.22,centre-gauche,Gros-de-Vaud,Oppens,5923,,52,0,0,52,6,11.538461538461538,46,88.46153846153845,
gc_2022_Gauche,20.03.22,gauche,Gros-de-Vaud,Oppens,5923,,52,0,0,52,0,0,52,100,
gc_2022_extreme-droite,20.03.22,extreme-droite,Gros-de-Vaud,Oppens,5923,,52,0,0,52,21,40.38461538461539,31,59.61538461538461,
gc_2022_droite-bourgeoise,20.03.22,droite,Gros-de-Vaud,Oppens,5923,,52,0,0,52,12,23.076923076923077,40,76.92307692307693,
gc_2022_centre,20.03.22,centre,Gros-de-Vaud,Oppens,5923,,52,0,0,52,5,9.615384615384617,47,90.38461538461539,
gc_2022_verts,20.03.22,centre-gauche,Gros-de-Vaud,Oppens,5923,,52,0,0,52,7,13.461538461538462,45,86.53846153846155,
gc_2022_PS,20.03.22,centre-gauche,Lavaux - Oron,Belmont-sur-Lausanne,5581,,754,0,0,754,119,15.782493368700266,635,84.21750663129973,
gc_2022_Gauche,20.03.22,gauche,Lavaux - Oron,Belmont-sur-Lausanne,5581,,754,0,0,754,2,0.2652519893899204,752,99.73474801061008,
gc_2022_extreme-droite,20.03.22,extreme-droite,Lavaux - Oron,Belmont-sur-Lausanne,5581,,754,0,0,754,90,11.936339522546419,664,88.06366047745358,
gc_2022_droite-bourgeoise,20.03.22,droite,Lavaux - Oron,Belmont-sur-Lausanne,5581,,754,0,0,754,239,31.697612732095493,515,68.3023872679045,
gc_2022_centre,20.03.22,centre,Lavaux - Oron,Belmont-sur-Lausanne,5581,,754,0,0,754,155,20.55702917771883,599,79.44297082228117,
gc_2022_verts,20.03.22,centre-gauche,Lavaux - Oron,Belmont-sur-Lausanne,5581,,754,0,0,754,149,19.76127320954907,605,80.23872679045093,
gc_2022_PS,20.03.22,centre-gauche,Lavaux - Oron,Paudex,5588,,294,0,0,294,46,15.646258503401361,248,84.35374149659864,
gc_2022_Gauche,20.03.22,gauche,Lavaux - Oron,Paudex,5588,,294,0,0,294,1,0.3401360544217687,293,99.65986394557824,
gc_2022_extreme-droite,20.03.22,extreme-droite,Lavaux - Oron,Paudex,5588,,294,0,0,294,38,12.925170068027212,256,87.07482993197279,
gc_2022_droite-bourgeoise,20.03.22,droite,Lavaux - Oron,Paudex,5588,,294,0,0,294,129,43.87755102040816,165,56.12244897959183,
gc_2022_centre,20.03.22,centre,Lavaux - Oron,Paudex,5588,,294,0,0,294,40,13.60544217687075,254,86.39455782312925,
gc_2022_verts,20.03.22,centre-gauche,Lavaux - Oron,Paudex,5588,,294,0,0,294,40,13.60544217687075,254,86.39455782312925,
gc_2022_PS,20.03.22,centre-gauche,Lavaux - Oron,Pully,5590,,3788,0,0,3788,703,18.55860612460401,3085,81.44139387539599,
gc_2022_Gauche,20.03.22,gauche,Lavaux - Oron,Pully,5590,,3788,0,0,3788,8,0.21119324181626187,3780,99.78880675818374,
gc_2022_extreme-droite,20.03.22,extreme-droite,Lavaux - Oron,Pully,5590,,3788,0,0,3788,480,12.671594508975712,3308,87.32840549102428,
gc_2022_droite-bourgeoise,20.03.22,droite,Lavaux - Oron,Pully,5590,,3788,0,0,3788,1435,37.88278775079198,2353,62.11721224920802,
gc_2022_centre,20.03.22,centre,Lavaux - Oron,Pully,5590,,3788,0,0,3788,464,12.249208025343188,3324,87.7507919746568,
gc_2022_verts,20.03.22,centre-gauche,Lavaux - Oron,Pully,5590,,3788,0,0,3788,698,18.42661034846885,3090,81.57338965153114,
gc_2022_PS,20.03.22,centre-gauche,Lavaux - Oron,Chexbres,5601,,506,0,0,506,89,17.588932806324113,417,82.41106719367589,
gc_2022_Gauche,20.03.22,gauche,Lavaux - Oron,Chexbres,5601,,506,0,0,506,2,0.3952569169960474,504,99.60474308300395,
gc_2022_extreme-droite,20.03.22,extreme-droite,Lavaux - Oron,Chexbres,5601,,506,0,0,506,66,13.043478260869565,440,86.95652173913044,
gc_2022_droite-bourgeoise,20.03.22,droite,Lavaux - Oron,Chexbres,5601,,506,0,0,506,201,39.723320158102766,305,60.27667984189723,
gc_2022_centre,20.03.22,centre,Lavaux - Oron,Chexbres,5601,,506,0,0,506,46,9.090909090909092,460,90.9090909090909,
gc_2022_verts,20.03.22,centre-gauche,Lavaux - Oron,Chexbres,5601,,506,0,0,506,102,20.158102766798418,404,79.84189723320159,
gc_2022_PS,20.03.22,centre-gauche,Lavaux - Oron,Forel (Lavaux),5604,,468,0,0,468,62,13.247863247863249,406,86.75213675213675,
gc_2022_Gauche,20.03.22,gauche,Lavaux - Oron,Forel (Lavaux),5604,,468,0,0,468,2,0.4273504273504274,466,99.57264957264957,
gc_2022_extreme-droite,20.03.22,extreme-droite,Lavaux - Oron,Forel (Lavaux),5604,,468,0,0,468,106,22.64957264957265,362,77.35042735042735,
gc_2022_droite-bourgeoise,20.03.22,droite,Lavaux - Oron,Forel (Lavaux),5604,,468,0,0,468,186,39.743589743589745,282,60.256410256410255,
gc_2022_centre,20.03.22,centre,Lavaux - Oron,Forel (Lavaux),5604,,468,0,0,468,47,10.042735042735043,421,89.95726495726495,
gc_2022_verts,20.03.22,centre-gauche,Lavaux - Oron,Forel (Lavaux),5604,,468,0,0,468,66,14.102564102564102,402,85.8974358974359,
gc_2022_PS,20.03.22,centre-gauche,Lavaux - Oron,Lutry,5606,,2440,0,0,2440,340,13.934426229508196,2100,86.0655737704918,
gc_2022_Gauche,20.03.22,gauche,Lavaux - Oron,Lutry,5606,,2440,0,0,2440,8,0.32786885245901637,2432,99.672131147541,
gc_2022_extreme-droite,20.03.22,extreme-droite,Lavaux - Oron,Lutry,5606,,2440,0,0,2440,284,11.639344262295081,2156,88.36065573770492,
gc_2022_droite-bourgeoise,20.03.22,droite,Lavaux - Oron,Lutry,5606,,2440,0,0,2440,1062,43.52459016393443,1378,56.47540983606557,
gc_2022_centre,20.03.22,centre,Lavaux - Oron,Lutry,5606,,2440,0,0,2440,352,14.426229508196723,2088,85.57377049180329,
gc_2022_verts,20.03.22,centre-gauche,Lavaux - Oron,Lutry,5606,,2440,0,0,2440,394,16.147540983606557,2046,83.85245901639344,
gc_2022_PS,20.03.22,centre-gauche,Lavaux - Oron,Puidoux,5607,,552,0,0,552,72,13.043478260869565,480,86.95652173913044,
gc_2022_Gauche,20.03.22,gauche,Lavaux - Oron,Puidoux,5607,,552,0,0,552,1,0.18115942028985507,551,99.81884057971014,
gc_2022_extreme-droite,20.03.22,extreme-droite,Lavaux - Oron,Puidoux,5607,,552,0,0,552,128,23.18840579710145,424,76.81159420289855,
gc_2022_droite-bourgeoise,20.03.22,droite,Lavaux - Oron,Puidoux,5607,,552,0,0,552,191,34.60144927536232,361,65.39855072463769,
gc_2022_centre,20.03.22,centre,Lavaux - Oron,Puidoux,5607,,552,0,0,552,56,10.144927536231885,496,89.85507246376811,
gc_2022_verts,20.03.22,centre-gauche,Lavaux - Oron,Puidoux,5607,,552,0,0,552,104,18.84057971014493,448,81.15942028985508,
gc_2022_PS,20.03.22,centre-gauche,Lavaux - Oron,Rivaz,5609,,107,0,0,107,12,11.214953271028037,95,88.78504672897196,
gc_2022_Gauche,20.03.22,gauche,Lavaux - Oron,Rivaz,5609,,107,0,0,107,1,0.9345794392523363,106,99.06542056074767,
gc_2022_extreme-droite,20.03.22,extreme-droite,Lavaux - Oron,Rivaz,5609,,107,0,0,107,16,14.953271028037381,91,85.04672897196261,
gc_2022_droite-bourgeoise,20.03.22,droite,Lavaux - Oron,Rivaz,5609,,107,0,0,107,46,42.99065420560748,61,57.009345794392516,
gc_2022_centre,20.03.22,centre,Lavaux - Oron,Rivaz,5609,,107,0,0,107,11,10.2803738317757,96,89.7196261682243,
gc_2022_verts,20.03.22,centre-gauche,Lavaux - Oron,Rivaz,5609,,107,0,0,107,22,20.5607476635514,85,79.43925233644859,
gc_2022_PS,20.03.22,centre-gauche,Lavaux - Oron,Saint-Saphorin (Lavaux),5610,,105,0,0,105,21,20,84,80,
gc_2022_Gauche,20.03.22,gauche,Lavaux - Oron,Saint-Saphorin (Lavaux),5610,,105,0,0,105,1,0.9523809523809524,104,99.04761904761905,
gc_2022_extreme-droite,20.03.22,extreme-droite,Lavaux - Oron,Saint-Saphorin (Lavaux),5610,,105,0,0,105,12,11.428571428571429,93,88.57142857142857,
gc_2022_droite-bourgeoise,20.03.22,droite,Lavaux - Oron,Saint-Saphorin (Lavaux),5610,,105,0,0,105,33,31.428571428571427,72,68.57142857142857,
gc_2022_centre,20.03.22,centre,Lavaux - Oron,Saint-Saphorin (Lavaux),5610,,105,0,0,105,15,14.285714285714285,90,85.71428571428571,
gc_2022_verts,20.03.22,centre-gauche,Lavaux - Oron,Saint-Saphorin (Lavaux),5610,,105,0,0,105,23,21.904761904761905,82,78.0952380952381,
gc_2022_PS,20.03.22,centre-gauche,Lavaux - Oron,Savigny,5611,,828,0,0,828,136,16.425120772946862,692,83.57487922705315,
gc_2022_Gauche,20.03.22,gauche,Lavaux - Oron,Savigny,5611,,828,0,0,828,2,0.24154589371980675,826,99.7584541062802,
gc_2022_extreme-droite,20.03.22,extreme-droite,Lavaux - Oron,Savigny,5611,,828,0,0,828,135,16.304347826086957,693,83.69565217391305,
gc_2022_droite-bourgeoise,20.03.22,droite,Lavaux - Oron,Savigny,5611,,828,0,0,828,340,41.06280193236715,488,58.93719806763285,
gc_2022_centre,20.03.22,centre,Lavaux - Oron,Savigny,5611,,828,0,0,828,62,7.487922705314009,766,92.512077294686,
gc_2022_verts,20.03.22,centre-gauche,Lavaux - Oron,Savigny,5611,,828,0,0,828,152,18.357487922705314,676,81.64251207729468,
gc_2022_PS,20.03.22,centre-gauche,Lavaux - Oron,Bourg-en-Lavaux,5613,,1419,0,0,1419,229,16.13812544045102,1190,83.86187455954898,
gc_2022_Gauche,20.03.22,gauche,Lavaux - Oron,Bourg-en-Lavaux,5613,,1419,0,0,1419,3,0.21141649048625794,1416,99.78858350951374,
gc_2022_extreme-droite,20.03.22,extreme-droite,Lavaux - Oron,Bourg-en-Lavaux,5613,,1419,0,0,1419,153,10.782241014799155,1266,89.21775898520085,
gc_2022_droite-bourgeoise,20.03.22,droite,Lavaux - Oron,Bourg-en-Lavaux,5613,,1419,0,0,1419,522,36.78646934460888,897,63.213530655391125,
gc_2022_centre,20.03.22,centre,Lavaux - Oron,Bourg-en-Lavaux,5613,,1419,0,0,1419,210,14.799154334038056,1209,85.20084566596195,
gc_2022_verts,20.03.22,centre-gauche,Lavaux - Oron,Bourg-en-Lavaux,5613,,1419,0,0,1419,303,21.353065539112052,1116,78.64693446088795,
gc_2022_PS,20.03.22,centre-gauche,Lavaux - Oron,Maracon,5790,,140,0,0,140,21,15,119,85,
gc_2022_Gauche,20.03.22,gauche,Lavaux - Oron,Maracon,5790,,140,0,0,140,1,0.7142857142857143,139,99.28571428571429,
gc_2022_extreme-droite,20.03.22,extreme-droite,Lavaux - Oron,Maracon,5790,,140,0,0,140,43,30.714285714285715,97,69.28571428571428,
gc_2022_droite-bourgeoise,20.03.22,droite,Lavaux - Oron,Maracon,5790,,140,0,0,140,20,14.285714285714285,120,85.71428571428571,
gc_2022_centre,20.03.22,centre,Lavaux - Oron,Maracon,5790,,140,0,0,140,17,12.142857142857142,123,87.85714285714286,
gc_2022_verts,20.03.22,centre-gauche,Lavaux - Oron,Maracon,5790,,140,0,0,140,37,26.42857142857143,103,73.57142857142858,
gc_2022_PS,20.03.22,centre-gauche,Lavaux - Oron,Montpreveyres,5792,,115,0,0,115,20,17.391304347826086,95,82.6086956521739,
gc_2022_Gauche,20.03.22,gauche,Lavaux - Oron,Montpreveyres,5792,,115,0,0,115,1,0.8695652173913043,114,99.1304347826087,
gc_2022_extreme-droite,20.03.22,extreme-droite,Lavaux - Oron,Montpreveyres,5792,,115,0,0,115,18,15.65217391304348,97,84.34782608695653,
gc_2022_droite-bourgeoise,20.03.22,droite,Lavaux - Oron,Montpreveyres,5792,,115,0,0,115,21,18.26086956521739,94,81.73913043478261,
gc_2022_centre,20.03.22,centre,Lavaux - Oron,Montpreveyres,5792,,115,0,0,115,15,13.043478260869565,100,86.95652173913044,
gc_2022_verts,20.03.22,centre-gauche,Lavaux - Oron,Montpreveyres,5792,,115,0,0,115,39,33.91304347826087,76,66.08695652173913,
gc_2022_PS,20.03.22,centre-gauche,Lavaux - Oron,Servion,5799,,409,0,0,409,86,21.026894865525673,323,78.97310513447434,
gc_2022_Gauche,20.03.22,gauche,Lavaux - Oron,Servion,5799,,409,0,0,409,1,0.24449877750611246,408,99.75550122249389,
gc_2022_extreme-droite,20.03.22,extreme-droite,Lavaux - Oron,Servion,5799,,409,0,0,409,68,16.625916870415647,341,83.37408312958435,
gc_2022_droite-bourgeoise,20.03.22,droite,Lavaux - Oron,Servion,5799,,409,0,0,409,122,29.82885085574572,287,70.17114914425427,
gc_2022_centre,20.03.22,centre,Lavaux - Oron,Servion,5799,,409,0,0,409,40,9.7799511002445,369,90.2200488997555,
gc_2022_verts,20.03.22,centre-gauche,Lavaux - Oron,Servion,5799,,409,0,0,409,92,22.493887530562347,317,77.50611246943765,
gc_2022_PS,20.03.22,centre-gauche,Lavaux - Oron,Oron,5805,,1169,0,0,1169,265,22.668947818648416,904,77.33105218135158,
gc_2022_Gauche,20.03.22,gauche,Lavaux - Oron,Oron,5805,,1169,0,0,1169,2,0.1710863986313088,1167,99.8289136013687,
gc_2022_extreme-droite,20.03.22,extreme-droite,Lavaux - Oron,Oron,5805,,1169,0,0,1169,293,25.064157399486742,876,74.93584260051325,
gc_2022_droite-bourgeoise,20.03.22,droite,Lavaux - Oron,Oron,5805,,1169,0,0,1169,292,24.978614200171087,877,75.0213857998289,
gc_2022_centre,20.03.22,centre,Lavaux - Oron,Oron,5805,,1169,0,0,1169,107,9.153122326775023,1062,90.84687767322498,
gc_2022_verts,20.03.22,centre-gauche,Lavaux - Oron,Oron,5805,,1169,0,0,1169,210,17.964071856287426,959,82.03592814371258,
gc_2022_PS,20.03.22,centre-gauche,Lavaux - Oron,Jorat-Mézières,5806,,606,0,0,606,108,17.82178217821782,498,82.17821782178217,
gc_2022_Gauche,20.03.22,gauche,Lavaux - Oron,Jorat-Mézières,5806,,606,0,0,606,2,0.33003300330033003,604,99.66996699669967,
gc_2022_extreme-droite,20.03.22,extreme-droite,Lavaux - Oron,Jorat-Mézières,5806,,606,0,0,606,148,24.422442244224424,458,75.57755775577559,
gc_2022_droite-bourgeoise,20.03.22,droite,Lavaux - Oron,Jorat-Mézières,5806,,606,0,0,606,180,29.7029702970297,426,70.29702970297029,
gc_2022_centre,20.03.22,centre,Lavaux - Oron,Jorat-Mézières,5806,,606,0,0,606,52,8.58085808580858,554,91.41914191419141,
gc_2022_verts,20.03.22,centre-gauche,Lavaux - Oron,Jorat-Mézières,5806,,606,0,0,606,116,19.141914191419144,490,80.85808580858085,
gc_2022_PS,20.03.22,centre-gauche,Morges,Aubonne,5422,,719,0,0,719,139,19.33240611961057,580,80.66759388038943,
gc_2022_Gauche,20.03.22,gauche,Morges,Aubonne,5422,,719,0,0,719,0,0,719,100,
gc_2022_extreme-droite,20.03.22,extreme-droite,Morges,Aubonne,5422,,719,0,0,719,89,12.378303198887343,630,87.62169680111266,
gc_2022_droite-bourgeoise,20.03.22,droite,Morges,Aubonne,5422,,719,0,0,719,272,37.83031988873435,447,62.16968011126565,
gc_2022_centre,20.03.22,centre,Morges,Aubonne,5422,,719,0,0,719,76,10.570236439499304,643,89.4297635605007,
gc_2022_verts,20.03.22,centre-gauche,Morges,Aubonne,5422,,719,0,0,719,142,19.749652294853963,577,80.25034770514604,
gc_2022_PS,20.03.22,centre-gauche,Morges,Ballens,5423,,148,0,0,148,23,15.54054054054054,125,84.45945945945947,
gc_2022_Gauche,20.03.22,gauche,Morges,Ballens,5423,,148,0,0,148,0,0,148,100,
gc_2022_extreme-droite,20.03.22,extreme-droite,Morges,Ballens,5423,,148,0,0,148,37,25,111,75,
gc_2022_droite-bourgeoise,20.03.22,droite,Morges,Ballens,5423,,148,0,0,148,55,37.16216216216216,93,62.83783783783784,
gc_2022_centre,20.03.22,centre,Morges,Ballens,5423,,148,0,0,148,16,10.81081081081081,132,89.1891891891892,
gc_2022_verts,20.03.22,centre-gauche,Morges,Ballens,5423,,148,0,0,148,17,11.486486486486488,131,88.51351351351352,
gc_2022_PS,20.03.22,centre-gauche,Morges,Berolle,5424,,73,0,0,73,16,21.91780821917808,57,78.08219178082192,
gc_2022_Gauche,20.03.22,gauche,Morges,Berolle,5424,,73,0,0,73,0,0,73,100,
gc_2022_extreme-droite,20.03.22,extreme-droite,Morges,Berolle,5424,,73,0,0,73,28,38.35616438356164,45,61.64383561643836,
gc_2022_droite-bourgeoise,20.03.22,droite,Morges,Berolle,5424,,73,0,0,73,19,26.027397260273972,54,73.97260273972603,
gc_2022_centre,20.03.22,centre,Morges,Berolle,5424,,73,0,0,73,3,4.10958904109589,70,95.8904109589041,
gc_2022_verts,20.03.22,centre-gauche,Morges,Berolle,5424,,73,0,0,73,6,8.21917808219178,67,91.78082191780823,
gc_2022_PS,20.03.22,centre-gauche,Morges,Bière,5425,,298,0,0,298,60,20.13422818791946,238,79.86577181208054,
gc_2022_Gauche,20.03.22,gauche,Morges,Bière,5425,,298,0,0,298,0,0,298,100,
gc_2022_extreme-droite,20.03.22,extreme-droite,Morges,Bière,5425,,298,0,0,298,89,29.86577181208054,209,70.13422818791946,
gc_2022_droite-bourgeoise,20.03.22,droite,Morges,Bière,5425,,298,0,0,298,101,33.89261744966443,197,66.10738255033557,
gc_2022_centre,20.03.22,centre,Morges,Bière,5425,,298,0,0,298,12,4.026845637583892,286,95.9731543624161,
gc_2022_verts,20.03.22,centre-gauche,Morges,Bière,5425,,298,0,0,298,36,12.080536912751679,262,87.91946308724832,
gc_2022_PS,20.03.22,centre-gauche,Morges,Bougy-Villars,5426,,98,0,0,98,14,14.285714285714285,84,85.71428571428571,
gc_2022_Gauche,20.03.22,gauche,Morges,Bougy-Villars,5426,,98,0,0,98,0,0,98,100,
gc_2022_extreme-droite,20.03.22,extreme-droite,Morges,Bougy-Villars,5426,,98,0,0,98,18,18.367346938775512,80,81.63265306122449,
gc_2022_droite-bourgeoise,20.03.22,droite,Morges,Bougy-Villars,5426,,98,0,0,98,38,38.775510204081634,60,61.224489795918366,
gc_2022_centre,20.03.22,centre,Morges,Bougy-Villars,5426,,98,0,0,98,19,19.387755102040817,79,80.61224489795919,
gc_2022_verts,20.03.22,centre-gauche,Morges,Bougy-Villars,5426,,98,0,0,98,9,9.183673469387756,89,90.81632653061224,
gc_2022_PS,20.03.22,centre-gauche,Morges,Féchy,5427,,225,0,0,225,30,13.333333333333334,195,86.66666666666667,
gc_2022_Gauche,20.03.22,gauche,Morges,Féchy,5427,,225,0,0,225,0,0,225,100,
gc_2022_extreme-droite,20.03.22,extreme-droite,Morges,Féchy,5427,,225,0,0,225,30,13.333333333333334,195,86.66666666666667,
gc_2022_droite-bourgeoise,20.03.22,droite,Morges,Féchy,5427,,225,0,0,225,119,52.888888888888886,106,47.11111111111111,
gc_2022_centre,20.03.22,centre,Morges,Féchy,5427,,225,0,0,225,25,11.11111111111111,200,88.88888888888889,
gc_2022_verts,20.03.22,centre-gauche,Morges,Féchy,5427,,225,0,0,225,20,8.88888888888889,205,91.11111111111111,
gc_2022_PS,20.03.22,centre-gauche,Morges,Gimel,5428,,356,0,0,356,71,19.9438202247191,285,80.0561797752809,
gc_2022_Gauche,20.03.22,gauche,Morges,Gimel,5428,,356,0,0,356,0,0,356,100,
gc_2022_extreme-droite,20.03.22,extreme-droite,Morges,Gimel,5428,,356,0,0,356,72,20.224719101123593,284,79.7752808988764,
gc_2022_droite-bourgeoise,20.03.22,droite,Morges,Gimel,5428,,356,0,0,356,118,33.146067415730336,238,66.85393258426966,
gc_2022_centre,20.03.22,centre,Morges,Gimel,5428,,356,0,0,356,38,10.674157303370785,318,89.32584269662921,
gc_2022_verts,20.03.22,centre-gauche,Morges,Gimel,5428,,356,0,0,356,58,16.292134831460675,298,83.70786516853933,
gc_2022_PS,20.03.22,centre-gauche,Morges,Mollens VD,5431,,73,0,0,73,16,21.91780821917808,57,78.08219178082192,
gc_2022_Gauche,20.03.22,gauche,Morges,Mollens VD,5431,,73,0,0,73,0,0,73,100,
gc_2022_extreme-droite,20.03.22,extreme-droite,Morges,Mollens VD,5431,,73,0,0,73,21,28.767123287671232,52,71.23287671232876,
gc_2022_droite-bourgeoise,20.03.22,droite,Morges,Mollens VD,5431,,73,0,0,73,21,28.767123287671232,52,71.23287671232876,
gc_2022_centre,20.03.22,centre,Morges,Mollens VD,5431,,73,0,0,73,4,5.47945205479452,69,94.52054794520548,
gc_2022_verts,20.03.22,centre-gauche,Morges,Mollens VD,5431,,73,0,0,73,10,13.698630136986301,63,86.3013698630137,
gc_2022_PS,20.03.22,centre-gauche,Morges,Saint-Livres,5435,,160,0,0,160,35,21.875,125,78.125,
gc_2022_Gauche,20.03.22,gauche,Morges,Saint-Livres,5435,,160,0,0,160,0,0,160,100,
gc_2022_extreme-droite,20.03.22,extreme-droite,Morges,Saint-Livres,5435,,160,0,0,160,38,23.75,122,76.25,
gc_2022_droite-bourgeoise,20.03.22,droite,Morges,Saint-Livres,5435,,160,0,0,160,42,26.25,118,73.75,
gc_2022_centre,20.03.22,centre,Morges,Saint-Livres,5435,,160,0,0,160,16,10,144,90,
gc_2022_verts,20.03.22,centre-gauche,Morges,Saint-Livres,5435,,160,0,0,160,30,18.75,130,81.25,
gc_2022_PS,20.03.22,centre-gauche,Morges,Saint-Oyens,5436,,91,0,0,91,10,10.989010989010989,81,89.01098901098901,
gc_2022_Gauche,20.03.22,gauche,Morges,Saint-Oyens,5436,,91,0,0,91,0,0,91,100,
gc_2022_extreme-droite,20.03.22,extreme-droite,Morges,Saint-Oyens,5436,,91,0,0,91,17,18.681318681318682,74,81.31868131868131,
gc_2022_droite-bourgeoise,20.03.22,droite,Morges,Saint-Oyens,5436,,91,0,0,91,35,38.46153846153847,56,61.53846153846154,
gc_2022_centre,20.03.22,centre,Morges,Saint-Oyens,5436,,91,0,0,91,13,14.285714285714285,78,85.71428571428571,
gc_2022_verts,20.03.22,centre-gauche,Morges,Saint-Oyens,5436,,91,0,0,91,15,16.483516483516482,76,83.51648351648352,
gc_2022_PS,20.03.22,centre-gauche,Morges,Saubraz,5437,,84,0,0,84,25,29.761904761904763,59,70.23809523809523,
gc_2022_Gauche,20.03.22,gauche,Morges,Saubraz,5437,,84,0,0,84,0,0,84,100,
gc_2022_extreme-droite,20.03.22,extreme-droite,Morges,Saubraz,5437,,84,0,0,84,23,27.380952380952383,61,72.61904761904762,
gc_2022_droite-bourgeoise,20.03.22,droite,Morges,Saubraz,5437,,84,0,0,84,19,22.61904761904762,65,77.38095238095238,
gc_2022_centre,20.03.22,centre,Morges,Saubraz,5437,,84,0,0,84,6,7.142857142857142,78,92.85714285714286,
gc_2022_verts,20.03.22,centre-gauche,Morges,Saubraz,5437,,84,0,0,84,10,11.904761904761903,74,88.09523809523809,
gc_2022_PS,20.03.22,centre-gauche,Morges,La Chaux (Cossonay),5474,,100,0,0,100,22,22,78,78,
gc_2022_Gauche,20.03.22,gauche,Morges,La Chaux (Cossonay),5474,,100,0,0,100,0,0,100,100,
gc_2022_extreme-droite,20.03.22,extreme-droite,Morges,La Chaux (Cossonay),5474,,100,0,0,100,24,24,76,76,
gc_2022_droite-bourgeoise,20.03.22,droite,Morges,La Chaux (Cossonay),5474,,100,0,0,100,25,25,75,75,
gc_2022_centre,20.03.22,centre,Morges,La Chaux (Cossonay),5474,,100,0,0,100,10,10,90,90,
gc_2022_verts,20.03.22,centre-gauche,Morges,La Chaux (Cossonay),5474,,100,0,0,100,19,19,81,81,
gc_2022_PS,20.03.22,centre-gauche,Morges,Chavannes-le-Veyron,5475,,56,0,0,56,9,16.071428571428573,47,83.92857142857143,
gc_2022_Gauche,20.03.22,gauche,Morges,Chavannes-le-Veyron,5475,,56,0,0,56,0,0,56,100,
gc_2022_extreme-droite,20.03.22,extreme-droite,Morges,Chavannes-le-Veyron,5475,,56,0,0,56,17,30.357142857142854,39,69.64285714285714,
gc_2022_droite-bourgeoise,20.03.22,droite,Morges,Chavannes-le-Veyron,5475,,56,0,0,56,17,30.357142857142854,39,69.64285714285714,
gc_2022_centre,20.03.22,centre,Morges,Chavannes-le-Veyron,5475,,56,0,0,56,6,10.714285714285714,50,89.28571428571429,
gc_2022_verts,20.03.22,centre-gauche,Morges,Chavannes-le-Veyron,5475,,56,0,0,56,7,12.5,49,87.5,
gc_2022_PS,20.03.22,centre-gauche,Morges,Chevilly,5476,,82,0,0,82,12,14.634146341463413,70,85.36585365853658,
gc_2022_Gauche,20.03.22,gauche,Morges,Chevilly,5476,,82,0,0,82,0,0,82,100,
gc_2022_extreme-droite,20.03.22,extreme-droite,Morges,Chevilly,5476,,82,0,0,82,15,18.29268292682927,67,81.70731707317073,
gc_2022_droite-bourgeoise,20.03.22,droite,Morges,Chevilly,5476,,82,0,0,82,26,31.70731707317073,56,68.29268292682927,
gc_2022_centre,20.03.22,centre,Morges,Chevilly,5476,,82,0,0,82,12,14.634146341463413,70,85.36585365853658,
gc_2022_verts,20.03.22,centre-gauche,Morges,Chevilly,5476,,82,0,0,82,18,21.951219512195124,64,78.04878048780488,
gc_2022_PS,20.03.22,centre-gauche,Morges,Cossonay,5477,,829,0,0,829,263,31.72496984318456,566,68.27503015681545,
gc_2022_Gauche,20.03.22,gauche,Morges,Cossonay,5477,,829,0,0,829,0,0,829,100,
gc_2022_extreme-droite,20.03.22,extreme-droite,Morges,Cossonay,5477,,829,0,0,829,118,14.234016887816647,711,85.76598311218335,
gc_2022_droite-bourgeoise,20.03.22,droite,Morges,Cossonay,5477,,829,0,0,829,225,27.141133896260556,604,72.85886610373944,
gc_2022_centre,20.03.22,centre,Morges,Cossonay,5477,,829,0,0,829,86,10.373944511459591,743,89.62605548854042,
gc_2022_verts,20.03.22,centre-gauche,Morges,Cossonay,5477,,829,0,0,829,137,16.52593486127865,692,83.47406513872136,
gc_2022_PS,20.03.22,centre-gauche,Morges,Cuarnens,5479,,121,0,0,121,24,19.834710743801654,97,80.16528925619835,
gc_2022_Gauche,20.03.22,gauche,Morges,Cuarnens,5479,,121,0,0,121,0,0,121,100,
gc_2022_extreme-droite,20.03.22,extreme-droite,Morges,Cuarnens,5479,,121,0,0,121,31,25.6198347107438,90,74.3801652892562,
gc_2022_droite-bourgeoise,20.03.22,droite,Morges,Cuarnens,5479,,121,0,0,121,47,38.84297520661157,74,61.15702479338842,
gc_2022_centre,20.03.22,centre,Morges,Cuarnens,5479,,121,0,0,121,7,5.785123966942149,114,94.21487603305785,
gc_2022_verts,20.03.22,centre-gauche,Morges,Cuarnens,5479,,121,0,0,121,12,9.917355371900827,109,90.08264462809917,
gc_2022_PS,20.03.22,centre-gauche,Morges,Dizy,5481,,65,0,0,65,17,26.153846153846157,48,73.84615384615385,
gc_2022_Gauche,20.03.22,gauche,Morges,Dizy,5481,,65,0,0,65,0,0,65,100,
gc_2022_extreme-droite,20.03.22,extreme-droite,Morges,Dizy,5481,,65,0,0,65,11,16.923076923076923,54,83.07692307692308,
gc_2022_droite-bourgeoise,20.03.22,droite,Morges,Dizy,5481,,65,0,0,65,12,18.461538461538463,53,81.53846153846153,
gc_2022_centre,20.03.22,centre,Morges,Dizy,5481,,65,0,0,65,9,13.846153846153847,56,86.15384615384616,
gc_2022_verts,20.03.22,centre-gauche,Morges,Dizy,5481,,65,0,0,65,16,24.615384615384617,49,75.38461538461539,
gc_2022_PS,20.03.22,centre-gauche,Morges,Eclépens,5482,,252,0,0,252,61,24.206349206349206,191,75.79365079365078,
gc_2022_Gauche,20.03.22,gauche,Morges,Eclépens,5482,,252,0,0,252,0,0,252,100,
gc_2022_extreme-droite,20.03.22,extreme-droite,Morges,Eclépens,5482,,252,0,0,252,48,19.047619047619047,204,80.95238095238095,
gc_2022_droite-bourgeoise,20.03.22,droite,Morges,Eclépens,5482,,252,0,0,252,78,30.952380952380953,174,69.04761904761905,
gc_2022_centre,20.03.22,centre,Morges,Eclépens,5482,,252,0,0,252,18,7.142857142857142,234,92.85714285714286,
gc_2022_verts,20.03.22,centre-gauche,Morges,Eclépens,5482,,252,0,0,252,46,18.253968253968253,206,81.74603174603175,
gc_2022_PS,20.03.22,centre-gauche,Morges,Ferreyres,5483,,94,0,0,94,19,20.212765957446805,75,79.7872340425532,
gc_2022_Gauche,20.03.22,gauche,Morges,Ferreyres,5483,,94,0,0,94,0,0,94,100,
gc_2022_extreme-droite,20.03.22,extreme-droite,Morges,Ferreyres,5483,,94,0,0,94,18,19.148936170212767,76,80.85106382978722,
gc_2022_droite-bourgeoise,20.03.22,droite,Morges,Ferreyres,5483,,94,0,0,94,24,25.53191489361702,70,74.46808510638297,
gc_2022_centre,20.03.22,centre,Morges,Ferreyres,5483,,94,0,0,94,11,11.702127659574469,83,88.29787234042553,
gc_2022_verts,20.03.22,centre-gauche,Morges,Ferreyres,5483,,94,0,0,94,21,22.340425531914892,73,77.6595744680851,
gc_2022_PS,20.03.22,centre-gauche,Morges,Gollion,5484,,232,0,0,232,40,17.24137931034483,192,82.75862068965517,
gc_2022_Gauche,20.03.22,gauche,Morges,Gollion,5484,,232,0,0,232,0,0,232,100,
gc_2022_extreme-droite,20.03.22,extreme-droite,Morges,Gollion,5484,,232,0,0,232,70,30.17241379310345,162,69.82758620689656,
gc_2022_droite-bourgeoise,20.03.22,droite,Morges,Gollion,5484,,232,0,0,232,41,17.67241379310345,191,82.32758620689656,
gc_2022_centre,20.03.22,centre,Morges,Gollion,5484,,232,0,0,232,45,19.396551724137932,187,80.60344827586206,
gc_2022_verts,20.03.22,centre-gauche,Morges,Gollion,5484,,232,0,0,232,36,15.517241379310345,196,84.48275862068965,
gc_2022_PS,20.03.22,centre-gauche,Morges,Grancy,5485,,118,0,0,118,18,15.254237288135593,100,84.7457627118644,
gc_2022_Gauche,20.03.22,gauche,Morges,Grancy,5485,,118,0,0,118,0,0,118,100,
gc_2022_extreme-droite,20.03.22,extreme-droite,Morges,Grancy,5485,,118,0,0,118,22,18.64406779661017,96,81.35593220338984,
gc_2022_droite-bourgeoise,20.03.22,droite,Morges,Grancy,5485,,118,0,0,118,42,35.59322033898305,76,64.40677966101694,
gc_2022_centre,20.03.22,centre,Morges,Grancy,5485,,118,0,0,118,13,11.016949152542372,105,88.98305084745762,
gc_2022_verts,20.03.22,centre-gauche,Morges,Grancy,5485,,118,0,0,118,23,19.491525423728813,95,80.50847457627118,
gc_2022_PS,20.03.22,centre-gauche,Morges,L'Isle,5486,,227,0,0,227,43,18.94273127753304,184,81.05726872246696,
gc_2022_Gauche,20.03.22,gauche,Morges,L'Isle,5486,,227,0,0,227,0,0,227,100,
gc_2022_extreme-droite,20.03.22,extreme-droite,Morges,L'Isle,5486,,227,0,0,227,57,25.11013215859031,170,74.8898678414097,
gc_2022_droite-bourgeoise,20.03.22,droite,Morges,L'Isle,5486,,227,0,0,227,78,34.36123348017621,149,65.63876651982379,
gc_2022_centre,20.03.22,centre,Morges,L'Isle,5486,,227,0,0,227,17,7.488986784140969,210,92.51101321585902,
gc_2022_verts,20.03.22,centre-gauche,Morges,L'Isle,5486,,227,0,0,227,32,14.096916299559473,195,85.90308370044053,
gc_2022_PS,20.03.22,centre-gauche,Morges,Mauraz,5488,,20,0,0,20,6,30,14,70,
gc_2022_Gauche,20.03.22,gauche,Morges,Mauraz,5488,,20,0,0,20,0,0,20,100,
gc_2022_extreme-droite,20.03.22,extreme-droite,Morges,Mauraz,5488,,20,0,0,20,3,15,17,85,
gc_2022_droite-bourgeoise,20.03.22,droite,Morges,Mauraz,5488,,20,0,0,20,3,15,17,85,
gc_2022_centre,20.03.22,centre,Morges,Mauraz,5488,,20,0,0,20,3,15,17,85,
gc_2022_verts,20.03.22,centre-gauche,Morges,Mauraz,5488,,20,0,0,20,5,25,15,75,
gc_2022_PS,20.03.22,centre-gauche,Morges,Moiry VD,5490,,104,0,0,104,22,21.153846153846153,82,78.84615384615384,
gc_2022_Gauche,20.03.22,gauche,Morges,Moiry VD,5490,,104,0,0,104,0,0,104,100,
gc_2022_extreme-droite,20.03.22,extreme-droite,Morges,Moiry VD,5490,,104,0,0,104,27,25.961538461538463,77,74.03846153846155,
gc_2022_droite-bourgeoise,20.03.22,droite,Morges,Moiry VD,5490,,104,0,0,104,20,19.230769230769234,84,80.76923076923077,
gc_2022_centre,20.03.22,centre,Morges,Moiry VD,5490,,104,0,0,104,6,5.769230769230769,98,94.23076923076923,
gc_2022_verts,20.03.22,centre-gauche,Morges,Moiry VD,5490,,104,0,0,104,29,27.884615384615387,75,72.11538461538461,
gc_2022_PS,20.03.22,centre-gauche,Morges,Mont-la-Ville,5491,,113,0,0,113,24,21.238938053097346,89,78.76106194690266,
gc_2022_Gauche,20.03.22,gauche,Morges,Mont-la-Ville,5491,,113,0,0,113,0,0,113,100,
gc_2022_extreme-droite,20.03.22,extreme-droite,Morges,Mont-la-Ville,5491,,113,0,0,113,27,23.893805309734514,86,76.10619469026548,
gc_2022_droite-bourgeoise,20.03.22,droite,Morges,Mont-la-Ville,5491,,113,0,0,113,28,24.778761061946902,85,75.22123893805309,
gc_2022_centre,20.03.22,centre,Morges,Mont-la-Ville,5491,,113,0,0,113,13,11.504424778761061,100,88.49557522123894,
gc_2022_verts,20.03.22,centre-gauche,Morges,Mont-la-Ville,5491,,113,0,0,113,22,19.469026548672566,91,80.53097345132744,
gc_2022_PS,20.03.22,centre-gauche,Morges,Montricher,5492,,249,0,0,249,42,16.867469879518072,207,83.13253012048193,
gc_2022_Gauche,20.03.22,gauche,Morges,Montricher,5492,,249,0,0,249,0,0,249,100,
gc_2022_extreme-droite,20.03.22,extreme-droite,Morges,Montricher,5492,,249,0,0,249,74,29.71887550200803,175,70.28112449799197,
gc_2022_droite-bourgeoise,20.03.22,droite,Morges,Montricher,5492,,249,0,0,249,76,30.522088353413658,173,69.47791164658635,
gc_2022_centre,20.03.22,centre,Morges,Montricher,5492,,249,0,0,249,16,6.425702811244979,233,93.57429718875501,
gc_2022_verts,20.03.22,centre-gauche,Morges,Montricher,5492,,249,0,0,249,40,16.06425702811245,209,83.93574297188755,
gc_2022_PS,20.03.22,centre-gauche,Morges,Orny,5493,,98,0,0,98,10,10.204081632653061,88,89.79591836734694,
gc_2022_Gauche,20.03.22,gauche,Morges,Orny,5493,,98,0,0,98,0,0,98,100,
gc_2022_extreme-droite,20.03.22,extreme-droite,Morges,Orny,5493,,98,0,0,98,28,28.57142857142857,70,71.42857142857143,
gc_2022_droite-bourgeoise,20.03.22,droite,Morges,Orny,5493,,98,0,0,98,25,25.510204081632654,73,74.48979591836735,
gc_2022_centre,20.03.22,centre,Morges,Orny,5493,,98,0,0,98,12,12.244897959183673,86,87.75510204081633,
gc_2022_verts,20.03.22,centre-gauche,Morges,Orny,5493,,98,0,0,98,23,23.46938775510204,75,76.53061224489795,
gc_2022_PS,20.03.22,centre-gauche,Morges,Pompaples,5497,,148,0,0,148,34,22.972972972972975,114,77.02702702702703,
gc_2022_Gauche,20.03.22,gauche,Morges,Pompaples,5497,,148,0,0,148,0,0,148,100,
gc_2022_extreme-droite,20.03.22,extreme-droite,Morges,Pompaples,5497,,148,0,0,148,34,22.972972972972975,114,77.02702702702703,
gc_2022_droite-bourgeoise,20.03.22,droite,Morges,Pompaples,5497,,148,0,0,148,40,27.027027027027028,108,72.97297297297297,
gc_2022_centre,20.03.22,centre,Morges,Pompaples,5497,,148,0,0,148,12,8.108108108108109,136,91.8918918918919,
gc_2022_verts,20.03.22,centre-gauche,Morges,Pompaples,5497,,148,0,0,148,28,18.91891891891892,120,81.08108108108108,
gc_2022_PS,20.03.22,centre-gauche,Morges,La Sarraz,5498,,422,0,0,422,105,24.881516587677723,317,75.11848341232228,
gc_2022_Gauche,20.03.22,gauche,Morges,La Sarraz,5498,,422,0,0,422,0,0,422,100,
gc_2022_extreme-droite,20.03.22,extreme-droite,Morges,La Sarraz,5498,,422,0,0,422,64,15.165876777251185,358,84.83412322274881,
gc_2022_droite-bourgeoise,20.03.22,droite,Morges,La Sarraz,5498,,422,0,0,422,122,28.90995260663507,300,71.09004739336493,
gc_2022_centre,20.03.22,centre,Morges,La Sarraz,5498,,422,0,0,422,47,11.137440758293838,375,88.86255924170617,
gc_2022_verts,20.03.22,centre-gauche,Morges,La Sarraz,5498,,422,0,0,422,84,19.90521327014218,338,80.09478672985783,
gc_2022_PS,20.03.22,centre-gauche,Morges,Senarclens,5499,,115,0,0,115,14,12.173913043478262,101,87.82608695652175,
gc_2022_Gauche,20.03.22,gauche,Morges,Senarclens,5499,,115,0,0,115,0,0,115,100,
gc_2022_extreme-droite,20.03.22,extreme-droite,Morges,Senarclens,5499,,115,0,0,115,25,21.73913043478261,90,78.26086956521739,
gc_2022_droite-bourgeoise,20.03.22,droite,Morges,Senarclens,5499,,115,0,0,115,51,44.34782608695652,64,55.65217391304348,
gc_2022_centre,20.03.22,centre,Morges,Senarclens,5499,,115,0,0,115,16,13.91304347826087,99,86.08695652173914,
gc_2022_verts,20.03.22,centre-gauche,Morges,Senarclens,5499,,115,0,0,115,9,7.82608695652174,106,92.17391304347827,
gc_2022_PS,20.03.22,centre-gauche,Morges,Aclens,5621,,117,0,0,117,28,23.931623931623932,89,76.06837606837607,
gc_2022_Gauche,20.03.22,gauche,Morges,Aclens,5621,,117,0,0,117,0,0,117,100,
gc_2022_extreme-droite,20.03.22,extreme-droite,Morges,Aclens,5621,,117,0,0,117,26,22.22222222222222,91,77.77777777777779,
gc_2022_droite-bourgeoise,20.03.22,droite,Morges,Aclens,5621,,117,0,0,117,37,31.62393162393162,80,68.37606837606837,
gc_2022_centre,20.03.22,centre,Morges,Aclens,5621,,117,0,0,117,14,11.965811965811966,103,88.03418803418803,
gc_2022_verts,20.03.22,centre-gauche,Morges,Aclens,5621,,117,0,0,117,13,11.11111111111111,104,88.88888888888889,
gc_2022_PS,20.03.22,centre-gauche,Morges,Bremblens,5622,,140,0,0,140,17,12.142857142857142,123,87.85714285714286,
gc_2022_Gauche,20.03.22,gauche,Morges,Bremblens,5622,,140,0,0,140,0,0,140,100,
gc_2022_extreme-droite,20.03.22,extreme-droite,Morges,Bremblens,5622,,140,0,0,140,35,25,105,75,
gc_2022_droite-bourgeoise,20.03.22,droite,Morges,Bremblens,5622,,140,0,0,140,46,32.857142857142854,94,67.14285714285714,
gc_2022_centre,20.03.22,centre,Morges,Bremblens,5622,,140,0,0,140,24,17.142857142857142,116,82.85714285714286,
gc_2022_verts,20.03.22,centre-gauche,Morges,Bremblens,5622,,140,0,0,140,18,12.857142857142856,122,87.14285714285714,
gc_2022_PS,20.03.22,centre-gauche,Morges,Buchillon,5623,,172,0,0,172,18,10.465116279069768,154,89.53488372093024,
gc_2022_Gauche,20.03.22,gauche,Morges,Buchillon,5623,,172,0,0,172,0,0,172,100,
gc_2022_extreme-droite,20.03.22,extreme-droite,Morges,Buchillon,5623,,172,0,0,172,28,16.27906976744186,144,83.72093023255815,
gc_2022_droite-bourgeoise,20.03.22,droite,Morges,Buchillon,5623,,172,0,0,172,82,47.674418604651166,90,52.32558139534884,
gc_2022_centre,20.03.22,centre,Morges,Buchillon,5623,,172,0,0,172,19,11.046511627906977,153,88.95348837209302,
gc_2022_verts,20.03.22,centre-gauche,Morges,Buchillon,5623,,172,0,0,172,24,13.953488372093023,148,86.04651162790698,
gc_2022_PS,20.03.22,centre-gauche,Morges,Chigny,5628,,86,0,0,86,12,13.953488372093023,74,86.04651162790698,
gc_2022_Gauche,20.03.22,gauche,Morges,Chigny,5628,,86,0,0,86,0,0,86,100,
gc_2022_extreme-droite,20.03.22,extreme-droite,Morges,Chigny,5628,,86,0,0,86,7,8.13953488372093,79,91.86046511627907,
gc_2022_droite-bourgeoise,20.03.22,droite,Morges,Chigny,5628,,86,0,0,86,44,51.162790697674424,42,48.837209302325576,
gc_2022_centre,20.03.22,centre,Morges,Chigny,5628,,86,0,0,86,8,9.30232558139535,78,90.69767441860465,
gc_2022_verts,20.03.22,centre-gauche,Morges,Chigny,5628,,86,0,0,86,15,17.441860465116278,71,82.55813953488372,
gc_2022_PS,20.03.22,centre-gauche,Morges,Clarmont,5629,,46,0,0,46,12,26.08695652173913,34,73.91304347826086,
gc_2022_Gauche,20.03.22,gauche,Morges,Clarmont,5629,,46,0,0,46,0,0,46,100,
gc_2022_extreme-droite,20.03.22,extreme-droite,Morges,Clarmont,5629,,46,0,0,46,11,23.91304347826087,35,76.08695652173914,
gc_2022_droite-bourgeoise,20.03.22,droite,Morges,Clarmont,5629,,46,0,0,46,10,21.73913043478261,36,78.26086956521739,
gc_2022_centre,20.03.22,centre,Morges,Clarmont,5629,,46,0,0,46,6,13.043478260869565,40,86.95652173913044,
gc_2022_verts,20.03.22,centre-gauche,Morges,Clarmont,5629,,46,0,0,46,7,15.217391304347828,39,84.78260869565217,
gc_2022_PS,20.03.22,centre-gauche,Morges,Denens,5631,,200,0,0,200,35,17.5,165,82.5,
gc_2022_Gauche,20.03.22,gauche,Morges,Denens,5631,,200,0,0,200,0,0,200,100,
gc_2022_extreme-droite,20.03.22,extreme-droite,Morges,Denens,5631,,200,0,0,200,35,17.5,165,82.5,
gc_2022_droite-bourgeoise,20.03.22,droite,Morges,Denens,5631,,200,0,0,200,74,37,126,63,
gc_2022_centre,20.03.22,centre,Morges,Denens,5631,,200,0,0,200,32,16,168,84,
gc_2022_verts,20.03.22,centre-gauche,Morges,Denens,5631,,200,0,0,200,25,12.5,175,87.5,
gc_2022_PS,20.03.22,centre-gauche,Morges,Denges,5632,,318,0,0,318,75,23.58490566037736,243,76.41509433962264,
gc_2022_Gauche,20.03.22,gauche,Morges,Denges,5632,,318,0,0,318,0,0,318,100,
gc_2022_extreme-droite,20.03.22,extreme-droite,Morges,Denges,5632,,318,0,0,318,34,10.69182389937107,284,89.30817610062893,
gc_2022_droite-bourgeoise,20.03.22,droite,Morges,Denges,5632,,318,0,0,318,90,28.30188679245283,228,71.69811320754717,
gc_2022_centre,20.03.22,centre,Morges,Denges,5632,,318,0,0,318,52,16.352201257861633,266,83.64779874213836,
gc_2022_verts,20.03.22,centre-gauche,Morges,Denges,5632,,318,0,0,318,68,21.38364779874214,250,78.61635220125787,
gc_2022_PS,20.03.22,centre-gauche,Morges,Echandens,5633,,585,0,0,585,105,17.94871794871795,480,82.05128205128204,
gc_2022_Gauche,20.03.22,gauche,Morges,Echandens,5633,,585,0,0,585,0,0,585,100,
gc_2022_extreme-droite,20.03.22,extreme-droite,Morges,Echandens,5633,,585,0,0,585,84,14.358974358974358,501,85.64102564102564,
gc_2022_droite-bourgeoise,20.03.22,droite,Morges,Echandens,5633,,585,0,0,585,207,35.38461538461539,378,64.61538461538461,
gc_2022_centre,20.03.22,centre,Morges,Echandens,5633,,585,0,0,585,109,18.632478632478634,476,81.36752136752136,
gc_2022_verts,20.03.22,centre-gauche,Morges,Echandens,5633,,585,0,0,585,80,13.675213675213676,505,86.32478632478633,
gc_2022_PS,20.03.22,centre-gauche,Morges,Echichens,5634,,716,0,0,716,126,17.59776536312849,590,82.40223463687151,
gc_2022_Gauche,20.03.22,gauche,Morges,Echichens,5634,,716,0,0,716,0,0,716,100,
gc_2022_extreme-droite,20.03.22,extreme-droite,Morges,Echichens,5634,,716,0,0,716,141,19.692737430167597,575,80.3072625698324,
gc_2022_droite-bourgeoise,20.03.22,droite,Morges,Echichens,5634,,716,0,0,716,216,30.16759776536313,500,69.83240223463687,
gc_2022_centre,20.03.22,centre,Morges,Echichens,5634,,716,0,0,716,121,16.899441340782122,595,83.10055865921788,
gc_2022_verts,20.03.22,centre-gauche,Morges,Echichens,5634,,716,0,0,716,113,15.782122905027931,603,84.21787709497207,
gc_2022_PS,20.03.22,centre-gauche,Morges,Etoy,5636,,464,0,0,464,105,22.629310344827587,359,77.37068965517241,
gc_2022_Gauche,20.03.22,gauche,Morges,Etoy,5636,,464,0,0,464,0,0,464,100,
gc_2022_extreme-droite,20.03.22,extreme-droite,Morges,Etoy,5636,,464,0,0,464,50,10.775862068965516,414,89.22413793103449,
gc_2022_droite-bourgeoise,20.03.22,droite,Morges,Etoy,5636,,464,0,0,464,170,36.637931034482754,294,63.36206896551724,
gc_2022_centre,20.03.22,centre,Morges,Etoy,5636,,464,0,0,464,67,14.439655172413794,397,85.5603448275862,
gc_2022_verts,20.03.22,centre-gauche,Morges,Etoy,5636,,464,0,0,464,71,15.301724137931034,393,84.69827586206897,
gc_2022_PS,20.03.22,centre-gauche,Morges,Lavigny,5637,,196,0,0,196,37,18.877551020408163,159,81.12244897959184,
gc_2022_Gauche,20.03.22,gauche,Morges,Lavigny,5637,,196,0,0,196,0,0,196,100,
gc_2022_extreme-droite,20.03.22,extreme-droite,Morges,Lavigny,5637,,196,0,0,196,24,12.244897959183673,172,87.75510204081633,
gc_2022_droite-bourgeoise,20.03.22,droite,Morges,Lavigny,5637,,196,0,0,196,80,40.816326530612244,116,59.183673469387756,
gc_2022_centre,20.03.22,centre,Morges,Lavigny,5637,,196,0,0,196,32,16.3265306122449,164,83.6734693877551,
gc_2022_verts,20.03.22,centre-gauche,Morges,Lavigny,5637,,196,0,0,196,23,11.73469387755102,173,88.26530612244898,
gc_2022_PS,20.03.22,centre-gauche,Morges,Lonay,5638,,553,0,0,553,128,23.146473779385172,425,76.85352622061484,
gc_2022_Gauche,20.03.22,gauche,Morges,Lonay,5638,,553,0,0,553,0,0,553,100,
gc_2022_extreme-droite,20.03.22,extreme-droite,Morges,Lonay,5638,,553,0,0,553,63,11.39240506329114,490,88.60759493670885,
gc_2022_droite-bourgeoise,20.03.22,droite,Morges,Lonay,5638,,553,0,0,553,189,34.177215189873415,364,65.82278481012658,
gc_2022_centre,20.03.22,centre,Morges,Lonay,5638,,553,0,0,553,79,14.285714285714285,474,85.71428571428571,
gc_2022_verts,20.03.22,centre-gauche,Morges,Lonay,5638,,553,0,0,553,95,17.17902350813743,458,82.82097649186257,
gc_2022_PS,20.03.22,centre-gauche,Morges,Lully VD,5639,,187,0,0,187,46,24.598930481283425,141,75.40106951871658,
gc_2022_Gauche,20.03.22,gauche,Morges,Lully VD,5639,,187,0,0,187,0,0,187,100,
gc_2022_extreme-droite,20.03.22,extreme-droite,Morges,Lully VD,5639,,187,0,0,187,19,10.16042780748663,168,89.83957219251337,
gc_2022_droite-bourgeoise,20.03.22,droite,Morges,Lully VD,5639,,187,0,0,187,69,36.898395721925134,118,63.101604278074866,
gc_2022_centre,20.03.22,centre,Morges,Lully VD,5639,,187,0,0,187,23,12.299465240641712,164,87.70053475935828,
gc_2022_verts,20.03.22,centre-gauche,Morges,Lully VD,5639,,187,0,0,187,30,16.042780748663102,157,83.9572192513369,
gc_2022_PS,20.03.22,centre-gauche,Morges,Lussy-sur-Morges,5640,,183,0,0,183,31,16.939890710382514,152,83.06010928961749,
gc_2022_Gauche,20.03.22,gauche,Morges,Lussy-sur-Morges,5640,,183,0,0,183,0,0,183,100,
gc_2022_extreme-droite,20.03.22,extreme-droite,Morges,Lussy-sur-Morges,5640,,183,0,0,183,17,9.289617486338798,166,90.7103825136612,
gc_2022_droite-bourgeoise,20.03.22,droite,Morges,Lussy-sur-Morges,5640,,183,0,0,183,64,34.97267759562842,119,65.02732240437157,
gc_2022_centre,20.03.22,centre,Morges,Lussy-sur-Morges,5640,,183,0,0,183,30,16.39344262295082,153,83.60655737704919,
gc_2022_verts,20.03.22,centre-gauche,Morges,Lussy-sur-Morges,5640,,183,0,0,183,41,22.404371584699454,142,77.59562841530054,
gc_2022_PS,20.03.22,centre-gauche,Morges,Morges,5642,,2943,0,0,2943,915,31.090723751274208,2028,68.90927624872579,
gc_2022_Gauche,20.03.22,gauche,Morges,Morges,5642,,2943,0,0,2943,0,0,2943,100,
gc_2022_extreme-droite,20.03.22,extreme-droite,Morges,Morges,5642,,2943,0,0,2943,338,11.484879374787631,2605,88.51512062521238,
gc_2022_droite-bourgeoise,20.03.22,droite,Morges,Morges,5642,,2943,0,0,2943,888,30.173292558613657,2055,69.82670744138633,
gc_2022_centre,20.03.22,centre,Morges,Morges,5642,,2943,0,0,2943,299,10.159700985389058,2644,89.84029901461093,
gc_2022_verts,20.03.22,centre-gauche,Morges,Morges,5642,,2943,0,0,2943,502,17.057424396873937,2441,82.94257560312606,
gc_2022_PS,20.03.22,centre-gauche,Morges,Préverenges,5643,,895,0,0,895,236,26.368715083798882,659,73.63128491620111,
gc_2022_Gauche,20.03.22,gauche,Morges,Préverenges,5643,,895,0,0,895,0,0,895,100,
gc_2022_extreme-droite,20.03.22,extreme-droite,Morges,Préverenges,5643,,895,0,0,895,100,11.1731843575419,795,88.8268156424581,
gc_2022_droite-bourgeoise,20.03.22,droite,Morges,Préverenges,5643,,895,0,0,895,288,32.17877094972067,607,67.82122905027933,
gc_2022_centre,20.03.22,centre,Morges,Préverenges,5643,,895,0,0,895,111,12.402234636871508,784,87.59776536312849,
gc_2022_verts,20.03.22,centre-gauche,Morges,Préverenges,5643,,895,0,0,895,160,17.877094972067038,735,82.12290502793296,
gc_2022_PS,20.03.22,centre-gauche,Morges,Romanel-sur-Morges,5645,,135,0,0,135,21,15.555555555555555,114,84.44444444444444,
gc_2022_Gauche,20.03.22,gauche,Morges,Romanel-sur-Morges,5645,,135,0,0,135,0,0,135,100,
gc_2022_extreme-droite,20.03.22,extreme-droite,Morges,Romanel-sur-Morges,5645,,135,0,0,135,18,13.333333333333334,117,86.66666666666667,
gc_2022_droite-bourgeoise,20.03.22,droite,Morges,Romanel-sur-Morges,5645,,135,0,0,135,61,45.18518518518518,74,54.81481481481482,
gc_2022_centre,20.03.22,centre,Morges,Romanel-sur-Morges,5645,,135,0,0,135,21,15.555555555555555,114,84.44444444444444,
gc_2022_verts,20.03.22,centre-gauche,Morges,Romanel-sur-Morges,5645,,135,0,0,135,13,9.62962962962963,122,90.37037037037037,
gc_2022_PS,20.03.22,centre-gauche,Morges,Saint-Prex,5646,,927,0,0,927,186,20.06472491909385,741,79.93527508090615,
gc_2022_Gauche,20.03.22,gauche,Morges,Saint-Prex,5646,,927,0,0,927,0,0,927,100,
gc_2022_extreme-droite,20.03.22,extreme-droite,Morges,Saint-Prex,5646,,927,0,0,927,124,13.3764832793959,803,86.6235167206041,
gc_2022_droite-bourgeoise,20.03.22,droite,Morges,Saint-Prex,5646,,927,0,0,927,328,35.382955771305284,599,64.61704422869471,
gc_2022_centre,20.03.22,centre,Morges,Saint-Prex,5646,,927,0,0,927,158,17.044228694714132,769,82.95577130528586,
gc_2022_verts,20.03.22,centre-gauche,Morges,Saint-Prex,5646,,927,0,0,927,131,14.13160733549083,796,85.86839266450917,
gc_2022_PS,20.03.22,centre-gauche,Morges,Tolochenaz,5649,,350,0,0,350,88,25.142857142857146,262,74.85714285714286,
gc_2022_Gauche,20.03.22,gauche,Morges,Tolochenaz,5649,,350,0,0,350,0,0,350,100,
gc_2022_extreme-droite,20.03.22,extreme-droite,Morges,Tolochenaz,5649,,350,0,0,350,56,16,294,84,
gc_2022_droite-bourgeoise,20.03.22,droite,Morges,Tolochenaz,5649,,350,0,0,350,101,28.857142857142858,249,71.14285714285714,
gc_2022_centre,20.03.22,centre,Morges,Tolochenaz,5649,,350,0,0,350,43,12.285714285714286,307,87.71428571428571,
gc_2022_verts,20.03.22,centre-gauche,Morges,Tolochenaz,5649,,350,0,0,350,61,17.42857142857143,289,82.57142857142857,
gc_2022_PS,20.03.22,centre-gauche,Morges,Vaux-sur-Morges,5650,,60,0,0,60,6,10,54,90,
gc_2022_Gauche,20.03.22,gauche,Morges,Vaux-sur-Morges,5650,,60,0,0,60,0,0,60,100,
gc_2022_extreme-droite,20.03.22,extreme-droite,Morges,Vaux-sur-Morges,5650,,60,0,0,60,13,21.666666666666668,47,78.33333333333333,
gc_2022_droite-bourgeoise,20.03.22,droite,Morges,Vaux-sur-Morges,5650,,60,0,0,60,19,31.666666666666664,41,68.33333333333333,
gc_2022_centre,20.03.22,centre,Morges,Vaux-sur-Morges,5650,,60,0,0,60,16,26.666666666666668,44,73.33333333333333,
gc_2022_verts,20.03.22,centre-gauche,Morges,Vaux-sur-Morges,5650,,60,0,0,60,6,10,54,90,
gc_2022_PS,20.03.22,centre-gauche,Morges,Villars-sous-Yens,5652,,130,0,0,130,30,23.076923076923077,100,76.92307692307693,
gc_2022_Gauche,20.03.22,gauche,Morges,Villars-sous-Yens,5652,,130,0,0,130,0,0,130,100,
gc_2022_extreme-droite,20.03.22,extreme-droite,Morges,Villars-sous-Yens,5652,,130,0,0,130,32,24.615384615384617,98,75.38461538461539,
gc_2022_droite-bourgeoise,20.03.22,droite,Morges,Villars-sous-Yens,5652,,130,0,0,130,32,24.615384615384617,98,75.38461538461539,
gc_2022_centre,20.03.22,centre,Morges,Villars-sous-Yens,5652,,130,0,0,130,10,7.6923076923076925,120,92.3076923076923,
gc_2022_verts,20.03.22,centre-gauche,Morges,Villars-sous-Yens,5652,,130,0,0,130,25,19.230769230769234,105,80.76923076923077,
gc_2022_PS,20.03.22,centre-gauche,Morges,Vufflens-le-Château,5653,,238,0,0,238,37,15.546218487394958,201,84.45378151260505,
gc_2022_Gauche,20.03.22,gauche,Morges,Vufflens-le-Château,5653,,238,0,0,238,0,0,238,100,
gc_2022_extreme-droite,20.03.22,extreme-droite,Morges,Vufflens-le-Château,5653,,238,0,0,238,28,11.76470588235294,210,88.23529411764706,
gc_2022_droite-bourgeoise,20.03.22,droite,Morges,Vufflens-le-Château,5653,,238,0,0,238,110,46.21848739495798,128,53.78151260504202,
gc_2022_centre,20.03.22,centre,Morges,Vufflens-le-Château,5653,,238,0,0,238,41,17.22689075630252,197,82.77310924369748,
gc_2022_verts,20.03.22,centre-gauche,Morges,Vufflens-le-Château,5653,,238,0,0,238,23,9.663865546218489,215,90.33613445378151,
gc_2022_PS,20.03.22,centre-gauche,Morges,Vullierens,5654,,139,0,0,139,25,17.985611510791365,114,82.01438848920863,
gc_2022_Gauche,20.03.22,gauche,Morges,Vullierens,5654,,139,0,0,139,0,0,139,100,
gc_2022_extreme-droite,20.03.22,extreme-droite,Morges,Vullierens,5654,,139,0,0,139,37,26.618705035971225,102,73.38129496402878,
gc_2022_droite-bourgeoise,20.03.22,droite,Morges,Vullierens,5654,,139,0,0,139,39,28.05755395683453,100,71.94244604316546,
gc_2022_centre,20.03.22,centre,Morges,Vullierens,5654,,139,0,0,139,19,13.66906474820144,120,86.33093525179856,
gc_2022_verts,20.03.22,centre-gauche,Morges,Vullierens,5654,,139,0,0,139,19,13.66906474820144,120,86.33093525179856,
gc_2022_PS,20.03.22,centre-gauche,Morges,Yens,5655,,326,0,0,326,50,15.337423312883436,276,84.66257668711657,
gc_2022_Gauche,20.03.22,gauche,Morges,Yens,5655,,326,0,0,326,0,0,326,100,
gc_2022_extreme-droite,20.03.22,extreme-droite,Morges,Yens,5655,,326,0,0,326,49,15.030674846625766,277,84.96932515337423,
gc_2022_droite-bourgeoise,20.03.22,droite,Morges,Yens,5655,,326,0,0,326,145,44.47852760736196,181,55.52147239263804,
gc_2022_centre,20.03.22,centre,Morges,Yens,5655,,326,0,0,326,37,11.349693251533742,289,88.65030674846625,
gc_2022_verts,20.03.22,centre-gauche,Morges,Yens,5655,,326,0,0,326,45,13.803680981595093,281,86.1963190184049,
gc_2022_PS,20.03.22,centre-gauche,Morges,Hautemorges,5656,,955,0,0,955,201,21.047120418848166,754,78.95287958115183,
gc_2022_Gauche,20.03.22,gauche,Morges,Hautemorges,5656,,955,0,0,955,0,0,955,100,
gc_2022_extreme-droite,20.03.22,extreme-droite,Morges,Hautemorges,5656,,955,0,0,955,160,16.75392670157068,795,83.24607329842932,
gc_2022_droite-bourgeoise,20.03.22,droite,Morges,Hautemorges,5656,,955,0,0,955,322,33.717277486910994,633,66.28272251308901,
gc_2022_centre,20.03.22,centre,Morges,Hautemorges,5656,,955,0,0,955,114,11.937172774869111,841,88.06282722513089,
gc_2022_verts,20.03.22,centre-gauche,Morges,Hautemorges,5656,,955,0,0,955,158,16.544502617801047,797,83.45549738219896,
gc_2022_PS,20.03.22,centre-gauche,Morges,Allaman,5851,,98,0,0,98,13,13.26530612244898,85,86.73469387755102,
gc_2022_Gauche,20.03.22,gauche,Morges,Allaman,5851,,98,0,0,98,0,0,98,100,
gc_2022_extreme-droite,20.03.22,extreme-droite,Morges,Allaman,5851,,98,0,0,98,14,14.285714285714285,84,85.71428571428571,
gc_2022_droite-bourgeoise,20.03.22,droite,Morges,Allaman,5851,,98,0,0,98,28,28.57142857142857,70,71.42857142857143,
gc_2022_centre,20.03.22,centre,Morges,Allaman,5851,,98,0,0,98,28,28.57142857142857,70,71.42857142857143,
gc_2022_verts,20.03.22,centre-gauche,Morges,Allaman,5851,,98,0,0,98,16,16.3265306122449,82,83.6734693877551,
gc_2022_PS,20.03.22,centre-gauche,Nyon,Longirod,5429,,114,0,0,114,11,9.649122807017543,103,90.35087719298247,
gc_2022_Gauche,20.03.22,gauche,Nyon,Longirod,5429,,114,0,0,114,0,0,114,100,
gc_2022_extreme-droite,20.03.22,extreme-droite,Nyon,Longirod,5429,,114,0,0,114,20,17.543859649122805,94,82.45614035087719,
gc_2022_droite-bourgeoise,20.03.22,droite,Nyon,Longirod,5429,,114,0,0,114,45,39.473684210526315,69,60.526315789473685,
gc_2022_centre,20.03.22,centre,Nyon,Longirod,5429,,114,0,0,114,15,13.157894736842104,99,86.8421052631579,
gc_2022_verts,20.03.22,centre-gauche,Nyon,Longirod,5429,,114,0,0,114,23,20.175438596491226,91,79.82456140350878,
gc_2022_PS,20.03.22,centre-gauche,Nyon,Marchissy,5430,,112,0,0,112,6,5.357142857142857,106,94.64285714285714,
gc_2022_Gauche,20.03.22,gauche,Nyon,Marchissy,5430,,112,0,0,112,0,0,112,100,
gc_2022_extreme-droite,20.03.22,extreme-droite,Nyon,Marchissy,5430,,112,0,0,112,22,19.642857142857142,90,80.35714285714286,
gc_2022_droite-bourgeoise,20.03.22,droite,Nyon,Marchissy,5430,,112,0,0,112,49,43.75,63,56.25,
gc_2022_centre,20.03.22,centre,Nyon,Marchissy,5430,,112,0,0,112,21,18.75,91,81.25,
gc_2022_verts,20.03.22,centre-gauche,Nyon,Marchissy,5430,,112,0,0,112,13,11.607142857142858,99,88.39285714285714,
gc_2022_PS,20.03.22,centre-gauche,Nyon,Saint-George,5434,,233,0,0,233,29,12.446351931330472,204,87.55364806866953,
gc_2022_Gauche,20.03.22,gauche,Nyon,Saint-George,5434,,233,0,0,233,0,0,233,100,
gc_2022_extreme-droite,20.03.22,extreme-droite,Nyon,Saint-George,5434,,233,0,0,233,39,16.738197424892704,194,83.2618025751073,
gc_2022_droite-bourgeoise,20.03.22,droite,Nyon,Saint-George,5434,,233,0,0,233,77,33.047210300429185,156,66.95278969957081,
gc_2022_centre,20.03.22,centre,Nyon,Saint-George,5434,,233,0,0,233,35,15.021459227467812,198,84.97854077253218,
gc_2022_verts,20.03.22,centre-gauche,Nyon,Saint-George,5434,,233,0,0,233,51,21.888412017167383,182,78.11158798283262,
gc_2022_PS,20.03.22,centre-gauche,Nyon,Arnex-sur-Nyon,5701,,38,0,0,38,3,7.894736842105263,35,92.10526315789474,
gc_2022_Gauche,20.03.22,gauche,Nyon,Arnex-sur-Nyon,5701,,38,0,0,38,0,0,38,100,
gc_2022_extreme-droite,20.03.22,extreme-droite,Nyon,Arnex-sur-Nyon,5701,,38,0,0,38,3,7.894736842105263,35,92.10526315789474,
gc_2022_droite-bourgeoise,20.03.22,droite,Nyon,Arnex-sur-Nyon,5701,,38,0,0,38,22,57.89473684210527,16,42.10526315789473,
gc_2022_centre,20.03.22,centre,Nyon,Arnex-sur-Nyon,5701,,38,0,0,38,5,13.157894736842104,33,86.8421052631579,
gc_2022_verts,20.03.22,centre-gauche,Nyon,Arnex-sur-Nyon,5701,,38,0,0,38,5,13.157894736842104,33,86.8421052631579,
gc_2022_PS,20.03.22,centre-gauche,Nyon,Arzier - Le Muids,5702,,498,0,0,498,48,9.63855421686747,450,90.36144578313254,
gc_2022_Gauche,20.03.22,gauche,Nyon,Arzier - Le Muids,5702,,498,0,0,498,0,0,498,100,
gc_2022_extreme-droite,20.03.22,extreme-droite,Nyon,Arzier - Le Muids,5702,,498,0,0,498,102,20.481927710843372,396,79.51807228915662,
gc_2022_droite-bourgeoise,20.03.22,droite,Nyon,Arzier - Le Muids,5702,,498,0,0,498,157,31.52610441767068,341,68.47389558232932,
gc_2022_centre,20.03.22,centre,Nyon,Arzier - Le Muids,5702,,498,0,0,498,122,24.497991967871485,376,75.50200803212851,
gc_2022_verts,20.03.22,centre-gauche,Nyon,Arzier - Le Muids,5702,,498,0,0,498,68,13.654618473895583,430,86.34538152610442,
gc_2022_PS,20.03.22,centre-gauche,Nyon,Bassins,5703,,313,0,0,313,44,14.057507987220447,269,85.94249201277955,
gc_2022_Gauche,20.03.22,gauche,Nyon,Bassins,5703,,313,0,0,313,0,0,313,100,
gc_2022_extreme-droite,20.03.22,extreme-droite,Nyon,Bassins,5703,,313,0,0,313,78,24.920127795527154,235,75.07987220447284,
gc_2022_droite-bourgeoise,20.03.22,droite,Nyon,Bassins,5703,,313,0,0,313,70,22.364217252396166,243,77.63578274760383,
gc_2022_centre,20.03.22,centre,Nyon,Bassins,5703,,313,0,0,313,53,16.93290734824281,260,83.06709265175719,
gc_2022_verts,20.03.22,centre-gauche,Nyon,Bassins,5703,,313,0,0,313,69,22.044728434504794,244,77.95527156549521,
gc_2022_PS,20.03.22,centre-gauche,Nyon,Begnins,5704,,314,0,0,314,59,18.789808917197455,255,81.21019108280255,
gc_2022_Gauche,20.03.22,gauche,Nyon,Begnins,5704,,314,0,0,314,0,0,314,100,
gc_2022_extreme-droite,20.03.22,extreme-droite,Nyon,Begnins,5704,,314,0,0,314,63,20.063694267515924,251,79.93630573248409,
gc_2022_droite-bourgeoise,20.03.22,droite,Nyon,Begnins,5704,,314,0,0,314,99,31.528662420382165,215,68.47133757961782,
gc_2022_centre,20.03.22,centre,Nyon,Begnins,5704,,314,0,0,314,47,14.968152866242038,267,85.03184713375796,
gc_2022_verts,20.03.22,centre-gauche,Nyon,Begnins,5704,,314,0,0,314,46,14.64968152866242,268,85.35031847133759,
gc_2022_PS,20.03.22,centre-gauche,Nyon,Bogis-Bossey,5705,,128,0,0,128,17,13.28125,111,86.71875,
gc_2022_Gauche,20.03.22,gauche,Nyon,Bogis-Bossey,5705,,128,0,0,128,0,0,128,100,
gc_2022_extreme-droite,20.03.22,extreme-droite,Nyon,Bogis-Bossey,5705,,128,0,0,128,21,16.40625,107,83.59375,
gc_2022_droite-bourgeoise,20.03.22,droite,Nyon,Bogis-Bossey,5705,,128,0,0,128,46,35.9375,82,64.0625,
gc_2022_centre,20.03.22,centre,Nyon,Bogis-Bossey,5705,,128,0,0,128,26,20.3125,102,79.6875,
gc_2022_verts,20.03.22,centre-gauche,Nyon,Bogis-Bossey,5705,,128,0,0,128,18,14.0625,110,85.9375,
gc_2022_PS,20.03.22,centre-gauche,Nyon,Borex,5706,,224,0,0,224,31,13.839285714285715,193,86.16071428571429,
gc_2022_Gauche,20.03.22,gauche,Nyon,Borex,5706,,224,0,0,224,0,0,224,100,
gc_2022_extreme-droite,20.03.22,extreme-droite,Nyon,Borex,5706,,224,0,0,224,40,17.857142857142858,184,82.14285714285714,
gc_2022_droite-bourgeoise,20.03.22,droite,Nyon,Borex,5706,,224,0,0,224,93,41.517857142857146,131,58.48214285714286,
gc_2022_centre,20.03.22,centre,Nyon,Borex,5706,,224,0,0,224,42,18.75,182,81.25,
gc_2022_verts,20.03.22,centre-gauche,Nyon,Borex,5706,,224,0,0,224,18,8.035714285714286,206,91.96428571428571,
gc_2022_PS,20.03.22,centre-gauche,Nyon,Chavannes-de-Bogis,5707,,183,0,0,183,22,12.021857923497267,161,87.97814207650273,
gc_2022_Gauche,20.03.22,gauche,Nyon,Chavannes-de-Bogis,5707,,183,0,0,183,0,0,183,100,
gc_2022_extreme-droite,20.03.22,extreme-droite,Nyon,Chavannes-de-Bogis,5707,,183,0,0,183,46,25.136612021857925,137,74.86338797814209,
gc_2022_droite-bourgeoise,20.03.22,droite,Nyon,Chavannes-de-Bogis,5707,,183,0,0,183,74,40.43715846994536,109,59.56284153005464,
gc_2022_centre,20.03.22,centre,Nyon,Chavannes-de-Bogis,5707,,183,0,0,183,25,13.661202185792352,158,86.33879781420765,
gc_2022_verts,20.03.22,centre-gauche,Nyon,Chavannes-de-Bogis,5707,,183,0,0,183,16,8.743169398907105,167,91.2568306010929,
gc_2022_PS,20.03.22,centre-gauche,Nyon,Chavannes-des-Bois,5708,,140,0,0,140,17,12.142857142857142,123,87.85714285714286,
gc_2022_Gauche,20.03.22,gauche,Nyon,Chavannes-des-Bois,5708,,140,0,0,140,0,0,140,100,
gc_2022_extreme-droite,20.03.22,extreme-droite,Nyon,Chavannes-des-Bois,5708,,140,0,0,140,20,14.285714285714285,120,85.71428571428571,
gc_2022_droite-bourgeoise,20.03.22,droite,Nyon,Chavannes-des-Bois,5708,,140,0,0,140,69,49.28571428571429,71,50.71428571428571,
gc_2022_centre,20.03.22,centre,Nyon,Chavannes-des-Bois,5708,,140,0,0,140,20,14.285714285714285,120,85.71428571428571,
gc_2022_verts,20.03.22,centre-gauche,Nyon,Chavannes-des-Bois,5708,,140,0,0,140,14,10,126,90,
gc_2022_PS,20.03.22,centre-gauche,Nyon,Chéserex,5709,,268,0,0,268,37,13.805970149253731,231,86.19402985074626,
gc_2022_Gauche,20.03.22,gauche,Nyon,Chéserex,5709,,268,0,0,268,0,0,268,100,
gc_2022_extreme-droite,20.03.22,extreme-droite,Nyon,Chéserex,5709,,268,0,0,268,54,20.149253731343283,214,79.8507462686567,
gc_2022_droite-bourgeoise,20.03.22,droite,Nyon,Chéserex,5709,,268,0,0,268,103,38.43283582089552,165,61.56716417910447,
gc_2022_centre,20.03.22,centre,Nyon,Chéserex,5709,,268,0,0,268,42,15.671641791044777,226,84.32835820895522,
gc_2022_verts,20.03.22,centre-gauche,Nyon,Chéserex,5709,,268,0,0,268,33,12.313432835820896,235,87.68656716417911,
gc_2022_PS,20.03.22,centre-gauche,Nyon,Coinsins,5710,,109,0,0,109,18,16.51376146788991,91,83.4862385321101,
gc_2022_Gauche,20.03.22,gauche,Nyon,Coinsins,5710,,109,0,0,109,0,0,109,100,
gc_2022_extreme-droite,20.03.22,extreme-droite,Nyon,Coinsins,5710,,109,0,0,109,19,17.431192660550458,90,82.56880733944955,
gc_2022_droite-bourgeoise,20.03.22,droite,Nyon,Coinsins,5710,,109,0,0,109,42,38.53211009174312,67,61.46788990825688,
gc_2022_centre,20.03.22,centre,Nyon,Coinsins,5710,,109,0,0,109,16,14.678899082568808,93,85.3211009174312,
gc_2022_verts,20.03.22,centre-gauche,Nyon,Coinsins,5710,,109,0,0,109,15,13.761467889908257,94,86.23853211009175,
gc_2022_PS,20.03.22,centre-gauche,Nyon,Commugny,5711,,396,0,0,396,36,9.090909090909092,360,90.9090909090909,
gc_2022_Gauche,20.03.22,gauche,Nyon,Commugny,5711,,396,0,0,396,0,0,396,100,
gc_2022_extreme-droite,20.03.22,extreme-droite,Nyon,Commugny,5711,,396,0,0,396,81,20.454545454545457,315,79.54545454545455,
gc_2022_droite-bourgeoise,20.03.22,droite,Nyon,Commugny,5711,,396,0,0,396,142,35.858585858585855,254,64.14141414141415,
gc_2022_centre,20.03.22,centre,Nyon,Commugny,5711,,396,0,0,396,86,21.71717171717172,310,78.28282828282829,
gc_2022_verts,20.03.22,centre-gauche,Nyon,Commugny,5711,,396,0,0,396,52,13.131313131313133,344,86.86868686868688,
gc_2022_PS,20.03.22,centre-gauche,Nyon,Coppet,5712,,510,0,0,510,78,15.294117647058824,432,84.70588235294117,
gc_2022_Gauche,20.03.22,gauche,Nyon,Coppet,5712,,510,0,0,510,0,0,510,100,
gc_2022_extreme-droite,20.03.22,extreme-droite,Nyon,Coppet,5712,,510,0,0,510,83,16.274509803921568,427,83.72549019607844,
gc_2022_droite-bourgeoise,20.03.22,droite,Nyon,Coppet,5712,,510,0,0,510,202,39.6078431372549,308,60.3921568627451,
gc_2022_centre,20.03.22,centre,Nyon,Coppet,5712,,510,0,0,510,86,16.862745098039216,424,83.13725490196079,
gc_2022_verts,20.03.22,centre-gauche,Nyon,Coppet,5712,,510,0,0,510,61,11.96078431372549,449,88.0392156862745,
gc_2022_PS,20.03.22,centre-gauche,Nyon,Crans,5713,,417,0,0,417,49,11.750599520383693,368,88.2494004796163,
gc_2022_Gauche,20.03.22,gauche,Nyon,Crans,5713,,417,0,0,417,0,0,417,100,
gc_2022_extreme-droite,20.03.22,extreme-droite,Nyon,Crans,5713,,417,0,0,417,64,15.347721822541965,353,84.65227817745803,
gc_2022_droite-bourgeoise,20.03.22,droite,Nyon,Crans,5713,,417,0,0,417,187,44.84412470023981,230,55.15587529976019,
gc_2022_centre,20.03.22,centre,Nyon,Crans,5713,,417,0,0,417,85,20.38369304556355,332,79.61630695443645,
gc_2022_verts,20.03.22,centre-gauche,Nyon,Crans,5713,,417,0,0,417,32,7.673860911270983,385,92.32613908872902,
gc_2022_PS,20.03.22,centre-gauche,Nyon,Crassier,5714,,253,0,0,253,19,7.5098814229249005,234,92.4901185770751,
gc_2022_Gauche,20.03.22,gauche,Nyon,Crassier,5714,,253,0,0,253,0,0,253,100,
gc_2022_extreme-droite,20.03.22,extreme-droite,Nyon,Crassier,5714,,253,0,0,253,28,11.067193675889328,225,88.93280632411067,
gc_2022_droite-bourgeoise,20.03.22,droite,Nyon,Crassier,5714,,253,0,0,253,149,58.89328063241107,104,41.10671936758894,
gc_2022_centre,20.03.22,centre,Nyon,Crassier,5714,,253,0,0,253,38,15.019762845849801,215,84.98023715415019,
gc_2022_verts,20.03.22,centre-gauche,Nyon,Crassier,5714,,253,0,0,253,19,7.5098814229249005,234,92.4901185770751,
gc_2022_PS,20.03.22,centre-gauche,Nyon,Duillier,5715,,204,0,0,204,18,8.823529411764707,186,91.17647058823529,
gc_2022_Gauche,20.03.22,gauche,Nyon,Duillier,5715,,204,0,0,204,0,0,204,100,
gc_2022_extreme-droite,20.03.22,extreme-droite,Nyon,Duillier,5715,,204,0,0,204,25,12.254901960784313,179,87.74509803921569,
gc_2022_droite-bourgeoise,20.03.22,droite,Nyon,Duillier,5715,,204,0,0,204,92,45.09803921568628,112,54.90196078431373,
gc_2022_centre,20.03.22,centre,Nyon,Duillier,5715,,204,0,0,204,42,20.588235294117645,162,79.41176470588235,
gc_2022_verts,20.03.22,centre-gauche,Nyon,Duillier,5715,,204,0,0,204,26,12.745098039215685,178,87.25490196078431,
gc_2022_PS,20.03.22,centre-gauche,Nyon,Eysins,5716,,257,0,0,257,47,18.28793774319066,210,81.71206225680933,
gc_2022_Gauche,20.03.22,gauche,Nyon,Eysins,5716,,257,0,0,257,0,0,257,100,
gc_2022_extreme-droite,20.03.22,extreme-droite,Nyon,Eysins,5716,,257,0,0,257,41,15.953307392996107,216,84.04669260700389,
gc_2022_droite-bourgeoise,20.03.22,droite,Nyon,Eysins,5716,,257,0,0,257,86,33.46303501945525,171,66.53696498054474,
gc_2022_centre,20.03.22,centre,Nyon,Eysins,5716,,257,0,0,257,50,19.45525291828794,207,80.54474708171206,
gc_2022_verts,20.03.22,centre-gauche,Nyon,Eysins,5716,,257,0,0,257,33,12.840466926070038,224,87.15953307392996,
gc_2022_PS,20.03.22,centre-gauche,Nyon,Founex,5717,,517,0,0,517,66,12.76595744680851,451,87.2340425531915,
gc_2022_Gauche,20.03.22,gauche,Nyon,Founex,5717,,517,0,0,517,0,0,517,100,
gc_2022_extreme-droite,20.03.22,extreme-droite,Nyon,Founex,5717,,517,0,0,517,95,18.3752417794971,422,81.6247582205029,
gc_2022_droite-bourgeoise,20.03.22,droite,Nyon,Founex,5717,,517,0,0,517,216,41.77949709864603,301,58.22050290135397,
gc_2022_centre,20.03.22,centre,Nyon,Founex,5717,,517,0,0,517,79,15.28046421663443,438,84.71953578336557,
gc_2022_verts,20.03.22,centre-gauche,Nyon,Founex,5717,,517,0,0,517,62,11.992263056092844,455,88.00773694390716,
gc_2022_PS,20.03.22,centre-gauche,Nyon,Genolier,5718,,416,0,0,416,41,9.85576923076923,375,90.14423076923077,
gc_2022_Gauche,20.03.22,gauche,Nyon,Genolier,5718,,416,0,0,416,0,0,416,100,
gc_2022_extreme-droite,20.03.22,extreme-droite,Nyon,Genolier,5718,,416,0,0,416,93,22.355769230769234,323,77.64423076923077,
gc_2022_droite-bourgeoise,20.03.22,droite,Nyon,Genolier,5718,,416,0,0,416,147,35.33653846153847,269,64.66346153846155,
gc_2022_centre,20.03.22,centre,Nyon,Genolier,5718,,416,0,0,416,86,20.673076923076923,330,79.32692307692307,
gc_2022_verts,20.03.22,centre-gauche,Nyon,Genolier,5718,,416,0,0,416,49,11.778846153846153,367,88.22115384615384,
gc_2022_PS,20.03.22,centre-gauche,Nyon,Gingins,5719,,240,0,0,240,36,15,204,85,
gc_2022_Gauche,20.03.22,gauche,Nyon,Gingins,5719,,240,0,0,240,0,0,240,100,
gc_2022_extreme-droite,20.03.22,extreme-droite,Nyon,Gingins,5719,,240,0,0,240,44,18.333333333333332,196,81.66666666666667,
gc_2022_droite-bourgeoise,20.03.22,droite,Nyon,Gingins,5719,,240,0,0,240,87,36.25,153,63.74999999999999,
gc_2022_centre,20.03.22,centre,Nyon,Gingins,5719,,240,0,0,240,47,19.583333333333332,193,80.41666666666667,
gc_2022_verts,20.03.22,centre-gauche,Nyon,Gingins,5719,,240,0,0,240,26,10.833333333333334,214,89.16666666666667,
gc_2022_PS,20.03.22,centre-gauche,Nyon,Givrins,5720,,267,0,0,267,25,9.363295880149813,242,90.63670411985018,
gc_2022_Gauche,20.03.22,gauche,Nyon,Givrins,5720,,267,0,0,267,0,0,267,100,
gc_2022_extreme-droite,20.03.22,extreme-droite,Nyon,Givrins,5720,,267,0,0,267,31,11.610486891385769,236,88.38951310861424,
gc_2022_droite-bourgeoise,20.03.22,droite,Nyon,Givrins,5720,,267,0,0,267,120,44.9438202247191,147,55.0561797752809,
gc_2022_centre,20.03.22,centre,Nyon,Givrins,5720,,267,0,0,267,39,14.606741573033707,228,85.39325842696628,
gc_2022_verts,20.03.22,centre-gauche,Nyon,Givrins,5720,,267,0,0,267,52,19.475655430711612,215,80.52434456928839,
gc_2022_PS,20.03.22,centre-gauche,Nyon,Gland,5721,,1783,0,0,1783,349,19.57375210319686,1434,80.42624789680313,
gc_2022_Gauche,20.03.22,gauche,Nyon,Gland,5721,,1783,0,0,1783,0,0,1783,100,
gc_2022_extreme-droite,20.03.22,extreme-droite,Nyon,Gland,5721,,1783,0,0,1783,279,15.647784632641615,1504,84.35221536735838,
gc_2022_droite-bourgeoise,20.03.22,droite,Nyon,Gland,5721,,1783,0,0,1783,530,29.725182277061137,1253,70.27481772293886,
gc_2022_centre,20.03.22,centre,Nyon,Gland,5721,,1783,0,0,1783,363,20.35894559730791,1420,79.64105440269209,
gc_2022_verts,20.03.22,centre-gauche,Nyon,Gland,5721,,1783,0,0,1783,263,14.750420639371844,1520,85.24957936062816,
gc_2022_PS,20.03.22,centre-gauche,Nyon,Grens,5722,,88,0,0,88,15,17.045454545454543,73,82.95454545454545,
gc_2022_Gauche,20.03.22,gauche,Nyon,Grens,5722,,88,0,0,88,0,0,88,100,
gc_2022_extreme-droite,20.03.22,extreme-droite,Nyon,Grens,5722,,88,0,0,88,18,20.454545454545457,70,79.54545454545455,
gc_2022_droite-bourgeoise,20.03.22,droite,Nyon,Grens,5722,,88,0,0,88,28,31.818181818181817,60,68.18181818181817,
gc_2022_centre,20.03.22,centre,Nyon,Grens,5722,,88,0,0,88,12,13.636363636363635,76,86.36363636363636,
gc_2022_verts,20.03.22,centre-gauche,Nyon,Grens,5722,,88,0,0,88,15,17.045454545454543,73,82.95454545454545,
gc_2022_PS,20.03.22,centre-gauche,Nyon,Mies,5723,,291,0,0,291,30,10.309278350515463,261,89.69072164948454,
gc_2022_Gauche,20.03.22,gauche,Nyon,Mies,5723,,291,0,0,291,0,0,291,100,
gc_2022_extreme-droite,20.03.22,extreme-droite,Nyon,Mies,5723,,291,0,0,291,41,14.0893470790378,250,85.91065292096219,
gc_2022_droite-bourgeoise,20.03.22,droite,Nyon,Mies,5723,,291,0,0,291,111,38.144329896907216,180,61.855670103092784,
gc_2022_centre,20.03.22,centre,Nyon,Mies,5723,,291,0,0,291,48,16.49484536082474,243,83.50515463917526,
gc_2022_verts,20.03.22,centre-gauche,Nyon,Mies,5723,,291,0,0,291,61,20.962199312714777,230,79.03780068728523,
gc_2022_PS,20.03.22,centre-gauche,Nyon,Nyon,5724,,2918,0,0,2918,686,23.50925291295408,2232,76.49074708704592,
gc_2022_Gauche,20.03.22,gauche,Nyon,Nyon,5724,,2918,0,0,2918,0,0,2918,100,
gc_2022_extreme-droite,20.03.22,extreme-droite,Nyon,Nyon,5724,,2918,0,0,2918,372,12.748457847840989,2546,87.25154215215902,
gc_2022_droite-bourgeoise,20.03.22,droite,Nyon,Nyon,5724,,2918,0,0,2918,813,27.861549006168605,2105,72.1384509938314,
gc_2022_centre,20.03.22,centre,Nyon,Nyon,5724,,2918,0,0,2918,481,16.48389307745031,2437,83.5161069225497,
gc_2022_verts,20.03.22,centre-gauche,Nyon,Nyon,5724,,2918,0,0,2918,566,19.396847155586016,2352,80.60315284441398,
gc_2022_PS,20.03.22,centre-gauche,Nyon,Prangins,5725,,711,0,0,711,125,17.580872011251756,586,82.41912798874824,
gc_2022_Gauche,20.03.22,gauche,Nyon,Prangins,5725,,711,0,0,711,0,0,711,100,
gc_2022_extreme-droite,20.03.22,extreme-droite,Nyon,Prangins,5725,,711,0,0,711,92,12.939521800281295,619,87.0604781997187,
gc_2022_droite-bourgeoise,20.03.22,droite,Nyon,Prangins,5725,,711,0,0,711,227,31.926863572433195,484,68.07313642756681,
gc_2022_centre,20.03.22,centre,Nyon,Prangins,5725,,711,0,0,711,140,19.69057665260197,571,80.30942334739804,
gc_2022_verts,20.03.22,centre-gauche,Nyon,Prangins,5725,,711,0,0,711,126,17.72151898734177,585,82.27848101265823,
gc_2022_PS,20.03.22,centre-gauche,Nyon,La Rippe,5726,,199,0,0,199,24,12.060301507537687,175,87.93969849246231,
gc_2022_Gauche,20.03.22,gauche,Nyon,La Rippe,5726,,199,0,0,199,0,0,199,100,
gc_2022_extreme-droite,20.03.22,extreme-droite,Nyon,La Rippe,5726,,199,0,0,199,15,7.537688442211055,184,92.46231155778895,
gc_2022_droite-bourgeoise,20.03.22,droite,Nyon,La Rippe,5726,,199,0,0,199,82,41.20603015075377,117,58.79396984924623,
gc_2022_centre,20.03.22,centre,Nyon,La Rippe,5726,,199,0,0,199,48,24.120603015075375,151,75.87939698492463,
gc_2022_verts,20.03.22,centre-gauche,Nyon,La Rippe,5726,,199,0,0,199,30,15.07537688442211,169,84.92462311557789,
gc_2022_PS,20.03.22,centre-gauche,Nyon,Saint-Cergue,5727,,316,0,0,316,47,14.873417721518987,269,85.12658227848101,
gc_2022_Gauche,20.03.22,gauche,Nyon,Saint-Cergue,5727,,316,0,0,316,0,0,316,100,
gc_2022_extreme-droite,20.03.22,extreme-droite,Nyon,Saint-Cergue,5727,,316,0,0,316,61,19.303797468354432,255,80.69620253164557,
gc_2022_droite-bourgeoise,20.03.22,droite,Nyon,Saint-Cergue,5727,,316,0,0,316,76,24.050632911392405,240,75.9493670886076,
gc_2022_centre,20.03.22,centre,Nyon,Saint-Cergue,5727,,316,0,0,316,65,20.569620253164558,251,79.43037974683544,
gc_2022_verts,20.03.22,centre-gauche,Nyon,Saint-Cergue,5727,,316,0,0,316,66,20.88607594936709,250,79.11392405063292,
gc_2022_PS,20.03.22,centre-gauche,Nyon,Signy-Avenex,5728,,112,0,0,112,14,12.5,98,87.5,
gc_2022_Gauche,20.03.22,gauche,Nyon,Signy-Avenex,5728,,112,0,0,112,0,0,112,100,
gc_2022_extreme-droite,20.03.22,extreme-droite,Nyon,Signy-Avenex,5728,,112,0,0,112,30,26.785714285714285,82,73.21428571428571,
gc_2022_droite-bourgeoise,20.03.22,droite,Nyon,Signy-Avenex,5728,,112,0,0,112,37,33.035714285714285,75,66.96428571428571,
gc_2022_centre,20.03.22,centre,Nyon,Signy-Avenex,5728,,112,0,0,112,24,21.428571428571427,88,78.57142857142857,
gc_2022_verts,20.03.22,centre-gauche,Nyon,Signy-Avenex,5728,,112,0,0,112,7,6.25,105,93.75,
gc_2022_PS,20.03.22,centre-gauche,Nyon,Tannay,5729,,290,0,0,290,31,10.689655172413794,259,89.3103448275862,
gc_2022_Gauche,20.03.22,gauche,Nyon,Tannay,5729,,290,0,0,290,0,0,290,100,
gc_2022_extreme-droite,20.03.22,extreme-droite,Nyon,Tannay,5729,,290,0,0,290,34,11.724137931034482,256,88.27586206896552,
gc_2022_droite-bourgeoise,20.03.22,droite,Nyon,Tannay,5729,,290,0,0,290,114,39.310344827586206,176,60.689655172413794,
gc_2022_centre,20.03.22,centre,Nyon,Tannay,5729,,290,0,0,290,67,23.103448275862068,223,76.89655172413794,
gc_2022_verts,20.03.22,centre-gauche,Nyon,Tannay,5729,,290,0,0,290,45,15.517241379310345,245,84.48275862068965,
gc_2022_PS,20.03.22,centre-gauche,Nyon,Trélex,5730,,352,0,0,352,50,14.204545454545455,302,85.79545454545455,
gc_2022_Gauche,20.03.22,gauche,Nyon,Trélex,5730,,352,0,0,352,0,0,352,100,
gc_2022_extreme-droite,20.03.22,extreme-droite,Nyon,Trélex,5730,,352,0,0,352,40,11.363636363636363,312,88.63636363636364,
gc_2022_droite-bourgeoise,20.03.22,droite,Nyon,Trélex,5730,,352,0,0,352,99,28.125,253,71.875,
gc_2022_centre,20.03.22,centre,Nyon,Trélex,5730,,352,0,0,352,109,30.96590909090909,243,69.0340909090909,
gc_2022_verts,20.03.22,centre-gauche,Nyon,Trélex,5730,,352,0,0,352,53,15.056818181818182,299,84.94318181818183,
gc_2022_PS,20.03.22,centre-gauche,Nyon,Le Vaud,5731,,301,0,0,301,45,14.950166112956811,256,85.04983388704319,
gc_2022_Gauche,20.03.22,gauche,Nyon,Le Vaud,5731,,301,0,0,301,0,0,301,100,
gc_2022_extreme-droite,20.03.22,extreme-droite,Nyon,Le Vaud,5731,,301,0,0,301,50,16.611295681063122,251,83.38870431893687,
gc_2022_droite-bourgeoise,20.03.22,droite,Nyon,Le Vaud,5731,,301,0,0,301,82,27.242524916943523,219,72.75747508305648,
gc_2022_centre,20.03.22,centre,Nyon,Le Vaud,5731,,301,0,0,301,88,29.2358803986711,213,70.7641196013289,
gc_2022_verts,20.03.22,centre-gauche,Nyon,Le Vaud,5731,,301,0,0,301,35,11.627906976744185,266,88.37209302325581,
gc_2022_PS,20.03.22,centre-gauche,Nyon,Vich,5732,,166,0,0,166,22,13.253012048192772,144,86.74698795180723,
gc_2022_Gauche,20.03.22,gauche,Nyon,Vich,5732,,166,0,0,166,0,0,166,100,
gc_2022_extreme-droite,20.03.22,extreme-droite,Nyon,Vich,5732,,166,0,0,166,33,19.879518072289155,133,80.12048192771084,
gc_2022_droite-bourgeoise,20.03.22,droite,Nyon,Vich,5732,,166,0,0,166,49,29.518072289156628,117,70.48192771084338,
gc_2022_centre,20.03.22,centre,Nyon,Vich,5732,,166,0,0,166,35,21.084337349397593,131,78.91566265060241,
gc_2022_verts,20.03.22,centre-gauche,Nyon,Vich,5732,,166,0,0,166,26,15.66265060240964,140,84.33734939759037,
gc_2022_PS,20.03.22,centre-gauche,Nyon,Bursinel,5852,,84,0,0,84,5,5.952380952380952,79,94.04761904761905,
gc_2022_Gauche,20.03.22,gauche,Nyon,Bursinel,5852,,84,0,0,84,0,0,84,100,
gc_2022_extreme-droite,20.03.22,extreme-droite,Nyon,Bursinel,5852,,84,0,0,84,17,20.238095238095237,67,79.76190476190477,
gc_2022_droite-bourgeoise,20.03.22,droite,Nyon,Bursinel,5852,,84,0,0,84,43,51.19047619047619,41,48.80952380952381,
gc_2022_centre,20.03.22,centre,Nyon,Bursinel,5852,,84,0,0,84,11,13.095238095238097,73,86.90476190476191,
gc_2022_verts,20.03.22,centre-gauche,Nyon,Bursinel,5852,,84,0,0,84,8,9.523809523809524,76,90.47619047619048,
gc_2022_PS,20.03.22,centre-gauche,Nyon,Bursins,5853,,176,0,0,176,34,19.318181818181817,142,80.68181818181817,
gc_2022_Gauche,20.03.22,gauche,Nyon,Bursins,5853,,176,0,0,176,0,0,176,100,
gc_2022_extreme-droite,20.03.22,extreme-droite,Nyon,Bursins,5853,,176,0,0,176,35,19.886363636363637,141,80.11363636363636,
gc_2022_droite-bourgeoise,20.03.22,droite,Nyon,Bursins,5853,,176,0,0,176,60,34.090909090909086,116,65.9090909090909,
gc_2022_centre,20.03.22,centre,Nyon,Bursins,5853,,176,0,0,176,18,10.227272727272728,158,89.77272727272727,
gc_2022_verts,20.03.22,centre-gauche,Nyon,Bursins,5853,,176,0,0,176,28,15.909090909090908,148,84.0909090909091,
gc_2022_PS,20.03.22,centre-gauche,Nyon,Burtigny,5854,,90,0,0,90,9,10,81,90,
gc_2022_Gauche,20.03.22,gauche,Nyon,Burtigny,5854,,90,0,0,90,0,0,90,100,
gc_2022_extreme-droite,20.03.22,extreme-droite,Nyon,Burtigny,5854,,90,0,0,90,32,35.55555555555556,58,64.44444444444444,
gc_2022_droite-bourgeoise,20.03.22,droite,Nyon,Burtigny,5854,,90,0,0,90,32,35.55555555555556,58,64.44444444444444,
gc_2022_centre,20.03.22,centre,Nyon,Burtigny,5854,,90,0,0,90,12,13.333333333333334,78,86.66666666666667,
gc_2022_verts,20.03.22,centre-gauche,Nyon,Burtigny,5854,,90,0,0,90,6,6.666666666666667,84,93.33333333333333,
gc_2022_PS,20.03.22,centre-gauche,Nyon,Dully,5855,,130,0,0,130,12,9.230769230769232,118,90.76923076923077,
gc_2022_Gauche,20.03.22,gauche,Nyon,Dully,5855,,130,0,0,130,0,0,130,100,
gc_2022_extreme-droite,20.03.22,extreme-droite,Nyon,Dully,5855,,130,0,0,130,33,25.384615384615383,97,74.61538461538461,
gc_2022_droite-bourgeoise,20.03.22,droite,Nyon,Dully,5855,,130,0,0,130,55,42.30769230769231,75,57.692307692307686,
gc_2022_centre,20.03.22,centre,Nyon,Dully,5855,,130,0,0,130,15,11.538461538461538,115,88.46153846153845,
gc_2022_verts,20.03.22,centre-gauche,Nyon,Dully,5855,,130,0,0,130,15,11.538461538461538,115,88.46153846153845,
gc_2022_PS,20.03.22,centre-gauche,Nyon,Essertines-sur-Rolle,5856,,154,0,0,154,17,11.03896103896104,137,88.96103896103897,
gc_2022_Gauche,20.03.22,gauche,Nyon,Essertines-sur-Rolle,5856,,154,0,0,154,0,0,154,100,
gc_2022_extreme-droite,20.03.22,extreme-droite,Nyon,Essertines-sur-Rolle,5856,,154,0,0,154,36,23.376623376623375,118,76.62337662337663,
gc_2022_droite-bourgeoise,20.03.22,droite,Nyon,Essertines-sur-Rolle,5856,,154,0,0,154,61,39.61038961038961,93,60.3896103896104,
gc_2022_centre,20.03.22,centre,Nyon,Essertines-sur-Rolle,5856,,154,0,0,154,20,12.987012987012985,134,87.01298701298701,
gc_2022_verts,20.03.22,centre-gauche,Nyon,Essertines-sur-Rolle,5856,,154,0,0,154,21,13.636363636363635,133,86.36363636363636,
gc_2022_PS,20.03.22,centre-gauche,Nyon,Gilly,5857,,277,0,0,277,33,11.913357400722022,244,88.08664259927798,
gc_2022_Gauche,20.03.22,gauche,Nyon,Gilly,5857,,277,0,0,277,0,0,277,100,
gc_2022_extreme-droite,20.03.22,extreme-droite,Nyon,Gilly,5857,,277,0,0,277,85,30.685920577617328,192,69.31407942238266,
gc_2022_droite-bourgeoise,20.03.22,droite,Nyon,Gilly,5857,,277,0,0,277,80,28.880866425992778,197,71.11913357400722,
gc_2022_centre,20.03.22,centre,Nyon,Gilly,5857,,277,0,0,277,42,15.162454873646208,235,84.83754512635379,
gc_2022_verts,20.03.22,centre-gauche,Nyon,Gilly,5857,,277,0,0,277,37,13.357400722021662,240,86.64259927797833,
gc_2022_PS,20.03.22,centre-gauche,Nyon,Luins,5858,,106,0,0,106,13,12.264150943396226,93,87.73584905660378,
gc_2022_Gauche,20.03.22,gauche,Nyon,Luins,5858,,106,0,0,106,0,0,106,100,
gc_2022_extreme-droite,20.03.22,extreme-droite,Nyon,Luins,5858,,106,0,0,106,35,33.0188679245283,71,66.98113207547169,
gc_2022_droite-bourgeoise,20.03.22,droite,Nyon,Luins,5858,,106,0,0,106,31,29.245283018867923,75,70.75471698113208,
gc_2022_centre,20.03.22,centre,Nyon,Luins,5858,,106,0,0,106,15,14.150943396226415,91,85.84905660377359,
gc_2022_verts,20.03.22,centre-gauche,Nyon,Luins,5858,,106,0,0,106,12,11.320754716981133,94,88.67924528301887,
gc_2022_PS,20.03.22,centre-gauche,Nyon,Mont-sur-Rolle,5859,,429,0,0,429,61,14.219114219114218,368,85.78088578088578,
gc_2022_Gauche,20.03.22,gauche,Nyon,Mont-sur-Rolle,5859,,429,0,0,429,0,0,429,100,
gc_2022_extreme-droite,20.03.22,extreme-droite,Nyon,Mont-sur-Rolle,5859,,429,0,0,429,94,21.91142191142191,335,78.08857808857809,
gc_2022_droite-bourgeoise,20.03.22,droite,Nyon,Mont-sur-Rolle,5859,,429,0,0,429,159,37.06293706293706,270,62.93706293706294,
gc_2022_centre,20.03.22,centre,Nyon,Mont-sur-Rolle,5859,,429,0,0,429,63,14.685314685314685,366,85.3146853146853,
gc_2022_verts,20.03.22,centre-gauche,Nyon,Mont-sur-Rolle,5859,,429,0,0,429,52,12.121212121212121,377,87.87878787878788,
gc_2022_PS,20.03.22,centre-gauche,Nyon,Perroy,5860,,273,0,0,273,41,15.018315018315018,232,84.98168498168498,
gc_2022_Gauche,20.03.22,gauche,Nyon,Perroy,5860,,273,0,0,273,0,0,273,100,
gc_2022_extreme-droite,20.03.22,extreme-droite,Nyon,Perroy,5860,,273,0,0,273,58,21.245421245421245,215,78.75457875457876,
gc_2022_droite-bourgeoise,20.03.22,droite,Nyon,Perroy,5860,,273,0,0,273,104,38.095238095238095,169,61.904761904761905,
gc_2022_centre,20.03.22,centre,Nyon,Perroy,5860,,273,0,0,273,41,15.018315018315018,232,84.98168498168498,
gc_2022_verts,20.03.22,centre-gauche,Nyon,Perroy,5860,,273,0,0,273,30,10.989010989010989,243,89.01098901098901,
gc_2022_PS,20.03.22,centre-gauche,Nyon,Rolle,5861,,891,0,0,891,206,23.120089786756452,685,76.87991021324355,
gc_2022_Gauche,20.03.22,gauche,Nyon,Rolle,5861,,891,0,0,891,0,0,891,100,
gc_2022_extreme-droite,20.03.22,extreme-droite,Nyon,Rolle,5861,,891,0,0,891,82,9.20314253647587,809,90.79685746352413,
gc_2022_droite-bourgeoise,20.03.22,droite,Nyon,Rolle,5861,,891,0,0,891,337,37.82267115600449,554,62.177328843995504,
gc_2022_centre,20.03.22,centre,Nyon,Rolle,5861,,891,0,0,891,128,14.365881032547701,763,85.6341189674523,
gc_2022_verts,20.03.22,centre-gauche,Nyon,Rolle,5861,,891,0,0,891,138,15.488215488215488,753,84.51178451178451,
gc_2022_PS,20.03.22,centre-gauche,Nyon,Tartegnin,5862,,61,0,0,61,13,21.311475409836063,48,78.68852459016394,
gc_2022_Gauche,20.03.22,gauche,Nyon,Tartegnin,5862,,61,0,0,61,0,0,61,100,
gc_2022_extreme-droite,20.03.22,extreme-droite,Nyon,Tartegnin,5862,,61,0,0,61,8,13.114754098360656,53,86.88524590163934,
gc_2022_droite-bourgeoise,20.03.22,droite,Nyon,Tartegnin,5862,,61,0,0,61,32,52.459016393442624,29,47.540983606557376,
gc_2022_centre,20.03.22,centre,Nyon,Tartegnin,5862,,61,0,0,61,1,1.639344262295082,60,98.36065573770492,
gc_2022_verts,20.03.22,centre-gauche,Nyon,Tartegnin,5862,,61,0,0,61,6,9.836065573770492,55,90.1639344262295,
gc_2022_PS,20.03.22,centre-gauche,Nyon,Vinzel,5863,,101,0,0,101,18,17.82178217821782,83,82.17821782178217,
gc_2022_Gauche,20.03.22,gauche,Nyon,Vinzel,5863,,101,0,0,101,0,0,101,100,
gc_2022_extreme-droite,20.03.22,extreme-droite,Nyon,Vinzel,5863,,101,0,0,101,17,16.831683168316832,84,83.16831683168317,
gc_2022_droite-bourgeoise,20.03.22,droite,Nyon,Vinzel,5863,,101,0,0,101,38,37.62376237623762,63,62.37623762376238,
gc_2022_centre,20.03.22,centre,Nyon,Vinzel,5863,,101,0,0,101,15,14.85148514851485,86,85.14851485148515,
gc_2022_verts,20.03.22,centre-gauche,Nyon,Vinzel,5863,,101,0,0,101,14,13.861386138613863,87,86.13861386138613,
gc_2022_PS,20.03.22,centre-gauche,Ouest lausannois,Crissier,5583,,971,0,0,971,215,22.142121524201855,756,77.85787847579815,
gc_2022_Gauche,20.03.22,gauche,Ouest lausannois,Crissier,5583,,971,0,0,971,69,7.106076210092688,902,92.8939237899073,
gc_2022_extreme-droite,20.03.22,extreme-droite,Ouest lausannois,Crissier,5583,,971,0,0,971,147,15.139031925849638,824,84.86096807415035,
gc_2022_droite-bourgeoise,20.03.22,droite,Ouest lausannois,Crissier,5583,,971,0,0,971,259,26.6735324407827,712,73.3264675592173,
gc_2022_centre,20.03.22,centre,Ouest lausannois,Crissier,5583,,971,0,0,971,161,16.580844490216272,810,83.41915550978372,
gc_2022_verts,20.03.22,centre-gauche,Ouest lausannois,Crissier,5583,,971,0,0,971,120,12.358393408856848,851,87.64160659114314,
gc_2022_PS,20.03.22,centre-gauche,Ouest lausannois,Prilly,5589,,1674,0,0,1674,412,24.611708482676224,1262,75.38829151732378,
gc_2022_Gauche,20.03.22,gauche,Ouest lausannois,Prilly,5589,,1674,0,0,1674,112,6.690561529271206,1562,93.3094384707288,
gc_2022_extreme-droite,20.03.22,extreme-droite,Ouest lausannois,Prilly,5589,,1674,0,0,1674,187,11.170848267622462,1487,88.82915173237754,
gc_2022_droite-bourgeoise,20.03.22,droite,Ouest lausannois,Prilly,5589,,1674,0,0,1674,437,26.105137395459977,1237,73.89486260454002,
gc_2022_centre,20.03.22,centre,Ouest lausannois,Prilly,5589,,1674,0,0,1674,182,10.87216248506571,1492,89.1278375149343,
gc_2022_verts,20.03.22,centre-gauche,Ouest lausannois,Prilly,5589,,1674,0,0,1674,344,20.54958183990442,1330,79.45041816009558,
gc_2022_PS,20.03.22,centre-gauche,Ouest lausannois,Renens VD,5591,,2154,0,0,2154,624,28.969359331476323,1530,71.03064066852369,
gc_2022_Gauche,20.03.22,gauche,Ouest lausannois,Renens VD,5591,,2154,0,0,2154,384,17.827298050139277,1770,82.17270194986072,
gc_2022_extreme-droite,20.03.22,extreme-droite,Ouest lausannois,Renens VD,5591,,2154,0,0,2154,241,11.188486536675951,1913,88.81151346332405,
gc_2022_droite-bourgeoise,20.03.22,droite,Ouest lausannois,Renens VD,5591,,2154,0,0,2154,384,17.827298050139277,1770,82.17270194986072,
gc_2022_centre,20.03.22,centre,Ouest lausannois,Renens VD,5591,,2154,0,0,2154,182,8.449396471680593,1972,91.55060352831941,
gc_2022_verts,20.03.22,centre-gauche,Ouest lausannois,Renens VD,5591,,2154,0,0,2154,339,15.73816155988858,1815,84.26183844011142,
gc_2022_PS,20.03.22,centre-gauche,Ouest lausannois,Bussigny,5624,,1401,0,0,1401,379,27.05210563882941,1022,72.9478943611706,
gc_2022_Gauche,20.03.22,gauche,Ouest lausannois,Bussigny,5624,,1401,0,0,1401,68,4.853675945753034,1333,95.14632405424696,
gc_2022_extreme-droite,20.03.22,extreme-droite,Ouest lausannois,Bussigny,5624,,1401,0,0,1401,212,15.132048536759457,1189,84.86795146324054,
gc_2022_droite-bourgeoise,20.03.22,droite,Ouest lausannois,Bussigny,5624,,1401,0,0,1401,364,25.981441827266238,1037,74.01855817273376,
gc_2022_centre,20.03.22,centre,Ouest lausannois,Bussigny,5624,,1401,0,0,1401,187,13.34760885082084,1214,86.65239114917915,
gc_2022_verts,20.03.22,centre-gauche,Ouest lausannois,Bussigny,5624,,1401,0,0,1401,190,13.561741613133476,1211,86.43825838686652,
gc_2022_PS,20.03.22,centre-gauche,Ouest lausannois,Chavannes-près-Renens,5627,,700,0,0,700,232,33.14285714285714,468,66.85714285714286,
gc_2022_Gauche,20.03.22,gauche,Ouest lausannois,Chavannes-près-Renens,5627,,700,0,0,700,75,10.714285714285714,625,89.28571428571429,
gc_2022_extreme-droite,20.03.22,extreme-droite,Ouest lausannois,Chavannes-près-Renens,5627,,700,0,0,700,81,11.571428571428571,619,88.42857142857142,
gc_2022_droite-bourgeoise,20.03.22,droite,Ouest lausannois,Chavannes-près-Renens,5627,,700,0,0,700,131,18.714285714285715,569,81.28571428571428,
gc_2022_centre,20.03.22,centre,Ouest lausannois,Chavannes-près-Renens,5627,,700,0,0,700,49,7.000000000000001,651,93,
gc_2022_verts,20.03.22,centre-gauche,Ouest lausannois,Chavannes-près-Renens,5627,,700,0,0,700,132,18.857142857142858,568,81.14285714285714,
gc_2022_PS,20.03.22,centre-gauche,Ouest lausannois,Ecublens VD,5635,,1631,0,0,1631,329,20.171673819742487,1302,79.82832618025752,
gc_2022_Gauche,20.03.22,gauche,Ouest lausannois,Ecublens VD,5635,,1631,0,0,1631,64,3.9239730226854688,1567,96.07602697731453,
gc_2022_extreme-droite,20.03.22,extreme-droite,Ouest lausannois,Ecublens VD,5635,,1631,0,0,1631,172,10.5456774984672,1459,89.4543225015328,
gc_2022_droite-bourgeoise,20.03.22,droite,Ouest lausannois,Ecublens VD,5635,,1631,0,0,1631,419,25.689760882893932,1212,74.31023911710606,
gc_2022_centre,20.03.22,centre,Ouest lausannois,Ecublens VD,5635,,1631,0,0,1631,375,22.992029429797668,1256,77.00797057020233,
gc_2022_verts,20.03.22,centre-gauche,Ouest lausannois,Ecublens VD,5635,,1631,0,0,1631,272,16.676885346413243,1359,83.32311465358676,
gc_2022_PS,20.03.22,centre-gauche,Ouest lausannois,Saint-Sulpice,5648,,853,0,0,853,103,12.075029308323563,750,87.92497069167644,
gc_2022_Gauche,20.03.22,gauche,Ouest lausannois,Saint-Sulpice,5648,,853,0,0,853,29,3.399765533411489,824,96.6002344665885,
gc_2022_extreme-droite,20.03.22,extreme-droite,Ouest lausannois,Saint-Sulpice,5648,,853,0,0,853,116,13.599062133645957,737,86.40093786635404,
gc_2022_droite-bourgeoise,20.03.22,droite,Ouest lausannois,Saint-Sulpice,5648,,853,0,0,853,304,35.63892145369285,549,64.36107854630716,
gc_2022_centre,20.03.22,centre,Ouest lausannois,Saint-Sulpice,5648,,853,0,0,853,161,18.874560375146544,692,81.12543962485346,
gc_2022_verts,20.03.22,centre-gauche,Ouest lausannois,Saint-Sulpice,5648,,853,0,0,853,140,16.412661195779602,713,83.5873388042204,
gc_2022_PS,20.03.22,centre-gauche,Ouest lausannois,Villars-Sainte-Croix,5651,,169,0,0,169,26,15.384615384615385,143,84.61538461538461,
gc_2022_Gauche,20.03.22,gauche,Ouest lausannois,Villars-Sainte-Croix,5651,,169,0,0,169,11,6.508875739644971,158,93.49112426035504,
gc_2022_extreme-droite,20.03.22,extreme-droite,Ouest lausannois,Villars-Sainte-Croix,5651,,169,0,0,169,40,23.668639053254438,129,76.33136094674556,
gc_2022_droite-bourgeoise,20.03.22,droite,Ouest lausannois,Villars-Sainte-Croix,5651,,169,0,0,169,55,32.544378698224854,114,67.45562130177515,
gc_2022_centre,20.03.22,centre,Ouest lausannois,Villars-Sainte-Croix,5651,,169,0,0,169,16,9.467455621301776,153,90.53254437869822,
gc_2022_verts,20.03.22,centre-gauche,Ouest lausannois,Villars-Sainte-Croix,5651,,169,0,0,169,21,12.42603550295858,148,87.57396449704143,
gc_2022_PS,20.03.22,centre-gauche,Pays-d'Enhaut,Château-d'Oex,5841,,819,0,0,819,142,17.338217338217337,677,82.66178266178265,
gc_2022_Gauche,20.03.22,gauche,Pays-d'Enhaut,Château-d'Oex,5841,,819,0,0,819,0,0,819,100,
gc_2022_extreme-droite,20.03.22,extreme-droite,Pays-d'Enhaut,Château-d'Oex,5841,,819,0,0,819,302,36.87423687423688,517,63.12576312576312,
gc_2022_droite-bourgeoise,20.03.22,droite,Pays-d'Enhaut,Château-d'Oex,5841,,819,0,0,819,354,43.223443223443226,465,56.776556776556774,
gc_2022_centre,20.03.22,centre,Pays-d'Enhaut,Château-d'Oex,5841,,819,0,0,819,0,0,819,100,
gc_2022_verts,20.03.22,centre-gauche,Pays-d'Enhaut,Château-d'Oex,5841,,819,0,0,819,20,2.442002442002442,799,97.55799755799755,
gc_2022_PS,20.03.22,centre-gauche,Pays-d'Enhaut,Rossinière,5842,,132,0,0,132,28,21.21212121212121,104,78.78787878787878,
gc_2022_Gauche,20.03.22,gauche,Pays-d'Enhaut,Rossinière,5842,,132,0,0,132,0,0,132,100,
gc_2022_extreme-droite,20.03.22,extreme-droite,Pays-d'Enhaut,Rossinière,5842,,132,0,0,132,38,28.78787878787879,94,71.21212121212122,
gc_2022_droite-bourgeoise,20.03.22,droite,Pays-d'Enhaut,Rossinière,5842,,132,0,0,132,61,46.21212121212121,71,53.78787878787878,
gc_2022_centre,20.03.22,centre,Pays-d'Enhaut,Rossinière,5842,,132,0,0,132,0,0,132,100,
gc_2022_verts,20.03.22,centre-gauche,Pays-d'Enhaut,Rossinière,5842,,132,0,0,132,6,4.545454545454546,126,95.45454545454545,
gc_2022_PS,20.03.22,centre-gauche,Pays-d'Enhaut,Rougemont,5843,,142,0,0,142,17,11.971830985915492,125,88.02816901408451,
gc_2022_Gauche,20.03.22,gauche,Pays-d'Enhaut,Rougemont,5843,,142,0,0,142,0,0,142,100,
gc_2022_extreme-droite,20.03.22,extreme-droite,Pays-d'Enhaut,Rougemont,5843,,142,0,0,142,64,45.07042253521127,78,54.929577464788736,
gc_2022_droite-bourgeoise,20.03.22,droite,Pays-d'Enhaut,Rougemont,5843,,142,0,0,142,56,39.436619718309856,86,60.56338028169014,
gc_2022_centre,20.03.22,centre,Pays-d'Enhaut,Rougemont,5843,,142,0,0,142,0,0,142,100,
gc_2022_verts,20.03.22,centre-gauche,Pays-d'Enhaut,Rougemont,5843,,142,0,0,142,6,4.225352112676056,136,95.77464788732394,
mormont,28.09.25,gauche,Aigle,Aigle,5401,5453,2053,145,7,2046,743,36.31476050830889,1158,56.598240469208214,37.649000550155876
mormont_cp,28.09.25,droite,Aigle,Aigle,5401,5453,2053,176,7,2046,1293,63.19648093841642,577,28.20136852394917,37.649000550155876
mormont_sub,28.09.25,gauche,Aigle,Aigle,5401,5453,2053,258,7,2046,394,19.257086999022484,1497,73.16715542521995,37.649000550155876
mormont,28.09.25,gauche,Aigle,Bex,5402,4627,2273,198,2,2271,945,41.611624834874505,1128,49.66974900924703,49.124702831208126
mormont_cp,28.09.25,droite,Aigle,Bex,5402,4627,2273,258,2,2271,1395,61.42668428005285,618,27.212681638044916,49.124702831208126
mormont_sub,28.09.25,gauche,Aigle,Bex,5402,4627,2273,319,2,2271,505,22.236900044033465,1600,70.45354469396742,49.124702831208126
mormont,28.09.25,gauche,Aigle,Chessel,5403,307,139,10,0,139,46,33.093525179856115,83,59.71223021582733,45.27687296416938
mormont_cp,28.09.25,droite,Aigle,Chessel,5403,307,139,16,0,139,75,53.956834532374096,48,34.53237410071942,45.27687296416938
mormont_sub,28.09.25,gauche,Aigle,Chessel,5403,307,139,54,0,139,17,12.23021582733813,68,48.92086330935252,45.27687296416938
mormont,28.09.25,gauche,Aigle,Corbeyrier,5404,350,199,25,0,199,86,43.21608040201005,88,44.221105527638194,56.85714285714286
mormont_cp,28.09.25,droite,Aigle,Corbeyrier,5404,350,199,23,0,199,115,57.78894472361809,61,30.65326633165829,56.85714285714286
mormont_sub,28.09.25,gauche,Aigle,Corbeyrier,5404,350,199,84,0,199,45,22.613065326633166,70,35.175879396984925,56.85714285714286
mormont,28.09.25,gauche,Aigle,Gryon,5405,884,455,44,1,454,147,32.378854625550666,263,57.9295154185022,51.470588235294116
mormont_cp,28.09.25,droite,Aigle,Gryon,5405,884,455,45,1,454,307,67.62114537444934,102,22.46696035242291,51.470588235294116
mormont_sub,28.09.25,gauche,Aigle,Gryon,5405,884,455,63,1,454,78,17.180616740088105,344,75.77092511013215,51.470588235294116
mormont,28.09.25,gauche,Aigle,Lavey-Morcles,5406,623,270,11,0,270,93,34.44444444444444,166,61.48148148148148,43.33868378812199
mormont_cp,28.09.25,droite,Aigle,Lavey-Morcles,5406,623,270,16,0,270,158,58.51851851851851,96,35.55555555555556,43.33868378812199
mormont_sub,28.09.25,gauche,Aigle,Lavey-Morcles,5406,623,270,82,0,270,27,10,161,59.62962962962963,43.33868378812199
mormont,28.09.25,gauche,Aigle,Leysin,5407,1498,681,67,0,681,241,35.389133627019085,373,54.77239353891336,45.460614152202936
mormont_cp,28.09.25,droite,Aigle,Leysin,5407,1498,681,70,0,681,423,62.11453744493392,188,27.606461086637296,45.460614152202936
mormont_sub,28.09.25,gauche,Aigle,Leysin,5407,1498,681,86,0,681,114,16.740088105726873,532,78.12041116005874,45.460614152202936
mormont,28.09.25,gauche,Aigle,Noville,5408,722,288,15,0,288,86,29.86111111111111,187,64.93055555555556,39.88919667590028
mormont_cp,28.09.25,droite,Aigle,Noville,5408,722,288,16,0,288,175,60.763888888888886,97,33.68055555555556,39.88919667590028
mormont_sub,28.09.25,gauche,Aigle,Noville,5408,722,288,92,0,288,24,8.333333333333332,172,59.72222222222222,39.88919667590028
mormont,28.09.25,gauche,Aigle,Ollon VD,5409,4344,2409,200,2,2407,853,35.438304943913586,1354,56.25259659326963,55.45580110497238
mormont_cp,28.09.25,droite,Aigle,Ollon VD,5409,4344,2409,217,2,2407,1528,63.48151225592024,662,27.503115911923555,55.45580110497238
mormont_sub,28.09.25,gauche,Aigle,Ollon VD,5409,4344,2409,324,2,2407,445,18.487744079767346,1777,73.82633984212713,55.45580110497238
mormont,28.09.25,gauche,Aigle,Ormont-Dessous,5410,819,399,24,2,397,125,31.48614609571788,248,62.468513853904284,48.717948717948715
mormont_cp,28.09.25,droite,Aigle,Ormont-Dessous,5410,819,399,41,2,397,216,54.40806045340051,140,35.26448362720403,48.717948717948715
mormont_sub,28.09.25,gauche,Aigle,Ormont-Dessous,5410,819,399,51,2,397,74,18.639798488664987,294,74.05541561712846,48.717948717948715
mormont,28.09.25,gauche,Aigle,Ormont-Dessus,5411,915,451,22,72,379,81,21.372031662269126,276,72.82321899736148,49.2896174863388
mormont_cp,28.09.25,droite,Aigle,Ormont-Dessus,5411,915,451,29,72,379,235,62.00527704485488,115,30.343007915567284,49.2896174863388
mormont_sub,28.09.25,gauche,Aigle,Ormont-Dessus,5411,915,451,85,72,379,23,6.068601583113456,285,75.19788918205805,49.2896174863388
mormont,28.09.25,gauche,Aigle,Rennaz,5412,499,205,19,1,204,83,40.68627450980392,102,50,41.08216432865731
mormont_cp,28.09.25,droite,Aigle,Rennaz,5412,499,205,25,1,204,113,55.392156862745104,66,32.35294117647059,41.08216432865731
mormont_sub,28.09.25,gauche,Aigle,Rennaz,5412,499,205,30,1,204,43,21.07843137254902,150,73.52941176470588,41.08216432865731
mormont,28.09.25,gauche,Aigle,Roche VD,5413,978,379,34,3,376,113,30.0531914893617,229,60.90425531914894,38.75255623721882
mormont_cp,28.09.25,droite,Aigle,Roche VD,5413,978,379,45,3,376,206,54.78723404255319,125,33.244680851063826,38.75255623721882
mormont_sub,28.09.25,gauche,Aigle,Roche VD,5413,978,379,60,3,376,60,15.957446808510639,281,74.7340425531915,38.75255623721882
mormont,28.09.25,gauche,Aigle,Villeneuve VD,5414,2799,1106,92,0,1106,444,40.14466546112116,570,51.5370705244123,39.514112182922474
mormont_cp,28.09.25,droite,Aigle,Villeneuve VD,5414,2799,1106,93,0,1106,693,62.65822784810127,320,28.933092224231466,39.514112182922474
mormont_sub,28.09.25,gauche,Aigle,Villeneuve VD,5414,2799,1106,141,0,1106,196,17.72151898734177,828,74.86437613019892,39.514112182922474
mormont,28.09.25,gauche,Aigle,Yvorne,5415,695,331,29,0,331,99,29.909365558912388,203,61.329305135951664,47.62589928057554
mormont_cp,28.09.25,droite,Aigle,Yvorne,5415,695,331,32,0,331,200,60.42296072507553,99,29.909365558912388,47.62589928057554
mormont_sub,28.09.25,gauche,Aigle,Yvorne,5415,695,331,42,0,331,48,14.501510574018129,262,79.15407854984893,47.62589928057554
mormont,28.09.25,gauche,Broye - Vully,Avenches,5451,2286,859,66,1,858,309,36.01398601398601,483,56.29370629370629,37.576552930883636
mormont_cp,28.09.25,droite,Broye - Vully,Avenches,5451,2286,859,73,1,858,502,58.5081585081585,283,32.98368298368298,37.576552930883636
mormont_sub,28.09.25,gauche,Broye - Vully,Avenches,5451,2286,859,101,1,858,158,18.414918414918414,647,75.4079254079254,37.576552930883636
mormont,28.09.25,gauche,Broye - Vully,Bussy-sur-Moudon,5663,178,89,6,0,89,16,17.97752808988764,67,75.28089887640449,50
mormont_cp,28.09.25,droite,Broye - Vully,Bussy-sur-Moudon,5663,178,89,5,0,89,53,59.55056179775281,31,34.831460674157306,50
mormont_sub,28.09.25,gauche,Broye - Vully,Bussy-sur-Moudon,5663,178,89,32,0,89,4,4.49438202247191,53,59.55056179775281,50
mormont,28.09.25,gauche,Broye - Vully,Champtauroz,5812,126,64,5,3,61,27,44.26229508196721,29,47.540983606557376,50.79365079365079
mormont_cp,28.09.25,droite,Broye - Vully,Champtauroz,5812,126,64,7,3,61,28,45.90163934426229,26,42.62295081967213,50.79365079365079
mormont_sub,28.09.25,gauche,Broye - Vully,Champtauroz,5812,126,64,22,3,61,9,14.754098360655737,30,49.18032786885246,50.79365079365079
mormont,28.09.25,gauche,Broye - Vully,Chavannes-sur-Moudon,5665,170,76,5,0,76,23,30.263157894736842,48,63.1578947368421,44.70588235294118
mormont_cp,28.09.25,droite,Broye - Vully,Chavannes-sur-Moudon,5665,170,76,5,0,76,48,63.1578947368421,23,30.263157894736842,44.70588235294118
mormont_sub,28.09.25,gauche,Broye - Vully,Chavannes-sur-Moudon,5665,170,76,18,0,76,13,17.105263157894736,45,59.210526315789465,44.70588235294118
mormont,28.09.25,gauche,Broye - Vully,Chevroux,5813,348,153,5,0,153,41,26.797385620915033,107,69.93464052287581,43.96551724137931
mormont_cp,28.09.25,droite,Broye - Vully,Chevroux,5813,348,153,7,0,153,95,62.091503267973856,51,33.33333333333333,43.96551724137931
mormont_sub,28.09.25,gauche,Broye - Vully,Chevroux,5813,348,153,60,0,153,11,7.18954248366013,82,53.59477124183007,43.96551724137931
mormont,28.09.25,gauche,Broye - Vully,Corcelles-le-Jorat,5785,320,172,16,0,172,44,25.581395348837212,112,65.11627906976744,53.75
mormont_cp,28.09.25,droite,Broye - Vully,Corcelles-le-Jorat,5785,320,172,26,0,172,98,56.97674418604651,48,27.906976744186046,53.75
mormont_sub,28.09.25,gauche,Broye - Vully,Corcelles-le-Jorat,5785,320,172,49,0,172,24,13.953488372093023,107,62.2093023255814,53.75
mormont,28.09.25,gauche,Broye - Vully,Corcelles-près-Payerne,5816,1575,702,67,0,702,175,24.92877492877493,460,65.52706552706553,44.57142857142857
mormont_cp,28.09.25,droite,Broye - Vully,Corcelles-près-Payerne,5816,1575,702,74,0,702,416,59.25925925925925,212,30.1994301994302,44.57142857142857
mormont_sub,28.09.25,gauche,Broye - Vully,Corcelles-près-Payerne,5816,1575,702,88,0,702,99,14.102564102564102,566,80.62678062678063,44.57142857142857
mormont,28.09.25,gauche,Broye - Vully,Cudrefin,5456,1280,538,43,0,538,200,37.174721189591075,295,54.832713754646846,42.03125
mormont_cp,28.09.25,droite,Broye - Vully,Cudrefin,5456,1280,538,48,0,538,334,62.0817843866171,156,28.99628252788104,42.03125
mormont_sub,28.09.25,gauche,Broye - Vully,Cudrefin,5456,1280,538,183,0,538,67,12.453531598513012,288,53.53159851301115,42.03125
mormont,28.09.25,gauche,Broye - Vully,Curtilles,5669,213,111,9,0,111,40,36.03603603603604,62,55.85585585585585,52.112676056338024
mormont_cp,28.09.25,droite,Broye - Vully,Curtilles,5669,213,111,11,0,111,58,52.25225225225225,42,37.83783783783784,52.112676056338024
mormont_sub,28.09.25,gauche,Broye - Vully,Curtilles,5669,213,111,39,0,111,15,13.513513513513514,57,51.35135135135135,52.112676056338024
mormont,28.09.25,gauche,Broye - Vully,Dompierre VD,5671,160,88,1,0,88,29,32.95454545454545,58,65.9090909090909,55.00000000000001
mormont_cp,28.09.25,droite,Broye - Vully,Dompierre VD,5671,160,88,3,0,88,53,60.22727272727273,32,36.36363636363637,55.00000000000001
mormont_sub,28.09.25,gauche,Broye - Vully,Dompierre VD,5671,160,88,25,0,88,13,14.772727272727273,51,57.95454545454546,55.00000000000001
mormont,28.09.25,gauche,Broye - Vully,Faoug,5458,568,199,18,0,199,68,34.17085427135678,113,56.78391959798995,35.03521126760563
mormont_cp,28.09.25,droite,Broye - Vully,Faoug,5458,568,199,13,0,199,126,63.31658291457286,60,30.15075376884422,35.03521126760563
mormont_sub,28.09.25,gauche,Broye - Vully,Faoug,5458,568,199,68,0,199,21,10.552763819095476,110,55.27638190954774,35.03521126760563
mormont,28.09.25,gauche,Broye - Vully,Grandcour,5817,622,260,16,0,260,79,30.384615384615383,165,63.46153846153846,41.80064308681672
mormont_cp,28.09.25,droite,Broye - Vully,Grandcour,5817,622,260,16,0,260,146,56.15384615384615,98,37.69230769230769,41.80064308681672
mormont_sub,28.09.25,gauche,Broye - Vully,Grandcour,5817,622,260,86,0,260,19,7.307692307692308,171,65.76923076923077,41.80064308681672
mormont,28.09.25,gauche,Broye - Vully,Henniez,5819,262,81,4,0,81,22,27.160493827160494,55,67.90123456790124,30.916030534351147
mormont_cp,28.09.25,droite,Broye - Vully,Henniez,5819,262,81,8,0,81,47,58.0246913580247,26,32.098765432098766,30.916030534351147
mormont_sub,28.09.25,gauche,Broye - Vully,Henniez,5819,262,81,27,0,81,14,17.28395061728395,44,54.32098765432099,30.916030534351147
mormont,28.09.25,gauche,Broye - Vully,Hermenches,5673,248,118,2,0,118,23,19.491525423728813,93,78.8135593220339,47.58064516129033
mormont_cp,28.09.25,droite,Broye - Vully,Hermenches,5673,248,118,5,0,118,71,60.16949152542372,42,35.59322033898305,47.58064516129033
mormont_sub,28.09.25,gauche,Broye - Vully,Hermenches,5673,248,118,34,0,118,7,5.932203389830509,77,65.2542372881356,47.58064516129033
mormont,28.09.25,gauche,Broye - Vully,Lovatens,5674,117,58,2,0,58,32,55.172413793103445,24,41.37931034482759,49.572649572649574
mormont_cp,28.09.25,droite,Broye - Vully,Lovatens,5674,117,58,2,0,58,42,72.41379310344827,14,24.137931034482758,49.572649572649574
mormont_sub,28.09.25,gauche,Broye - Vully,Lovatens,5674,117,58,18,0,58,14,24.137931034482758,26,44.827586206896555,49.572649572649574
mormont,28.09.25,gauche,Broye - Vully,Lucens,5675,2222,900,73,3,897,323,36.00891861761427,501,55.852842809364546,40.5040504050405
mormont_cp,28.09.25,droite,Broye - Vully,Lucens,5675,2222,900,84,3,897,552,61.53846153846154,261,29.09698996655518,40.5040504050405
mormont_sub,28.09.25,gauche,Broye - Vully,Lucens,5675,2222,900,115,3,897,159,17.725752508361204,678,75.58528428093646,40.5040504050405
mormont,28.09.25,gauche,Broye - Vully,Missy,5821,243,109,9,0,109,33,30.275229357798167,67,61.46788990825688,44.8559670781893
mormont_cp,28.09.25,droite,Broye - Vully,Missy,5821,243,109,6,0,109,74,67.88990825688074,29,26.605504587155966,44.8559670781893
mormont_sub,28.09.25,gauche,Broye - Vully,Missy,5821,243,109,37,0,109,6,5.5045871559633035,66,60.550458715596335,44.8559670781893
mormont,28.09.25,gauche,Broye - Vully,Moudon,5678,2740,934,59,1,933,341,36.548767416934616,533,57.12754555198285,34.087591240875916
mormont_cp,28.09.25,droite,Broye - Vully,Moudon,5678,2740,934,68,1,933,618,66.2379421221865,247,26.473740621650588,34.087591240875916
mormont_sub,28.09.25,gauche,Broye - Vully,Moudon,5678,2740,934,107,1,933,187,20.042872454448016,678,72.66881028938906,34.087591240875916
mormont,28.09.25,gauche,Broye - Vully,Payerne,5822,4856,1888,161,6,1882,576,30.605738575983,1145,60.839532412327316,38.87973640856672
mormont_cp,28.09.25,droite,Broye - Vully,Payerne,5822,4856,1888,191,6,1882,1138,60.46758767268863,553,29.383634431455896,38.87973640856672
mormont_sub,28.09.25,gauche,Broye - Vully,Payerne,5822,4856,1888,259,6,1882,280,14.87778958554729,1468,78.00212539851222,38.87973640856672
mormont,28.09.25,gauche,Broye - Vully,Prévonloup,5683,167,65,3,0,65,16,24.615384615384617,46,70.76923076923077,38.92215568862276
mormont_cp,28.09.25,droite,Broye - Vully,Prévonloup,5683,167,65,2,0,65,43,66.15384615384615,20,30.76923076923077,38.92215568862276
mormont_sub,28.09.25,gauche,Broye - Vully,Prévonloup,5683,167,65,14,0,65,3,4.615384615384616,48,73.84615384615385,38.92215568862276
mormont,28.09.25,gauche,Broye - Vully,Ropraz,5798,318,158,4,0,158,52,32.91139240506329,102,64.55696202531645,49.685534591194966
mormont_cp,28.09.25,droite,Broye - Vully,Ropraz,5798,318,158,7,0,158,104,65.82278481012658,47,29.746835443037973,49.685534591194966
mormont_sub,28.09.25,gauche,Broye - Vully,Ropraz,5798,318,158,48,0,158,11,6.962025316455696,102,64.55696202531645,49.685534591194966
mormont,28.09.25,gauche,Broye - Vully,Rossenges,5684,54,26,2,0,26,5,19.230769230769234,19,73.07692307692307,48.148148148148145
mormont_cp,28.09.25,droite,Broye - Vully,Rossenges,5684,54,26,4,0,26,12,46.15384615384615,10,38.46153846153847,48.148148148148145
mormont_sub,28.09.25,gauche,Broye - Vully,Rossenges,5684,54,26,11,0,26,1,3.8461538461538463,14,53.84615384615385,48.148148148148145
mormont,28.09.25,gauche,Broye - Vully,Syens,5688,91,47,5,0,47,10,21.27659574468085,32,68.08510638297872,51.64835164835166
mormont_cp,28.09.25,droite,Broye - Vully,Syens,5688,91,47,4,0,47,28,59.57446808510638,15,31.914893617021278,51.64835164835166
mormont_sub,28.09.25,gauche,Broye - Vully,Syens,5688,91,47,16,0,47,2,4.25531914893617,29,61.702127659574465,51.64835164835166
mormont,28.09.25,gauche,Broye - Vully,Trey,5827,204,86,4,0,86,20,23.25581395348837,62,72.09302325581395,42.15686274509804
mormont_cp,28.09.25,droite,Broye - Vully,Trey,5827,204,86,5,0,86,61,70.93023255813954,20,23.25581395348837,42.15686274509804
mormont_sub,28.09.25,gauche,Broye - Vully,Trey,5827,204,86,21,0,86,6,6.976744186046512,63,73.25581395348837,42.15686274509804
mormont,28.09.25,gauche,Broye - Vully,Treytorrens (Payerne),5828,83,46,1,0,46,16,34.78260869565217,29,63.04347826086957,55.42168674698795
mormont_cp,28.09.25,droite,Broye - Vully,Treytorrens (Payerne),5828,83,46,1,0,46,26,56.52173913043478,19,41.30434782608695,55.42168674698795
mormont_sub,28.09.25,gauche,Broye - Vully,Treytorrens (Payerne),5828,83,46,30,0,46,1,2.1739130434782608,16,34.78260869565217,55.42168674698795
mormont,28.09.25,gauche,Broye - Vully,Valbroye,5831,2021,898,68,2,896,228,25.44642857142857,600,66.96428571428571,44.43344878772885
mormont_cp,28.09.25,droite,Broye - Vully,Valbroye,5831,2021,898,83,2,896,492,54.91071428571429,321,35.825892857142854,44.43344878772885
mormont_sub,28.09.25,gauche,Broye - Vully,Valbroye,5831,2021,898,118,2,896,129,14.397321428571427,701,78.23660714285714,44.43344878772885
mormont,28.09.25,gauche,Broye - Vully,Villars-le-Comte,5690,96,51,1,0,51,11,21.568627450980394,39,76.47058823529412,53.125
mormont_cp,28.09.25,droite,Broye - Vully,Villars-le-Comte,5690,96,51,3,0,51,30,58.82352941176471,18,35.294117647058826,53.125
mormont_sub,28.09.25,gauche,Broye - Vully,Villars-le-Comte,5690,96,51,13,0,51,6,11.76470588235294,32,62.745098039215684,53.125
mormont,28.09.25,gauche,Broye - Vully,Villarzel,5830,322,147,6,1,146,55,37.67123287671233,85,58.21917808219178,45.65217391304348
mormont_cp,28.09.25,droite,Broye - Vully,Villarzel,5830,322,147,9,1,146,100,68.4931506849315,37,25.34246575342466,45.65217391304348
mormont_sub,28.09.25,gauche,Broye - Vully,Villarzel,5830,322,147,39,1,146,26,17.80821917808219,81,55.47945205479452,45.65217391304348
mormont,28.09.25,gauche,Broye - Vully,Vucherens,5692,390,200,6,0,200,81,40.5,113,56.49999999999999,51.28205128205128
mormont_cp,28.09.25,droite,Broye - Vully,Vucherens,5692,390,200,8,0,200,137,68.5,55,27.500000000000004,51.28205128205128
mormont_sub,28.09.25,gauche,Broye - Vully,Vucherens,5692,390,200,52,0,200,37,18.5,111,55.50000000000001,51.28205128205128
mormont,28.09.25,gauche,Broye - Vully,Vulliens,5803,418,222,22,0,222,64,28.82882882882883,136,61.261261261261254,53.110047846889955
mormont_cp,28.09.25,droite,Broye - Vully,Vulliens,5803,418,222,24,0,222,140,63.06306306306306,58,26.126126126126124,53.110047846889955
mormont_sub,28.09.25,gauche,Broye - Vully,Vulliens,5803,418,222,62,0,222,15,6.756756756756757,145,65.31531531531532,53.110047846889955
mormont,28.09.25,gauche,Broye - Vully,Vully-les-Lacs,5464,2408,1114,137,2,1112,281,25.26978417266187,694,62.410071942446045,46.262458471760795
mormont_cp,28.09.25,droite,Broye - Vully,Vully-les-Lacs,5464,2408,1114,154,2,1112,604,54.31654676258992,354,31.83453237410072,46.262458471760795
mormont_sub,28.09.25,gauche,Broye - Vully,Vully-les-Lacs,5464,2408,1114,188,2,1112,169,15.197841726618705,873,78.50719424460432,46.262458471760795
mormont,28.09.25,gauche,Gros-de-Vaud,Assens,5511,1136,583,29,0,583,139,23.842195540308747,415,71.18353344768438,51.320422535211264
mormont_cp,28.09.25,droite,Gros-de-Vaud,Assens,5511,1136,583,44,0,583,381,65.35162950257289,158,27.101200686106345,51.320422535211264
mormont_sub,28.09.25,gauche,Gros-de-Vaud,Assens,5511,1136,583,169,0,583,58,9.948542024013722,372,63.80789022298457,51.320422535211264
mormont,28.09.25,gauche,Gros-de-Vaud,Bercher,5512,886,446,37,0,446,144,32.28699551569507,265,59.4170403587444,50.338600451467265
mormont_cp,28.09.25,droite,Gros-de-Vaud,Bercher,5512,886,446,46,0,446,271,60.76233183856502,129,28.923766816143498,50.338600451467265
mormont_sub,28.09.25,gauche,Gros-de-Vaud,Bercher,5512,886,446,62,0,446,59,13.228699551569505,351,78.69955156950674,50.338600451467265
mormont,28.09.25,gauche,Gros-de-Vaud,Bettens,5471,412,208,10,0,208,63,30.288461538461537,135,64.90384615384616,50.48543689320388
mormont_cp,28.09.25,droite,Gros-de-Vaud,Bettens,5471,412,208,13,0,208,137,65.86538461538461,58,27.884615384615387,50.48543689320388
mormont_sub,28.09.25,gauche,Gros-de-Vaud,Bettens,5471,412,208,65,0,208,29,13.942307692307693,123,59.13461538461539,50.48543689320388
mormont,28.09.25,gauche,Gros-de-Vaud,Bottens,5514,861,398,21,0,398,126,31.65829145728643,251,63.06532663316583,46.2253193960511
mormont_cp,28.09.25,droite,Gros-de-Vaud,Bottens,5514,861,398,41,0,398,242,60.80402010050251,115,28.894472361809044,46.2253193960511
mormont_sub,28.09.25,gauche,Gros-de-Vaud,Bottens,5514,861,398,131,0,398,32,8.040201005025125,235,59.04522613065326,46.2253193960511
mormont,28.09.25,gauche,Gros-de-Vaud,Boulens,5661,266,150,10,0,150,40,26.666666666666668,100,66.66666666666666,56.390977443609025
mormont_cp,28.09.25,droite,Gros-de-Vaud,Boulens,5661,266,150,9,0,150,93,62,48,32,56.390977443609025
mormont_sub,28.09.25,gauche,Gros-de-Vaud,Boulens,5661,266,150,26,0,150,17,11.333333333333332,113,75.33333333333333,56.390977443609025
mormont,28.09.25,gauche,Gros-de-Vaud,Bournens,5472,373,183,8,0,183,53,28.96174863387978,122,66.66666666666666,49.06166219839142
mormont_cp,28.09.25,droite,Gros-de-Vaud,Bournens,5472,373,183,19,0,183,105,57.377049180327866,59,32.240437158469945,49.06166219839142
mormont_sub,28.09.25,gauche,Gros-de-Vaud,Bournens,5472,373,183,51,0,183,19,10.382513661202186,121,66.12021857923497,49.06166219839142
mormont,28.09.25,gauche,Gros-de-Vaud,Boussens,5473,650,346,12,0,346,111,32.080924855491325,223,64.45086705202311,53.230769230769226
mormont_cp,28.09.25,droite,Gros-de-Vaud,Boussens,5473,650,346,24,0,346,243,70.23121387283237,79,22.832369942196532,53.230769230769226
mormont_sub,28.09.25,gauche,Gros-de-Vaud,Boussens,5473,650,346,101,0,346,41,11.849710982658959,216,62.42774566473989,53.230769230769226
mormont,28.09.25,gauche,Gros-de-Vaud,Bretigny-sur-Morrens,5515,552,241,0,14,227,109,48.01762114537445,118,51.98237885462555,43.65942028985507
mormont_cp,28.09.25,droite,Gros-de-Vaud,Bretigny-sur-Morrens,5515,552,241,1,14,227,151,66.51982378854625,75,33.03964757709251,43.65942028985507
mormont_sub,28.09.25,gauche,Gros-de-Vaud,Bretigny-sur-Morrens,5515,552,241,56,14,227,43,18.94273127753304,128,56.38766519823789,43.65942028985507
mormont,28.09.25,gauche,Gros-de-Vaud,Cugy VD,5516,1678,843,61,11,832,310,37.25961538461539,461,55.40865384615385,50.23837902264601
mormont_cp,28.09.25,droite,Gros-de-Vaud,Cugy VD,5516,1678,843,68,11,832,554,66.58653846153845,210,25.240384615384613,50.23837902264601
mormont_sub,28.09.25,gauche,Gros-de-Vaud,Cugy VD,5516,1678,843,76,11,832,159,19.110576923076923,638,76.6826923076923,50.23837902264601
mormont,28.09.25,gauche,Gros-de-Vaud,Daillens,5480,696,389,12,0,389,136,34.96143958868895,241,61.95372750642674,55.89080459770115
mormont_cp,28.09.25,droite,Gros-de-Vaud,Daillens,5480,696,389,17,0,389,278,71.46529562982005,94,24.164524421593832,55.89080459770115
mormont_sub,28.09.25,gauche,Gros-de-Vaud,Daillens,5480,696,389,80,0,389,64,16.452442159383033,245,62.98200514138818,55.89080459770115
mormont,28.09.25,gauche,Gros-de-Vaud,Echallens,5518,4056,1823,121,2,1821,628,34.486545853926415,1072,58.86875343218012,44.94575936883629
mormont_cp,28.09.25,droite,Gros-de-Vaud,Echallens,5518,4056,1823,155,2,1821,1200,65.89785831960461,466,25.59033498077979,44.94575936883629
mormont_sub,28.09.25,gauche,Gros-de-Vaud,Echallens,5518,4056,1823,203,2,1821,316,17.353102690829214,1389,76.27677100494233,44.94575936883629
mormont,28.09.25,gauche,Gros-de-Vaud,Essertines-sur-Yverdon,5520,738,345,28,0,345,104,30.144927536231886,213,61.73913043478261,46.7479674796748
mormont_cp,28.09.25,droite,Gros-de-Vaud,Essertines-sur-Yverdon,5520,738,345,30,0,345,208,60.28985507246377,107,31.01449275362319,46.7479674796748
mormont_sub,28.09.25,gauche,Gros-de-Vaud,Essertines-sur-Yverdon,5520,738,345,36,0,345,51,14.782608695652174,279,80.8695652173913,46.7479674796748
mormont,28.09.25,gauche,Gros-de-Vaud,Etagnières,5521,729,378,29,1,377,115,30.50397877984085,233,61.80371352785146,51.85185185185185
mormont_cp,28.09.25,droite,Gros-de-Vaud,Etagnières,5521,729,378,35,1,377,256,67.90450928381962,86,22.811671087533156,51.85185185185185
mormont_sub,28.09.25,gauche,Gros-de-Vaud,Etagnières,5521,729,378,44,1,377,53,14.058355437665782,301,79.84084880636605,51.85185185185185
mormont,28.09.25,gauche,Gros-de-Vaud,Fey,5522,540,243,16,0,243,70,28.80658436213992,157,64.60905349794238,45
mormont_cp,28.09.25,droite,Gros-de-Vaud,Fey,5522,540,243,23,0,243,170,69.95884773662551,50,20.5761316872428,45
mormont_sub,28.09.25,gauche,Gros-de-Vaud,Fey,5522,540,243,75,0,243,29,11.934156378600823,139,57.20164609053497,45
mormont,28.09.25,gauche,Gros-de-Vaud,Froideville,5523,1726,905,73,1,904,277,30.641592920353983,554,61.283185840707965,52.43337195828504
mormont_cp,28.09.25,droite,Gros-de-Vaud,Froideville,5523,1726,905,87,1,904,548,60.61946902654868,269,29.75663716814159,52.43337195828504
mormont_sub,28.09.25,gauche,Gros-de-Vaud,Froideville,5523,1726,905,121,1,904,137,15.15486725663717,697,77.10176991150442,52.43337195828504
mormont,28.09.25,gauche,Gros-de-Vaud,Goumoëns,5541,792,416,28,0,416,105,25.240384615384613,283,68.02884615384616,52.52525252525253
mormont_cp,28.09.25,droite,Gros-de-Vaud,Goumoëns,5541,792,416,38,0,416,248,59.61538461538461,130,31.25,52.52525252525253
mormont_sub,28.09.25,gauche,Gros-de-Vaud,Goumoëns,5541,792,416,48,0,416,51,12.259615384615383,339,81.49038461538461,52.52525252525253
mormont,28.09.25,gauche,Gros-de-Vaud,Jorat-Menthue,5804,1021,505,22,1,504,139,27.579365079365083,343,68.05555555555556,49.461312438785505
mormont_cp,28.09.25,droite,Gros-de-Vaud,Jorat-Menthue,5804,1021,505,36,1,504,325,64.48412698412699,143,28.373015873015873,49.461312438785505
mormont_sub,28.09.25,gauche,Gros-de-Vaud,Jorat-Menthue,5804,1021,505,141,1,504,48,9.523809523809524,328,65.07936507936508,49.461312438785505
mormont,28.09.25,gauche,Gros-de-Vaud,Lussery-Villars,5487,323,166,4,0,166,70,42.168674698795186,92,55.42168674698795,51.39318885448917
mormont_cp,28.09.25,droite,Gros-de-Vaud,Lussery-Villars,5487,323,166,14,0,166,109,65.66265060240963,43,25.903614457831324,51.39318885448917
mormont_sub,28.09.25,gauche,Gros-de-Vaud,Lussery-Villars,5487,323,166,56,0,166,22,13.253012048192772,88,53.01204819277109,51.39318885448917
mormont,28.09.25,gauche,Gros-de-Vaud,Mex VD,5489,494,226,6,1,225,56,24.88888888888889,163,72.44444444444444,45.74898785425101
mormont_cp,28.09.25,droite,Gros-de-Vaud,Mex VD,5489,494,226,13,1,225,152,67.55555555555556,60,26.666666666666668,45.74898785425101
mormont_sub,28.09.25,gauche,Gros-de-Vaud,Mex VD,5489,494,226,67,1,225,19,8.444444444444445,139,61.77777777777778,45.74898785425101
mormont,28.09.25,gauche,Gros-de-Vaud,Montanaire,5693,1934,945,49,1,944,269,28.49576271186441,626,66.3135593220339,48.86246122026887
mormont_cp,28.09.25,droite,Gros-de-Vaud,Montanaire,5693,1934,945,60,1,944,610,64.61864406779661,274,29.02542372881356,48.86246122026887
mormont_sub,28.09.25,gauche,Gros-de-Vaud,Montanaire,5693,1934,945,279,1,944,94,9.957627118644067,595,63.029661016949156,48.86246122026887
mormont,28.09.25,gauche,Gros-de-Vaud,Montilliez,5540,1266,596,34,2,594,152,25.589225589225588,408,68.68686868686868,47.077409162717224
mormont_cp,28.09.25,droite,Gros-de-Vaud,Montilliez,5540,1266,596,41,2,594,369,62.121212121212125,184,30.976430976430976,47.077409162717224
mormont_sub,28.09.25,gauche,Gros-de-Vaud,Montilliez,5540,1266,596,199,2,594,48,8.080808080808081,347,58.417508417508415,47.077409162717224
mormont,28.09.25,gauche,Gros-de-Vaud,Morrens VD,5527,766,420,23,0,420,150,35.714285714285715,247,58.80952380952381,54.83028720626631
mormont_cp,28.09.25,droite,Gros-de-Vaud,Morrens VD,5527,766,420,34,0,420,293,69.76190476190476,93,22.142857142857142,54.83028720626631
mormont_sub,28.09.25,gauche,Gros-de-Vaud,Morrens VD,5527,766,420,123,0,420,41,9.761904761904763,256,60.952380952380956,54.83028720626631
mormont,28.09.25,gauche,Gros-de-Vaud,Ogens,5680,223,114,15,0,114,36,31.57894736842105,63,55.26315789473685,51.12107623318386
mormont_cp,28.09.25,droite,Gros-de-Vaud,Ogens,5680,223,114,15,0,114,66,57.89473684210527,33,28.947368421052634,51.12107623318386
mormont_sub,28.09.25,gauche,Gros-de-Vaud,Ogens,5680,223,114,44,0,114,17,14.912280701754385,53,46.49122807017544,51.12107623318386
mormont,28.09.25,gauche,Gros-de-Vaud,Oppens,5923,127,65,0,0,65,24,36.92307692307693,41,63.07692307692307,51.181102362204726
mormont_cp,28.09.25,droite,Gros-de-Vaud,Oppens,5923,127,65,6,0,65,34,52.307692307692314,25,38.46153846153847,51.181102362204726
mormont_sub,28.09.25,gauche,Gros-de-Vaud,Oppens,5923,127,65,15,0,65,15,23.076923076923077,35,53.84615384615385,51.181102362204726
mormont,28.09.25,gauche,Gros-de-Vaud,Oulens-sous-Echallens,5529,416,239,7,2,237,70,29.535864978902953,160,67.51054852320675,57.45192307692307
mormont_cp,28.09.25,droite,Gros-de-Vaud,Oulens-sous-Echallens,5529,416,239,16,2,237,157,66.24472573839662,64,27.004219409282697,57.45192307692307
mormont_sub,28.09.25,gauche,Gros-de-Vaud,Oulens-sous-Echallens,5529,416,239,45,2,237,31,13.080168776371309,165,69.62025316455697,57.45192307692307
mormont,28.09.25,gauche,Gros-de-Vaud,Pailly,5530,389,183,11,0,183,44,24.043715846994534,128,69.94535519125684,47.04370179948586
mormont_cp,28.09.25,droite,Gros-de-Vaud,Pailly,5530,389,183,17,0,183,98,53.551912568306015,68,37.15846994535519,47.04370179948586
mormont_sub,28.09.25,gauche,Gros-de-Vaud,Pailly,5530,389,183,68,0,183,19,10.382513661202186,96,52.459016393442624,47.04370179948586
mormont,28.09.25,gauche,Gros-de-Vaud,Penthalaz,5495,1837,844,48,4,840,296,35.23809523809524,496,59.04761904761905,45.94447468698966
mormont_cp,28.09.25,droite,Gros-de-Vaud,Penthalaz,5495,1837,844,67,4,840,546,65,227,27.023809523809522,45.94447468698966
mormont_sub,28.09.25,gauche,Gros-de-Vaud,Penthalaz,5495,1837,844,116,4,840,143,17.023809523809526,616,73.33333333333333,45.94447468698966
mormont,28.09.25,gauche,Gros-de-Vaud,Penthaz,5496,1120,553,37,0,553,185,33.45388788426763,331,59.85533453887884,49.375
mormont_cp,28.09.25,droite,Gros-de-Vaud,Penthaz,5496,1120,553,51,0,553,351,63.47197106690777,151,27.305605786618447,49.375
mormont_sub,28.09.25,gauche,Gros-de-Vaud,Penthaz,5496,1120,553,65,0,553,107,19.349005424954793,407,73.59855334538878,49.375
mormont,28.09.25,gauche,Gros-de-Vaud,Penthéréaz,5531,321,178,8,0,178,54,30.337078651685395,116,65.1685393258427,55.45171339563863
mormont_cp,28.09.25,droite,Gros-de-Vaud,Penthéréaz,5531,321,178,5,0,178,125,70.2247191011236,48,26.96629213483146,55.45171339563863
mormont_sub,28.09.25,gauche,Gros-de-Vaud,Penthéréaz,5531,321,178,42,0,178,16,8.98876404494382,120,67.41573033707866,55.45171339563863
mormont,28.09.25,gauche,Gros-de-Vaud,Poliez-Pittet,5533,543,274,9,0,274,71,25.91240875912409,194,70.8029197080292,50.46040515653776
mormont_cp,28.09.25,droite,Gros-de-Vaud,Poliez-Pittet,5533,543,274,15,0,274,178,64.96350364963503,81,29.56204379562044,50.46040515653776
mormont_sub,28.09.25,gauche,Gros-de-Vaud,Poliez-Pittet,5533,543,274,84,0,274,25,9.124087591240876,165,60.21897810218978,50.46040515653776
mormont,28.09.25,gauche,Gros-de-Vaud,Rueyres,5534,216,134,3,0,134,27,20.149253731343283,104,77.61194029850746,62.03703703703704
mormont_cp,28.09.25,droite,Gros-de-Vaud,Rueyres,5534,216,134,11,0,134,85,63.43283582089553,38,28.35820895522388,62.03703703703704
mormont_sub,28.09.25,gauche,Gros-de-Vaud,Rueyres,5534,216,134,33,0,134,5,3.731343283582089,96,71.64179104477611,62.03703703703704
mormont,28.09.25,gauche,Gros-de-Vaud,Saint-Barthélemy VD,5535,538,275,5,0,275,62,22.545454545454547,208,75.63636363636364,51.11524163568774
mormont_cp,28.09.25,droite,Gros-de-Vaud,Saint-Barthélemy VD,5535,538,275,10,0,275,165,60,100,36.36363636363637,51.11524163568774
mormont_sub,28.09.25,gauche,Gros-de-Vaud,Saint-Barthélemy VD,5535,538,275,64,0,275,12,4.363636363636364,204,74.18181818181819,51.11524163568774
mormont,28.09.25,gauche,Gros-de-Vaud,Sullens,5501,748,379,20,0,379,111,29.287598944591032,248,65.4353562005277,50.668449197860966
mormont_cp,28.09.25,droite,Gros-de-Vaud,Sullens,5501,748,379,34,0,379,259,68.33773087071239,86,22.691292875989447,50.668449197860966
mormont_sub,28.09.25,gauche,Gros-de-Vaud,Sullens,5501,748,379,109,0,379,33,8.70712401055409,250,65.96306068601582,50.668449197860966
mormont,28.09.25,gauche,Gros-de-Vaud,Villars-le-Terroir,5537,901,412,36,0,412,107,25.970873786407765,269,65.29126213592234,45.72697003329634
mormont_cp,28.09.25,droite,Gros-de-Vaud,Villars-le-Terroir,5537,901,412,34,0,412,235,57.03883495145631,143,34.70873786407767,45.72697003329634
mormont_sub,28.09.25,gauche,Gros-de-Vaud,Villars-le-Terroir,5537,901,412,137,0,412,37,8.980582524271846,238,57.76699029126213,45.72697003329634
mormont,28.09.25,gauche,Gros-de-Vaud,Vuarrens,5539,703,337,14,0,337,73,21.66172106824926,250,74.1839762611276,47.93741109530583
mormont_cp,28.09.25,droite,Gros-de-Vaud,Vuarrens,5539,703,337,20,0,337,205,60.83086053412463,112,33.23442136498516,47.93741109530583
mormont_sub,28.09.25,gauche,Gros-de-Vaud,Vuarrens,5539,703,337,94,0,337,18,5.341246290801187,225,66.76557863501483,47.93741109530583
mormont,28.09.25,gauche,Gros-de-Vaud,Vufflens-la-Ville,5503,911,468,18,0,468,189,40.38461538461539,261,55.769230769230774,51.37211855104281
mormont_cp,28.09.25,droite,Gros-de-Vaud,Vufflens-la-Ville,5503,911,468,24,0,468,350,74.78632478632478,94,20.085470085470085,51.37211855104281
mormont_sub,28.09.25,gauche,Gros-de-Vaud,Vufflens-la-Ville,5503,911,468,94,0,468,72,15.384615384615385,302,64.52991452991454,51.37211855104281
mormont,28.09.25,gauche,Yverdon,Agiez,5742,232,114,5,0,114,32,28.07017543859649,77,67.54385964912281,49.137931034482754
mormont_cp,28.09.25,droite,Yverdon,Agiez,5742,232,114,11,0,114,63,55.26315789473685,40,35.08771929824561,49.137931034482754
mormont_sub,28.09.25,gauche,Yverdon,Agiez,5742,232,114,35,0,114,17,14.912280701754385,62,54.385964912280706,49.137931034482754
mormont,28.09.25,gauche,Yverdon,Arnex-sur-Orbe,5743,525,230,10,0,230,89,38.69565217391304,131,56.95652173913044,43.80952380952381
mormont_cp,28.09.25,droite,Yverdon,Arnex-sur-Orbe,5743,525,230,17,0,230,164,71.30434782608695,49,21.304347826086957,43.80952380952381
mormont_sub,28.09.25,gauche,Yverdon,Arnex-sur-Orbe,5743,525,230,56,0,230,39,16.956521739130434,140,60.86956521739131,43.80952380952381
mormont,28.09.25,gauche,Yverdon,Ballaigues,5744,719,346,17,0,346,114,32.947976878612714,215,62.138728323699425,48.12239221140473
mormont_cp,28.09.25,droite,Yverdon,Ballaigues,5744,719,346,24,0,346,234,67.63005780346822,88,25.43352601156069,48.12239221140473
mormont_sub,28.09.25,gauche,Yverdon,Ballaigues,5744,719,346,41,0,346,55,15.895953757225435,263,76.01156069364163,48.12239221140473
mormont,28.09.25,gauche,Yverdon,Baulmes,5745,762,359,11,0,359,140,38.99721448467967,208,57.938718662952645,47.112860892388454
mormont_cp,28.09.25,droite,Yverdon,Baulmes,5745,762,359,24,0,359,220,61.28133704735376,115,32.03342618384401,47.112860892388454
mormont_sub,28.09.25,gauche,Yverdon,Baulmes,5745,762,359,122,0,359,47,13.09192200557103,195,54.317548746518106,47.112860892388454
mormont,28.09.25,gauche,Yverdon,Bavois,5746,701,325,10,0,325,131,40.30769230769231,184,56.61538461538461,46.3623395149786
mormont_cp,28.09.25,droite,Yverdon,Bavois,5746,701,325,19,0,325,218,67.07692307692308,88,27.076923076923077,46.3623395149786
mormont_sub,28.09.25,gauche,Yverdon,Bavois,5746,701,325,86,0,325,47,14.461538461538462,192,59.07692307692308,46.3623395149786
mormont,28.09.25,gauche,Yverdon,Belmont-sur-Yverdon,5902,303,163,6,0,163,43,26.380368098159508,114,69.93865030674846,53.79537953795379
mormont_cp,28.09.25,droite,Yverdon,Belmont-sur-Yverdon,5902,303,163,9,0,163,94,57.668711656441715,60,36.809815950920246,53.79537953795379
mormont_sub,28.09.25,gauche,Yverdon,Belmont-sur-Yverdon,5902,303,163,39,0,163,16,9.815950920245399,108,66.25766871165644,53.79537953795379
mormont,28.09.25,gauche,Yverdon,Bioley-Magnoux,5903,187,89,5,0,89,19,21.34831460674157,65,73.03370786516854,47.593582887700535
mormont_cp,28.09.25,droite,Yverdon,Bioley-Magnoux,5903,187,89,5,0,89,49,55.0561797752809,35,39.325842696629216,47.593582887700535
mormont_sub,28.09.25,gauche,Yverdon,Bioley-Magnoux,5903,187,89,31,0,89,8,8.98876404494382,50,56.17977528089888,47.593582887700535
mormont,28.09.25,gauche,Yverdon,Bofflens,5747,154,96,3,0,96,35,36.45833333333333,58,60.416666666666664,62.33766233766234
mormont_cp,28.09.25,droite,Yverdon,Bofflens,5747,154,96,4,0,96,61,63.541666666666664,31,32.29166666666667,62.33766233766234
mormont_sub,28.09.25,gauche,Yverdon,Bofflens,5747,154,96,23,0,96,17,17.708333333333336,56,58.333333333333336,62.33766233766234
mormont,28.09.25,gauche,Yverdon,Bonvillars,5551,375,202,7,0,202,75,37.12871287128713,120,59.4059405940594,53.86666666666666
mormont_cp,28.09.25,droite,Yverdon,Bonvillars,5551,375,202,10,0,202,146,72.27722772277228,46,22.772277227722775,53.86666666666666
mormont_sub,28.09.25,gauche,Yverdon,Bonvillars,5551,375,202,57,0,202,25,12.376237623762377,120,59.4059405940594,53.86666666666666
mormont,28.09.25,gauche,Yverdon,Bretonnières,5748,191,113,3,0,113,40,35.39823008849557,70,61.94690265486725,59.16230366492147
mormont_cp,28.09.25,droite,Yverdon,Bretonnières,5748,191,113,5,0,113,82,72.56637168141593,26,23.008849557522122,59.16230366492147
mormont_sub,28.09.25,gauche,Yverdon,Bretonnières,5748,191,113,30,0,113,22,19.469026548672566,63,55.75221238938053,59.16230366492147
mormont,28.09.25,gauche,Yverdon,Bullet,5552,521,292,34,4,288,69,23.958333333333336,185,64.23611111111111,56.046065259117086
mormont_cp,28.09.25,droite,Yverdon,Bullet,5552,521,292,39,4,288,140,48.61111111111111,109,37.84722222222222,56.046065259117086
mormont_sub,28.09.25,gauche,Yverdon,Bullet,5552,521,292,45,4,288,45,15.625,222,77.08333333333334,56.046065259117086
mormont,28.09.25,gauche,Yverdon,Chamblon,5904,388,211,6,0,211,57,27.014218009478675,148,70.14218009478674,54.38144329896907
mormont_cp,28.09.25,droite,Yverdon,Chamblon,5904,388,211,13,0,211,142,67.29857819905213,56,26.540284360189574,54.38144329896907
mormont_sub,28.09.25,gauche,Yverdon,Chamblon,5904,388,211,63,0,211,18,8.530805687203792,130,61.61137440758294,54.38144329896907
mormont,28.09.25,gauche,Yverdon,Champagne,5553,715,313,18,0,313,92,29.39297124600639,203,64.85623003194888,43.77622377622378
mormont_cp,28.09.25,droite,Yverdon,Champagne,5553,715,313,15,0,313,221,70.6070287539936,77,24.600638977635782,43.77622377622378
mormont_sub,28.09.25,gauche,Yverdon,Champagne,5553,715,313,95,0,313,35,11.182108626198083,198,63.25878594249201,43.77622377622378
mormont,28.09.25,gauche,Yverdon,Champvent,5905,461,227,9,0,227,59,25.991189427312776,159,70.04405286343612,49.240780911062906
mormont_cp,28.09.25,droite,Yverdon,Champvent,5905,461,227,6,0,227,158,69.60352422907489,63,27.75330396475771,49.240780911062906
mormont_sub,28.09.25,gauche,Yverdon,Champvent,5905,461,227,69,0,227,19,8.370044052863436,139,61.23348017621145,49.240780911062906
mormont,28.09.25,gauche,Yverdon,Chavannes-le-Chêne,5907,235,108,5,0,108,31,28.703703703703702,72,66.66666666666666,45.95744680851064
mormont_cp,28.09.25,droite,Yverdon,Chavannes-le-Chêne,5907,235,108,9,0,108,58,53.70370370370371,41,37.96296296296296,45.95744680851064
mormont_sub,28.09.25,gauche,Yverdon,Chavannes-le-Chêne,5907,235,108,38,0,108,18,16.666666666666664,52,48.148148148148145,45.95744680851064
mormont,28.09.25,gauche,Yverdon,Chavornay,5749,3091,1342,84,1,1341,496,36.987322893363164,761,56.74869500372856,43.41637010676156
mormont_cp,28.09.25,droite,Yverdon,Chavornay,5749,3091,1342,111,1,1341,885,65.99552572706935,345,25.727069351230426,43.41637010676156
mormont_sub,28.09.25,gauche,Yverdon,Chavornay,5749,3091,1342,156,1,1341,238,17.747949291573452,1014,75.6152125279642,43.41637010676156
mormont,28.09.25,gauche,Yverdon,Cheseaux-Noréaz,5909,500,263,12,0,263,68,25.85551330798479,183,69.58174904942965,52.6
mormont_cp,28.09.25,droite,Yverdon,Cheseaux-Noréaz,5909,500,263,17,0,263,183,69.58174904942965,63,23.954372623574145,52.6
mormont_sub,28.09.25,gauche,Yverdon,Cheseaux-Noréaz,5909,500,263,57,0,263,25,9.505703422053232,181,68.8212927756654,52.6
mormont,28.09.25,gauche,Yverdon,Chêne-Pâquier,5908,107,57,1,0,57,18,31.57894736842105,38,66.66666666666666,53.271028037383175
mormont_cp,28.09.25,droite,Yverdon,Chêne-Pâquier,5908,107,57,0,0,57,47,82.45614035087719,10,17.543859649122805,53.271028037383175
mormont_sub,28.09.25,gauche,Yverdon,Chêne-Pâquier,5908,107,57,10,0,57,13,22.807017543859647,34,59.64912280701754,53.271028037383175
mormont,28.09.25,gauche,Yverdon,Concise,5554,677,331,17,0,331,123,37.160120845921455,191,57.70392749244713,48.89217134416543
mormont_cp,28.09.25,droite,Yverdon,Concise,5554,677,331,34,0,331,219,66.16314199395771,78,23.564954682779458,48.89217134416543
mormont_sub,28.09.25,gauche,Yverdon,Concise,5554,677,331,99,0,331,40,12.084592145015106,192,58.006042296072515,48.89217134416543
mormont,28.09.25,gauche,Yverdon,Corcelles-près-Concise,5555,295,137,0,0,137,52,37.95620437956204,85,62.04379562043796,46.440677966101696
mormont_cp,28.09.25,droite,Yverdon,Corcelles-près-Concise,5555,295,137,3,0,137,89,64.96350364963503,45,32.846715328467155,46.440677966101696
mormont_sub,28.09.25,gauche,Yverdon,Corcelles-près-Concise,5555,295,137,35,0,137,25,18.248175182481752,77,56.20437956204379,46.440677966101696
mormont,28.09.25,gauche,Yverdon,Cronay,5910,317,170,10,0,170,47,27.647058823529413,113,66.47058823529412,53.62776025236593
mormont_cp,28.09.25,droite,Yverdon,Cronay,5910,317,170,15,0,170,104,61.1764705882353,51,30,53.62776025236593
mormont_sub,28.09.25,gauche,Yverdon,Cronay,5910,317,170,44,0,170,16,9.411764705882353,110,64.70588235294117,53.62776025236593
mormont,28.09.25,gauche,Yverdon,Croy,5752,299,156,2,1,155,70,45.16129032258064,83,53.5483870967742,52.17391304347826
mormont_cp,28.09.25,droite,Yverdon,Croy,5752,299,156,7,1,155,104,67.0967741935484,44,28.387096774193548,52.17391304347826
mormont_sub,28.09.25,gauche,Yverdon,Croy,5752,299,156,50,1,155,33,21.29032258064516,72,46.45161290322581,52.17391304347826
mormont,28.09.25,gauche,Yverdon,Cuarny,5911,169,102,5,0,102,27,26.47058823529412,70,68.62745098039215,60.35502958579882
mormont_cp,28.09.25,droite,Yverdon,Cuarny,5911,169,102,8,0,102,57,55.88235294117647,37,36.27450980392157,60.35502958579882
mormont_sub,28.09.25,gauche,Yverdon,Cuarny,5911,169,102,25,0,102,15,14.705882352941178,62,60.78431372549019,60.35502958579882
mormont,28.09.25,gauche,Yverdon,Donneloye,5913,600,324,24,0,324,94,29.01234567901235,206,63.580246913580254,54
mormont_cp,28.09.25,droite,Yverdon,Donneloye,5913,600,324,30,0,324,206,63.580246913580254,88,27.160493827160494,54
mormont_sub,28.09.25,gauche,Yverdon,Donneloye,5913,600,324,93,0,324,40,12.345679012345679,200,61.72839506172839,54
mormont,28.09.25,gauche,Yverdon,Démoret,5912,128,73,0,0,73,16,21.91780821917808,57,78.08219178082192,57.03125
mormont_cp,28.09.25,droite,Yverdon,Démoret,5912,128,73,1,0,73,46,63.013698630136986,26,35.61643835616438,57.03125
mormont_sub,28.09.25,gauche,Yverdon,Démoret,5912,128,73,20,0,73,9,12.32876712328767,44,60.273972602739725,57.03125
mormont,28.09.25,gauche,Jura - Nord vaudois,Ependes VD,5914,237,117,2,0,117,26,22.22222222222222,89,76.06837606837607,49.36708860759494
mormont_cp,28.09.25,droite,Jura - Nord vaudois,Ependes VD,5914,237,117,4,0,117,75,64.1025641025641,38,32.47863247863248,49.36708860759494
mormont_sub,28.09.25,gauche,Jura - Nord vaudois,Ependes VD,5914,237,117,28,0,117,7,5.982905982905983,82,70.08547008547008,49.36708860759494
mormont,28.09.25,gauche,Yverdon,Fiez,5556,307,155,3,0,155,61,39.35483870967742,91,58.70967741935483,50.4885993485342
mormont_cp,28.09.25,droite,Yverdon,Fiez,5556,307,155,5,0,155,120,77.41935483870968,30,19.35483870967742,50.4885993485342
mormont_sub,28.09.25,gauche,Yverdon,Fiez,5556,307,155,30,0,155,22,14.193548387096774,103,66.45161290322581,50.4885993485342
mormont,28.09.25,gauche,Yverdon,Fontaines-sur-Grandson,5557,156,70,2,0,70,24,34.285714285714285,44,62.857142857142854,44.871794871794876
mormont_cp,28.09.25,droite,Yverdon,Fontaines-sur-Grandson,5557,156,70,3,0,70,48,68.57142857142857,19,27.142857142857142,44.871794871794876
mormont_sub,28.09.25,gauche,Yverdon,Fontaines-sur-Grandson,5557,156,70,17,0,70,12,17.142857142857142,41,58.57142857142858,44.871794871794876
mormont,28.09.25,gauche,Yverdon,Giez,5559,314,149,10,0,149,46,30.87248322147651,93,62.41610738255034,47.452229299363054
mormont_cp,28.09.25,droite,Yverdon,Giez,5559,314,149,13,0,149,100,67.11409395973155,36,24.161073825503358,47.452229299363054
mormont_sub,28.09.25,gauche,Yverdon,Giez,5559,314,149,51,0,149,17,11.409395973154362,81,54.36241610738255,47.452229299363054
mormont,28.09.25,gauche,Yverdon,Grandevent,5560,161,94,6,0,94,36,38.297872340425535,52,55.319148936170215,58.38509316770186
mormont_cp,28.09.25,droite,Yverdon,Grandevent,5560,161,94,6,0,94,73,77.6595744680851,15,15.957446808510639,58.38509316770186
mormont_sub,28.09.25,gauche,Yverdon,Grandevent,5560,161,94,17,0,94,14,14.893617021276595,63,67.02127659574468,58.38509316770186
mormont,28.09.25,gauche,Yverdon,Grandson,5561,2221,1022,76,0,1022,366,35.81213307240704,580,56.75146771037182,46.0153084196308
mormont_cp,28.09.25,droite,Yverdon,Grandson,5561,2221,1022,78,0,1022,677,66.24266144814091,267,26.125244618395303,46.0153084196308
mormont_sub,28.09.25,gauche,Yverdon,Grandson,5561,2221,1022,107,0,1022,195,19.08023483365949,768,75.14677103718199,46.0153084196308
mormont,28.09.25,gauche,Yverdon,Juriens,5754,256,145,15,0,145,33,22.758620689655174,97,66.89655172413794,56.640625
mormont_cp,28.09.25,droite,Yverdon,Juriens,5754,256,145,16,0,145,79,54.48275862068965,50,34.48275862068966,56.640625
mormont_sub,28.09.25,gauche,Yverdon,Juriens,5754,256,145,59,0,145,12,8.275862068965518,74,51.03448275862069,56.640625
mormont,28.09.25,gauche,La Vallée,L'Abbaye,5871,1066,542,30,0,542,176,32.47232472324723,336,61.99261992619927,50.84427767354597
mormont_cp,28.09.25,droite,La Vallée,L'Abbaye,5871,1066,542,41,0,542,331,61.07011070110702,170,31.365313653136536,50.84427767354597
mormont_sub,28.09.25,gauche,La Vallée,L'Abbaye,5871,1066,542,182,0,542,71,13.099630996309964,311,57.38007380073801,50.84427767354597
mormont,28.09.25,gauche,Yverdon,L'Abergement,5741,197,127,8,1,126,48,38.095238095238095,70,55.55555555555556,64.46700507614213
mormont_cp,28.09.25,droite,Yverdon,L'Abergement,5741,197,127,6,1,126,76,60.317460317460316,44,34.92063492063492,64.46700507614213
mormont_sub,28.09.25,gauche,Yverdon,L'Abergement,5741,197,127,35,1,126,23,18.253968253968253,71,56.34920634920635,64.46700507614213
mormont,28.09.25,gauche,Yverdon,La Praz,5758,141,88,3,0,88,31,35.22727272727273,54,61.36363636363637,62.4113475177305
mormont_cp,28.09.25,droite,Yverdon,La Praz,5758,141,88,5,0,88,61,69.31818181818183,22,25,62.4113475177305
mormont_sub,28.09.25,gauche,Yverdon,La Praz,5758,141,88,30,0,88,16,18.181818181818183,42,47.72727272727273,62.4113475177305
mormont,28.09.25,gauche,La Vallée,Le Chenit,5872,2815,1687,162,5,1682,613,36.44470868014269,907,53.92390011890606,59.92895204262877
mormont_cp,28.09.25,droite,La Vallée,Le Chenit,5872,2815,1687,202,5,1682,968,57.55053507728894,512,30.439952437574313,59.92895204262877
mormont_sub,28.09.25,gauche,La Vallée,Le Chenit,5872,2815,1687,269,5,1682,331,19.67895362663496,1195,71.04637336504162,59.92895204262877
mormont,28.09.25,gauche,La Vallée,Le Lieu,5873,644,350,19,0,350,151,43.142857142857146,180,51.42857142857142,54.347826086956516
mormont_cp,28.09.25,droite,La Vallée,Le Lieu,5873,644,350,25,0,350,222,63.42857142857142,103,29.428571428571427,54.347826086956516
mormont_sub,28.09.25,gauche,La Vallée,Le Lieu,5873,644,350,101,0,350,63,18,186,53.142857142857146,54.347826086956516
mormont,28.09.25,gauche,Yverdon,Les Clées,5750,137,77,2,0,77,32,41.55844155844156,43,55.84415584415584,56.20437956204379
mormont_cp,28.09.25,droite,Yverdon,Les Clées,5750,137,77,5,0,77,52,67.53246753246754,20,25.97402597402597,56.20437956204379
mormont_sub,28.09.25,gauche,Yverdon,Les Clées,5750,137,77,23,0,77,13,16.883116883116884,41,53.246753246753244,56.20437956204379
mormont,28.09.25,gauche,Yverdon,Lignerolle,5755,275,129,5,0,129,45,34.883720930232556,79,61.240310077519375,46.909090909090914
mormont_cp,28.09.25,droite,Yverdon,Lignerolle,5755,275,129,5,0,129,87,67.44186046511628,37,28.68217054263566,46.909090909090914
mormont_sub,28.09.25,gauche,Yverdon,Lignerolle,5755,275,129,31,0,129,12,9.30232558139535,91,70.54263565891473,46.909090909090914
mormont,28.09.25,gauche,Yverdon,Mathod,5919,471,255,19,0,255,97,38.03921568627451,139,54.509803921568626,54.14012738853503
mormont_cp,28.09.25,droite,Yverdon,Mathod,5919,471,255,22,0,255,159,62.35294117647059,74,29.01960784313726,54.14012738853503
mormont_sub,28.09.25,gauche,Yverdon,Mathod,5919,471,255,82,0,255,40,15.686274509803921,149,58.43137254901961,54.14012738853503
mormont,28.09.25,gauche,Yverdon,Mauborget,5562,96,55,0,0,55,21,38.18181818181819,34,61.81818181818181,57.291666666666664
mormont_cp,28.09.25,droite,Yverdon,Mauborget,5562,96,55,5,0,55,30,54.54545454545454,20,36.36363636363637,57.291666666666664
mormont_sub,28.09.25,gauche,Yverdon,Mauborget,5562,96,55,17,0,55,8,14.545454545454545,30,54.54545454545454,57.291666666666664
mormont,28.09.25,gauche,Yverdon,Molondin,5921,169,93,1,0,93,23,24.731182795698924,69,74.19354838709677,55.02958579881657
mormont_cp,28.09.25,droite,Yverdon,Molondin,5921,169,93,5,0,93,57,61.29032258064516,31,33.33333333333333,55.02958579881657
mormont_sub,28.09.25,gauche,Yverdon,Molondin,5921,169,93,38,0,93,8,8.60215053763441,47,50.53763440860215,55.02958579881657
mormont,28.09.25,gauche,Yverdon,Montagny-près-Yverdon,5922,519,224,7,0,224,71,31.69642857142857,146,65.17857142857143,43.15992292870906
mormont_cp,28.09.25,droite,Yverdon,Montagny-près-Yverdon,5922,519,224,7,0,224,155,69.19642857142857,62,27.67857142857143,43.15992292870906
mormont_sub,28.09.25,gauche,Yverdon,Montagny-près-Yverdon,5922,519,224,44,0,224,30,13.392857142857142,150,66.96428571428571,43.15992292870906
mormont,28.09.25,gauche,Yverdon,Montcherand,5756,336,168,10,0,168,39,23.214285714285715,119,70.83333333333334,50
mormont_cp,28.09.25,droite,Yverdon,Montcherand,5756,336,168,13,0,168,115,68.45238095238095,40,23.809523809523807,50
mormont_sub,28.09.25,gauche,Yverdon,Montcherand,5756,336,168,43,0,168,15,8.928571428571429,110,65.47619047619048,50
mormont,28.09.25,gauche,Yverdon,Mutrux,5563,94,27,2,0,27,12,44.44444444444444,13,48.148148148148145,28.723404255319153
mormont_cp,28.09.25,droite,Yverdon,Mutrux,5563,94,27,2,0,27,14,51.85185185185185,11,40.74074074074074,28.723404255319153
mormont_sub,28.09.25,gauche,Yverdon,Mutrux,5563,94,27,13,0,27,3,11.11111111111111,11,40.74074074074074,28.723404255319153
mormont,28.09.25,gauche,Yverdon,Novalles,5564,74,40,3,0,40,11,27.500000000000004,26,65,54.054054054054056
mormont_cp,28.09.25,droite,Yverdon,Novalles,5564,74,40,3,0,40,21,52.5,16,40,54.054054054054056
mormont_sub,28.09.25,gauche,Yverdon,Novalles,5564,74,40,12,0,40,8,20,23,57.49999999999999,54.054054054054056
mormont,28.09.25,gauche,Jura - Nord vaudois,Onnens VD,5565,363,169,10,0,169,51,30.17751479289941,108,63.905325443786985,46.5564738292011
mormont_cp,28.09.25,droite,Jura - Nord vaudois,Onnens VD,5565,363,169,18,0,169,105,62.1301775147929,46,27.218934911242602,46.5564738292011
mormont_sub,28.09.25,gauche,Jura - Nord vaudois,Onnens VD,5565,363,169,49,0,169,19,11.242603550295858,110,65.08875739644971,46.5564738292011
mormont,28.09.25,gauche,Yverdon,Orbe,5757,4127,1663,115,0,1663,623,37.462417318099824,925,55.62236921226699,40.29561424763751
mormont_cp,28.09.25,droite,Yverdon,Orbe,5757,4127,1663,129,0,1663,1115,67.04750450992182,419,25.19542994588094,40.29561424763751
mormont_sub,28.09.25,gauche,Yverdon,Orbe,5757,4127,1663,174,0,1663,327,19.66325917017438,1235,74.26337943475646,40.29561424763751
mormont,28.09.25,gauche,Yverdon,Orges,5924,285,121,5,0,121,44,36.36363636363637,72,59.50413223140496,42.45614035087719
mormont_cp,28.09.25,droite,Yverdon,Orges,5924,285,121,8,0,121,80,66.11570247933885,33,27.27272727272727,42.45614035087719
mormont_sub,28.09.25,gauche,Yverdon,Orges,5924,285,121,33,0,121,11,9.090909090909092,77,63.63636363636363,42.45614035087719
mormont,28.09.25,gauche,Yverdon,Orzens,5925,153,90,0,0,90,46,51.11111111111111,44,48.888888888888886,58.82352941176471
mormont_cp,28.09.25,droite,Yverdon,Orzens,5925,153,90,1,0,90,48,53.333333333333336,41,45.55555555555556,58.82352941176471
mormont_sub,28.09.25,gauche,Yverdon,Orzens,5925,153,90,22,0,90,20,22.22222222222222,48,53.333333333333336,58.82352941176471
mormont,28.09.25,gauche,Yverdon,Pomy,5926,607,305,12,4,301,83,27.57475083056478,206,68.43853820598007,50.24711696869851
mormont_cp,28.09.25,droite,Yverdon,Pomy,5926,607,305,22,4,301,178,59.136212624584715,101,33.5548172757475,50.24711696869851
mormont_sub,28.09.25,gauche,Yverdon,Pomy,5926,607,305,75,4,301,34,11.295681063122924,197,65.4485049833887,50.24711696869851
mormont,28.09.25,gauche,Yverdon,Premier,5759,165,109,5,0,109,53,48.62385321100918,51,46.788990825688074,66.06060606060606
mormont_cp,28.09.25,droite,Yverdon,Premier,5759,165,109,12,0,109,67,61.46788990825688,30,27.522935779816514,66.06060606060606
mormont_sub,28.09.25,gauche,Yverdon,Premier,5759,165,109,36,0,109,30,27.522935779816514,43,39.44954128440367,66.06060606060606
mormont,28.09.25,gauche,Yverdon,Provence,5566,302,112,4,0,112,31,27.67857142857143,77,68.75,37.086092715231786
mormont_cp,28.09.25,droite,Yverdon,Provence,5566,302,112,4,0,112,71,63.39285714285714,37,33.035714285714285,37.086092715231786
mormont_sub,28.09.25,gauche,Yverdon,Provence,5566,302,112,42,0,112,11,9.821428571428571,63,56.25,37.086092715231786
mormont,28.09.25,gauche,Yverdon,Rances,5760,364,201,2,0,201,51,25.37313432835821,148,73.6318407960199,55.219780219780226
mormont_cp,28.09.25,droite,Yverdon,Rances,5760,364,201,4,0,201,136,67.66169154228857,61,30.34825870646766,55.219780219780226
mormont_sub,28.09.25,gauche,Yverdon,Rances,5760,364,201,47,0,201,19,9.45273631840796,137,68.1592039800995,55.219780219780226
mormont,28.09.25,gauche,Yverdon,Romainmôtier-Envy,5761,381,200,11,0,200,93,46.5,96,48,52.493438320209975
mormont_cp,28.09.25,droite,Yverdon,Romainmôtier-Envy,5761,381,200,14,0,200,135,67.5,51,25.5,52.493438320209975
mormont_sub,28.09.25,gauche,Yverdon,Romainmôtier-Envy,5761,381,200,54,0,200,57,28.499999999999996,89,44.5,52.493438320209975
mormont,28.09.25,gauche,Yverdon,Rovray,5928,132,84,8,0,84,15,17.857142857142858,61,72.61904761904762,63.63636363636363
mormont_cp,28.09.25,droite,Yverdon,Rovray,5928,132,84,11,0,84,41,48.80952380952381,32,38.095238095238095,63.63636363636363
mormont_sub,28.09.25,gauche,Yverdon,Rovray,5928,132,84,20,0,84,3,3.571428571428571,61,72.61904761904762,63.63636363636363
mormont,28.09.25,gauche,Yverdon,Sainte-Croix,5568,3271,1420,81,6,1414,555,39.250353606789254,778,55.02121640735502,43.41180067257719
mormont_cp,28.09.25,droite,Yverdon,Sainte-Croix,5568,3271,1420,123,6,1414,864,61.1032531824611,427,30.198019801980198,43.41180067257719
mormont_sub,28.09.25,gauche,Yverdon,Sainte-Croix,5568,3271,1420,145,6,1414,279,19.731258840169733,1054,74.54031117397454,43.41180067257719
mormont,28.09.25,gauche,Yverdon,Sergey,5762,113,60,6,0,60,13,21.666666666666668,41,68.33333333333333,53.09734513274337
mormont_cp,28.09.25,droite,Yverdon,Sergey,5762,113,60,8,0,60,34,56.666666666666664,18,30,53.09734513274337
mormont_sub,28.09.25,gauche,Yverdon,Sergey,5762,113,60,16,0,60,1,1.6666666666666667,43,71.66666666666667,53.09734513274337
mormont,28.09.25,gauche,Yverdon,Suchy,5929,418,204,6,0,204,45,22.058823529411764,153,75,48.803827751196174
mormont_cp,28.09.25,droite,Yverdon,Suchy,5929,418,204,7,0,204,141,69.11764705882352,56,27.450980392156865,48.803827751196174
mormont_sub,28.09.25,gauche,Yverdon,Suchy,5929,418,204,34,0,204,17,8.333333333333332,156,76.47058823529412,48.803827751196174
mormont,28.09.25,gauche,Yverdon,Suscévaz,5930,152,115,9,0,115,32,27.82608695652174,74,64.34782608695652,75.6578947368421
mormont_cp,28.09.25,droite,Yverdon,Suscévaz,5930,152,115,8,0,115,73,63.47826086956522,34,29.565217391304348,75.6578947368421
mormont_sub,28.09.25,gauche,Yverdon,Suscévaz,5930,152,115,38,0,115,11,9.565217391304348,66,57.391304347826086,75.6578947368421
mormont,28.09.25,gauche,Yverdon,Treycovagnes,5931,331,146,4,0,146,49,33.56164383561644,93,63.6986301369863,44.10876132930513
mormont_cp,28.09.25,droite,Yverdon,Treycovagnes,5931,331,146,6,0,146,88,60.273972602739725,52,35.61643835616438,44.10876132930513
mormont_sub,28.09.25,gauche,Yverdon,Treycovagnes,5931,331,146,29,0,146,18,12.32876712328767,103,70.54794520547945,44.10876132930513
mormont,28.09.25,gauche,Yverdon,Tévenon,5571,579,312,34,0,312,115,36.858974358974365,163,52.243589743589745,53.8860103626943
mormont_cp,28.09.25,droite,Yverdon,Tévenon,5571,579,312,31,0,312,186,59.61538461538461,95,30.448717948717945,53.8860103626943
mormont_sub,28.09.25,gauche,Yverdon,Tévenon,5571,579,312,42,0,312,67,21.474358974358974,223,71.47435897435898,53.8860103626943
mormont,28.09.25,gauche,Yverdon,Ursins,5932,155,86,1,0,86,15,17.441860465116278,70,81.3953488372093,55.483870967741936
mormont_cp,28.09.25,droite,Yverdon,Ursins,5932,155,86,3,0,86,50,58.139534883720934,33,38.372093023255815,55.483870967741936
mormont_sub,28.09.25,gauche,Yverdon,Ursins,5932,155,86,14,0,86,6,6.976744186046512,66,76.74418604651163,55.483870967741936
mormont,28.09.25,gauche,Yverdon,Valeyres-sous-Montagny,5933,477,223,8,1,222,79,35.585585585585584,135,60.810810810810814,46.75052410901468
mormont_cp,28.09.25,droite,Yverdon,Valeyres-sous-Montagny,5933,477,223,12,1,222,135,60.810810810810814,75,33.78378378378378,46.75052410901468
mormont_sub,28.09.25,gauche,Yverdon,Valeyres-sous-Montagny,5933,477,223,67,1,222,28,12.612612612612612,127,57.20720720720721,46.75052410901468
mormont,28.09.25,gauche,Yverdon,Valeyres-sous-Rances,5763,398,199,10,0,199,48,24.120603015075375,141,70.85427135678391,50
mormont_cp,28.09.25,droite,Yverdon,Valeyres-sous-Rances,5763,398,199,25,0,199,109,54.773869346733676,65,32.663316582914575,50
mormont_sub,28.09.25,gauche,Yverdon,Valeyres-sous-Rances,5763,398,199,44,0,199,18,9.045226130653267,146,73.36683417085426,50
mormont,28.09.25,gauche,Yverdon,Valeyres-sous-Ursins,5934,188,105,7,0,105,46,43.80952380952381,52,49.523809523809526,55.85106382978723
mormont_cp,28.09.25,droite,Yverdon,Valeyres-sous-Ursins,5934,188,105,5,0,105,68,64.76190476190476,32,30.476190476190478,55.85106382978723
mormont_sub,28.09.25,gauche,Yverdon,Valeyres-sous-Ursins,5934,188,105,19,0,105,13,12.380952380952381,73,69.52380952380952,55.85106382978723
mormont,28.09.25,gauche,Yverdon,Vallorbe,5764,2238,870,20,0,870,294,33.793103448275865,556,63.9080459770115,38.8739946380697
mormont_cp,28.09.25,droite,Yverdon,Vallorbe,5764,2238,870,37,0,870,522,60,311,35.747126436781606,38.8739946380697
mormont_sub,28.09.25,gauche,Yverdon,Vallorbe,5764,2238,870,297,0,870,115,13.218390804597702,458,52.643678160919535,38.8739946380697
mormont,28.09.25,gauche,Yverdon,Vaulion,5765,331,168,9,0,168,42,25,117,69.64285714285714,50.755287009063444
mormont_cp,28.09.25,droite,Yverdon,Vaulion,5765,331,168,13,0,168,105,62.5,50,29.761904761904763,50.755287009063444
mormont_sub,28.09.25,gauche,Yverdon,Vaulion,5765,331,168,47,0,168,21,12.5,100,59.523809523809526,50.755287009063444
mormont,28.09.25,gauche,Yverdon,Villars-Epeney,5935,68,38,1,0,38,13,34.21052631578947,24,63.1578947368421,55.88235294117647
mormont_cp,28.09.25,droite,Yverdon,Villars-Epeney,5935,68,38,1,0,38,22,57.89473684210527,15,39.473684210526315,55.88235294117647
mormont_sub,28.09.25,gauche,Yverdon,Villars-Epeney,5935,68,38,10,0,38,6,15.789473684210526,23,60.526315789473685,55.88235294117647
mormont,28.09.25,gauche,Yverdon,Vugelles-La Mothe,5937,95,48,2,0,48,16,33.33333333333333,30,62.5,50.526315789473685
mormont_cp,28.09.25,droite,Yverdon,Vugelles-La Mothe,5937,95,48,4,0,48,31,64.58333333333334,13,27.083333333333332,50.526315789473685
mormont_sub,28.09.25,gauche,Yverdon,Vugelles-La Mothe,5937,95,48,13,0,48,4,8.333333333333332,31,64.58333333333334,50.526315789473685
mormont,28.09.25,gauche,Yverdon,Vuiteboeuf,5766,392,173,10,0,173,53,30.63583815028902,110,63.58381502890174,44.13265306122449
mormont_cp,28.09.25,droite,Yverdon,Vuiteboeuf,5766,392,173,13,0,173,103,59.53757225433526,57,32.947976878612714,44.13265306122449
mormont_sub,28.09.25,gauche,Yverdon,Vuiteboeuf,5766,392,173,64,0,173,22,12.716763005780345,87,50.28901734104046,44.13265306122449
mormont,28.09.25,gauche,Yverdon,Yverdon-les-Bains,5938,15003,5796,409,21,5775,2412,41.76623376623377,2954,51.15151515151515,38.63227354529094
mormont_cp,28.09.25,droite,Yverdon,Yverdon-les-Bains,5938,15003,5796,460,21,5775,3869,66.99567099567099,1446,25.038961038961038,38.63227354529094
mormont_sub,28.09.25,gauche,Yverdon,Yverdon-les-Bains,5938,15003,5796,620,21,5775,1245,21.558441558441558,4190,72.55411255411255,38.63227354529094
mormont,28.09.25,gauche,Yverdon,Yvonand,5939,2349,1047,56,0,1047,393,37.53581661891118,598,57.115568290353394,44.572158365261814
mormont_cp,28.09.25,droite,Yverdon,Yvonand,5939,2349,1047,83,0,1047,699,66.7621776504298,265,25.31041069723018,44.572158365261814
mormont_sub,28.09.25,gauche,Yverdon,Yvonand,5939,2349,1047,258,0,1047,124,11.843361986628462,694,66.28462273161414,44.572158365261814
mormont,28.09.25,gauche,Romanel,Cheseaux-sur-Lausanne,5582,2931,1388,90,1,1387,525,37.85147801009373,772,55.65969718817592,47.35585124530877
mormont_cp,28.09.25,droite,Romanel,Cheseaux-sur-Lausanne,5582,2931,1388,131,1,1387,911,65.68132660418169,345,24.87382840663302,47.35585124530877
mormont_sub,28.09.25,gauche,Romanel,Cheseaux-sur-Lausanne,5582,2931,1388,184,1,1387,228,16.43835616438356,1033,74.47728911319395,47.35585124530877
mormont,28.09.25,gauche,Romanel,Epalinges,5584,5502,2902,189,7,2895,1068,36.89119170984456,1638,56.58031088082901,52.74445656125045
mormont_cp,28.09.25,droite,Romanel,Epalinges,5584,5502,2902,206,7,2895,2016,69.63730569948187,673,23.246977547495682,52.74445656125045
mormont_sub,28.09.25,gauche,Romanel,Epalinges,5584,5502,2902,244,7,2895,476,16.442141623488773,2301,79.48186528497409,52.74445656125045
mormont,28.09.25,gauche,Romanel,Jouxtens-Mézery,5585,971,597,41,0,597,191,31.993299832495815,365,61.13902847571189,61.483007209062826
mormont_cp,28.09.25,droite,Romanel,Jouxtens-Mézery,5585,971,597,50,0,597,393,65.82914572864321,154,25.795644891122276,61.483007209062826
mormont_sub,28.09.25,gauche,Romanel,Jouxtens-Mézery,5585,971,597,66,0,597,92,15.41038525963149,469,78.55946398659967,61.483007209062826
mormont,28.09.25,gauche,Lausanne-Ville,Lausanne,5586,68067,27242,1774,76,27166,14851,54.66759920488846,10541,38.80217919458146,40.02233093863399
mormont_cp,28.09.25,droite,Lausanne-Ville,Lausanne,5586,68067,27242,1654,76,27166,20458,75.30736950600014,5054,18.604137524847236,40.02233093863399
mormont_sub,28.09.25,gauche,Lausanne-Ville,Lausanne,5586,68067,27242,2321,76,27166,7568,27.858352352204964,18313,67.4114702201281,40.02233093863399
mormont,28.09.25,gauche,Romanel,Le Mont-sur-Lausanne,5587,5345,2585,213,0,2585,901,34.85493230174081,1471,56.905222437137326,48.36295603367633
mormont_cp,28.09.25,droite,Romanel,Le Mont-sur-Lausanne,5587,5345,2585,215,0,2585,1775,68.66537717601547,595,23.017408123791103,48.36295603367633
mormont_sub,28.09.25,gauche,Romanel,Le Mont-sur-Lausanne,5587,5345,2585,256,0,2585,465,17.988394584139265,2008,77.678916827853,48.36295603367633
mormont,28.09.25,gauche,Romanel,Romanel-sur-Lausanne,5592,2480,1111,86,7,1104,405,36.684782608695656,613,55.52536231884058,44.79838709677419
mormont_cp,28.09.25,droite,Romanel,Romanel-sur-Lausanne,5592,2480,1111,97,7,1104,749,67.84420289855072,258,23.369565217391305,44.79838709677419
mormont_sub,28.09.25,gauche,Romanel,Romanel-sur-Lausanne,5592,2480,1111,130,7,1104,192,17.391304347826086,846,76.63043478260869,44.79838709677419
mormont,28.09.25,gauche,Lavaux - Oron,Belmont-sur-Lausanne,5581,2366,1289,92,0,1289,384,29.79053529868115,813,63.0721489526765,54.48013524936602
mormont_cp,28.09.25,droite,Lavaux - Oron,Belmont-sur-Lausanne,5581,2366,1289,108,0,1289,882,68.42513576415826,299,23.196276183087665,54.48013524936602
mormont_sub,28.09.25,gauche,Lavaux - Oron,Belmont-sur-Lausanne,5581,2366,1289,134,0,1289,207,16.058960434445307,1015,78.74321179208688,54.48013524936602
mormont,28.09.25,gauche,Lavaux - Oron,Bourg-en-Lavaux,5613,3594,1941,116,2,1939,677,34.91490458999485,1146,59.102630221763796,54.00667779632721
mormont_cp,28.09.25,droite,Lavaux - Oron,Bourg-en-Lavaux,5613,3594,1941,123,2,1939,1386,71.48014440433214,430,22.1763795771016,54.00667779632721
mormont_sub,28.09.25,gauche,Lavaux - Oron,Bourg-en-Lavaux,5613,3594,1941,153,2,1939,359,18.5146982980918,1491,76.89530685920577,54.00667779632721
mormont,28.09.25,gauche,Lavaux - Oron,Chexbres,5601,1409,679,14,1,678,268,39.52802359882006,396,58.4070796460177,48.1902058197303
mormont_cp,28.09.25,droite,Lavaux - Oron,Chexbres,5601,1409,679,34,1,678,511,75.36873156342183,133,19.616519174041297,48.1902058197303
mormont_sub,28.09.25,gauche,Lavaux - Oron,Chexbres,5601,1409,679,139,1,678,107,15.781710914454278,432,63.716814159292035,48.1902058197303
mormont,28.09.25,gauche,Lavaux - Oron,Forel (Lavaux),5604,1316,726,48,1,725,202,27.86206896551724,475,65.51724137931035,55.16717325227963
mormont_cp,28.09.25,droite,Lavaux - Oron,Forel (Lavaux),5604,1316,726,64,1,725,431,59.44827586206897,230,31.724137931034484,55.16717325227963
mormont_sub,28.09.25,gauche,Lavaux - Oron,Forel (Lavaux),5604,1316,726,82,1,725,113,15.586206896551724,561,77.37931034482759,55.16717325227963
mormont,28.09.25,gauche,Lavaux - Oron,Jorat-Mézières,5806,2125,1065,82,2,1063,339,31.890874882408276,642,60.395108184383815,50.117647058823536
mormont_cp,28.09.25,droite,Lavaux - Oron,Jorat-Mézières,5806,2125,1065,87,2,1063,689,64.81655691439323,287,26.99905926622766,50.117647058823536
mormont_sub,28.09.25,gauche,Lavaux - Oron,Jorat-Mézières,5806,2125,1065,115,2,1063,167,15.710253998118532,845,79.4920037629351,50.117647058823536
mormont,28.09.25,gauche,Lavaux - Oron,Lutry,5606,6474,3512,251,5,3507,1033,29.455374964357002,2223,63.387510692899916,54.24776027185666
mormont_cp,28.09.25,droite,Lavaux - Oron,Lutry,5606,6474,3512,246,5,3507,2416,68.89078984887368,845,24.094667807242658,54.24776027185666
mormont_sub,28.09.25,gauche,Lavaux - Oron,Lutry,5606,6474,3512,308,5,3507,559,15.939549472483606,2792,79.61220416310236,54.24776027185666
mormont,28.09.25,gauche,Lavaux - Oron,Maracon,5790,384,230,13,0,230,80,34.78260869565217,137,59.56521739130435,59.895833333333336
mormont_cp,28.09.25,droite,Lavaux - Oron,Maracon,5790,384,230,13,0,230,120,52.17391304347826,97,42.173913043478265,59.895833333333336
mormont_sub,28.09.25,gauche,Lavaux - Oron,Maracon,5790,384,230,48,0,230,32,13.91304347826087,151,65.65217391304347,59.895833333333336
mormont,28.09.25,gauche,Lavaux - Oron,Montpreveyres,5792,417,206,11,0,206,76,36.89320388349515,119,57.76699029126213,49.40047961630695
mormont_cp,28.09.25,droite,Lavaux - Oron,Montpreveyres,5792,417,206,14,0,206,156,75.72815533980582,36,17.475728155339805,49.40047961630695
mormont_sub,28.09.25,gauche,Lavaux - Oron,Montpreveyres,5792,417,206,40,0,206,35,16.990291262135923,136,66.01941747572816,49.40047961630695
mormont,28.09.25,gauche,Lavaux - Oron,Oron,5805,3800,1797,123,2,1795,684,38.1058495821727,988,55.041782729805014,47.28947368421053
mormont_cp,28.09.25,droite,Lavaux - Oron,Oron,5805,3800,1797,179,2,1795,1105,61.55988857938719,511,28.467966573816156,47.28947368421053
mormont_sub,28.09.25,gauche,Lavaux - Oron,Oron,5805,3800,1797,213,2,1795,328,18.27298050139276,1340,74.65181058495823,47.28947368421053
mormont,28.09.25,gauche,Lavaux - Oron,Paudex,5588,812,380,15,0,380,120,31.57894736842105,245,64.47368421052632,46.79802955665024
mormont_cp,28.09.25,droite,Lavaux - Oron,Paudex,5588,812,380,13,0,380,255,67.10526315789474,112,29.47368421052631,46.79802955665024
mormont_sub,28.09.25,gauche,Lavaux - Oron,Paudex,5588,812,380,96,0,380,54,14.210526315789473,230,60.526315789473685,46.79802955665024
mormont,28.09.25,gauche,Lavaux - Oron,Puidoux,5607,1656,788,50,0,788,226,28.680203045685282,512,64.9746192893401,47.58454106280193
mormont_cp,28.09.25,droite,Lavaux - Oron,Puidoux,5607,1656,788,57,0,788,509,64.59390862944161,222,28.17258883248731,47.58454106280193
mormont_sub,28.09.25,gauche,Lavaux - Oron,Puidoux,5607,1656,788,75,0,788,132,16.751269035532996,614,77.91878172588832,47.58454106280193
mormont,28.09.25,gauche,Lavaux - Oron,Pully,5590,10857,5690,375,14,5676,2124,37.420718816067655,3177,55.97251585623678,52.40858432347794
mormont_cp,28.09.25,droite,Lavaux - Oron,Pully,5590,10857,5690,385,14,5676,4064,71.59971811134602,1227,21.617336152219874,52.40858432347794
mormont_sub,28.09.25,gauche,Lavaux - Oron,Pully,5590,10857,5690,514,14,5676,1049,18.481324876673714,4346,76.56800563777308,52.40858432347794
mormont,28.09.25,gauche,Lavaux - Oron,Rivaz,5609,243,141,2,0,141,56,39.71631205673759,83,58.86524822695035,58.0246913580247
mormont_cp,28.09.25,droite,Lavaux - Oron,Rivaz,5609,243,141,6,0,141,104,73.75886524822694,31,21.98581560283688,58.0246913580247
mormont_sub,28.09.25,gauche,Lavaux - Oron,Rivaz,5609,243,141,32,0,141,22,15.602836879432624,87,61.702127659574465,58.0246913580247
mormont,28.09.25,gauche,Lavaux - Oron,Saint-Saphorin (Lavaux),5610,264,144,5,0,144,50,34.72222222222222,89,61.80555555555556,54.54545454545454
mormont_cp,28.09.25,droite,Lavaux - Oron,Saint-Saphorin (Lavaux),5610,264,144,4,0,144,106,73.61111111111111,34,23.61111111111111,54.54545454545454
mormont_sub,28.09.25,gauche,Lavaux - Oron,Saint-Saphorin (Lavaux),5610,264,144,32,0,144,31,21.52777777777778,81,56.25,54.54545454545454
mormont,28.09.25,gauche,Lavaux - Oron,Savigny,5611,2224,1228,79,4,1224,438,35.78431372549019,707,57.761437908496724,55.2158273381295
mormont_cp,28.09.25,droite,Lavaux - Oron,Savigny,5611,2224,1228,85,4,1224,811,66.25816993464052,328,26.797385620915033,55.2158273381295
mormont_sub,28.09.25,gauche,Lavaux - Oron,Savigny,5611,2224,1228,130,4,1224,221,18.055555555555554,921,75.24509803921569,55.2158273381295
mormont,28.09.25,gauche,Lavaux - Oron,Servion,5799,1438,768,72,0,768,261,33.984375,435,56.640625,53.40751043115438
mormont_cp,28.09.25,droite,Lavaux - Oron,Servion,5799,1438,768,64,0,768,523,68.09895833333334,181,23.567708333333336,53.40751043115438
mormont_sub,28.09.25,gauche,Lavaux - Oron,Servion,5799,1438,768,80,0,768,134,17.447916666666664,600,78.125,53.40751043115438
mormont,28.09.25,gauche,Morges,Aclens,5621,359,180,4,0,180,63,35,113,62.77777777777778,50.13927576601671
mormont_cp,28.09.25,droite,Morges,Aclens,5621,359,180,10,0,180,124,68.88888888888889,46,25.555555555555554,50.13927576601671
mormont_sub,28.09.25,gauche,Morges,Aclens,5621,359,180,41,0,180,26,14.444444444444443,116,64.44444444444444,50.13927576601671
mormont,28.09.25,gauche,Morges,Allaman,5851,255,123,4,0,123,44,35.77235772357724,75,60.97560975609756,48.23529411764706
mormont_cp,28.09.25,droite,Morges,Allaman,5851,255,123,9,0,123,78,63.41463414634146,36,29.268292682926827,48.23529411764706
mormont_sub,28.09.25,gauche,Morges,Allaman,5851,255,123,44,0,123,11,8.94308943089431,68,55.28455284552846,48.23529411764706
mormont,28.09.25,gauche,Morges,Aubonne,5422,2131,1102,77,0,1102,447,40.562613430127044,578,52.45009074410163,51.712810886907555
mormont_cp,28.09.25,droite,Morges,Aubonne,5422,2131,1102,80,0,1102,773,70.14519056261344,249,22.595281306715066,51.712810886907555
mormont_sub,28.09.25,gauche,Morges,Aubonne,5422,2131,1102,100,0,1102,234,21.234119782214155,823,74.68239564428312,51.712810886907555
mormont,28.09.25,gauche,Morges,Ballens,5423,374,217,10,0,217,66,30.414746543778804,141,64.97695852534562,58.02139037433155
mormont_cp,28.09.25,droite,Morges,Ballens,5423,374,217,12,0,217,130,59.907834101382484,75,34.56221198156682,58.02139037433155
mormont_sub,28.09.25,gauche,Morges,Ballens,5423,374,217,58,0,217,42,19.35483870967742,117,53.91705069124424,58.02139037433155
mormont,28.09.25,gauche,Morges,Berolle,5424,201,107,2,0,107,44,41.1214953271028,61,57.009345794392516,53.233830845771145
mormont_cp,28.09.25,droite,Morges,Berolle,5424,201,107,8,0,107,69,64.48598130841121,30,28.037383177570092,53.233830845771145
mormont_sub,28.09.25,gauche,Morges,Berolle,5424,201,107,27,0,107,27,25.233644859813083,53,49.532710280373834,53.233830845771145
mormont,28.09.25,gauche,Morges,Bière,5425,907,429,24,0,429,143,33.33333333333333,262,61.07226107226107,47.298787210584344
mormont_cp,28.09.25,droite,Morges,Bière,5425,907,429,28,0,429,257,59.90675990675991,144,33.56643356643357,47.298787210584344
mormont_sub,28.09.25,gauche,Morges,Bière,5425,907,429,140,0,429,51,11.888111888111888,238,55.47785547785548,47.298787210584344
mormont,28.09.25,gauche,Morges,Bougy-Villars,5426,308,145,3,0,145,50,34.48275862068966,92,63.44827586206897,47.07792207792208
mormont_cp,28.09.25,droite,Morges,Bougy-Villars,5426,308,145,6,0,145,98,67.58620689655173,41,28.27586206896552,47.07792207792208
mormont_sub,28.09.25,gauche,Morges,Bougy-Villars,5426,308,145,25,0,145,21,14.482758620689657,99,68.27586206896552,47.07792207792208
mormont,28.09.25,gauche,Morges,Bremblens,5622,407,225,12,0,225,60,26.666666666666668,153,68,55.28255528255528
mormont_cp,28.09.25,droite,Morges,Bremblens,5622,407,225,14,0,225,155,68.88888888888889,56,24.88888888888889,55.28255528255528
mormont_sub,28.09.25,gauche,Morges,Bremblens,5622,407,225,44,0,225,19,8.444444444444445,162,72,55.28255528255528
mormont,28.09.25,gauche,Morges,Buchillon,5623,427,251,7,0,251,68,27.091633466135455,176,70.1195219123506,58.78220140515222
mormont_cp,28.09.25,droite,Morges,Buchillon,5623,427,251,9,0,251,153,60.95617529880478,89,35.45816733067729,58.78220140515222
mormont_sub,28.09.25,gauche,Morges,Buchillon,5623,427,251,62,0,251,36,14.342629482071715,153,60.95617529880478,58.78220140515222
mormont,28.09.25,gauche,Morges,Chavannes-le-Veyron,5475,108,70,0,0,70,16,22.857142857142858,54,77.14285714285715,64.81481481481481
mormont_cp,28.09.25,droite,Morges,Chavannes-le-Veyron,5475,108,70,5,0,70,45,64.28571428571429,20,28.57142857142857,64.81481481481481
mormont_sub,28.09.25,gauche,Morges,Chavannes-le-Veyron,5475,108,70,18,0,70,6,8.571428571428571,46,65.71428571428571,64.81481481481481
mormont,28.09.25,gauche,Morges,Chevilly,5476,227,122,3,0,122,49,40.16393442622951,70,57.377049180327866,53.74449339207048
mormont_cp,28.09.25,droite,Morges,Chevilly,5476,227,122,5,0,122,79,64.75409836065575,38,31.147540983606557,53.74449339207048
mormont_sub,28.09.25,gauche,Morges,Chevilly,5476,227,122,19,0,122,27,22.131147540983605,76,62.295081967213115,53.74449339207048
mormont,28.09.25,gauche,Morges,Chigny,5628,249,133,6,0,133,39,29.32330827067669,88,66.16541353383458,53.41365461847389
mormont_cp,28.09.25,droite,Morges,Chigny,5628,249,133,15,0,133,103,77.44360902255639,15,11.278195488721805,53.41365461847389
mormont_sub,28.09.25,gauche,Morges,Chigny,5628,249,133,15,0,133,19,14.285714285714285,99,74.43609022556392,53.41365461847389
mormont,28.09.25,gauche,Morges,Clarmont,5629,140,60,0,0,60,28,46.666666666666664,32,53.333333333333336,42.857142857142854
mormont_cp,28.09.25,droite,Morges,Clarmont,5629,140,60,3,0,60,54,90,3,5,42.857142857142854
mormont_sub,28.09.25,gauche,Morges,Clarmont,5629,140,60,12,0,60,17,28.333333333333332,31,51.66666666666667,42.857142857142854
mormont,28.09.25,gauche,Morges,Cossonay,5477,2935,1449,98,2,1447,468,32.342778161713895,881,60.88458880442295,49.36967632027257
mormont_cp,28.09.25,droite,Morges,Cossonay,5477,2935,1449,104,2,1447,997,68.90117484450587,346,23.911541119557704,49.36967632027257
mormont_sub,28.09.25,gauche,Morges,Cossonay,5477,2935,1449,143,2,1447,264,18.24464409122322,1107,76.50310988251555,49.36967632027257
mormont,28.09.25,gauche,Morges,Cuarnens,5479,360,187,6,0,187,48,25.668449197860966,133,71.12299465240642,51.94444444444445
mormont_cp,28.09.25,droite,Morges,Cuarnens,5479,360,187,14,0,187,126,67.37967914438502,47,25.13368983957219,51.94444444444445
mormont_sub,28.09.25,gauche,Morges,Cuarnens,5479,360,187,38,0,187,14,7.4866310160427805,135,72.19251336898395,51.94444444444445
mormont,28.09.25,gauche,Morges,Denens,5631,493,283,11,0,283,108,38.16254416961131,164,57.95053003533569,57.40365111561866
mormont_cp,28.09.25,droite,Morges,Denens,5631,493,283,14,0,283,212,74.91166077738515,57,20.141342756183743,57.40365111561866
mormont_sub,28.09.25,gauche,Morges,Denens,5631,493,283,69,0,283,46,16.25441696113074,168,59.36395759717315,57.40365111561866
mormont,28.09.25,gauche,Morges,Denges,5632,990,492,23,0,492,190,38.61788617886179,279,56.70731707317073,49.696969696969695
mormont_cp,28.09.25,droite,Morges,Denges,5632,990,492,27,0,492,379,77.03252032520325,86,17.479674796747968,49.696969696969695
mormont_sub,28.09.25,gauche,Morges,Denges,5632,990,492,101,0,492,79,16.056910569105693,312,63.41463414634146,49.696969696969695
mormont,28.09.25,gauche,Morges,Dizy,5481,165,90,3,0,90,38,42.22222222222222,49,54.44444444444444,54.54545454545454
mormont_cp,28.09.25,droite,Morges,Dizy,5481,165,90,5,0,90,73,81.11111111111111,12,13.333333333333334,54.54545454545454
mormont_sub,28.09.25,gauche,Morges,Dizy,5481,165,90,19,0,90,18,20,53,58.88888888888889,54.54545454545454
mormont,28.09.25,gauche,Morges,Echandens,5633,1694,850,32,1,849,276,32.50883392226148,541,63.72202591283863,50.17709563164109
mormont_cp,28.09.25,droite,Morges,Echandens,5633,1694,850,45,1,849,572,67.37338044758539,232,27.326266195524145,50.17709563164109
mormont_sub,28.09.25,gauche,Morges,Echandens,5633,1694,850,231,1,849,107,12.603062426383982,530,62.4263839811543,50.17709563164109
mormont,28.09.25,gauche,Morges,Echichens,5634,2018,1106,66,6,1100,345,31.363636363636367,689,62.63636363636363,54.80673934588701
mormont_cp,28.09.25,droite,Morges,Echichens,5634,2018,1106,66,6,1100,783,71.18181818181817,251,22.818181818181817,54.80673934588701
mormont_sub,28.09.25,gauche,Morges,Echichens,5634,2018,1106,106,6,1100,172,15.636363636363637,863,78.45454545454545,54.80673934588701
mormont,28.09.25,gauche,Morges,Eclépens,5482,708,413,4,0,413,132,31.961259079903147,277,67.07021791767555,58.333333333333336
mormont_cp,28.09.25,droite,Morges,Eclépens,5482,708,413,9,0,413,297,71.91283292978208,107,25.907990314769975,58.333333333333336
mormont_sub,28.09.25,gauche,Morges,Eclépens,5482,708,413,66,0,413,87,21.06537530266344,260,62.95399515738499,58.333333333333336
mormont,28.09.25,gauche,Morges,Etoy,5636,1687,892,65,0,892,324,36.32286995515695,503,56.390134529147986,52.87492590397155
mormont_cp,28.09.25,droite,Morges,Etoy,5636,1687,892,75,0,892,643,72.08520179372198,174,19.506726457399104,52.87492590397155
mormont_sub,28.09.25,gauche,Morges,Etoy,5636,1687,892,107,0,892,159,17.825112107623315,672,75.33632286995515,52.87492590397155
mormont,28.09.25,gauche,Morges,Ferreyres,5483,222,131,2,0,131,55,41.98473282442748,74,56.48854961832062,59.009009009009006
mormont_cp,28.09.25,droite,Morges,Ferreyres,5483,222,131,5,0,131,91,69.46564885496184,35,26.717557251908396,59.009009009009006
mormont_sub,28.09.25,gauche,Morges,Ferreyres,5483,222,131,19,0,131,38,29.00763358778626,74,56.48854961832062,59.009009009009006
mormont,28.09.25,gauche,Morges,Féchy,5427,496,272,11,0,272,81,29.77941176470588,180,66.17647058823529,54.83870967741935
mormont_cp,28.09.25,droite,Morges,Féchy,5427,496,272,14,0,272,189,69.48529411764706,69,25.36764705882353,54.83870967741935
mormont_sub,28.09.25,gauche,Morges,Féchy,5427,496,272,69,0,272,31,11.397058823529411,180,66.17647058823529,54.83870967741935
mormont,28.09.25,gauche,Morges,Gimel,5428,1361,714,69,0,714,256,35.85434173669468,389,54.48179271708683,52.461425422483465
mormont_cp,28.09.25,droite,Morges,Gimel,5428,1361,714,86,0,714,440,61.62464985994398,188,26.330532212885156,52.461425422483465
mormont_sub,28.09.25,gauche,Morges,Gimel,5428,1361,714,111,0,714,128,17.92717086834734,529,74.08963585434174,52.461425422483465
mormont,28.09.25,gauche,Morges,Gollion,5484,697,360,19,1,359,121,33.70473537604457,219,61.00278551532033,51.64992826398852
mormont_cp,28.09.25,droite,Morges,Gollion,5484,697,360,31,1,359,245,68.24512534818942,83,23.119777158774372,51.64992826398852
mormont_sub,28.09.25,gauche,Morges,Gollion,5484,697,360,37,1,359,53,14.763231197771587,284,79.10863509749304,51.64992826398852
mormont,28.09.25,gauche,Morges,Grancy,5485,332,190,12,0,190,55,28.947368421052634,123,64.73684210526316,57.22891566265061
mormont_cp,28.09.25,droite,Morges,Grancy,5485,332,190,14,0,190,117,61.578947368421055,59,31.05263157894737,57.22891566265061
mormont_sub,28.09.25,gauche,Morges,Grancy,5485,332,190,49,0,190,22,11.578947368421053,119,62.63157894736842,57.22891566265061
mormont,28.09.25,gauche,Morges,Hautemorges,5656,2841,1463,94,0,1463,502,34.31305536568694,867,59.26179084073821,51.49595212953185
mormont_cp,28.09.25,droite,Morges,Hautemorges,5656,2841,1463,106,0,1463,977,66.78058783321941,380,25.97402597402597,51.49595212953185
mormont_sub,28.09.25,gauche,Morges,Hautemorges,5656,2841,1463,137,0,1463,249,17.019822282980176,1137,77.71701982228298,51.49595212953185
mormont,28.09.25,gauche,Morges,L'Isle,5486,755,372,19,0,372,140,37.634408602150536,213,57.25806451612904,49.271523178807946
mormont_cp,28.09.25,droite,Morges,L'Isle,5486,755,372,30,0,372,242,65.05376344086021,100,26.881720430107524,49.271523178807946
mormont_sub,28.09.25,gauche,Morges,L'Isle,5486,755,372,106,0,372,61,16.397849462365592,209,56.18279569892473,49.271523178807946
mormont,28.09.25,gauche,Morges,La Chaux (Cossonay),5474,288,138,5,0,138,50,36.231884057971016,83,60.14492753623188,47.91666666666667
mormont_cp,28.09.25,droite,Morges,La Chaux (Cossonay),5474,288,138,8,0,138,98,71.01449275362319,32,23.18840579710145,47.91666666666667
mormont_sub,28.09.25,gauche,Morges,La Chaux (Cossonay),5474,288,138,32,0,138,18,13.043478260869565,88,63.76811594202898,47.91666666666667
mormont,28.09.25,gauche,Morges,La Sarraz,5498,1460,674,22,0,674,316,46.88427299703264,336,49.85163204747774,46.16438356164384
mormont_cp,28.09.25,droite,Morges,La Sarraz,5498,1460,674,41,0,674,493,73.1454005934718,140,20.77151335311573,46.16438356164384
mormont_sub,28.09.25,gauche,Morges,La Sarraz,5498,1460,674,173,0,674,192,28.486646884272997,309,45.845697329376854,46.16438356164384
mormont,28.09.25,gauche,Morges,Lavigny,5637,593,324,8,0,324,97,29.938271604938272,219,67.5925925925926,54.63743676222597
mormont_cp,28.09.25,droite,Morges,Lavigny,5637,593,324,9,0,324,225,69.44444444444444,90,27.77777777777778,54.63743676222597
mormont_sub,28.09.25,gauche,Morges,Lavigny,5637,593,324,78,0,324,27,8.333333333333332,219,67.5925925925926,54.63743676222597
mormont,28.09.25,gauche,Morges,Lonay,5638,1770,864,37,13,851,275,32.31492361927145,539,63.33725029377203,48.8135593220339
mormont_cp,28.09.25,droite,Morges,Lonay,5638,1770,864,51,13,851,584,68.62514688601645,216,25.381903642773207,48.8135593220339
mormont_sub,28.09.25,gauche,Morges,Lonay,5638,1770,864,210,13,851,106,12.45593419506463,535,62.86721504112809,48.8135593220339
mormont,28.09.25,gauche,Morges,Lully VD,5639,543,324,20,0,324,115,35.49382716049383,189,58.333333333333336,59.66850828729282
mormont_cp,28.09.25,droite,Morges,Lully VD,5639,543,324,19,0,324,246,75.92592592592592,59,18.209876543209877,59.66850828729282
mormont_sub,28.09.25,gauche,Morges,Lully VD,5639,543,324,28,0,324,61,18.82716049382716,248,76.5432098765432,59.66850828729282
mormont,28.09.25,gauche,Morges,Lussy-sur-Morges,5640,451,262,15,0,262,90,34.35114503816794,157,59.92366412213741,58.09312638580931
mormont_cp,28.09.25,droite,Morges,Lussy-sur-Morges,5640,451,262,23,0,262,196,74.80916030534351,43,16.412213740458014,58.09312638580931
mormont_sub,28.09.25,gauche,Morges,Lussy-sur-Morges,5640,451,262,57,0,262,29,11.068702290076336,176,67.17557251908397,58.09312638580931
mormont,28.09.25,gauche,Morges,Mauraz,5488,40,22,1,0,22,13,59.09090909090909,8,36.36363636363637,55.00000000000001
mormont_cp,28.09.25,droite,Morges,Mauraz,5488,40,22,0,0,22,18,81.81818181818183,4,18.181818181818183,55.00000000000001
mormont_sub,28.09.25,gauche,Morges,Mauraz,5488,40,22,2,0,22,7,31.818181818181817,13,59.09090909090909,55.00000000000001
mormont,28.09.25,gauche,Morges,Moiry VD,5490,218,125,2,0,125,54,43.2,69,55.2,57.3394495412844
mormont_cp,28.09.25,droite,Morges,Moiry VD,5490,218,125,5,0,125,82,65.60000000000001,38,30.4,57.3394495412844
mormont_sub,28.09.25,gauche,Morges,Moiry VD,5490,218,125,22,0,125,34,27.200000000000003,70,56.00000000000001,57.3394495412844
mormont,28.09.25,gauche,Morges,Mollens VD,5431,220,109,2,2,107,34,31.775700934579437,71,66.35514018691589,49.54545454545455
mormont_cp,28.09.25,droite,Morges,Mollens VD,5431,220,109,2,2,107,79,73.83177570093457,26,24.299065420560748,49.54545454545455
mormont_sub,28.09.25,gauche,Morges,Mollens VD,5431,220,109,22,2,107,14,13.084112149532709,73,68.22429906542055,49.54545454545455
mormont,28.09.25,gauche,Morges,Mont-la-Ville,5491,337,183,5,0,183,44,24.043715846994534,134,73.224043715847,54.3026706231454
mormont_cp,28.09.25,droite,Morges,Mont-la-Ville,5491,337,183,5,0,183,125,68.30601092896174,53,28.96174863387978,54.3026706231454
mormont_sub,28.09.25,gauche,Morges,Mont-la-Ville,5491,337,183,48,0,183,20,10.92896174863388,120,65.57377049180327,54.3026706231454
mormont,28.09.25,gauche,Morges,Montricher,5492,655,356,14,2,354,104,29.37853107344633,236,66.66666666666666,54.351145038167935
mormont_cp,28.09.25,droite,Morges,Montricher,5492,655,356,20,2,354,208,58.75706214689266,126,35.59322033898305,54.351145038167935
mormont_sub,28.09.25,gauche,Morges,Montricher,5492,655,356,105,2,354,39,11.016949152542372,224,63.2768361581921,54.351145038167935
mormont,28.09.25,gauche,Morges,Morges,5642,9149,4318,289,20,4298,1739,40.46067938576082,2270,52.81526291298279,47.196414908733196
mormont_cp,28.09.25,droite,Morges,Morges,5642,9149,4318,309,20,4298,3068,71.38203815728245,921,21.428571428571427,47.196414908733196
mormont_sub,28.09.25,gauche,Morges,Morges,5642,9149,4318,392,20,4298,914,21.265704979060025,3186,74.12750116333177,47.196414908733196
mormont,28.09.25,gauche,Morges,Orny,5493,326,162,2,0,162,70,43.20987654320987,90,55.55555555555556,49.693251533742334
mormont_cp,28.09.25,droite,Morges,Orny,5493,326,162,9,0,162,108,66.66666666666666,45,27.77777777777778,49.693251533742334
mormont_sub,28.09.25,gauche,Morges,Orny,5493,326,162,37,0,162,47,29.01234567901235,78,48.148148148148145,49.693251533742334
mormont,28.09.25,gauche,Morges,Pompaples,5497,513,253,9,0,253,88,34.78260869565217,156,61.6600790513834,49.317738791423
mormont_cp,28.09.25,droite,Morges,Pompaples,5497,513,253,7,0,253,164,64.82213438735178,82,32.41106719367589,49.317738791423
mormont_sub,28.09.25,gauche,Morges,Pompaples,5497,513,253,21,0,253,67,26.48221343873518,168,66.40316205533597,49.317738791423
mormont,28.09.25,gauche,Morges,Préverenges,5643,2936,1411,113,5,1406,558,39.68705547652916,735,52.27596017069701,48.05858310626703
mormont_cp,28.09.25,droite,Morges,Préverenges,5643,2936,1411,115,5,1406,947,67.35419630156471,344,24.466571834992887,48.05858310626703
mormont_sub,28.09.25,gauche,Morges,Préverenges,5643,2936,1411,153,5,1406,282,20.056899004267425,1048,74.53769559032717,48.05858310626703
mormont,28.09.25,gauche,Morges,Romanel-sur-Morges,5645,327,179,9,0,179,46,25.69832402234637,124,69.27374301675978,54.74006116207951
mormont_cp,28.09.25,droite,Morges,Romanel-sur-Morges,5645,327,179,10,0,179,128,71.50837988826815,41,22.905027932960895,54.74006116207951
mormont_sub,28.09.25,gauche,Morges,Romanel-sur-Morges,5645,327,179,50,0,179,12,6.70391061452514,117,65.36312849162012,54.74006116207951
mormont,28.09.25,gauche,Morges,Saint-Livres,5435,476,263,16,3,260,90,34.61538461538461,154,59.23076923076923,55.25210084033614
mormont_cp,28.09.25,droite,Morges,Saint-Livres,5435,476,263,22,3,260,142,54.61538461538461,96,36.92307692307693,55.25210084033614
mormont_sub,28.09.25,gauche,Morges,Saint-Livres,5435,476,263,81,3,260,38,14.615384615384617,146,56.15384615384615,55.25210084033614
mormont,28.09.25,gauche,Morges,Saint-Oyens,5436,295,223,12,7,216,81,37.5,123,56.94444444444444,75.59322033898304
mormont_cp,28.09.25,droite,Morges,Saint-Oyens,5436,295,223,13,7,216,141,65.27777777777779,62,28.703703703703702,75.59322033898304
mormont_sub,28.09.25,gauche,Morges,Saint-Oyens,5436,295,223,53,7,216,30,13.88888888888889,133,61.57407407407407,75.59322033898304
mormont,28.09.25,gauche,Morges,Saint-Prex,5646,3011,1551,157,3,1548,519,33.52713178294574,872,56.33074935400517,51.51112587180339
mormont_cp,28.09.25,droite,Morges,Saint-Prex,5646,3011,1551,175,3,1548,1017,65.69767441860465,356,22.997416020671835,51.51112587180339
mormont_sub,28.09.25,gauche,Morges,Saint-Prex,5646,3011,1551,211,3,1548,267,17.248062015503876,1192,77.00258397932816,51.51112587180339
mormont,28.09.25,gauche,Morges,Saubraz,5437,255,136,12,0,136,51,37.5,73,53.67647058823529,53.333333333333336
mormont_cp,28.09.25,droite,Morges,Saubraz,5437,255,136,12,0,136,86,63.23529411764706,38,27.941176470588236,53.333333333333336
mormont_sub,28.09.25,gauche,Morges,Saubraz,5437,255,136,45,0,136,19,13.970588235294118,84,61.76470588235294,53.333333333333336
mormont,28.09.25,gauche,Morges,Senarclens,5499,309,151,13,0,151,26,17.218543046357617,112,74.17218543046357,48.86731391585761
mormont_cp,28.09.25,droite,Morges,Senarclens,5499,309,151,12,0,151,95,62.913907284768214,44,29.13907284768212,48.86731391585761
mormont_sub,28.09.25,gauche,Morges,Senarclens,5499,309,151,46,0,151,13,8.609271523178808,92,60.9271523178808,48.86731391585761
mormont,28.09.25,gauche,Morges,Tolochenaz,5649,1075,549,41,1,548,193,35.21897810218978,314,57.299270072992705,51.06976744186047
mormont_cp,28.09.25,droite,Morges,Tolochenaz,5649,1075,549,49,1,548,371,67.7007299270073,128,23.357664233576642,51.06976744186047
mormont_sub,28.09.25,gauche,Morges,Tolochenaz,5649,1075,549,64,1,548,110,20.072992700729927,408,74.45255474452554,51.06976744186047
mormont,28.09.25,gauche,Morges,Vaux-sur-Morges,5650,129,74,4,0,74,22,29.72972972972973,48,64.86486486486487,57.36434108527132
mormont_cp,28.09.25,droite,Morges,Vaux-sur-Morges,5650,129,74,2,0,74,53,71.62162162162163,19,25.675675675675674,57.36434108527132
mormont_sub,28.09.25,gauche,Morges,Vaux-sur-Morges,5650,129,74,20,0,74,7,9.45945945945946,47,63.51351351351351,57.36434108527132
mormont,28.09.25,gauche,Morges,Villars-sous-Yens,5652,383,207,11,0,207,69,33.33333333333333,127,61.35265700483091,54.04699738903395
mormont_cp,28.09.25,droite,Morges,Villars-sous-Yens,5652,383,207,11,0,207,136,65.70048309178745,60,28.985507246376812,54.04699738903395
mormont_sub,28.09.25,gauche,Morges,Villars-sous-Yens,5652,383,207,54,0,207,28,13.526570048309178,125,60.38647342995169,54.04699738903395
mormont,28.09.25,gauche,Morges,Vufflens-le-Château,5653,570,395,28,9,386,123,31.865284974093267,235,60.880829015544045,69.2982456140351
mormont_cp,28.09.25,droite,Morges,Vufflens-le-Château,5653,570,395,28,9,386,257,66.58031088082902,101,26.165803108808287,69.2982456140351
mormont_sub,28.09.25,gauche,Morges,Vufflens-le-Château,5653,570,395,32,9,386,64,16.580310880829018,308,79.79274611398964,69.2982456140351
mormont,28.09.25,gauche,Morges,Vullierens,5654,362,211,10,2,209,67,32.057416267942585,132,63.1578947368421,58.28729281767956
mormont_cp,28.09.25,droite,Morges,Vullierens,5654,362,211,15,2,209,133,63.63636363636363,61,29.1866028708134,58.28729281767956
mormont_sub,28.09.25,gauche,Morges,Vullierens,5654,362,211,58,2,209,23,11.004784688995215,128,61.24401913875598,58.28729281767956
mormont,28.09.25,gauche,Morges,Yens,5655,902,469,19,4,465,155,33.33333333333333,291,62.58064516129033,51.99556541019955
mormont_cp,28.09.25,droite,Morges,Yens,5655,902,469,19,4,465,280,60.215053763440864,166,35.6989247311828,51.99556541019955
mormont_sub,28.09.25,gauche,Morges,Yens,5655,902,469,105,4,465,67,14.408602150537634,312,67.0967741935484,51.99556541019955
mormont,28.09.25,gauche,Nyon,Arnex-sur-Nyon,5701,179,81,6,0,81,26,32.098765432098766,49,60.49382716049383,45.2513966480447
mormont_cp,28.09.25,droite,Nyon,Arnex-sur-Nyon,5701,179,81,6,0,81,53,65.4320987654321,22,27.160493827160494,45.2513966480447
mormont_sub,28.09.25,gauche,Nyon,Arnex-sur-Nyon,5701,179,81,21,0,81,6,7.4074074074074066,60,74.07407407407408,45.2513966480447
mormont,28.09.25,gauche,Nyon,Arzier - Le Muids,5702,1702,1019,99,2,1017,363,35.693215339233035,555,54.572271386430685,59.870740305522915
mormont_cp,28.09.25,droite,Nyon,Arzier - Le Muids,5702,1702,1019,101,2,1017,638,62.733529990167156,278,27.335299901671583,59.870740305522915
mormont_sub,28.09.25,gauche,Nyon,Arzier - Le Muids,5702,1702,1019,125,2,1017,203,19.960668633235006,763,75.02458210422812,59.870740305522915
mormont,28.09.25,gauche,Nyon,Bassins,5703,881,496,51,0,496,161,32.45967741935484,284,57.25806451612904,56.29965947786606
mormont_cp,28.09.25,droite,Nyon,Bassins,5703,881,496,52,0,496,322,64.91935483870968,122,24.596774193548388,56.29965947786606
mormont_sub,28.09.25,gauche,Nyon,Bassins,5703,881,496,68,0,496,82,16.532258064516128,385,77.62096774193549,56.29965947786606
mormont,28.09.25,gauche,Nyon,Begnins,5704,1214,573,49,0,573,191,33.33333333333333,333,58.1151832460733,47.1993410214168
mormont_cp,28.09.25,droite,Nyon,Begnins,5704,1214,573,54,0,573,367,64.04886561954625,152,26.527050610820247,47.1993410214168
mormont_sub,28.09.25,gauche,Nyon,Begnins,5704,1214,573,175,0,573,66,11.518324607329843,353,61.60558464223386,47.1993410214168
mormont,28.09.25,gauche,Nyon,Bogis-Bossey,5705,491,247,11,0,247,92,37.24696356275304,144,58.2995951417004,50.30549898167006
mormont_cp,28.09.25,droite,Nyon,Bogis-Bossey,5705,491,247,9,0,247,190,76.92307692307693,48,19.4331983805668,50.30549898167006
mormont_sub,28.09.25,gauche,Nyon,Bogis-Bossey,5705,491,247,59,0,247,29,11.740890688259109,159,64.37246963562752,50.30549898167006
mormont,28.09.25,gauche,Nyon,Borex,5706,675,355,18,0,355,110,30.985915492957744,227,63.94366197183099,52.59259259259259
mormont_cp,28.09.25,droite,Nyon,Borex,5706,675,355,24,0,355,247,69.57746478873239,84,23.661971830985916,52.59259259259259
mormont_sub,28.09.25,gauche,Nyon,Borex,5706,675,355,87,0,355,43,12.112676056338028,238,67.04225352112675,52.59259259259259
mormont,28.09.25,gauche,Nyon,Bursinel,5852,313,155,6,2,153,45,29.411764705882355,102,66.66666666666666,49.52076677316294
mormont_cp,28.09.25,droite,Nyon,Bursinel,5852,313,155,15,2,153,94,61.43790849673203,44,28.75816993464052,49.52076677316294
mormont_sub,28.09.25,gauche,Nyon,Bursinel,5852,313,155,92,2,153,10,6.535947712418301,57,37.254901960784316,49.52076677316294
mormont,28.09.25,gauche,Nyon,Bursins,5853,478,230,6,2,228,75,32.89473684210527,147,64.47368421052632,48.11715481171548
mormont_cp,28.09.25,droite,Nyon,Bursins,5853,478,230,11,2,228,161,70.6140350877193,56,24.561403508771928,48.11715481171548
mormont_sub,28.09.25,gauche,Nyon,Bursins,5853,478,230,57,2,228,19,8.333333333333332,152,66.66666666666666,48.11715481171548
mormont,28.09.25,gauche,Nyon,Burtigny,5854,249,135,7,5,130,47,36.15384615384615,76,58.46153846153847,54.21686746987952
mormont_cp,28.09.25,droite,Nyon,Burtigny,5854,249,135,11,5,130,86,66.15384615384615,33,25.384615384615383,54.21686746987952
mormont_sub,28.09.25,gauche,Nyon,Burtigny,5854,249,135,37,5,130,19,14.615384615384617,81,62.30769230769231,54.21686746987952
mormont,28.09.25,gauche,Nyon,Chavannes-de-Bogis,5707,662,328,18,0,328,96,29.268292682926827,214,65.2439024390244,49.546827794561935
mormont_cp,28.09.25,droite,Nyon,Chavannes-de-Bogis,5707,662,328,20,0,328,217,66.15853658536585,91,27.743902439024392,49.546827794561935
mormont_sub,28.09.25,gauche,Nyon,Chavannes-de-Bogis,5707,662,328,77,0,328,22,6.707317073170732,229,69.8170731707317,49.546827794561935
mormont,28.09.25,gauche,Nyon,Chavannes-des-Bois,5708,478,257,19,0,257,89,34.63035019455253,149,57.97665369649806,53.76569037656904
mormont_cp,28.09.25,droite,Nyon,Chavannes-des-Bois,5708,478,257,20,0,257,186,72.37354085603113,51,19.844357976653697,53.76569037656904
mormont_sub,28.09.25,gauche,Nyon,Chavannes-des-Bois,5708,478,257,54,0,257,23,8.949416342412452,182,70.8171206225681,53.76569037656904
mormont,28.09.25,gauche,Nyon,Chéserex,5709,766,385,26,2,383,111,28.98172323759791,246,64.22976501305483,50.26109660574413
mormont_cp,28.09.25,droite,Nyon,Chéserex,5709,766,385,27,2,383,254,66.31853785900783,102,26.631853785900784,50.26109660574413
mormont_sub,28.09.25,gauche,Nyon,Chéserex,5709,766,385,92,2,383,34,8.87728459530026,257,67.1018276762402,50.26109660574413
mormont,28.09.25,gauche,Nyon,Coinsins,5710,329,170,17,0,170,41,24.11764705882353,112,65.88235294117646,51.671732522796354
mormont_cp,28.09.25,droite,Nyon,Coinsins,5710,329,170,20,0,170,97,57.05882352941176,53,31.176470588235293,51.671732522796354
mormont_sub,28.09.25,gauche,Nyon,Coinsins,5710,329,170,60,0,170,15,8.823529411764707,104,61.1764705882353,51.671732522796354
mormont,28.09.25,gauche,Nyon,Commugny,5711,1466,750,44,0,750,247,32.93333333333333,459,61.199999999999996,51.15961800818554
mormont_cp,28.09.25,droite,Nyon,Commugny,5711,1466,750,53,0,750,478,63.733333333333334,219,29.2,51.15961800818554
mormont_sub,28.09.25,gauche,Nyon,Commugny,5711,1466,750,198,0,750,100,13.333333333333334,478,63.733333333333334,51.15961800818554
mormont,28.09.25,gauche,Nyon,Coppet,5712,1633,883,88,1,882,274,31.065759637188208,520,58.95691609977324,54.07225964482547
mormont_cp,28.09.25,droite,Nyon,Coppet,5712,1633,883,92,1,882,575,65.19274376417233,215,24.37641723356009,54.07225964482547
mormont_sub,28.09.25,gauche,Nyon,Coppet,5712,1633,883,110,1,882,132,14.965986394557824,702,79.59183673469387,54.07225964482547
mormont,28.09.25,gauche,Nyon,Crans,5713,1367,731,26,0,731,222,30.36935704514364,483,66.07387140902873,53.474762253109
mormont_cp,28.09.25,droite,Nyon,Crans,5713,1367,731,25,0,731,525,71.81942544459645,181,24.76060191518468,53.474762253109
mormont_sub,28.09.25,gauche,Nyon,Crans,5713,1367,731,186,0,731,67,9.165526675786593,494,67.57865937072503,53.474762253109
mormont,28.09.25,gauche,Nyon,Crassier,5714,727,381,28,0,381,133,34.90813648293963,220,57.74278215223097,52.40715268225584
mormont_cp,28.09.25,droite,Nyon,Crassier,5714,727,381,23,0,381,262,68.76640419947506,96,25.196850393700785,52.40715268225584
mormont_sub,28.09.25,gauche,Nyon,Crassier,5714,727,381,110,0,381,47,12.335958005249344,224,58.79265091863517,52.40715268225584
mormont,28.09.25,gauche,Nyon,Duillier,5715,658,367,22,0,367,120,32.69754768392371,225,61.30790190735694,55.77507598784195
mormont_cp,28.09.25,droite,Nyon,Duillier,5715,658,367,27,0,367,257,70.02724795640327,83,22.615803814713896,55.77507598784195
mormont_sub,28.09.25,gauche,Nyon,Duillier,5715,658,367,106,0,367,37,10.08174386920981,232,63.21525885558583,55.77507598784195
mormont,28.09.25,gauche,Nyon,Dully,5855,364,182,6,0,182,46,25.274725274725274,130,71.42857142857143,50
mormont_cp,28.09.25,droite,Nyon,Dully,5855,364,182,4,0,182,122,67.03296703296702,56,30.76923076923077,50
mormont_sub,28.09.25,gauche,Nyon,Dully,5855,364,182,44,0,182,18,9.89010989010989,120,65.93406593406593,50
mormont,28.09.25,gauche,Nyon,Essertines-sur-Rolle,5856,445,236,22,0,236,58,24.576271186440678,156,66.10169491525424,53.033707865168545
mormont_cp,28.09.25,droite,Nyon,Essertines-sur-Rolle,5856,445,236,21,0,236,158,66.94915254237289,57,24.152542372881356,53.033707865168545
mormont_sub,28.09.25,gauche,Nyon,Essertines-sur-Rolle,5856,445,236,61,0,236,13,5.508474576271186,169,71.61016949152543,53.033707865168545
mormont,28.09.25,gauche,Nyon,Eysins,5716,961,520,63,1,519,146,28.13102119460501,310,59.73025048169557,54.11030176899063
mormont_cp,28.09.25,droite,Nyon,Eysins,5716,961,520,60,1,519,335,64.54720616570327,124,23.892100192678228,54.11030176899063
mormont_sub,28.09.25,gauche,Nyon,Eysins,5716,961,520,70,1,519,75,14.450867052023122,425,81.88824662813103,54.11030176899063
mormont,28.09.25,gauche,Nyon,Founex,5717,1759,969,75,2,967,337,34.85005170630817,555,57.39400206825233,55.08811824900511
mormont_cp,28.09.25,droite,Nyon,Founex,5717,1759,969,82,2,967,651,67.3216132368149,234,24.19855222337125,55.08811824900511
mormont_sub,28.09.25,gauche,Nyon,Founex,5717,1759,969,109,2,967,161,16.649431230610134,754,77.97311271975181,55.08811824900511
mormont,28.09.25,gauche,Nyon,Genolier,5718,1178,696,63,0,696,221,31.752873563218394,412,59.195402298850574,59.08319185059423
mormont_cp,28.09.25,droite,Nyon,Genolier,5718,1178,696,69,0,696,450,64.65517241379311,177,25.43103448275862,59.08319185059423
mormont_sub,28.09.25,gauche,Nyon,Genolier,5718,1178,696,209,0,696,66,9.482758620689655,421,60.48850574712644,59.08319185059423
mormont,28.09.25,gauche,Nyon,Gilly,5857,829,457,18,37,420,145,34.523809523809526,257,61.1904761904762,55.12665862484921
mormont_cp,28.09.25,droite,Nyon,Gilly,5857,829,457,28,37,420,304,72.38095238095238,88,20.952380952380953,55.12665862484921
mormont_sub,28.09.25,gauche,Nyon,Gilly,5857,829,457,103,37,420,50,11.904761904761903,285,67.85714285714286,55.12665862484921
mormont,28.09.25,gauche,Nyon,Gingins,5719,781,458,64,0,458,126,27.510917030567683,268,58.515283842794766,58.64276568501921
mormont_cp,28.09.25,droite,Nyon,Gingins,5719,781,458,63,0,458,296,64.62882096069869,99,21.61572052401747,58.64276568501921
mormont_sub,28.09.25,gauche,Nyon,Gingins,5719,781,458,168,0,458,31,6.768558951965066,259,56.55021834061136,58.64276568501921
mormont,28.09.25,gauche,Nyon,Givrins,5720,686,378,16,1,377,132,35.0132625994695,229,60.742705570291776,55.10204081632652
mormont_cp,28.09.25,droite,Nyon,Givrins,5720,686,378,21,1,377,275,72.94429708222812,81,21.485411140583555,55.10204081632652
mormont_sub,28.09.25,gauche,Nyon,Givrins,5720,686,378,97,1,377,45,11.936339522546419,235,62.3342175066313,55.10204081632652
mormont,28.09.25,gauche,Nyon,Gland,5721,7254,3333,342,1,3332,1201,36.04441776710684,1789,53.691476590636256,45.94706368899917
mormont_cp,28.09.25,droite,Nyon,Gland,5721,7254,3333,393,1,3332,2181,65.4561824729892,758,22.749099639855945,45.94706368899917
mormont_sub,28.09.25,gauche,Nyon,Gland,5721,7254,3333,458,1,3332,630,18.907563025210084,2511,75.36014405762305,45.94706368899917
mormont,28.09.25,gauche,Nyon,Grens,5722,259,137,8,0,137,53,38.68613138686132,76,55.47445255474452,52.8957528957529
mormont_cp,28.09.25,droite,Nyon,Grens,5722,259,137,6,0,137,91,66.42335766423358,40,29.1970802919708,52.8957528957529
mormont_sub,28.09.25,gauche,Nyon,Grens,5722,259,137,41,0,137,14,10.218978102189782,82,59.854014598540154,52.8957528957529
mormont,28.09.25,gauche,Nyon,La Rippe,5726,734,379,25,0,379,130,34.300791556728235,224,59.10290237467019,51.63487738419619
mormont_cp,28.09.25,droite,Nyon,La Rippe,5726,734,379,31,0,379,265,69.92084432717678,83,21.899736147757256,51.63487738419619
mormont_sub,28.09.25,gauche,Nyon,La Rippe,5726,734,379,87,0,379,59,15.567282321899736,258,68.07387862796834,51.63487738419619
mormont,28.09.25,gauche,Nyon,Le Vaud,5731,903,507,49,1,506,170,33.59683794466403,287,56.7193675889328,56.14617940199336
mormont_cp,28.09.25,droite,Nyon,Le Vaud,5731,903,507,57,1,506,313,61.85770750988142,136,26.877470355731226,56.14617940199336
mormont_sub,28.09.25,gauche,Nyon,Le Vaud,5731,903,507,73,1,506,86,16.99604743083004,384,75.8893280632411,56.14617940199336
mormont,28.09.25,gauche,Nyon,Longirod,5429,358,176,12,0,176,68,38.63636363636363,96,54.54545454545454,49.162011173184354
mormont_cp,28.09.25,droite,Nyon,Longirod,5429,358,176,12,0,176,121,68.75,43,24.431818181818183,49.162011173184354
mormont_sub,28.09.25,gauche,Nyon,Longirod,5429,358,176,54,0,176,25,14.204545454545455,109,61.93181818181818,49.162011173184354
mormont,28.09.25,gauche,Nyon,Luins,5858,343,179,18,0,179,53,29.608938547486037,108,60.33519553072626,52.1865889212828
mormont_cp,28.09.25,droite,Nyon,Luins,5858,343,179,17,0,179,108,60.33519553072626,54,30.16759776536313,52.1865889212828
mormont_sub,28.09.25,gauche,Nyon,Luins,5858,343,179,51,0,179,13,7.262569832402235,115,64.24581005586593,52.1865889212828
mormont,28.09.25,gauche,Nyon,Marchissy,5430,335,176,10,0,176,57,32.38636363636363,109,61.93181818181818,52.537313432835816
mormont_cp,28.09.25,droite,Nyon,Marchissy,5430,335,176,15,0,176,118,67.04545454545455,43,24.431818181818183,52.537313432835816
mormont_sub,28.09.25,gauche,Nyon,Marchissy,5430,335,176,44,0,176,20,11.363636363636363,112,63.63636363636363,52.537313432835816
mormont,28.09.25,gauche,Nyon,Mies,5723,1074,543,47,2,541,174,32.16266173752311,320,59.14972273567468,50.5586592178771
mormont_cp,28.09.25,droite,Nyon,Mies,5723,1074,543,54,2,541,367,67.8373382624769,120,22.181146025878004,50.5586592178771
mormont_sub,28.09.25,gauche,Nyon,Mies,5723,1074,543,69,2,541,83,15.341959334565619,426,78.74306839186691,50.5586592178771
mormont,28.09.25,gauche,Nyon,Mont-sur-Rolle,5859,1593,770,42,0,770,270,35.064935064935064,458,59.480519480519476,48.336472065285626
mormont_cp,28.09.25,droite,Nyon,Mont-sur-Rolle,5859,1593,770,52,0,770,513,66.62337662337663,205,26.623376623376622,48.336472065285626
mormont_sub,28.09.25,gauche,Nyon,Mont-sur-Rolle,5859,1593,770,224,0,770,103,13.376623376623375,443,57.532467532467535,48.336472065285626
mormont,28.09.25,gauche,Nyon,Nyon,5724,11378,4922,426,14,4908,2000,40.74979625101874,2482,50.57049714751426,43.25892072420461
mormont_cp,28.09.25,droite,Nyon,Nyon,5724,11378,4922,396,14,4908,3544,72.20863895680522,968,19.72290138549307,43.25892072420461
mormont_sub,28.09.25,gauche,Nyon,Nyon,5724,11378,4922,529,14,4908,887,18.07253463732681,3766,76.7318663406683,43.25892072420461
mormont,28.09.25,gauche,Nyon,Perroy,5860,911,463,24,2,461,154,33.40563991323211,283,61.388286334056396,50.82327113062569
mormont_cp,28.09.25,droite,Nyon,Perroy,5860,911,463,29,2,461,298,64.64208242950107,134,29.067245119305856,50.82327113062569
mormont_sub,28.09.25,gauche,Nyon,Perroy,5860,911,463,44,2,461,73,15.835140997830802,359,77.87418655097615,50.82327113062569
mormont,28.09.25,gauche,Nyon,Prangins,5725,2410,1363,91,1,1362,488,35.82966226138032,783,57.48898678414097,56.55601659751037
mormont_cp,28.09.25,droite,Nyon,Prangins,5725,2410,1363,106,1,1362,938,68.86930983847283,318,23.348017621145374,56.55601659751037
mormont_sub,28.09.25,gauche,Nyon,Prangins,5725,2410,1363,137,1,1362,258,18.94273127753304,1032,75.77092511013215,56.55601659751037
mormont,28.09.25,gauche,Nyon,Rolle,5861,3244,1490,130,4,1486,551,37.079407806191114,805,54.17227456258412,45.93094944512947
mormont_cp,28.09.25,droite,Nyon,Rolle,5861,3244,1490,144,4,1486,1003,67.49663526244953,339,22.81292059219381,45.93094944512947
mormont_sub,28.09.25,gauche,Nyon,Rolle,5861,3244,1490,172,4,1486,254,17.092866756393,1157,77.8600269179004,45.93094944512947
mormont,28.09.25,gauche,Nyon,Saint-Cergue,5727,1646,719,38,0,719,297,41.307371349095966,384,53.40751043115438,43.681652490887
mormont_cp,28.09.25,droite,Nyon,Saint-Cergue,5727,1646,719,40,0,719,485,67.4547983310153,194,26.981919332406118,43.681652490887
mormont_sub,28.09.25,gauche,Nyon,Saint-Cergue,5727,1646,719,210,0,719,118,16.411682892906814,391,54.381084840055635,43.681652490887
mormont,28.09.25,gauche,Nyon,Saint-George,5434,665,342,8,0,342,139,40.643274853801174,195,57.01754385964912,51.42857142857142
mormont_cp,28.09.25,droite,Nyon,Saint-George,5434,665,342,13,0,342,227,66.37426900584795,102,29.82456140350877,51.42857142857142
mormont_sub,28.09.25,gauche,Nyon,Saint-George,5434,665,342,90,0,342,44,12.865497076023392,216,63.1578947368421,51.42857142857142
mormont,28.09.25,gauche,Nyon,Signy-Avenex,5728,368,174,6,4,170,50,29.411764705882355,114,67.05882352941175,47.28260869565217
mormont_cp,28.09.25,droite,Nyon,Signy-Avenex,5728,368,174,8,4,170,114,67.05882352941175,48,28.235294117647058,47.28260869565217
mormont_sub,28.09.25,gauche,Nyon,Signy-Avenex,5728,368,174,49,4,170,19,11.176470588235295,102,60,47.28260869565217
mormont,28.09.25,gauche,Nyon,Tannay,5729,927,530,61,0,530,169,31.886792452830186,300,56.60377358490566,57.17367853290184
mormont_cp,28.09.25,droite,Nyon,Tannay,5729,927,530,53,0,530,368,69.43396226415094,109,20.566037735849058,57.17367853290184
mormont_sub,28.09.25,gauche,Nyon,Tannay,5729,927,530,150,0,530,59,11.132075471698114,321,60.56603773584905,57.17367853290184
mormont,28.09.25,gauche,Nyon,Tartegnin,5862,139,67,4,0,67,17,25.37313432835821,46,68.65671641791045,48.201438848920866
mormont_cp,28.09.25,droite,Nyon,Tartegnin,5862,139,67,5,0,67,40,59.70149253731343,22,32.83582089552239,48.201438848920866
mormont_sub,28.09.25,gauche,Nyon,Tartegnin,5862,139,67,23,0,67,5,7.462686567164178,41,61.19402985074627,48.201438848920866
mormont,28.09.25,gauche,Nyon,Trélex,5730,911,563,48,1,562,199,35.40925266903915,315,56.04982206405694,61.80021953896817
mormont_cp,28.09.25,droite,Nyon,Trélex,5730,911,563,51,1,562,385,68.50533807829181,126,22.419928825622776,61.80021953896817
mormont_sub,28.09.25,gauche,Nyon,Trélex,5730,911,563,58,1,562,112,19.9288256227758,430,76.51245551601423,61.80021953896817
mormont,28.09.25,gauche,Nyon,Vich,5732,658,359,35,0,359,117,32.590529247910865,207,57.66016713091921,54.559270516717326
mormont_cp,28.09.25,droite,Nyon,Vich,5732,658,359,40,0,359,251,69.91643454038997,68,18.94150417827298,54.559270516717326
mormont_sub,28.09.25,gauche,Nyon,Vich,5732,658,359,48,0,359,57,15.87743732590529,282,78.55153203342618,54.559270516717326
mormont,28.09.25,gauche,Nyon,Vinzel,5863,240,134,16,0,134,34,25.37313432835821,84,62.68656716417911,55.833333333333336
mormont_cp,28.09.25,droite,Nyon,Vinzel,5863,240,134,15,0,134,91,67.91044776119402,28,20.8955223880597,55.833333333333336
mormont_sub,28.09.25,gauche,Nyon,Vinzel,5863,240,134,39,0,134,27,20.149253731343283,83,61.940298507462686,55.833333333333336
mormont,28.09.25,gauche,Ouest lausannois,Bussigny,5624,5625,2430,178,9,2421,956,39.487814952498965,1287,53.159851301115246,43.2
mormont_cp,28.09.25,droite,Ouest lausannois,Bussigny,5624,5625,2430,225,9,2421,1631,67.36885584469228,565,23.337463857909952,43.2
mormont_sub,28.09.25,gauche,Ouest lausannois,Bussigny,5624,5625,2430,277,9,2421,465,19.206939281288722,1812,74.8451053283767,43.2
mormont,28.09.25,gauche,Ouest lausannois,Chavannes-près-Renens,5627,3610,1108,91,2,1106,538,48.64376130198915,477,43.12839059674503,30.692520775623265
mormont_cp,28.09.25,droite,Ouest lausannois,Chavannes-près-Renens,5627,3610,1108,95,2,1106,758,68.53526220614829,253,22.875226039783,30.692520775623265
mormont_sub,28.09.25,gauche,Ouest lausannois,Chavannes-près-Renens,5627,3610,1108,135,2,1106,298,26.94394213381555,736,66.54611211573237,30.692520775623265
mormont,28.09.25,gauche,Ouest lausannois,Crissier,5583,4807,1842,139,4,1838,724,39.39064200217628,975,53.0467899891186,38.31911795298523
mormont_cp,28.09.25,droite,Ouest lausannois,Crissier,5583,4807,1842,151,4,1838,1232,67.02937976060936,455,24.755168661588684,38.31911795298523
mormont_sub,28.09.25,gauche,Ouest lausannois,Crissier,5583,4807,1842,204,4,1838,389,21.164309031556037,1343,73.06855277475518,38.31911795298523
mormont,28.09.25,gauche,Ouest lausannois,Ecublens VD,5635,5699,2327,167,5,2322,974,41.94659776055125,1181,50.86132644272179,40.831724864011235
mormont_cp,28.09.25,droite,Ouest lausannois,Ecublens VD,5635,5699,2327,180,5,2322,1616,69.59517657192076,526,22.652885443583116,40.831724864011235
mormont_sub,28.09.25,gauche,Ouest lausannois,Ecublens VD,5635,5699,2327,226,5,2322,444,19.12144702842377,1770,76.22739018087856,40.831724864011235
mormont,28.09.25,gauche,Ouest lausannois,Prilly,5589,5942,2422,161,6,2416,1103,45.65397350993378,1152,47.682119205298015,40.760686637495795
mormont_cp,28.09.25,droite,Ouest lausannois,Prilly,5589,5942,2422,164,6,2416,1694,70.1158940397351,558,23.096026490066226,40.760686637495795
mormont_sub,28.09.25,gauche,Ouest lausannois,Prilly,5589,5942,2422,246,6,2416,528,21.85430463576159,1744,72.18543046357617,40.760686637495795
mormont,28.09.25,gauche,Ouest lausannois,Renens VD,5591,8709,3023,217,7,3016,1507,49.96684350132626,1292,42.83819628647215,34.71121827994029
mormont_cp,28.09.25,droite,Ouest lausannois,Renens VD,5591,8709,3023,227,7,3016,2095,69.4628647214854,694,23.010610079575596,34.71121827994029
mormont_sub,28.09.25,gauche,Ouest lausannois,Renens VD,5591,8709,3023,291,7,3016,795,26.35941644562334,2073,68.73342175066313,34.71121827994029
mormont,28.09.25,gauche,Ouest lausannois,Saint-Sulpice,5648,2260,1307,79,0,1307,446,34.123947972456,782,59.83167559296098,57.83185840707965
mormont_cp,28.09.25,droite,Ouest lausannois,Saint-Sulpice,5648,2260,1307,92,0,1307,886,67.78882938026014,329,25.172149961744456,57.83185840707965
mormont_sub,28.09.25,gauche,Ouest lausannois,Saint-Sulpice,5648,2260,1307,107,0,1307,220,16.832440703902066,1031,78.88293802601378,57.83185840707965
mormont,28.09.25,gauche,Ouest lausannois,Villars-Sainte-Croix,5651,564,272,11,0,272,79,29.044117647058826,182,66.91176470588235,48.226950354609926
mormont_cp,28.09.25,droite,Ouest lausannois,Villars-Sainte-Croix,5651,564,272,17,0,272,156,57.35294117647059,99,36.39705882352941,48.226950354609926
mormont_sub,28.09.25,gauche,Ouest lausannois,Villars-Sainte-Croix,5651,564,272,92,0,272,19,6.985294117647059,161,59.19117647058824,48.226950354609926
mormont,28.09.25,gauche,Vevey,Blonay - Saint-Légier,5892,7736,4221,332,6,4215,1363,32.33689205219454,2520,59.7864768683274,54.56308169596691
mormont_cp,28.09.25,droite,Vevey,Blonay - Saint-Légier,5892,7736,4221,362,6,4215,2878,68.27995255041517,975,23.131672597864767,54.56308169596691
mormont_sub,28.09.25,gauche,Vevey,Blonay - Saint-Légier,5892,7736,4221,474,6,4215,639,15.16014234875445,3348,79.4306049822064,54.56308169596691
mormont,28.09.25,gauche,Vevey,Chardonne,5882,2129,1096,58,1,1095,385,35.15981735159817,652,59.54337899543379,51.47956787224048
mormont_cp,28.09.25,droite,Vevey,Chardonne,5882,2129,1096,60,1,1095,765,69.86301369863014,270,24.65753424657534,51.47956787224048
mormont_sub,28.09.25,gauche,Vevey,Chardonne,5882,2129,1096,137,1,1095,166,15.159817351598173,850,77.6255707762557,51.47956787224048
mormont,28.09.25,gauche,Pays-d'Enhaut,Château-d'Oex,5841,2054,881,93,0,881,180,20.43132803632236,608,69.01248581157775,42.8919182083739
mormont_cp,28.09.25,droite,Pays-d'Enhaut,Château-d'Oex,5841,2054,881,113,0,881,473,53.68898978433598,295,33.48467650397276,42.8919182083739
mormont_sub,28.09.25,gauche,Pays-d'Enhaut,Château-d'Oex,5841,2054,881,136,0,881,91,10.32917139614075,722,81.95232690124858,42.8919182083739
mormont,28.09.25,gauche,Vevey,Corseaux,5883,1459,823,58,3,820,262,31.951219512195124,500,60.97560975609756,56.40849897189856
mormont_cp,28.09.25,droite,Vevey,Corseaux,5883,1459,823,66,3,820,572,69.7560975609756,182,22.195121951219512,56.40849897189856
mormont_sub,28.09.25,gauche,Vevey,Corseaux,5883,1459,823,83,3,820,152,18.536585365853657,627,76.46341463414635,56.40849897189856
mormont,28.09.25,gauche,Vevey,Corsier-sur-Vevey,5884,1928,895,68,1,894,333,37.24832214765101,493,55.14541387024609,46.421161825726145
mormont_cp,28.09.25,droite,Vevey,Corsier-sur-Vevey,5884,1928,895,80,1,894,578,64.65324384787472,236,26.39821029082774,46.421161825726145
mormont_sub,28.09.25,gauche,Vevey,Corsier-sur-Vevey,5884,1928,895,90,1,894,183,20.469798657718123,669,74.83221476510067,46.421161825726145
mormont,28.09.25,gauche,Vevey,Jongny,5885,1116,562,36,0,562,176,31.316725978647685,350,62.27758007117438,50.358422939068106
mormont_cp,28.09.25,droite,Vevey,Jongny,5885,1116,562,34,0,562,396,70.46263345195729,132,23.487544483985765,50.358422939068106
mormont_sub,28.09.25,gauche,Vevey,Jongny,5885,1116,562,141,0,562,56,9.9644128113879,366,65.12455516014235,50.358422939068106
mormont,28.09.25,gauche,Vevey,La Tour-de-Peilz,5889,7406,3664,276,7,3657,1467,40.11484823625923,1914,52.33798195242002,49.47339994598974
mormont_cp,28.09.25,droite,Vevey,La Tour-de-Peilz,5889,7406,3664,290,7,3657,2532,69.23707957342083,835,22.83292316106098,49.47339994598974
mormont_sub,28.09.25,gauche,Vevey,La Tour-de-Peilz,5889,7406,3664,391,7,3657,749,20.481268799562482,2711,74.13180202351654,49.47339994598974
mormont,28.09.25,gauche,Vevey,Montreux,5886,12369,5247,430,13,5234,2122,40.542606037447456,2682,51.24188001528468,42.42056754790201
mormont_cp,28.09.25,droite,Vevey,Montreux,5886,12369,5247,460,13,5234,3423,65.39931218953001,1351,25.811998471532288,42.42056754790201
mormont_sub,28.09.25,gauche,Vevey,Montreux,5886,12369,5247,588,13,5234,1115,21.303018723729462,3838,73.32823844096293,42.42056754790201
mormont,28.09.25,gauche,Pays-d'Enhaut,Rossinière,5842,338,132,4,0,132,27,20.454545454545457,101,76.51515151515152,39.053254437869825
mormont_cp,28.09.25,droite,Pays-d'Enhaut,Rossinière,5842,338,132,4,0,132,88,66.66666666666666,40,30.303030303030305,39.053254437869825
mormont_sub,28.09.25,gauche,Pays-d'Enhaut,Rossinière,5842,338,132,32,0,132,10,7.575757575757576,90,68.18181818181817,39.053254437869825
mormont,28.09.25,gauche,Pays-d'Enhaut,Rougemont,5843,447,162,2,0,162,30,18.51851851851852,130,80.24691358024691,36.241610738255034
mormont_cp,28.09.25,droite,Pays-d'Enhaut,Rougemont,5843,447,162,4,0,162,90,55.55555555555556,68,41.9753086419753,36.241610738255034
mormont_sub,28.09.25,gauche,Pays-d'Enhaut,Rougemont,5843,447,162,58,0,162,11,6.790123456790123,93,57.407407407407405,36.241610738255034
mormont,28.09.25,gauche,Vevey,Vevey,5890,9955,3917,265,6,3911,2022,51.700332395806704,1624,41.523906929174125,39.347061778001006
mormont_cp,28.09.25,droite,Vevey,Vevey,5890,9955,3917,283,6,3911,2885,73.76630017898236,743,18.997698798261315,39.347061778001006
mormont_sub,28.09.25,gauche,Vevey,Vevey,5890,9955,3917,378,6,3911,1144,29.250830989516746,2566,65.60981846075173,39.347061778001006
mormont,28.09.25,gauche,Vevey,Veytaux,5891,510,209,13,0,209,95,45.45454545454545,101,48.32535885167464,40.98039215686274
mormont_cp,28.09.25,droite,Vevey,Veytaux,5891,510,209,13,0,209,141,67.46411483253588,55,26.31578947368421,40.98039215686274
mormont_sub,28.09.25,gauche,Vevey,Veytaux,5891,510,209,65,0,209,33,15.789473684210526,111,53.110047846889955,40.98039215686274
droits_pol_etrangers,28.09.25,gauche,Aigle,Aigle,5401,5453,2053,58,2,2051,745,36.323744514870796,1248,60.848366650414434,37.649000550155876
droits_pol_etrangers,28.09.25,gauche,Aigle,Bex,5402,4627,2273,96,1,2272,851,37.45598591549296,1325,58.318661971830984,49.124702831208126
droits_pol_etrangers,28.09.25,gauche,Aigle,Chessel,5403,307,140,6,0,140,44,31.428571428571427,90,64.28571428571429,45.60260586319218
droits_pol_etrangers,28.09.25,gauche,Aigle,Corbeyrier,5404,350,190,7,0,190,72,37.89473684210527,111,58.42105263157895,54.285714285714285
droits_pol_etrangers,28.09.25,gauche,Aigle,Gryon,5405,884,455,30,0,455,161,35.38461538461539,264,58.02197802197803,51.470588235294116
droits_pol_etrangers,28.09.25,gauche,Aigle,Lavey-Morcles,5406,623,270,3,1,269,79,29.36802973977695,187,69.51672862453532,43.33868378812199
droits_pol_etrangers,28.09.25,gauche,Aigle,Leysin,5407,1498,681,34,0,681,282,41.409691629955944,365,53.59765051395007,45.460614152202936
droits_pol_etrangers,28.09.25,gauche,Aigle,Noville,5408,722,294,5,0,294,93,31.63265306122449,196,66.66666666666666,40.7202216066482
droits_pol_etrangers,28.09.25,gauche,Aigle,Ollon VD,5409,4344,2409,94,2,2407,822,34.15039468217698,1491,61.94432904029913,55.45580110497238
droits_pol_etrangers,28.09.25,gauche,Aigle,Ormont-Dessous,5410,819,399,16,2,397,119,29.974811083123427,262,65.99496221662469,48.717948717948715
droits_pol_etrangers,28.09.25,gauche,Aigle,Ormont-Dessus,5411,915,451,14,1,450,157,34.88888888888889,279,62,49.2896174863388
droits_pol_etrangers,28.09.25,gauche,Aigle,Rennaz,5412,499,205,17,1,204,71,34.80392156862745,116,56.86274509803921,41.08216432865731
droits_pol_etrangers,28.09.25,gauche,Aigle,Roche VD,5413,978,379,12,0,379,110,29.023746701846964,257,67.81002638522428,38.75255623721882
droits_pol_etrangers,28.09.25,gauche,Aigle,Villeneuve VD,5414,2799,1106,40,0,1106,428,38.698010849909586,638,57.68535262206148,39.514112182922474
droits_pol_etrangers,28.09.25,gauche,Aigle,Yvorne,5415,695,331,17,0,331,119,35.95166163141994,195,58.91238670694864,47.62589928057554
droits_pol_etrangers,28.09.25,gauche,Broye - Vully,Avenches,5451,2286,859,27,0,859,284,33.061699650756694,548,63.79511059371362,37.576552930883636
droits_pol_etrangers,28.09.25,gauche,Broye - Vully,Bussy-sur-Moudon,5663,178,88,2,0,88,28,31.818181818181817,58,65.9090909090909,49.43820224719101
droits_pol_etrangers,28.09.25,gauche,Broye - Vully,Champtauroz,5812,126,64,5,3,61,23,37.704918032786885,33,54.09836065573771,50.79365079365079
droits_pol_etrangers,28.09.25,gauche,Broye - Vully,Chavannes-sur-Moudon,5665,170,76,2,0,76,9,11.842105263157894,65,85.52631578947368,44.70588235294118
droits_pol_etrangers,28.09.25,gauche,Broye - Vully,Chevroux,5813,348,155,2,0,155,51,32.903225806451616,102,65.80645161290323,44.54022988505747
droits_pol_etrangers,28.09.25,gauche,Broye - Vully,Corcelles-le-Jorat,5785,320,166,7,0,166,57,34.33734939759036,102,61.44578313253012,51.87500000000001
droits_pol_etrangers,28.09.25,gauche,Broye - Vully,Corcelles-près-Payerne,5816,1575,702,27,0,702,179,25.498575498575498,496,70.65527065527066,44.57142857142857
droits_pol_etrangers,28.09.25,gauche,Broye - Vully,Cudrefin,5456,1280,535,19,0,535,194,36.26168224299066,322,60.18691588785047,41.796875
droits_pol_etrangers,28.09.25,gauche,Broye - Vully,Curtilles,5669,213,112,1,0,112,37,33.035714285714285,74,66.07142857142857,52.58215962441315
droits_pol_etrangers,28.09.25,gauche,Broye - Vully,Dompierre VD,5671,160,88,0,0,88,27,30.681818181818183,61,69.31818181818183,55.00000000000001
droits_pol_etrangers,28.09.25,gauche,Broye - Vully,Faoug,5458,568,201,7,0,201,82,40.79601990049751,112,55.72139303482587,35.38732394366197
droits_pol_etrangers,28.09.25,gauche,Broye - Vully,Grandcour,5817,622,264,4,0,264,184,69.6969696969697,76,28.78787878787879,42.443729903536976
droits_pol_etrangers,28.09.25,gauche,Broye - Vully,Henniez,5819,262,81,1,0,81,26,32.098765432098766,54,66.66666666666666,30.916030534351147
droits_pol_etrangers,28.09.25,gauche,Broye - Vully,Hermenches,5673,248,119,2,0,119,26,21.84873949579832,91,76.47058823529412,47.983870967741936
droits_pol_etrangers,28.09.25,gauche,Broye - Vully,Lovatens,5674,117,58,5,0,58,24,41.37931034482759,29,50,49.572649572649574
droits_pol_etrangers,28.09.25,gauche,Broye - Vully,Lucens,5675,2222,900,36,1,899,323,35.92880978865406,540,60.06674082313682,40.5040504050405
droits_pol_etrangers,28.09.25,gauche,Broye - Vully,Missy,5821,243,109,3,0,109,47,43.11926605504588,59,54.12844036697248,44.8559670781893
droits_pol_etrangers,28.09.25,gauche,Broye - Vully,Moudon,5678,2740,934,32,1,933,359,38.47802786709539,542,58.09217577706324,34.087591240875916
droits_pol_etrangers,28.09.25,gauche,Broye - Vully,Payerne,5822,4856,1888,72,1,1887,541,28.66984631690514,1274,67.51457339692634,38.87973640856672
droits_pol_etrangers,28.09.25,gauche,Broye - Vully,Prévonloup,5683,167,65,2,0,65,21,32.30769230769231,42,64.61538461538461,38.92215568862276
droits_pol_etrangers,28.09.25,gauche,Broye - Vully,Ropraz,5798,318,158,6,0,158,53,33.54430379746836,99,62.65822784810127,49.685534591194966
droits_pol_etrangers,28.09.25,gauche,Broye - Vully,Rossenges,5684,54,26,1,0,26,9,34.61538461538461,16,61.53846153846154,48.148148148148145
droits_pol_etrangers,28.09.25,gauche,Broye - Vully,Syens,5688,91,47,0,0,47,17,36.17021276595745,30,63.829787234042556,51.64835164835166
droits_pol_etrangers,28.09.25,gauche,Broye - Vully,Trey,5827,204,86,2,0,86,28,32.55813953488372,56,65.11627906976744,42.15686274509804
droits_pol_etrangers,28.09.25,gauche,Broye - Vully,Treytorrens (Payerne),5828,83,46,1,0,46,8,17.391304347826086,37,80.43478260869566,55.42168674698795
droits_pol_etrangers,28.09.25,gauche,Broye - Vully,Valbroye,5831,2021,898,37,0,898,263,29.287305122494434,598,66.59242761692651,44.43344878772885
droits_pol_etrangers,28.09.25,gauche,Broye - Vully,Villars-le-Comte,5690,96,51,3,0,51,21,41.17647058823529,27,52.94117647058824,53.125
droits_pol_etrangers,28.09.25,gauche,Broye - Vully,Villarzel,5830,322,147,5,0,147,49,33.33333333333333,93,63.26530612244898,45.65217391304348
droits_pol_etrangers,28.09.25,gauche,Broye - Vully,Vucherens,5692,390,200,7,0,200,75,37.5,118,59,51.28205128205128
droits_pol_etrangers,28.09.25,gauche,Broye - Vully,Vulliens,5803,418,222,5,0,222,58,26.126126126126124,159,71.62162162162163,53.110047846889955
droits_pol_etrangers,28.09.25,gauche,Broye - Vully,Vully-les-Lacs,5464,2408,1114,83,0,1114,352,31.597845601436266,679,60.95152603231598,46.262458471760795
droits_pol_etrangers,28.09.25,gauche,Gros-de-Vaud,Assens,5511,1136,591,10,0,591,192,32.48730964467005,389,65.82064297800339,52.02464788732394
droits_pol_etrangers,28.09.25,gauche,Gros-de-Vaud,Bercher,5512,886,446,14,1,445,171,38.42696629213483,260,58.42696629213483,50.338600451467265
droits_pol_etrangers,28.09.25,gauche,Gros-de-Vaud,Bettens,5471,412,209,6,2,207,53,25.60386473429952,148,71.49758454106279,50.728155339805824
droits_pol_etrangers,28.09.25,gauche,Gros-de-Vaud,Bottens,5514,861,405,12,0,405,136,33.58024691358025,257,63.456790123456784,47.038327526132406
droits_pol_etrangers,28.09.25,gauche,Gros-de-Vaud,Boulens,5661,266,144,2,0,144,47,32.63888888888889,95,65.97222222222221,54.13533834586466
droits_pol_etrangers,28.09.25,gauche,Gros-de-Vaud,Bournens,5472,373,183,8,0,183,51,27.86885245901639,124,67.75956284153006,49.06166219839142
droits_pol_etrangers,28.09.25,gauche,Gros-de-Vaud,Boussens,5473,650,354,2,1,353,145,41.07648725212464,206,58.35694050991501,54.46153846153846
droits_pol_etrangers,28.09.25,gauche,Gros-de-Vaud,Bretigny-sur-Morrens,5515,552,237,8,0,237,99,41.77215189873418,130,54.85232067510548,42.934782608695656
droits_pol_etrangers,28.09.25,gauche,Gros-de-Vaud,Cugy VD,5516,1678,843,31,9,834,384,46.043165467625904,419,50.23980815347721,50.23837902264601
droits_pol_etrangers,28.09.25,gauche,Gros-de-Vaud,Daillens,5480,696,388,6,0,388,171,44.072164948453604,211,54.38144329896907,55.74712643678161
droits_pol_etrangers,28.09.25,gauche,Gros-de-Vaud,Echallens,5518,4056,1823,60,0,1823,742,40.70213933077345,1021,56.006582556226,44.94575936883629
droits_pol_etrangers,28.09.25,gauche,Gros-de-Vaud,Essertines-sur-Yverdon,5520,738,345,14,0,345,115,33.33333333333333,216,62.60869565217392,46.7479674796748
droits_pol_etrangers,28.09.25,gauche,Gros-de-Vaud,Etagnières,5521,729,378,15,0,378,171,45.23809523809524,192,50.79365079365079,51.85185185185185
droits_pol_etrangers,28.09.25,gauche,Gros-de-Vaud,Fey,5522,540,240,5,0,240,109,45.416666666666664,126,52.5,44.44444444444444
droits_pol_etrangers,28.09.25,gauche,Gros-de-Vaud,Froideville,5523,1726,905,33,0,905,314,34.69613259668508,558,61.65745856353592,52.43337195828504
droits_pol_etrangers,28.09.25,gauche,Gros-de-Vaud,Goumoëns,5541,792,416,12,0,416,138,33.17307692307692,266,63.942307692307686,52.52525252525253
droits_pol_etrangers,28.09.25,gauche,Gros-de-Vaud,Jorat-Menthue,5804,1021,506,14,1,505,183,36.23762376237624,308,60.99009900990099,49.55925563173359
droits_pol_etrangers,28.09.25,gauche,Gros-de-Vaud,Lussery-Villars,5487,323,166,8,0,166,75,45.18072289156627,83,50,51.39318885448917
droits_pol_etrangers,28.09.25,gauche,Gros-de-Vaud,Mex VD,5489,494,227,8,2,225,62,27.555555555555557,155,68.88888888888889,45.95141700404859
droits_pol_etrangers,28.09.25,gauche,Gros-de-Vaud,Montanaire,5693,1934,947,19,5,942,318,33.75796178343949,605,64.22505307855626,48.96587383660807
droits_pol_etrangers,28.09.25,gauche,Gros-de-Vaud,Montilliez,5540,1266,600,14,2,598,178,29.76588628762542,406,67.89297658862876,47.39336492890995
droits_pol_etrangers,28.09.25,gauche,Gros-de-Vaud,Morrens VD,5527,766,421,12,0,421,163,38.71733966745843,246,58.432304038004744,54.960835509138384
droits_pol_etrangers,28.09.25,gauche,Gros-de-Vaud,Ogens,5680,223,106,5,0,106,41,38.67924528301887,60,56.60377358490566,47.53363228699551
droits_pol_etrangers,28.09.25,gauche,Gros-de-Vaud,Oppens,5923,127,64,4,0,64,26,40.625,34,53.125,50.39370078740157
droits_pol_etrangers,28.09.25,gauche,Gros-de-Vaud,Oulens-sous-Echallens,5529,416,241,4,2,239,89,37.238493723849366,146,61.08786610878661,57.932692307692314
droits_pol_etrangers,28.09.25,gauche,Gros-de-Vaud,Pailly,5530,389,183,12,0,183,42,22.950819672131146,129,70.49180327868852,47.04370179948586
droits_pol_etrangers,28.09.25,gauche,Gros-de-Vaud,Penthalaz,5495,1837,844,28,1,843,332,39.383155397390276,483,57.29537366548043,45.94447468698966
droits_pol_etrangers,28.09.25,gauche,Gros-de-Vaud,Penthaz,5496,1120,553,27,0,553,205,37.070524412296564,321,58.04701627486437,49.375
droits_pol_etrangers,28.09.25,gauche,Gros-de-Vaud,Penthéréaz,5531,321,178,7,0,178,65,36.51685393258427,106,59.55056179775281,55.45171339563863
droits_pol_etrangers,28.09.25,gauche,Gros-de-Vaud,Poliez-Pittet,5533,543,273,8,0,273,93,34.065934065934066,172,63.003663003663,50.27624309392266
droits_pol_etrangers,28.09.25,gauche,Gros-de-Vaud,Rueyres,5534,216,134,1,0,134,51,38.059701492537314,82,61.19402985074627,62.03703703703704
droits_pol_etrangers,28.09.25,gauche,Gros-de-Vaud,Saint-Barthélemy VD,5535,538,274,5,0,274,77,28.102189781021895,192,70.07299270072993,50.92936802973978
droits_pol_etrangers,28.09.25,gauche,Gros-de-Vaud,Sullens,5501,748,381,13,0,381,101,26.509186351706038,267,70.07874015748031,50.93582887700535
droits_pol_etrangers,28.09.25,gauche,Gros-de-Vaud,Villars-le-Terroir,5537,901,398,8,0,398,132,33.165829145728644,258,64.82412060301507,44.173140954495004
droits_pol_etrangers,28.09.25,gauche,Gros-de-Vaud,Vuarrens,5539,703,336,15,0,336,104,30.952380952380953,217,64.58333333333334,47.795163584637265
droits_pol_etrangers,28.09.25,gauche,Gros-de-Vaud,Vufflens-la-Ville,5503,911,476,12,0,476,213,44.747899159663866,251,52.73109243697479,52.25027442371021
droits_pol_etrangers,28.09.25,gauche,Yverdon,Agiez,5742,232,115,3,0,115,44,38.26086956521739,68,59.130434782608695,49.56896551724138
droits_pol_etrangers,28.09.25,gauche,Yverdon,Arnex-sur-Orbe,5743,525,225,8,0,225,109,48.44444444444444,108,48,42.857142857142854
droits_pol_etrangers,28.09.25,gauche,Yverdon,Ballaigues,5744,719,346,16,0,346,157,45.3757225433526,173,50,48.12239221140473
droits_pol_etrangers,28.09.25,gauche,Yverdon,Baulmes,5745,762,358,11,0,358,160,44.6927374301676,187,52.23463687150838,46.981627296587924
droits_pol_etrangers,28.09.25,gauche,Yverdon,Bavois,5746,701,324,8,0,324,130,40.123456790123456,186,57.407407407407405,46.219686162624825
droits_pol_etrangers,28.09.25,gauche,Yverdon,Belmont-sur-Yverdon,5902,303,164,0,0,164,48,29.268292682926827,116,70.73170731707317,54.12541254125413
droits_pol_etrangers,28.09.25,gauche,Yverdon,Bioley-Magnoux,5903,187,90,4,0,90,28,31.11111111111111,58,64.44444444444444,48.1283422459893
droits_pol_etrangers,28.09.25,gauche,Yverdon,Bofflens,5747,154,96,1,0,96,32,33.33333333333333,63,65.625,62.33766233766234
droits_pol_etrangers,28.09.25,gauche,Yverdon,Bonvillars,5551,375,202,2,0,202,78,38.613861386138616,122,60.396039603960396,53.86666666666666
droits_pol_etrangers,28.09.25,gauche,Yverdon,Bretonnières,5748,191,112,3,0,112,50,44.642857142857146,59,52.67857142857143,58.63874345549738
droits_pol_etrangers,28.09.25,gauche,Yverdon,Bullet,5552,521,292,12,2,290,88,30.344827586206897,190,65.51724137931035,56.046065259117086
droits_pol_etrangers,28.09.25,gauche,Yverdon,Chamblon,5904,388,210,3,0,210,82,39.04761904761905,125,59.523809523809526,54.123711340206185
droits_pol_etrangers,28.09.25,gauche,Yverdon,Champagne,5553,715,314,8,0,314,126,40.12738853503185,180,57.324840764331206,43.91608391608391
droits_pol_etrangers,28.09.25,gauche,Yverdon,Champvent,5905,461,227,7,0,227,75,33.03964757709251,145,63.87665198237885,49.240780911062906
droits_pol_etrangers,28.09.25,gauche,Yverdon,Chavannes-le-Chêne,5907,235,108,2,0,108,34,31.48148148148148,72,66.66666666666666,45.95744680851064
droits_pol_etrangers,28.09.25,gauche,Yverdon,Chavornay,5749,3091,1342,57,1,1341,458,34.153616703952274,826,61.5958240119314,43.41637010676156
droits_pol_etrangers,28.09.25,gauche,Yverdon,Cheseaux-Noréaz,5909,500,265,6,0,265,110,41.509433962264154,149,56.22641509433962,53
droits_pol_etrangers,28.09.25,gauche,Yverdon,Chêne-Pâquier,5908,107,57,2,0,57,29,50.877192982456144,26,45.614035087719294,53.271028037383175
droits_pol_etrangers,28.09.25,gauche,Yverdon,Concise,5554,677,331,11,0,331,152,45.9214501510574,168,50.755287009063444,48.89217134416543
droits_pol_etrangers,28.09.25,gauche,Yverdon,Corcelles-près-Concise,5555,295,140,7,0,140,69,49.28571428571429,64,45.714285714285715,47.45762711864407
droits_pol_etrangers,28.09.25,gauche,Yverdon,Cronay,5910,317,169,7,0,169,67,39.64497041420118,95,56.213017751479285,53.31230283911672
droits_pol_etrangers,28.09.25,gauche,Yverdon,Croy,5752,299,155,7,0,155,65,41.935483870967744,83,53.5483870967742,51.83946488294314
droits_pol_etrangers,28.09.25,gauche,Yverdon,Cuarny,5911,169,103,3,0,103,34,33.00970873786408,66,64.07766990291263,60.946745562130175
droits_pol_etrangers,28.09.25,gauche,Yverdon,Donneloye,5913,600,314,8,0,314,136,43.31210191082803,170,54.14012738853503,52.33333333333333
droits_pol_etrangers,28.09.25,gauche,Yverdon,Démoret,5912,128,74,2,0,74,26,35.13513513513514,46,62.16216216216216,57.8125
droits_pol_etrangers,28.09.25,gauche,Jura - Nord vaudois,Ependes VD,5914,237,117,3,0,117,39,33.33333333333333,75,64.1025641025641,49.36708860759494
droits_pol_etrangers,28.09.25,gauche,Yverdon,Fiez,5556,307,155,7,0,155,80,51.61290322580645,68,43.87096774193549,50.4885993485342
droits_pol_etrangers,28.09.25,gauche,Yverdon,Fontaines-sur-Grandson,5557,156,70,2,0,70,26,37.142857142857146,42,60,44.871794871794876
droits_pol_etrangers,28.09.25,gauche,Yverdon,Giez,5559,314,150,5,0,150,58,38.666666666666664,87,57.99999999999999,47.77070063694268
droits_pol_etrangers,28.09.25,gauche,Yverdon,Grandevent,5560,161,94,2,0,94,46,48.93617021276596,46,48.93617021276596,58.38509316770186
droits_pol_etrangers,28.09.25,gauche,Yverdon,Grandson,5561,2221,1022,43,0,1022,436,42.66144814090019,543,53.13111545988258,46.0153084196308
droits_pol_etrangers,28.09.25,gauche,Yverdon,Juriens,5754,256,126,11,0,126,46,36.507936507936506,69,54.761904761904766,49.21875
droits_pol_etrangers,28.09.25,gauche,La Vallée,L'Abbaye,5871,1066,531,20,0,531,211,39.73634651600753,300,56.49717514124294,49.812382739212005
droits_pol_etrangers,28.09.25,gauche,Yverdon,L'Abergement,5741,197,127,5,0,127,53,41.732283464566926,69,54.330708661417326,64.46700507614213
droits_pol_etrangers,28.09.25,gauche,Yverdon,La Praz,5758,141,88,0,0,88,39,44.31818181818182,49,55.68181818181818,62.4113475177305
droits_pol_etrangers,28.09.25,gauche,La Vallée,Le Chenit,5872,2815,1687,75,1,1686,675,40.0355871886121,936,55.51601423487544,59.92895204262877
droits_pol_etrangers,28.09.25,gauche,La Vallée,Le Lieu,5873,644,350,6,0,350,150,42.857142857142854,194,55.42857142857143,54.347826086956516
droits_pol_etrangers,28.09.25,gauche,Yverdon,Les Clées,5750,137,77,1,0,77,45,58.44155844155844,31,40.25974025974026,56.20437956204379
droits_pol_etrangers,28.09.25,gauche,Yverdon,Lignerolle,5755,275,131,0,0,131,42,32.06106870229007,89,67.93893129770993,47.63636363636364
droits_pol_etrangers,28.09.25,gauche,Yverdon,Mathod,5919,471,257,12,0,257,96,37.35408560311284,149,57.97665369649806,54.56475583864119
droits_pol_etrangers,28.09.25,gauche,Yverdon,Mauborget,5562,96,55,2,0,55,13,23.636363636363637,40,72.72727272727273,57.291666666666664
droits_pol_etrangers,28.09.25,gauche,Yverdon,Molondin,5921,169,92,2,0,92,41,44.565217391304344,49,53.2608695652174,54.437869822485204
droits_pol_etrangers,28.09.25,gauche,Yverdon,Montagny-près-Yverdon,5922,519,224,5,0,224,92,41.07142857142857,127,56.69642857142857,43.15992292870906
droits_pol_etrangers,28.09.25,gauche,Yverdon,Montcherand,5756,336,170,8,1,169,65,38.46153846153847,96,56.80473372781065,50.595238095238095
droits_pol_etrangers,28.09.25,gauche,Yverdon,Mutrux,5563,94,27,0,0,27,12,44.44444444444444,15,55.55555555555556,28.723404255319153
droits_pol_etrangers,28.09.25,gauche,Yverdon,Novalles,5564,74,40,0,0,40,15,37.5,25,62.5,54.054054054054056
droits_pol_etrangers,28.09.25,gauche,Jura - Nord vaudois,Onnens VD,5565,363,168,6,0,168,76,45.23809523809524,86,51.19047619047619,46.28099173553719
droits_pol_etrangers,28.09.25,gauche,Yverdon,Orbe,5757,4127,1663,71,1,1662,636,38.26714801444043,955,57.46089049338147,40.29561424763751
droits_pol_etrangers,28.09.25,gauche,Yverdon,Orges,5924,285,121,2,0,121,40,33.057851239669425,79,65.28925619834712,42.45614035087719
droits_pol_etrangers,28.09.25,gauche,Yverdon,Orzens,5925,153,92,4,0,92,38,41.30434782608695,50,54.347826086956516,60.130718954248366
droits_pol_etrangers,28.09.25,gauche,Yverdon,Pomy,5926,607,303,8,0,303,102,33.663366336633665,193,63.6963696369637,49.9176276771005
droits_pol_etrangers,28.09.25,gauche,Yverdon,Premier,5759,165,109,9,0,109,45,41.284403669724774,55,50.45871559633027,66.06060606060606
droits_pol_etrangers,28.09.25,gauche,Yverdon,Provence,5566,302,115,3,0,115,41,35.65217391304348,71,61.73913043478261,38.079470198675494
droits_pol_etrangers,28.09.25,gauche,Yverdon,Rances,5760,364,202,4,2,200,72,36,124,62,55.494505494505496
droits_pol_etrangers,28.09.25,gauche,Yverdon,Romainmôtier-Envy,5761,381,200,6,4,196,98,50,92,46.93877551020408,52.493438320209975
droits_pol_etrangers,28.09.25,gauche,Yverdon,Rovray,5928,132,84,1,0,84,23,27.380952380952383,60,71.42857142857143,63.63636363636363
droits_pol_etrangers,28.09.25,gauche,Yverdon,Sainte-Croix,5568,3271,1420,49,0,1420,578,40.70422535211268,793,55.845070422535215,43.41180067257719
droits_pol_etrangers,28.09.25,gauche,Yverdon,Sergey,5762,113,60,2,0,60,16,26.666666666666668,42,70,53.09734513274337
droits_pol_etrangers,28.09.25,gauche,Yverdon,Suchy,5929,418,205,5,0,205,76,37.073170731707314,124,60.48780487804878,49.04306220095694
droits_pol_etrangers,28.09.25,gauche,Yverdon,Suscévaz,5930,152,115,7,0,115,41,35.65217391304348,67,58.26086956521739,75.6578947368421
droits_pol_etrangers,28.09.25,gauche,Yverdon,Treycovagnes,5931,331,146,2,0,146,60,41.0958904109589,84,57.534246575342465,44.10876132930513
droits_pol_etrangers,28.09.25,gauche,Yverdon,Tévenon,5571,579,312,20,0,312,131,41.98717948717949,161,51.60256410256411,53.8860103626943
droits_pol_etrangers,28.09.25,gauche,Yverdon,Ursins,5932,155,86,1,0,86,17,19.767441860465116,68,79.06976744186046,55.483870967741936
droits_pol_etrangers,28.09.25,gauche,Yverdon,Valeyres-sous-Montagny,5933,477,223,2,0,223,145,65.02242152466367,76,34.08071748878923,46.75052410901468
droits_pol_etrangers,28.09.25,gauche,Yverdon,Valeyres-sous-Rances,5763,398,197,4,0,197,77,39.08629441624365,116,58.88324873096447,49.497487437185924
droits_pol_etrangers,28.09.25,gauche,Yverdon,Valeyres-sous-Ursins,5934,188,105,0,0,105,41,39.04761904761905,64,60.952380952380956,55.85106382978723
droits_pol_etrangers,28.09.25,gauche,Yverdon,Vallorbe,5764,2238,873,18,0,873,281,32.18785796105384,574,65.75028636884306,39.00804289544236
droits_pol_etrangers,28.09.25,gauche,Yverdon,Vaulion,5765,331,163,7,0,163,49,30.061349693251532,107,65.6441717791411,49.244712990936556
droits_pol_etrangers,28.09.25,gauche,Yverdon,Villars-Epeney,5935,68,38,1,0,38,14,36.84210526315789,23,60.526315789473685,55.88235294117647
droits_pol_etrangers,28.09.25,gauche,Yverdon,Vugelles-La Mothe,5937,95,48,1,0,48,16,33.33333333333333,31,64.58333333333334,50.526315789473685
droits_pol_etrangers,28.09.25,gauche,Yverdon,Vuiteboeuf,5766,392,170,7,0,170,60,35.294117647058826,103,60.588235294117645,43.36734693877551
droits_pol_etrangers,28.09.25,gauche,Yverdon,Yverdon-les-Bains,5938,15003,5796,217,9,5787,2676,46.24157594608606,2894,50.00864005529635,38.63227354529094
droits_pol_etrangers,28.09.25,gauche,Yverdon,Yvonand,5939,2349,1046,24,0,1046,443,42.35181644359465,579,55.35372848948374,44.52958705832269
droits_pol_etrangers,28.09.25,gauche,Romanel,Cheseaux-sur-Lausanne,5582,2931,1388,49,1,1387,565,40.735400144196106,773,55.73179524152848,47.35585124530877
droits_pol_etrangers,28.09.25,gauche,Romanel,Epalinges,5584,5502,2902,117,1,2901,1248,43.01964839710445,1536,52.94725956566702,52.74445656125045
droits_pol_etrangers,28.09.25,gauche,Romanel,Jouxtens-Mézery,5585,971,597,24,0,597,235,39.36348408710218,338,56.61641541038526,61.483007209062826
droits_pol_etrangers,28.09.25,gauche,Lausanne-Ville,Lausanne,5586,68067,27242,875,27,27215,15301,56.222671320962704,11039,40.56218996876723,40.02233093863399
droits_pol_etrangers,28.09.25,gauche,Romanel,Le Mont-sur-Lausanne,5587,5345,2585,117,0,2585,1001,38.72340425531915,1467,56.750483558994205,48.36295603367633
droits_pol_etrangers,28.09.25,gauche,Romanel,Romanel-sur-Lausanne,5592,2480,1111,37,2,1109,418,37.69161406672678,654,58.97204688908927,44.79838709677419
droits_pol_etrangers,28.09.25,gauche,Lavaux - Oron,Belmont-sur-Lausanne,5581,2366,1289,57,0,1289,546,42.35841737781226,686,53.21955003878976,54.48013524936602
droits_pol_etrangers,28.09.25,gauche,Lavaux - Oron,Bourg-en-Lavaux,5613,3594,1941,80,1,1940,876,45.154639175257735,984,50.72164948453608,54.00667779632721
droits_pol_etrangers,28.09.25,gauche,Lavaux - Oron,Chexbres,5601,1409,686,12,1,685,310,45.25547445255474,363,52.99270072992701,48.68701206529453
droits_pol_etrangers,28.09.25,gauche,Lavaux - Oron,Forel (Lavaux),5604,1316,726,24,2,724,227,31.353591160220994,473,65.33149171270718,55.16717325227963
droits_pol_etrangers,28.09.25,gauche,Lavaux - Oron,Jorat-Mézières,5806,2125,1065,48,0,1065,406,38.12206572769953,611,57.370892018779344,50.117647058823536
droits_pol_etrangers,28.09.25,gauche,Lavaux - Oron,Lutry,5606,6474,3512,111,2,3510,1388,39.54415954415955,2011,57.2934472934473,54.24776027185666
droits_pol_etrangers,28.09.25,gauche,Lavaux - Oron,Maracon,5790,384,230,8,0,230,101,43.913043478260875,121,52.60869565217391,59.895833333333336
droits_pol_etrangers,28.09.25,gauche,Lavaux - Oron,Montpreveyres,5792,417,206,4,0,206,82,39.80582524271845,120,58.252427184466015,49.40047961630695
droits_pol_etrangers,28.09.25,gauche,Lavaux - Oron,Oron,5805,3800,1797,73,0,1797,710,39.510294936004456,1014,56.42737896494157,47.28947368421053
droits_pol_etrangers,28.09.25,gauche,Lavaux - Oron,Paudex,5588,812,382,8,0,382,147,38.481675392670155,227,59.424083769633505,47.04433497536946
droits_pol_etrangers,28.09.25,gauche,Lavaux - Oron,Puidoux,5607,1656,788,26,0,788,309,39.213197969543145,453,57.48730964467005,47.58454106280193
droits_pol_etrangers,28.09.25,gauche,Lavaux - Oron,Pully,5590,10857,5690,198,7,5683,2422,42.618335386239664,3063,53.897589301425306,52.40858432347794
droits_pol_etrangers,28.09.25,gauche,Lavaux - Oron,Rivaz,5609,243,141,1,0,141,60,42.5531914893617,80,56.73758865248227,58.0246913580247
droits_pol_etrangers,28.09.25,gauche,Lavaux - Oron,Saint-Saphorin (Lavaux),5610,264,144,3,0,144,69,47.91666666666667,72,50,54.54545454545454
droits_pol_etrangers,28.09.25,gauche,Lavaux - Oron,Savigny,5611,2224,1228,40,3,1225,489,39.91836734693878,696,56.81632653061225,55.2158273381295
droits_pol_etrangers,28.09.25,gauche,Lavaux - Oron,Servion,5799,1438,768,39,0,768,321,41.796875,408,53.125,53.40751043115438
droits_pol_etrangers,28.09.25,gauche,Morges,Aclens,5621,359,180,5,0,180,72,40,103,57.22222222222222,50.13927576601671
droits_pol_etrangers,28.09.25,gauche,Morges,Allaman,5851,255,124,1,0,124,54,43.54838709677419,69,55.64516129032258,48.627450980392155
droits_pol_etrangers,28.09.25,gauche,Morges,Aubonne,5422,2131,1102,40,0,1102,461,41.833030852994554,601,54.53720508166969,51.712810886907555
droits_pol_etrangers,28.09.25,gauche,Morges,Ballens,5423,374,217,7,0,217,78,35.944700460829495,132,60.82949308755761,58.02139037433155
droits_pol_etrangers,28.09.25,gauche,Morges,Berolle,5424,201,107,7,0,107,45,42.05607476635514,55,51.4018691588785,53.233830845771145
droits_pol_etrangers,28.09.25,gauche,Morges,Bière,5425,907,429,12,9,420,115,27.380952380952383,293,69.76190476190476,47.298787210584344
droits_pol_etrangers,28.09.25,gauche,Morges,Bougy-Villars,5426,308,145,2,0,145,45,31.03448275862069,98,67.58620689655173,47.07792207792208
droits_pol_etrangers,28.09.25,gauche,Morges,Bremblens,5622,407,227,7,0,227,83,36.56387665198238,137,60.352422907488986,55.77395577395578
droits_pol_etrangers,28.09.25,gauche,Morges,Buchillon,5623,427,252,9,0,252,94,37.301587301587304,149,59.12698412698413,59.01639344262295
droits_pol_etrangers,28.09.25,gauche,Morges,Chavannes-le-Veyron,5475,108,70,3,0,70,30,42.857142857142854,37,52.85714285714286,64.81481481481481
droits_pol_etrangers,28.09.25,gauche,Morges,Chevilly,5476,227,122,4,0,122,48,39.34426229508197,70,57.377049180327866,53.74449339207048
droits_pol_etrangers,28.09.25,gauche,Morges,Chigny,5628,249,133,5,0,133,62,46.616541353383454,66,49.62406015037594,53.41365461847389
droits_pol_etrangers,28.09.25,gauche,Morges,Clarmont,5629,140,60,0,0,60,28,46.666666666666664,32,53.333333333333336,42.857142857142854
droits_pol_etrangers,28.09.25,gauche,Morges,Cossonay,5477,2935,1449,60,0,1449,623,42.99516908212561,766,52.864044168392,49.36967632027257
droits_pol_etrangers,28.09.25,gauche,Morges,Cuarnens,5479,360,190,3,3,187,81,43.31550802139038,103,55.080213903743314,52.77777777777778
droits_pol_etrangers,28.09.25,gauche,Morges,Denens,5631,493,282,5,0,282,129,45.744680851063826,148,52.4822695035461,57.200811359026375
droits_pol_etrangers,28.09.25,gauche,Morges,Denges,5632,990,495,11,0,495,238,48.08080808080808,246,49.696969696969695,50
droits_pol_etrangers,28.09.25,gauche,Morges,Dizy,5481,165,90,2,0,90,48,53.333333333333336,40,44.44444444444444,54.54545454545454
droits_pol_etrangers,28.09.25,gauche,Morges,Echandens,5633,1694,849,22,1,848,307,36.20283018867924,519,61.20283018867924,50.11806375442739
droits_pol_etrangers,28.09.25,gauche,Morges,Echichens,5634,2018,1106,28,2,1104,476,43.11594202898551,600,54.347826086956516,54.80673934588701
droits_pol_etrangers,28.09.25,gauche,Morges,Eclépens,5482,708,412,9,1,411,167,40.632603406326034,235,57.17761557177615,58.19209039548022
droits_pol_etrangers,28.09.25,gauche,Morges,Etoy,5636,1687,892,38,0,892,378,42.37668161434978,476,53.36322869955157,52.87492590397155
droits_pol_etrangers,28.09.25,gauche,Morges,Ferreyres,5483,222,131,4,0,131,63,48.091603053435115,64,48.854961832061065,59.009009009009006
droits_pol_etrangers,28.09.25,gauche,Morges,Féchy,5427,496,272,4,0,272,102,37.5,166,61.029411764705884,54.83870967741935
droits_pol_etrangers,28.09.25,gauche,Morges,Gimel,5428,1361,714,38,0,714,260,36.41456582633053,416,58.26330532212886,52.461425422483465
droits_pol_etrangers,28.09.25,gauche,Morges,Gollion,5484,697,360,13,1,359,142,39.55431754874652,204,56.824512534818936,51.64992826398852
droits_pol_etrangers,28.09.25,gauche,Morges,Grancy,5485,332,183,7,0,183,66,36.0655737704918,110,60.10928961748634,55.12048192771084
droits_pol_etrangers,28.09.25,gauche,Morges,Hautemorges,5656,2841,1463,59,0,1463,557,38.07245386192755,847,57.89473684210527,51.49595212953185
droits_pol_etrangers,28.09.25,gauche,Morges,L'Isle,5486,755,362,4,0,362,144,39.77900552486188,214,59.11602209944752,47.94701986754967
droits_pol_etrangers,28.09.25,gauche,Morges,La Chaux (Cossonay),5474,288,137,6,0,137,55,40.14598540145985,76,55.47445255474452,47.56944444444444
droits_pol_etrangers,28.09.25,gauche,Morges,La Sarraz,5498,1460,656,27,0,656,299,45.579268292682926,330,50.30487804878049,44.93150684931507
droits_pol_etrangers,28.09.25,gauche,Morges,Lavigny,5637,593,324,5,0,324,147,45.370370370370374,172,53.086419753086425,54.63743676222597
droits_pol_etrangers,28.09.25,gauche,Morges,Lonay,5638,1770,865,22,13,852,329,38.61502347417841,501,58.80281690140845,48.87005649717514
droits_pol_etrangers,28.09.25,gauche,Morges,Lully VD,5639,543,324,7,0,324,161,49.691358024691354,156,48.148148148148145,59.66850828729282
droits_pol_etrangers,28.09.25,gauche,Morges,Lussy-sur-Morges,5640,451,256,7,0,256,127,49.609375,122,47.65625,56.76274944567628
droits_pol_etrangers,28.09.25,gauche,Morges,Mauraz,5488,40,21,1,0,21,11,52.38095238095239,9,42.857142857142854,52.5
droits_pol_etrangers,28.09.25,gauche,Morges,Moiry VD,5490,218,125,3,0,125,64,51.2,58,46.400000000000006,57.3394495412844
droits_pol_etrangers,28.09.25,gauche,Morges,Mollens VD,5431,220,109,1,1,108,43,39.81481481481482,64,59.25925925925925,49.54545454545455
droits_pol_etrangers,28.09.25,gauche,Morges,Mont-la-Ville,5491,337,184,4,0,184,72,39.130434782608695,108,58.69565217391305,54.59940652818991
droits_pol_etrangers,28.09.25,gauche,Morges,Montricher,5492,655,359,11,1,358,120,33.5195530726257,227,63.40782122905028,54.80916030534351
droits_pol_etrangers,28.09.25,gauche,Morges,Morges,5642,9149,4318,160,19,4299,1996,46.429402186555016,2143,49.84880204698767,47.196414908733196
droits_pol_etrangers,28.09.25,gauche,Morges,Orny,5493,326,162,6,0,162,79,48.76543209876543,77,47.53086419753087,49.693251533742334
droits_pol_etrangers,28.09.25,gauche,Morges,Pompaples,5497,513,253,13,0,253,82,32.41106719367589,158,62.450592885375485,49.317738791423
droits_pol_etrangers,28.09.25,gauche,Morges,Préverenges,5643,2936,1411,67,2,1409,600,42.583392476933994,742,52.66146202980837,48.05858310626703
droits_pol_etrangers,28.09.25,gauche,Morges,Romanel-sur-Morges,5645,327,182,5,0,182,51,28.021978021978022,126,69.23076923076923,55.65749235474006
droits_pol_etrangers,28.09.25,gauche,Morges,Saint-Livres,5435,476,255,7,1,254,90,35.43307086614173,157,61.811023622047244,53.57142857142857
droits_pol_etrangers,28.09.25,gauche,Morges,Saint-Oyens,5436,295,223,4,6,217,91,41.935483870967744,122,56.22119815668203,75.59322033898304
droits_pol_etrangers,28.09.25,gauche,Morges,Saint-Prex,5646,3011,1551,83,1,1550,628,40.516129032258064,839,54.12903225806451,51.51112587180339
droits_pol_etrangers,28.09.25,gauche,Morges,Saubraz,5437,255,136,4,0,136,54,39.705882352941174,78,57.35294117647059,53.333333333333336
droits_pol_etrangers,28.09.25,gauche,Morges,Senarclens,5499,309,152,7,1,151,38,25.165562913907287,106,70.19867549668875,49.19093851132686
droits_pol_etrangers,28.09.25,gauche,Morges,Tolochenaz,5649,1075,549,27,0,549,231,42.07650273224044,291,53.00546448087432,51.06976744186047
droits_pol_etrangers,28.09.25,gauche,Morges,Vaux-sur-Morges,5650,129,74,1,0,74,42,56.75675675675676,31,41.891891891891895,57.36434108527132
droits_pol_etrangers,28.09.25,gauche,Morges,Villars-sous-Yens,5652,383,209,3,0,209,78,37.32057416267943,128,61.24401913875598,54.56919060052219
droits_pol_etrangers,28.09.25,gauche,Morges,Vufflens-le-Château,5653,570,395,9,8,387,142,36.69250645994832,236,60.98191214470285,69.2982456140351
droits_pol_etrangers,28.09.25,gauche,Morges,Vullierens,5654,362,209,10,0,209,78,37.32057416267943,121,57.89473684210527,57.73480662983425
droits_pol_etrangers,28.09.25,gauche,Morges,Yens,5655,902,474,14,4,470,172,36.59574468085106,284,60.42553191489362,52.54988913525499
droits_pol_etrangers,28.09.25,gauche,Nyon,Arnex-sur-Nyon,5701,179,81,2,0,81,36,44.44444444444444,43,53.086419753086425,45.2513966480447
droits_pol_etrangers,28.09.25,gauche,Nyon,Arzier - Le Muids,5702,1702,1019,52,0,1019,371,36.40824337585868,596,58.48871442590775,59.870740305522915
droits_pol_etrangers,28.09.25,gauche,Nyon,Bassins,5703,881,496,25,0,496,209,42.13709677419355,262,52.82258064516129,56.29965947786606
droits_pol_etrangers,28.09.25,gauche,Nyon,Begnins,5704,1214,585,27,0,585,230,39.31623931623932,328,56.06837606837607,48.18780889621087
droits_pol_etrangers,28.09.25,gauche,Nyon,Bogis-Bossey,5705,491,249,4,0,249,105,42.168674698795186,140,56.22489959839358,50.71283095723014
droits_pol_etrangers,28.09.25,gauche,Nyon,Borex,5706,675,358,5,0,358,154,43.01675977653631,199,55.58659217877096,53.03703703703704
droits_pol_etrangers,28.09.25,gauche,Nyon,Bursinel,5852,313,156,2,2,154,48,31.16883116883117,104,67.53246753246754,49.84025559105431
droits_pol_etrangers,28.09.25,gauche,Nyon,Bursins,5853,478,243,3,3,240,102,42.5,135,56.25,50.836820083682014
droits_pol_etrangers,28.09.25,gauche,Nyon,Burtigny,5854,249,135,5,5,130,65,50,60,46.15384615384615,54.21686746987952
droits_pol_etrangers,28.09.25,gauche,Nyon,Chavannes-de-Bogis,5707,662,329,6,0,329,112,34.04255319148936,211,64.13373860182371,49.69788519637463
droits_pol_etrangers,28.09.25,gauche,Nyon,Chavannes-des-Bois,5708,478,264,10,0,264,95,35.984848484848484,159,60.22727272727273,55.23012552301255
droits_pol_etrangers,28.09.25,gauche,Nyon,Chéserex,5709,766,389,15,2,387,151,39.01808785529715,221,57.105943152454785,50.78328981723238
droits_pol_etrangers,28.09.25,gauche,Nyon,Coinsins,5710,329,163,6,0,163,47,28.834355828220858,110,67.48466257668711,49.544072948328264
droits_pol_etrangers,28.09.25,gauche,Nyon,Commugny,5711,1466,756,30,0,756,275,36.37566137566138,451,59.65608465608465,51.56889495225102
droits_pol_etrangers,28.09.25,gauche,Nyon,Coppet,5712,1633,883,43,0,883,314,35.56058890147225,526,59.56964892412231,54.07225964482547
droits_pol_etrangers,28.09.25,gauche,Nyon,Crans,5713,1367,743,10,0,743,265,35.66621803499327,468,62.98788694481831,54.352596927578645
droits_pol_etrangers,28.09.25,gauche,Nyon,Crassier,5714,727,383,9,0,383,158,41.253263707571804,216,56.39686684073107,52.68225584594223
droits_pol_etrangers,28.09.25,gauche,Nyon,Duillier,5715,658,373,14,0,373,160,42.89544235924933,199,53.35120643431635,56.6869300911854
droits_pol_etrangers,28.09.25,gauche,Nyon,Dully,5855,364,183,5,0,183,59,32.240437158469945,119,65.02732240437157,50.27472527472527
droits_pol_etrangers,28.09.25,gauche,Nyon,Essertines-sur-Rolle,5856,445,236,5,14,222,84,37.83783783783784,133,59.909909909909906,53.033707865168545
droits_pol_etrangers,28.09.25,gauche,Nyon,Eysins,5716,961,520,25,0,520,210,40.38461538461539,285,54.807692307692314,54.11030176899063
droits_pol_etrangers,28.09.25,gauche,Nyon,Founex,5717,1759,969,41,0,969,365,37.66769865841073,563,58.10113519091848,55.08811824900511
droits_pol_etrangers,28.09.25,gauche,Nyon,Genolier,5718,1178,661,13,0,661,251,37.97276853252647,397,60.06051437216339,56.112054329371816
droits_pol_etrangers,28.09.25,gauche,Nyon,Gilly,5857,829,457,10,31,426,150,35.2112676056338,266,62.441314553990615,55.12665862484921
droits_pol_etrangers,28.09.25,gauche,Nyon,Gingins,5719,781,434,7,0,434,153,35.25345622119816,274,63.133640552995395,55.56978233034571
droits_pol_etrangers,28.09.25,gauche,Nyon,Givrins,5720,686,381,5,0,381,157,41.20734908136483,219,57.48031496062992,55.539358600583085
droits_pol_etrangers,28.09.25,gauche,Nyon,Gland,5721,7254,3333,175,1,3332,1290,38.71548619447779,1867,56.032412965186076,45.94706368899917
droits_pol_etrangers,28.09.25,gauche,Nyon,Grens,5722,259,137,0,2,135,65,48.148148148148145,70,51.85185185185185,52.8957528957529
droits_pol_etrangers,28.09.25,gauche,Nyon,La Rippe,5726,734,382,9,0,382,144,37.696335078534034,229,59.947643979057595,52.043596730245234
droits_pol_etrangers,28.09.25,gauche,Nyon,Le Vaud,5731,903,507,26,1,506,201,39.723320158102766,279,55.13833992094862,56.14617940199336
droits_pol_etrangers,28.09.25,gauche,Nyon,Longirod,5429,358,179,7,0,179,84,46.927374301675975,88,49.162011173184354,50
droits_pol_etrangers,28.09.25,gauche,Nyon,Luins,5858,343,179,7,0,179,67,37.43016759776536,105,58.659217877094974,52.1865889212828
droits_pol_etrangers,28.09.25,gauche,Nyon,Marchissy,5430,335,176,6,2,174,75,43.103448275862064,93,53.44827586206896,52.537313432835816
droits_pol_etrangers,28.09.25,gauche,Nyon,Mies,5723,1074,543,38,1,542,170,31.365313653136536,334,61.62361623616236,50.5586592178771
droits_pol_etrangers,28.09.25,gauche,Nyon,Mont-sur-Rolle,5859,1593,773,20,0,773,290,37.51617076326003,463,59.89650711513583,48.5247959824231
droits_pol_etrangers,28.09.25,gauche,Nyon,Nyon,5724,11378,4922,192,7,4915,2328,47.36520854526958,2395,48.728382502543234,43.25892072420461
droits_pol_etrangers,28.09.25,gauche,Nyon,Perroy,5860,911,463,5,0,463,153,33.04535637149028,305,65.87473002159827,50.82327113062569
droits_pol_etrangers,28.09.25,gauche,Nyon,Prangins,5725,2410,1363,52,1,1362,587,43.098384728340676,723,53.08370044052864,56.55601659751037
droits_pol_etrangers,28.09.25,gauche,Nyon,Rolle,5861,3244,1490,56,1,1489,611,41.034251175285426,822,55.20483546004029,45.93094944512947
droits_pol_etrangers,28.09.25,gauche,Nyon,Saint-Cergue,5727,1646,721,2,12,709,262,36.95345557122708,445,62.76445698166432,43.80315917375456
droits_pol_etrangers,28.09.25,gauche,Nyon,Saint-George,5434,665,346,7,0,346,130,37.57225433526011,209,60.40462427745664,52.03007518796993
droits_pol_etrangers,28.09.25,gauche,Nyon,Signy-Avenex,5728,368,176,2,4,172,62,36.04651162790697,108,62.7906976744186,47.82608695652174
droits_pol_etrangers,28.09.25,gauche,Nyon,Tannay,5729,927,497,3,3,494,177,35.82995951417004,314,63.56275303643725,53.61380798274003
droits_pol_etrangers,28.09.25,gauche,Nyon,Tartegnin,5862,139,63,0,0,63,19,30.158730158730158,44,69.84126984126983,45.32374100719424
droits_pol_etrangers,28.09.25,gauche,Nyon,Trélex,5730,911,563,31,0,563,210,37.300177619893425,322,57.19360568383659,61.80021953896817
droits_pol_etrangers,28.09.25,gauche,Nyon,Vich,5732,658,359,21,0,359,149,41.504178272980504,189,52.64623955431755,54.559270516717326
droits_pol_etrangers,28.09.25,gauche,Nyon,Vinzel,5863,240,134,8,0,134,52,38.80597014925373,74,55.223880597014926,55.833333333333336
droits_pol_etrangers,28.09.25,gauche,Ouest lausannois,Bussigny,5624,5625,2430,96,3,2427,1031,42.48042851256695,1300,53.56407086938607,43.2
droits_pol_etrangers,28.09.25,gauche,Ouest lausannois,Chavannes-près-Renens,5627,3610,1108,50,1,1107,517,46.70280036133695,540,48.78048780487805,30.692520775623265
droits_pol_etrangers,28.09.25,gauche,Ouest lausannois,Crissier,5583,4807,1842,78,1,1841,795,43.18305268875611,968,52.58011950027159,38.31911795298523
droits_pol_etrangers,28.09.25,gauche,Ouest lausannois,Ecublens VD,5635,5699,2327,96,2,2325,1002,43.096774193548384,1227,52.774193548387096,40.831724864011235
droits_pol_etrangers,28.09.25,gauche,Ouest lausannois,Prilly,5589,5942,2422,91,4,2418,1154,47.72539288668321,1173,48.51116625310174,40.760686637495795
droits_pol_etrangers,28.09.25,gauche,Ouest lausannois,Renens VD,5591,8709,3023,108,3,3020,1500,49.668874172185426,1412,46.75496688741722,34.71121827994029
droits_pol_etrangers,28.09.25,gauche,Ouest lausannois,Saint-Sulpice,5648,2260,1307,41,0,1307,498,38.10252486610558,768,58.760520275439944,57.83185840707965
droits_pol_etrangers,28.09.25,gauche,Ouest lausannois,Villars-Sainte-Croix,5651,564,275,10,0,275,93,33.81818181818182,172,62.54545454545455,48.758865248226954
droits_pol_etrangers,28.09.25,gauche,Vevey,Blonay - Saint-Légier,5892,7736,4221,191,2,4219,1617,38.326617681915145,2411,57.14624318558901,54.56308169596691
droits_pol_etrangers,28.09.25,gauche,Vevey,Chardonne,5882,2129,1099,30,0,1099,440,40.03639672429482,629,57.233848953594176,51.62047909816816
droits_pol_etrangers,28.09.25,gauche,Pays-d'Enhaut,Château-d'Oex,5841,2054,881,45,0,881,260,29.511918274687854,576,65.38024971623156,42.8919182083739
droits_pol_etrangers,28.09.25,gauche,Vevey,Corseaux,5883,1459,823,34,0,823,328,39.85419198055893,461,56.014580801944106,56.40849897189856
droits_pol_etrangers,28.09.25,gauche,Vevey,Corsier-sur-Vevey,5884,1928,895,31,1,894,377,42.17002237136465,486,54.36241610738255,46.421161825726145
droits_pol_etrangers,28.09.25,gauche,Vevey,Jongny,5885,1116,569,13,0,569,223,39.19156414762742,333,58.523725834797894,50.98566308243727
droits_pol_etrangers,28.09.25,gauche,Vevey,La Tour-de-Peilz,5889,7406,3664,121,0,3664,1635,44.62336244541485,1908,52.07423580786026,49.47339994598974
droits_pol_etrangers,28.09.25,gauche,Vevey,Montreux,5886,12369,5247,220,2,5245,2096,39.96186844613918,2929,55.84366062917064,42.42056754790201
droits_pol_etrangers,28.09.25,gauche,Pays-d'Enhaut,Rossinière,5842,338,132,1,0,132,43,32.57575757575758,88,66.66666666666666,39.053254437869825
droits_pol_etrangers,28.09.25,gauche,Pays-d'Enhaut,Rougemont,5843,447,166,3,0,166,51,30.72289156626506,112,67.46987951807229,37.13646532438479
droits_pol_etrangers,28.09.25,gauche,Vevey,Vevey,5890,9955,3917,122,4,3913,2099,53.64170713007922,1692,43.24048044978277,39.347061778001006
droits_pol_etrangers,28.09.25,gauche,Vevey,Veytaux,5891,510,210,7,0,210,88,41.904761904761905,115,54.761904761904766,41.17647058823529
init_avenir,30.11.25,gauche,Aigle,Aigle,5401,5439,2490,91,1,2398,611,25.47956630525438,1787,74.52043369474562,45.780474351902924
init_avenir,30.11.25,gauche,Aigle,Bex,5402,4628,1704,27,2,1675,526,31.402985074626866,1149,68.59701492537313,36.81936041486603
init_avenir,30.11.25,gauche,Aigle,Chessel,5403,309,150,2,0,148,32,21.62162162162162,116,78.37837837837837,48.54368932038835
init_avenir,30.11.25,gauche,Aigle,Corbeyrier,5404,348,167,2,0,165,43,26.060606060606062,122,73.93939393939394,47.98850574712644
init_avenir,30.11.25,gauche,Aigle,Gryon,5405,887,406,9,0,397,91,22.921914357682617,306,77.07808564231739,45.77226606538895
init_avenir,30.11.25,gauche,Aigle,Lavey-Morcles,5406,632,243,3,1,239,52,21.75732217573222,187,78.24267782426779,38.449367088607595
init_avenir,30.11.25,gauche,Aigle,Leysin,5407,1513,606,13,0,593,176,29.679595278246207,417,70.32040472175379,40.05287508261732
init_avenir,30.11.25,gauche,Aigle,Noville,5408,722,287,2,0,285,53,18.596491228070175,232,81.40350877192982,39.75069252077562
init_avenir,30.11.25,gauche,Aigle,Ollon VD,5409,4351,2105,41,2,2062,493,23.90882638215325,1569,76.09117361784675,48.37968283153298
init_avenir,30.11.25,gauche,Aigle,Ormont-Dessous,5410,824,335,4,3,328,83,25.304878048780488,245,74.6951219512195,40.65533980582524
init_avenir,30.11.25,gauche,Aigle,Ormont-Dessus,5411,916,421,7,0,414,72,17.391304347826086,342,82.6086956521739,45.96069868995633
init_avenir,30.11.25,gauche,Aigle,Rennaz,5412,505,178,1,0,177,49,27.683615819209038,128,72.31638418079096,35.24752475247524
init_avenir,30.11.25,gauche,Aigle,Roche VD,5413,986,319,3,3,313,54,17.252396166134183,259,82.74760383386581,32.35294117647059
init_avenir,30.11.25,gauche,Aigle,Villeneuve VD,5414,2786,1010,22,0,988,293,29.655870445344128,695,70.34412955465586,36.252692031586506
init_avenir,30.11.25,gauche,Aigle,Yvorne,5415,695,311,2,0,309,66,21.35922330097087,243,78.64077669902912,44.74820143884892
init_avenir,30.11.25,gauche,Broye - Vully,Avenches,5451,2297,798,6,0,792,194,24.494949494949495,598,75.5050505050505,34.7409664780148
init_avenir,30.11.25,gauche,Broye - Vully,Bussy-sur-Moudon,5663,178,87,1,0,86,9,10.465116279069768,77,89.53488372093024,48.87640449438202
init_avenir,30.11.25,gauche,Broye - Vully,Champtauroz,5812,122,50,3,0,47,16,34.04255319148936,31,65.95744680851064,40.98360655737705
init_avenir,30.11.25,gauche,Broye - Vully,Chavannes-sur-Moudon,5665,175,80,2,0,78,10,12.82051282051282,68,87.17948717948718,45.714285714285715
init_avenir,30.11.25,gauche,Broye - Vully,Chevroux,5813,347,155,2,0,153,42,27.450980392156865,111,72.54901960784314,44.668587896253605
init_avenir,30.11.25,gauche,Broye - Vully,Corcelles-le-Jorat,5785,322,154,1,0,153,32,20.915032679738562,121,79.08496732026144,47.82608695652174
init_avenir,30.11.25,gauche,Broye - Vully,Corcelles-près-Payerne,5816,1582,648,17,0,631,115,18.225039619651348,516,81.77496038034865,40.960809102402024
init_avenir,30.11.25,gauche,Broye - Vully,Cudrefin,5456,1277,516,7,0,509,115,22.593320235756384,394,77.40667976424362,40.40720438527799
init_avenir,30.11.25,gauche,Broye - Vully,Curtilles,5669,211,102,5,0,97,30,30.927835051546392,67,69.0721649484536,48.34123222748815
init_avenir,30.11.25,gauche,Broye - Vully,Dompierre VD,5671,159,83,3,0,80,16,20,64,80,52.20125786163522
init_avenir,30.11.25,gauche,Broye - Vully,Faoug,5458,571,220,1,0,219,51,23.28767123287671,168,76.71232876712328,38.528896672504374
init_avenir,30.11.25,gauche,Broye - Vully,Grandcour,5817,623,247,5,0,242,47,19.421487603305785,195,80.57851239669421,39.64686998394863
init_avenir,30.11.25,gauche,Broye - Vully,Henniez,5819,264,79,0,0,79,10,12.658227848101266,69,87.34177215189874,29.924242424242426
init_avenir,30.11.25,gauche,Broye - Vully,Hermenches,5673,252,124,1,0,123,11,8.94308943089431,112,91.05691056910568,49.2063492063492
init_avenir,30.11.25,gauche,Broye - Vully,Lovatens,5674,120,49,1,0,48,21,43.75,27,56.25,40.833333333333336
init_avenir,30.11.25,gauche,Broye - Vully,Lucens,5675,2215,804,26,2,776,220,28.350515463917525,556,71.64948453608247,36.2979683972912
init_avenir,30.11.25,gauche,Broye - Vully,Missy,5821,240,93,1,0,92,17,18.478260869565215,75,81.52173913043478,38.75
init_avenir,30.11.25,gauche,Broye - Vully,Moudon,5678,2765,826,14,1,811,231,28.48335388409371,580,71.5166461159063,29.873417721518987
init_avenir,30.11.25,gauche,Broye - Vully,Payerne,5822,4844,1672,25,1,1646,337,20.473876063183475,1309,79.52612393681653,34.516928158546655
init_avenir,30.11.25,gauche,Broye - Vully,Prévonloup,5683,170,69,0,0,69,11,15.942028985507244,58,84.05797101449275,40.588235294117645
init_avenir,30.11.25,gauche,Broye - Vully,Ropraz,5798,319,149,1,0,148,41,27.7027027027027,107,72.2972972972973,46.70846394984326
init_avenir,30.11.25,gauche,Broye - Vully,Rossenges,5684,56,26,0,0,26,1,3.8461538461538463,25,96.15384615384616,46.42857142857143
init_avenir,30.11.25,gauche,Broye - Vully,Syens,5688,89,36,0,0,36,3,8.333333333333332,33,91.66666666666666,40.44943820224719
init_avenir,30.11.25,gauche,Broye - Vully,Trey,5827,204,83,0,0,83,14,16.867469879518072,69,83.13253012048193,40.68627450980392
init_avenir,30.11.25,gauche,Broye - Vully,Treytorrens (Payerne),5828,82,45,0,0,45,5,11.11111111111111,40,88.88888888888889,54.87804878048781
init_avenir,30.11.25,gauche,Broye - Vully,Valbroye,5831,2020,1064,53,1,1010,203,20.0990099009901,807,79.9009900990099,52.67326732673268
init_avenir,30.11.25,gauche,Broye - Vully,Villars-le-Comte,5690,100,51,1,0,50,9,18,41,82,51
init_avenir,30.11.25,gauche,Broye - Vully,Villarzel,5830,321,136,1,0,135,32,23.703703703703706,103,76.29629629629629,42.36760124610592
init_avenir,30.11.25,gauche,Broye - Vully,Vucherens,5692,395,192,2,0,190,49,25.789473684210527,141,74.21052631578947,48.60759493670886
init_avenir,30.11.25,gauche,Broye - Vully,Vulliens,5803,420,214,4,0,210,35,16.666666666666664,175,83.33333333333334,50.95238095238095
init_avenir,30.11.25,gauche,Broye - Vully,Vully-les-Lacs,5464,2396,974,10,1,963,200,20.768431983385256,763,79.23156801661474,40.651085141903174
init_avenir,30.11.25,gauche,Gros-de-Vaud,Assens,5511,1147,534,6,0,528,89,16.856060606060606,439,83.14393939393939,46.556233653007844
init_avenir,30.11.25,gauche,Gros-de-Vaud,Bercher,5512,893,408,4,0,404,93,23.01980198019802,311,76.98019801980197,45.68868980963046
init_avenir,30.11.25,gauche,Gros-de-Vaud,Bettens,5471,410,186,4,0,182,36,19.78021978021978,146,80.21978021978022,45.36585365853659
init_avenir,30.11.25,gauche,Gros-de-Vaud,Bottens,5514,868,310,4,0,306,70,22.875816993464053,236,77.12418300653596,35.714285714285715
init_avenir,30.11.25,gauche,Gros-de-Vaud,Boulens,5661,267,125,3,0,122,32,26.229508196721312,90,73.77049180327869,46.81647940074906
init_avenir,30.11.25,gauche,Gros-de-Vaud,Bournens,5472,376,152,0,0,152,21,13.815789473684212,131,86.18421052631578,40.42553191489361
init_avenir,30.11.25,gauche,Gros-de-Vaud,Boussens,5473,654,343,4,0,339,87,25.663716814159294,252,74.33628318584071,52.44648318042814
init_avenir,30.11.25,gauche,Gros-de-Vaud,Bretigny-sur-Morrens,5515,551,244,3,0,241,74,30.70539419087137,167,69.29460580912863,44.283121597096184
init_avenir,30.11.25,gauche,Gros-de-Vaud,Cugy VD,5516,1686,759,14,3,742,213,28.706199460916444,529,71.29380053908356,45.01779359430605
init_avenir,30.11.25,gauche,Gros-de-Vaud,Daillens,5480,699,338,7,0,331,81,24.47129909365559,250,75.52870090634441,48.354792560801144
init_avenir,30.11.25,gauche,Gros-de-Vaud,Echallens,5518,4080,1709,29,0,1680,431,25.6547619047619,1249,74.3452380952381,41.88725490196079
init_avenir,30.11.25,gauche,Gros-de-Vaud,Essertines-sur-Yverdon,5520,743,303,4,0,299,67,22.40802675585284,232,77.59197324414716,40.780619111709285
init_avenir,30.11.25,gauche,Gros-de-Vaud,Etagnières,5521,731,345,6,0,339,94,27.728613569321535,245,72.27138643067846,47.19562243502052
init_avenir,30.11.25,gauche,Gros-de-Vaud,Fey,5522,535,240,6,0,234,50,21.367521367521366,184,78.63247863247864,44.85981308411215
init_avenir,30.11.25,gauche,Gros-de-Vaud,Froideville,5523,1721,829,16,0,813,171,21.033210332103323,642,78.96678966789668,48.169668797210925
init_avenir,30.11.25,gauche,Gros-de-Vaud,Goumoëns,5541,796,398,11,0,387,99,25.581395348837212,288,74.4186046511628,50
init_avenir,30.11.25,gauche,Gros-de-Vaud,Jorat-Menthue,5804,1014,440,5,1,434,95,21.889400921658986,339,78.11059907834101,43.39250493096647
init_avenir,30.11.25,gauche,Gros-de-Vaud,Lussery-Villars,5487,321,119,1,2,116,37,31.896551724137932,79,68.10344827586206,37.07165109034268
init_avenir,30.11.25,gauche,Gros-de-Vaud,Mex VD,5489,493,210,0,0,210,31,14.761904761904763,179,85.23809523809524,42.59634888438134
init_avenir,30.11.25,gauche,Gros-de-Vaud,Montanaire,5693,1929,838,14,0,824,194,23.54368932038835,630,76.45631067961165,43.44219803006739
init_avenir,30.11.25,gauche,Gros-de-Vaud,Montilliez,5540,1257,585,8,0,577,113,19.584055459272097,464,80.4159445407279,46.53937947494033
init_avenir,30.11.25,gauche,Gros-de-Vaud,Morrens VD,5527,761,368,3,0,365,76,20.82191780821918,289,79.17808219178082,48.35742444152431
init_avenir,30.11.25,gauche,Gros-de-Vaud,Ogens,5680,218,97,1,0,96,31,32.29166666666667,65,67.70833333333334,44.4954128440367
init_avenir,30.11.25,gauche,Gros-de-Vaud,Oppens,5923,123,52,2,0,50,16,32,34,68,42.27642276422765
init_avenir,30.11.25,gauche,Gros-de-Vaud,Oulens-sous-Echallens,5529,418,217,1,2,214,29,13.551401869158877,185,86.44859813084112,51.91387559808612
init_avenir,30.11.25,gauche,Gros-de-Vaud,Pailly,5530,385,205,0,0,205,35,17.073170731707318,170,82.92682926829268,53.246753246753244
init_avenir,30.11.25,gauche,Gros-de-Vaud,Penthalaz,5495,1836,783,11,1,771,197,25.551232166018156,574,74.44876783398185,42.64705882352941
init_avenir,30.11.25,gauche,Gros-de-Vaud,Penthaz,5496,1114,468,5,0,463,94,20.302375809935207,369,79.6976241900648,42.010771992818675
init_avenir,30.11.25,gauche,Gros-de-Vaud,Penthéréaz,5531,323,140,1,0,139,26,18.705035971223023,113,81.29496402877699,43.343653250774
init_avenir,30.11.25,gauche,Gros-de-Vaud,Poliez-Pittet,5533,543,236,0,0,236,31,13.135593220338984,205,86.86440677966102,43.462246777163905
init_avenir,30.11.25,gauche,Gros-de-Vaud,Rueyres,5534,214,126,0,0,126,29,23.015873015873016,97,76.98412698412699,58.87850467289719
init_avenir,30.11.25,gauche,Gros-de-Vaud,Saint-Barthélemy VD,5535,536,264,3,0,261,32,12.260536398467432,229,87.73946360153256,49.25373134328358
init_avenir,30.11.25,gauche,Gros-de-Vaud,Sullens,5501,766,348,4,0,344,55,15.988372093023257,289,84.01162790697676,45.43080939947781
init_avenir,30.11.25,gauche,Gros-de-Vaud,Villars-le-Terroir,5537,893,361,7,0,354,59,16.666666666666664,295,83.33333333333334,40.42553191489361
init_avenir,30.11.25,gauche,Gros-de-Vaud,Vuarrens,5539,712,327,7,0,320,67,20.9375,253,79.0625,45.92696629213483
init_avenir,30.11.25,gauche,Gros-de-Vaud,Vufflens-la-Ville,5503,899,439,9,0,430,106,24.651162790697676,324,75.34883720930232,48.83203559510567
init_avenir,30.11.25,gauche,Yverdon,Agiez,5742,234,106,4,0,102,22,21.568627450980394,80,78.43137254901961,45.2991452991453
init_avenir,30.11.25,gauche,Yverdon,Arnex-sur-Orbe,5743,472,224,0,0,224,72,32.142857142857146,152,67.85714285714286,47.45762711864407
init_avenir,30.11.25,gauche,Yverdon,Ballaigues,5744,723,323,9,0,314,79,25.159235668789808,235,74.84076433121018,44.67496542185339
init_avenir,30.11.25,gauche,Yverdon,Baulmes,5745,770,334,5,0,329,127,38.60182370820669,202,61.39817629179332,43.37662337662337
init_avenir,30.11.25,gauche,Yverdon,Bavois,5746,703,271,4,0,267,72,26.96629213483146,195,73.03370786516854,38.54907539118065
init_avenir,30.11.25,gauche,Yverdon,Belmont-sur-Yverdon,5902,308,148,1,4,143,29,20.27972027972028,114,79.72027972027972,48.05194805194805
init_avenir,30.11.25,gauche,Yverdon,Bioley-Magnoux,5903,185,84,0,0,84,16,19.047619047619047,68,80.95238095238095,45.40540540540541
init_avenir,30.11.25,gauche,Yverdon,Bofflens,5747,152,84,2,0,82,23,28.04878048780488,59,71.95121951219512,55.26315789473685
init_avenir,30.11.25,gauche,Yverdon,Bonvillars,5551,384,194,3,0,191,46,24.083769633507853,145,75.91623036649214,50.520833333333336
init_avenir,30.11.25,gauche,Yverdon,Bretonnières,5748,193,103,1,0,102,30,29.411764705882355,72,70.58823529411765,53.36787564766839
init_avenir,30.11.25,gauche,Yverdon,Bullet,5552,521,252,3,5,244,56,22.950819672131146,188,77.04918032786885,48.368522072936656
init_avenir,30.11.25,gauche,Yverdon,Chamblon,5904,391,197,1,2,194,40,20.618556701030926,154,79.38144329896907,50.38363171355499
init_avenir,30.11.25,gauche,Yverdon,Champagne,5553,723,282,1,0,281,58,20.640569395017792,223,79.35943060498221,39.004149377593365
init_avenir,30.11.25,gauche,Yverdon,Champvent,5905,457,185,4,0,181,47,25.96685082872928,134,74.03314917127072,40.48140043763676
init_avenir,30.11.25,gauche,Yverdon,Chavannes-le-Chêne,5907,231,94,3,0,91,12,13.186813186813188,79,86.81318681318682,40.692640692640694
init_avenir,30.11.25,gauche,Yverdon,Chavornay,5749,3099,1207,15,0,1192,292,24.496644295302016,900,75.50335570469798,38.94804775734107
init_avenir,30.11.25,gauche,Yverdon,Cheseaux-Noréaz,5909,513,259,7,4,248,48,19.35483870967742,200,80.64516129032258,50.487329434697855
init_avenir,30.11.25,gauche,Yverdon,Chêne-Pâquier,5908,105,52,0,0,52,15,28.846153846153843,37,71.15384615384616,49.523809523809526
init_avenir,30.11.25,gauche,Yverdon,Concise,5554,678,293,4,1,288,89,30.90277777777778,199,69.09722222222221,43.21533923303835
init_avenir,30.11.25,gauche,Yverdon,Corcelles-près-Concise,5555,297,138,3,0,135,25,18.51851851851852,110,81.48148148148148,46.464646464646464
init_avenir,30.11.25,gauche,Yverdon,Cronay,5910,315,170,4,0,166,41,24.69879518072289,125,75.30120481927712,53.96825396825397
init_avenir,30.11.25,gauche,Yverdon,Croy,5752,298,137,2,0,135,57,42.22222222222222,78,57.77777777777777,45.97315436241611
init_avenir,30.11.25,gauche,Yverdon,Cuarny,5911,173,86,1,0,85,11,12.941176470588237,74,87.05882352941177,49.71098265895954
init_avenir,30.11.25,gauche,Yverdon,Donneloye,5913,604,253,5,0,248,60,24.193548387096776,188,75.80645161290323,41.88741721854304
init_avenir,30.11.25,gauche,Yverdon,Démoret,5912,130,70,0,0,70,16,22.857142857142858,54,77.14285714285715,53.84615384615385
init_avenir,30.11.25,gauche,Jura - Nord vaudois,Ependes VD,5914,236,107,0,0,107,18,16.822429906542055,89,83.17757009345794,45.33898305084746
init_avenir,30.11.25,gauche,Yverdon,Fiez,5556,326,153,4,0,149,52,34.899328859060404,97,65.1006711409396,46.93251533742331
init_avenir,30.11.25,gauche,Yverdon,Fontaines-sur-Grandson,5557,157,64,1,0,63,16,25.396825396825395,47,74.60317460317461,40.76433121019109
init_avenir,30.11.25,gauche,Yverdon,Giez,5559,315,129,2,0,127,31,24.409448818897637,96,75.59055118110236,40.95238095238095
init_avenir,30.11.25,gauche,Yverdon,Grandevent,5560,161,92,0,0,92,30,32.608695652173914,62,67.3913043478261,57.14285714285714
init_avenir,30.11.25,gauche,Yverdon,Grandson,5561,2218,933,20,0,913,260,28.477546549835708,653,71.52245345016429,42.064923354373306
init_avenir,30.11.25,gauche,Yverdon,Juriens,5754,255,128,5,0,123,23,18.69918699186992,100,81.30081300813008,50.19607843137255
init_avenir,30.11.25,gauche,La Vallée,L'Abbaye,5871,1071,509,9,7,493,135,27.38336713995943,358,72.61663286004057,47.52567693744164
init_avenir,30.11.25,gauche,Yverdon,L'Abergement,5741,197,122,2,0,120,37,30.833333333333336,83,69.16666666666667,61.92893401015228
init_avenir,30.11.25,gauche,Yverdon,La Praz,5758,143,78,3,0,75,29,38.666666666666664,46,61.33333333333333,54.54545454545454
init_avenir,30.11.25,gauche,La Vallée,Le Chenit,5872,2806,1169,30,0,1139,322,28.270412642669008,817,71.729587357331,41.660727013542406
init_avenir,30.11.25,gauche,La Vallée,Le Lieu,5873,636,318,5,0,313,104,33.22683706070288,209,66.77316293929712,50
init_avenir,30.11.25,gauche,Yverdon,Les Clées,5750,137,60,2,0,58,20,34.48275862068966,38,65.51724137931035,43.79562043795621
init_avenir,30.11.25,gauche,Yverdon,Lignerolle,5755,275,135,2,3,130,22,16.923076923076923,108,83.07692307692308,49.09090909090909
init_avenir,30.11.25,gauche,Yverdon,Mathod,5919,472,181,5,0,176,53,30.113636363636363,123,69.88636363636364,38.347457627118644
init_avenir,30.11.25,gauche,Yverdon,Mauborget,5562,97,59,2,0,57,16,28.07017543859649,41,71.9298245614035,60.824742268041234
init_avenir,30.11.25,gauche,Yverdon,Molondin,5921,170,82,3,0,79,12,15.18987341772152,67,84.81012658227847,48.23529411764706
init_avenir,30.11.25,gauche,Yverdon,Montagny-près-Yverdon,5922,516,231,4,0,227,50,22.026431718061673,177,77.97356828193833,44.76744186046512
init_avenir,30.11.25,gauche,Yverdon,Montcherand,5756,338,172,0,0,172,31,18.023255813953487,141,81.97674418604652,50.887573964497044
init_avenir,30.11.25,gauche,Yverdon,Mutrux,5563,99,35,0,0,35,11,31.428571428571427,24,68.57142857142857,35.35353535353536
init_avenir,30.11.25,gauche,Yverdon,Novalles,5564,74,39,1,0,38,4,10.526315789473683,34,89.47368421052632,52.702702702702695
init_avenir,30.11.25,gauche,Jura - Nord vaudois,Onnens VD,5565,362,151,3,0,148,33,22.2972972972973,115,77.7027027027027,41.71270718232044
init_avenir,30.11.25,gauche,Yverdon,Orbe,5757,4113,1451,26,2,1423,397,27.898805340829234,1026,72.10119465917076,35.27838560661318
init_avenir,30.11.25,gauche,Yverdon,Orges,5924,284,124,1,0,123,28,22.76422764227642,95,77.23577235772358,43.66197183098591
init_avenir,30.11.25,gauche,Yverdon,Orzens,5925,153,90,2,2,86,24,27.906976744186046,62,72.09302325581395,58.82352941176471
init_avenir,30.11.25,gauche,Yverdon,Pomy,5926,616,266,2,0,264,48,18.181818181818183,216,81.81818181818183,43.18181818181818
init_avenir,30.11.25,gauche,Yverdon,Premier,5759,166,85,0,1,84,24,28.57142857142857,60,71.42857142857143,51.204819277108435
init_avenir,30.11.25,gauche,Yverdon,Provence,5566,305,119,4,0,115,31,26.956521739130434,84,73.04347826086956,39.01639344262295
init_avenir,30.11.25,gauche,Yverdon,Rances,5760,366,196,0,0,196,54,27.55102040816326,142,72.44897959183673,53.551912568306015
init_avenir,30.11.25,gauche,Yverdon,Romainmôtier-Envy,5761,384,158,4,1,153,75,49.01960784313725,78,50.98039215686274,41.14583333333333
init_avenir,30.11.25,gauche,Yverdon,Rovray,5928,130,74,0,0,74,12,16.216216216216218,62,83.78378378378379,56.92307692307692
init_avenir,30.11.25,gauche,Yverdon,Sainte-Croix,5568,3287,1308,18,1,1289,394,30.56633048875097,895,69.43366951124904,39.79312442957104
init_avenir,30.11.25,gauche,Yverdon,Sergey,5762,113,55,0,0,55,15,27.27272727272727,40,72.72727272727273,48.67256637168141
init_avenir,30.11.25,gauche,Yverdon,Suchy,5929,417,193,2,0,191,50,26.17801047120419,141,73.82198952879581,46.28297362110312
init_avenir,30.11.25,gauche,Yverdon,Suscévaz,5930,156,80,1,0,79,17,21.518987341772153,62,78.48101265822784,51.28205128205128
init_avenir,30.11.25,gauche,Yverdon,Treycovagnes,5931,333,122,2,0,120,30,25,90,75,36.63663663663664
init_avenir,30.11.25,gauche,Yverdon,Tévenon,5571,577,275,5,0,270,94,34.81481481481482,176,65.18518518518519,47.66031195840554
init_avenir,30.11.25,gauche,Yverdon,Ursins,5932,151,79,2,0,77,12,15.584415584415584,65,84.4155844155844,52.317880794701985
init_avenir,30.11.25,gauche,Yverdon,Valeyres-sous-Montagny,5933,478,200,4,0,196,42,21.428571428571427,154,78.57142857142857,41.84100418410041
init_avenir,30.11.25,gauche,Yverdon,Valeyres-sous-Rances,5763,390,173,3,1,169,35,20.710059171597635,134,79.28994082840237,44.35897435897436
init_avenir,30.11.25,gauche,Yverdon,Valeyres-sous-Ursins,5934,184,102,2,0,100,36,36,64,64,55.434782608695656
init_avenir,30.11.25,gauche,Yverdon,Vallorbe,5764,2229,768,6,1,761,187,24.57293035479632,574,75.42706964520369,34.45491251682369
init_avenir,30.11.25,gauche,Yverdon,Vaulion,5765,342,156,3,0,153,34,22.22222222222222,119,77.77777777777779,45.614035087719294
init_avenir,30.11.25,gauche,Yverdon,Villars-Epeney,5935,69,38,0,0,38,8,21.052631578947366,30,78.94736842105263,55.072463768115945
init_avenir,30.11.25,gauche,Yverdon,Vugelles-La Mothe,5937,95,44,1,0,43,10,23.25581395348837,33,76.74418604651163,46.31578947368421
init_avenir,30.11.25,gauche,Yverdon,Vuiteboeuf,5766,392,152,1,0,151,35,23.178807947019866,116,76.82119205298014,38.775510204081634
init_avenir,30.11.25,gauche,Yverdon,Yverdon-les-Bains,5938,15007,5562,116,2,5444,1897,34.845701689933875,3547,65.15429831006612,37.06270407143333
init_avenir,30.11.25,gauche,Yverdon,Yvonand,5939,2360,1000,15,0,985,273,27.715736040609134,712,72.28426395939086,42.3728813559322
init_avenir,30.11.25,gauche,Romanel,Cheseaux-sur-Lausanne,5582,2931,1308,23,1,1284,332,25.85669781931464,952,74.14330218068535,44.626407369498466
init_avenir,30.11.25,gauche,Romanel,Epalinges,5584,5497,2624,57,1,2566,702,27.35775526110678,1864,72.64224473889321,47.735128251773695
init_avenir,30.11.25,gauche,Romanel,Jouxtens-Mézery,5585,961,566,9,0,557,127,22.800718132854577,430,77.19928186714542,58.89698231009365
init_avenir,30.11.25,gauche,Lausanne-Ville,Lausanne,5586,68107,26052,486,12,25554,12201,47.74594975346325,13353,52.25405024653674,38.25157472800152
init_avenir,30.11.25,gauche,Romanel,Le Mont-sur-Lausanne,5587,5343,2236,40,0,2196,616,28.051001821493628,1580,71.94899817850637,41.84914841849148
init_avenir,30.11.25,gauche,Romanel,Romanel-sur-Lausanne,5592,2463,1014,16,0,998,259,25.951903807615228,739,74.04809619238478,41.169305724725945
init_avenir,30.11.25,gauche,Lavaux - Oron,Belmont-sur-Lausanne,5581,2370,1120,26,0,1094,246,22.486288848263253,848,77.51371115173674,47.257383966244724
init_avenir,30.11.25,gauche,Lavaux - Oron,Bourg-en-Lavaux,5613,3598,1827,27,1,1799,527,29.294052251250697,1272,70.70594774874931,50.778210116731515
init_avenir,30.11.25,gauche,Lavaux - Oron,Chexbres,5601,1423,660,8,14,638,183,28.683385579937305,455,71.31661442006269,46.380885453267744
init_avenir,30.11.25,gauche,Lavaux - Oron,Forel (Lavaux),5604,1321,639,8,1,630,136,21.58730158730159,494,78.41269841269842,48.37244511733535
init_avenir,30.11.25,gauche,Lavaux - Oron,Jorat-Mézières,5806,2135,956,20,0,936,246,26.282051282051285,690,73.71794871794873,44.77751756440281
init_avenir,30.11.25,gauche,Lavaux - Oron,Lutry,5606,6497,3151,53,0,3098,667,21.530019367333765,2431,78.46998063266624,48.499307372633524
init_avenir,30.11.25,gauche,Lavaux - Oron,Maracon,5790,384,192,2,0,190,56,29.47368421052631,134,70.52631578947368,50
init_avenir,30.11.25,gauche,Lavaux - Oron,Montpreveyres,5792,421,183,4,0,179,52,29.05027932960894,127,70.94972067039106,43.46793349168646
init_avenir,30.11.25,gauche,Lavaux - Oron,Oron,5805,3810,1613,28,0,1585,484,30.536277602523658,1101,69.46372239747633,42.33595800524934
init_avenir,30.11.25,gauche,Lavaux - Oron,Paudex,5588,810,395,6,10,379,99,26.121372031662272,280,73.87862796833772,48.76543209876543
init_avenir,30.11.25,gauche,Lavaux - Oron,Puidoux,5607,1665,730,17,0,713,174,24.403927068723704,539,75.5960729312763,43.84384384384384
init_avenir,30.11.25,gauche,Lavaux - Oron,Pully,5590,10883,5215,84,3,5128,1433,27.94461778471139,3695,72.05538221528862,47.918772397316914
init_avenir,30.11.25,gauche,Lavaux - Oron,Rivaz,5609,243,143,4,0,139,46,33.093525179856115,93,66.90647482014388,58.8477366255144
init_avenir,30.11.25,gauche,Lavaux - Oron,Saint-Saphorin (Lavaux),5610,266,139,2,0,137,46,33.57664233576642,91,66.42335766423358,52.255639097744364
init_avenir,30.11.25,gauche,Lavaux - Oron,Savigny,5611,2222,1096,19,0,1077,252,23.398328690807798,825,76.6016713091922,49.32493249324932
init_avenir,30.11.25,gauche,Lavaux - Oron,Servion,5799,1440,647,13,0,634,160,25.236593059936908,474,74.76340694006309,44.93055555555556
init_avenir,30.11.25,gauche,Morges,Aclens,5621,357,167,3,0,164,46,28.04878048780488,118,71.95121951219512,46.778711484593835
init_avenir,30.11.25,gauche,Morges,Allaman,5851,250,116,0,0,116,24,20.689655172413794,92,79.3103448275862,46.400000000000006
init_avenir,30.11.25,gauche,Morges,Aubonne,5422,2132,994,20,0,974,232,23.81930184804928,742,76.18069815195072,46.62288930581614
init_avenir,30.11.25,gauche,Morges,Ballens,5423,374,205,2,0,203,44,21.67487684729064,159,78.32512315270937,54.81283422459893
init_avenir,30.11.25,gauche,Morges,Berolle,5424,200,97,3,0,94,22,23.404255319148938,72,76.59574468085107,48.5
init_avenir,30.11.25,gauche,Morges,Bière,5425,901,376,8,2,366,77,21.03825136612022,289,78.96174863387978,41.731409544950054
init_avenir,30.11.25,gauche,Morges,Bougy-Villars,5426,305,149,1,0,148,25,16.89189189189189,123,83.1081081081081,48.85245901639344
init_avenir,30.11.25,gauche,Morges,Bremblens,5622,408,211,3,0,208,39,18.75,169,81.25,51.71568627450981
init_avenir,30.11.25,gauche,Morges,Buchillon,5623,430,241,2,0,239,47,19.665271966527197,192,80.3347280334728,56.04651162790698
init_avenir,30.11.25,gauche,Morges,Chavannes-le-Veyron,5475,108,57,2,0,55,15,27.27272727272727,40,72.72727272727273,52.77777777777778
init_avenir,30.11.25,gauche,Morges,Chevilly,5476,231,125,3,0,122,25,20.491803278688526,97,79.50819672131148,54.112554112554115
init_avenir,30.11.25,gauche,Morges,Chigny,5628,248,144,3,0,141,38,26.95035460992908,103,73.04964539007092,58.06451612903226
init_avenir,30.11.25,gauche,Morges,Clarmont,5629,139,65,1,0,64,12,18.75,52,81.25,46.76258992805755
init_avenir,30.11.25,gauche,Morges,Cossonay,5477,2935,1295,25,0,1270,377,29.68503937007874,893,70.31496062992126,44.122657580919935
init_avenir,30.11.25,gauche,Morges,Cuarnens,5479,368,184,0,0,184,35,19.021739130434785,149,80.97826086956522,50
init_avenir,30.11.25,gauche,Morges,Denens,5631,494,259,4,0,255,47,18.43137254901961,208,81.56862745098039,52.42914979757085
init_avenir,30.11.25,gauche,Morges,Denges,5632,998,472,3,0,469,165,35.18123667377399,304,64.81876332622602,47.29458917835671
init_avenir,30.11.25,gauche,Morges,Dizy,5481,164,73,1,0,72,22,30.555555555555557,50,69.44444444444444,44.51219512195122
init_avenir,30.11.25,gauche,Morges,Echandens,5633,1708,827,17,0,810,163,20.123456790123456,647,79.87654320987654,48.4192037470726
init_avenir,30.11.25,gauche,Morges,Echichens,5634,2031,986,17,1,968,201,20.764462809917354,767,79.23553719008265,48.547513540128016
init_avenir,30.11.25,gauche,Morges,Eclépens,5482,715,335,1,0,334,76,22.75449101796407,258,77.24550898203593,46.85314685314685
init_avenir,30.11.25,gauche,Morges,Etoy,5636,1700,765,12,0,753,205,27.224435590969453,548,72.77556440903055,45
init_avenir,30.11.25,gauche,Morges,Ferreyres,5483,221,115,0,0,115,40,34.78260869565217,75,65.21739130434783,52.03619909502263
init_avenir,30.11.25,gauche,Morges,Féchy,5427,506,282,5,1,276,46,16.666666666666664,230,83.33333333333334,55.73122529644269
init_avenir,30.11.25,gauche,Morges,Gimel,5428,1364,549,12,0,537,114,21.22905027932961,423,78.77094972067039,40.24926686217009
init_avenir,30.11.25,gauche,Morges,Gollion,5484,703,324,6,0,318,57,17.92452830188679,261,82.0754716981132,46.088193456614505
init_avenir,30.11.25,gauche,Morges,Grancy,5485,333,170,0,0,170,33,19.411764705882355,137,80.58823529411765,51.051051051051054
init_avenir,30.11.25,gauche,Morges,Hautemorges,5656,2845,1291,25,0,1266,354,27.96208530805687,912,72.03791469194313,45.37785588752197
init_avenir,30.11.25,gauche,Morges,L'Isle,5486,755,337,8,0,329,103,31.30699088145897,226,68.69300911854104,44.63576158940397
init_avenir,30.11.25,gauche,Morges,La Chaux (Cossonay),5474,285,139,4,0,135,33,24.444444444444443,102,75.55555555555556,48.771929824561404
init_avenir,30.11.25,gauche,Morges,La Sarraz,5498,1475,577,12,0,565,175,30.973451327433626,390,69.02654867256636,39.11864406779661
init_avenir,30.11.25,gauche,Morges,Lavigny,5637,601,283,7,0,276,62,22.463768115942027,214,77.53623188405797,47.088186356073216
init_avenir,30.11.25,gauche,Morges,Lonay,5638,1770,836,7,18,811,175,21.57829839704069,636,78.42170160295932,47.2316384180791
init_avenir,30.11.25,gauche,Morges,Lully VD,5639,544,282,7,0,275,69,25.09090909090909,206,74.90909090909092,51.83823529411765
init_avenir,30.11.25,gauche,Morges,Lussy-sur-Morges,5640,448,234,2,0,232,58,25,174,75,52.23214285714286
init_avenir,30.11.25,gauche,Morges,Mauraz,5488,40,24,1,0,23,11,47.82608695652174,12,52.17391304347826,60
init_avenir,30.11.25,gauche,Morges,Moiry VD,5490,216,117,3,0,114,54,47.368421052631575,60,52.63157894736842,54.166666666666664
init_avenir,30.11.25,gauche,Morges,Mollens VD,5431,219,97,1,0,96,20,20.833333333333336,76,79.16666666666666,44.29223744292237
init_avenir,30.11.25,gauche,Morges,Mont-la-Ville,5491,331,160,0,0,160,33,20.625,127,79.375,48.338368580060425
init_avenir,30.11.25,gauche,Morges,Montricher,5492,648,324,5,1,318,83,26.10062893081761,235,73.89937106918238,50
init_avenir,30.11.25,gauche,Morges,Morges,5642,9154,4010,85,0,3925,1307,33.29936305732485,2618,66.70063694267516,43.80598645400918
init_avenir,30.11.25,gauche,Morges,Orny,5493,334,141,1,0,140,53,37.857142857142854,87,62.142857142857146,42.21556886227545
init_avenir,30.11.25,gauche,Morges,Pompaples,5497,520,221,5,0,216,61,28.240740740740737,155,71.75925925925925,42.5
init_avenir,30.11.25,gauche,Morges,Préverenges,5643,2928,1255,14,1,1240,327,26.370967741935488,913,73.62903225806451,42.8620218579235
init_avenir,30.11.25,gauche,Morges,Romanel-sur-Morges,5645,324,162,0,0,162,29,17.901234567901234,133,82.09876543209876,50
init_avenir,30.11.25,gauche,Morges,Saint-Livres,5435,479,240,4,3,233,75,32.18884120171674,158,67.81115879828327,50.10438413361169
init_avenir,30.11.25,gauche,Morges,Saint-Oyens,5436,296,153,2,1,150,32,21.333333333333336,118,78.66666666666666,51.689189189189186
init_avenir,30.11.25,gauche,Morges,Saint-Prex,5646,3031,1399,24,3,1372,286,20.845481049562682,1086,79.1545189504373,46.156384031672715
init_avenir,30.11.25,gauche,Morges,Saubraz,5437,254,106,2,0,104,28,26.923076923076923,76,73.07692307692307,41.732283464566926
init_avenir,30.11.25,gauche,Morges,Senarclens,5499,318,158,1,0,157,28,17.8343949044586,129,82.16560509554141,49.685534591194966
init_avenir,30.11.25,gauche,Morges,Tolochenaz,5649,1073,573,18,1,554,150,27.075812274368232,404,72.92418772563177,53.40167753960857
init_avenir,30.11.25,gauche,Morges,Vaux-sur-Morges,5650,130,73,2,0,71,13,18.30985915492958,58,81.69014084507043,56.15384615384615
init_avenir,30.11.25,gauche,Morges,Villars-sous-Yens,5652,385,195,1,0,194,57,29.381443298969074,137,70.61855670103093,50.649350649350644
init_avenir,30.11.25,gauche,Morges,Vufflens-le-Château,5653,567,333,7,8,318,58,18.238993710691823,260,81.76100628930818,58.730158730158735
init_avenir,30.11.25,gauche,Morges,Vullierens,5654,364,178,2,0,176,44,25,132,75,48.9010989010989
init_avenir,30.11.25,gauche,Morges,Yens,5655,900,441,5,0,436,152,34.862385321100916,284,65.13761467889908,49
init_avenir,30.11.25,gauche,Nyon,Arnex-sur-Nyon,5701,179,72,0,0,72,15,20.833333333333336,57,79.16666666666666,40.22346368715084
init_avenir,30.11.25,gauche,Nyon,Arzier - Le Muids,5702,1721,873,16,0,857,154,17.96966161026838,703,82.03033838973163,50.72632190586867
init_avenir,30.11.25,gauche,Nyon,Bassins,5703,884,437,9,0,428,94,21.962616822429908,334,78.03738317757009,49.43438914027149
init_avenir,30.11.25,gauche,Nyon,Begnins,5704,1215,543,4,0,539,107,19.851576994434136,432,80.14842300556586,44.69135802469136
init_avenir,30.11.25,gauche,Nyon,Bogis-Bossey,5705,493,247,2,0,245,36,14.69387755102041,209,85.3061224489796,50.10141987829615
init_avenir,30.11.25,gauche,Nyon,Borex,5706,684,344,3,0,341,55,16.129032258064516,286,83.87096774193549,50.29239766081871
init_avenir,30.11.25,gauche,Nyon,Bursinel,5852,311,154,2,0,152,28,18.421052631578945,124,81.57894736842105,49.51768488745981
init_avenir,30.11.25,gauche,Nyon,Bursins,5853,487,223,1,0,222,52,23.423423423423422,170,76.57657657657657,45.790554414784395
init_avenir,30.11.25,gauche,Nyon,Burtigny,5854,251,118,2,0,116,30,25.862068965517242,86,74.13793103448276,47.01195219123506
init_avenir,30.11.25,gauche,Nyon,Chavannes-de-Bogis,5707,671,295,2,0,293,47,16.040955631399317,246,83.95904436860067,43.96423248882265
init_avenir,30.11.25,gauche,Nyon,Chavannes-des-Bois,5708,483,231,0,0,231,41,17.74891774891775,190,82.25108225108225,47.82608695652174
init_avenir,30.11.25,gauche,Nyon,Chéserex,5709,772,419,5,1,413,72,17.433414043583532,341,82.56658595641646,54.274611398963735
init_avenir,30.11.25,gauche,Nyon,Coinsins,5710,330,163,2,0,161,33,20.496894409937887,128,79.5031055900621,49.3939393939394
init_avenir,30.11.25,gauche,Nyon,Commugny,5711,1467,733,5,0,728,109,14.972527472527473,619,85.02747252747253,49.96591683708248
init_avenir,30.11.25,gauche,Nyon,Coppet,5712,1646,815,10,0,805,125,15.527950310559005,680,84.472049689441,49.51397326852977
init_avenir,30.11.25,gauche,Nyon,Crans,5713,1365,694,5,0,689,105,15.239477503628446,584,84.76052249637155,50.84249084249084
init_avenir,30.11.25,gauche,Nyon,Crassier,5714,737,361,2,4,355,57,16.056338028169016,298,83.94366197183099,48.98236092265943
init_avenir,30.11.25,gauche,Nyon,Duillier,5715,690,323,6,0,317,49,15.457413249211358,268,84.54258675078864,46.81159420289855
init_avenir,30.11.25,gauche,Nyon,Dully,5855,362,188,0,0,188,64,34.04255319148936,124,65.95744680851064,51.93370165745856
init_avenir,30.11.25,gauche,Nyon,Essertines-sur-Rolle,5856,445,240,2,0,238,45,18.907563025210084,193,81.09243697478992,53.93258426966292
init_avenir,30.11.25,gauche,Nyon,Eysins,5716,973,458,11,0,447,85,19.015659955257274,362,80.98434004474274,47.07091469681398
init_avenir,30.11.25,gauche,Nyon,Founex,5717,1761,858,13,0,845,141,16.68639053254438,704,83.31360946745562,48.722316865417376
init_avenir,30.11.25,gauche,Nyon,Genolier,5718,1199,640,3,22,615,96,15.609756097560975,519,84.39024390243902,53.377814845704755
init_avenir,30.11.25,gauche,Nyon,Gilly,5857,829,417,2,0,415,77,18.55421686746988,338,81.44578313253012,50.3015681544029
init_avenir,30.11.25,gauche,Nyon,Gingins,5719,784,414,6,1,407,84,20.638820638820636,323,79.36117936117935,52.806122448979586
init_avenir,30.11.25,gauche,Nyon,Givrins,5720,691,363,6,0,357,72,20.168067226890756,285,79.83193277310924,52.532561505065125
init_avenir,30.11.25,gauche,Nyon,Gland,5721,7266,3008,50,0,2958,660,22.31237322515213,2298,77.68762677484787,41.39829342141481
init_avenir,30.11.25,gauche,Nyon,Grens,5722,258,134,3,0,131,43,32.82442748091603,88,67.17557251908397,51.93798449612403
init_avenir,30.11.25,gauche,Nyon,La Rippe,5726,730,343,4,0,339,66,19.469026548672566,273,80.53097345132744,46.986301369863014
init_avenir,30.11.25,gauche,Nyon,Le Vaud,5731,897,457,11,0,446,94,21.076233183856502,352,78.9237668161435,50.94760312151616
init_avenir,30.11.25,gauche,Nyon,Longirod,5429,363,164,7,0,157,35,22.29299363057325,122,77.70700636942675,45.17906336088154
init_avenir,30.11.25,gauche,Nyon,Luins,5858,341,185,1,0,184,28,15.217391304347828,156,84.78260869565217,54.252199413489734
init_avenir,30.11.25,gauche,Nyon,Marchissy,5430,334,157,2,0,155,33,21.29032258064516,122,78.70967741935485,47.00598802395209
init_avenir,30.11.25,gauche,Nyon,Mies,5723,1081,523,3,0,520,84,16.153846153846153,436,83.84615384615385,48.381128584643854
init_avenir,30.11.25,gauche,Nyon,Mont-sur-Rolle,5859,1605,736,7,0,729,155,21.262002743484228,574,78.73799725651578,45.85669781931464
init_avenir,30.11.25,gauche,Nyon,Nyon,5724,11423,4737,78,6,4653,1501,32.25875779067268,3152,67.74124220932731,41.46896612098398
init_avenir,30.11.25,gauche,Nyon,Perroy,5860,907,450,11,1,438,70,15.981735159817351,368,84.01826484018264,49.61411245865491
init_avenir,30.11.25,gauche,Nyon,Prangins,5725,2418,1220,24,0,1196,267,22.324414715719062,929,77.67558528428094,50.454921422663354
init_avenir,30.11.25,gauche,Nyon,Rolle,5861,3129,1365,22,0,1343,379,28.22040208488459,964,71.77959791511542,43.624161073825505
init_avenir,30.11.25,gauche,Nyon,Saint-Cergue,5727,1660,672,2,2,668,159,23.802395209580837,509,76.19760479041916,40.48192771084337
init_avenir,30.11.25,gauche,Nyon,Saint-George,5434,663,288,0,0,288,70,24.305555555555554,218,75.69444444444444,43.43891402714932
init_avenir,30.11.25,gauche,Nyon,Signy-Avenex,5728,361,182,5,0,177,24,13.559322033898304,153,86.4406779661017,50.41551246537396
init_avenir,30.11.25,gauche,Nyon,Tannay,5729,918,496,0,0,496,66,13.306451612903224,430,86.69354838709677,54.03050108932462
init_avenir,30.11.25,gauche,Nyon,Tartegnin,5862,133,69,0,0,69,17,24.637681159420293,52,75.36231884057972,51.8796992481203
init_avenir,30.11.25,gauche,Nyon,Trélex,5730,904,495,10,0,485,99,20.412371134020617,386,79.58762886597938,54.756637168141594
init_avenir,30.11.25,gauche,Nyon,Vich,5732,660,313,11,0,302,64,21.192052980132452,238,78.80794701986756,47.42424242424242
init_avenir,30.11.25,gauche,Nyon,Vinzel,5863,234,117,2,0,115,21,18.26086956521739,94,81.73913043478261,50
init_avenir,30.11.25,gauche,Ouest lausannois,Bussigny,5624,5655,2253,36,0,2217,666,30.040595399188092,1551,69.95940460081191,39.84084880636605
init_avenir,30.11.25,gauche,Ouest lausannois,Chavannes-près-Renens,5627,3648,1076,26,1,1049,423,40.324118207816966,626,59.67588179218303,29.49561403508772
init_avenir,30.11.25,gauche,Ouest lausannois,Crissier,5583,4858,1742,42,3,1697,525,30.936947554507952,1172,69.06305244549205,35.85837793330589
init_avenir,30.11.25,gauche,Ouest lausannois,Ecublens VD,5635,5728,2200,50,1,2149,635,29.548627268496976,1514,70.45137273150303,38.407821229050285
init_avenir,30.11.25,gauche,Ouest lausannois,Prilly,5589,5951,2225,36,1,2188,853,38.9853747714808,1335,61.01462522851919,37.388674172407995
init_avenir,30.11.25,gauche,Ouest lausannois,Renens VD,5591,8746,2737,60,11,2666,1102,41.335333833458364,1564,58.664666166541636,31.294305968442714
init_avenir,30.11.25,gauche,Ouest lausannois,Saint-Sulpice,5648,2277,1188,20,0,1168,258,22.089041095890412,910,77.91095890410958,52.17391304347826
init_avenir,30.11.25,gauche,Ouest lausannois,Villars-Sainte-Croix,5651,563,227,2,0,225,34,15.11111111111111,191,84.88888888888889,40.319715808170514
init_avenir,30.11.25,gauche,Vevey,Blonay - Saint-Légier,5892,7741,3727,58,5,3664,804,21.943231441048034,2860,78.05676855895196,48.146234336649016
init_avenir,30.11.25,gauche,Vevey,Chardonne,5882,2125,1030,18,0,1012,238,23.517786561264824,774,76.48221343873519,48.470588235294116
init_avenir,30.11.25,gauche,Pays-d'Enhaut,Château-d'Oex,5841,2065,813,20,0,793,128,16.14123581336696,665,83.85876418663304,39.370460048426146
init_avenir,30.11.25,gauche,Vevey,Corseaux,5883,1591,721,21,0,700,175,25,525,75,45.3174104336895
init_avenir,30.11.25,gauche,Vevey,Corsier-sur-Vevey,5884,1927,819,10,0,809,246,30.407911001236094,563,69.5920889987639,42.50129735339907
init_avenir,30.11.25,gauche,Vevey,Jongny,5885,1119,513,2,1,510,129,25.294117647058822,381,74.70588235294117,45.84450402144772
init_avenir,30.11.25,gauche,Vevey,La Tour-de-Peilz,5889,7442,3482,77,0,3405,1086,31.8942731277533,2319,68.10572687224669,46.78849771566783
init_avenir,30.11.25,gauche,Vevey,Montreux,5886,12336,4673,65,2,4606,1323,28.723404255319153,3283,71.27659574468085,37.880998702983135
init_avenir,30.11.25,gauche,Pays-d'Enhaut,Rossinière,5842,339,125,1,0,124,34,27.419354838709676,90,72.58064516129032,36.87315634218289
init_avenir,30.11.25,gauche,Pays-d'Enhaut,Rougemont,5843,443,170,1,0,169,17,10.059171597633137,152,89.94082840236686,38.37471783295711
init_avenir,30.11.25,gauche,Vevey,Vevey,5890,10002,3723,76,1,3646,1670,45.8036204059243,1976,54.196379594075694,37.22255548890222
init_avenir,30.11.25,gauche,Vevey,Veytaux,5891,508,205,0,0,205,46,22.439024390243905,159,77.5609756097561,40.354330708661415
vdce_2026_nordmann,08.03.26,centre-gauche,Aigle,Aigle,5401,,2360,0,0,2360,1152,48.8135593220339,1208,51.186440677966104,
vdce_2026_raboud,08.03.26,gauche,Aigle,Aigle,5401,,2360,0,0,2360,168,7.118644067796611,2192,92.88135593220339,
vdce_2026_thuillard,08.03.26,extreme-droite,Aigle,Aigle,5401,,2360,0,0,2360,1037,43.940677966101696,1323,56.059322033898304,
vdce_2026_nordmann,08.03.26,centre-gauche,Aigle,Bex,5402,,2133,0,0,2133,1027,48.148148148148145,1106,51.85185185185185,
vdce_2026_raboud,08.03.26,gauche,Aigle,Bex,5402,,2133,0,0,2133,176,8.251289263947491,1957,91.7487107360525,
vdce_2026_thuillard,08.03.26,extreme-droite,Aigle,Bex,5402,,2133,0,0,2133,925,43.36615096108767,1208,56.63384903891233,
vdce_2026_nordmann,08.03.26,centre-gauche,Aigle,Chessel,5403,,160,0,0,160,45,28.125,115,71.875,
vdce_2026_raboud,08.03.26,gauche,Aigle,Chessel,5403,,160,0,0,160,11,6.875000000000001,149,93.125,
vdce_2026_thuillard,08.03.26,extreme-droite,Aigle,Chessel,5403,,160,0,0,160,104,65,56,35,
vdce_2026_nordmann,08.03.26,centre-gauche,Aigle,Gryon,5405,,474,0,0,474,214,45.14767932489451,260,54.85232067510548,
vdce_2026_raboud,08.03.26,gauche,Aigle,Gryon,5405,,474,0,0,474,30,6.329113924050633,444,93.67088607594937,
vdce_2026_thuillard,08.03.26,extreme-droite,Aigle,Gryon,5405,,474,0,0,474,227,47.89029535864979,247,52.109704641350206,
vdce_2026_nordmann,08.03.26,centre-gauche,Aigle,Lavey-Morcles,5406,,272,0,0,272,94,34.55882352941176,178,65.44117647058823,
vdce_2026_raboud,08.03.26,gauche,Aigle,Lavey-Morcles,5406,,272,0,0,272,19,6.985294117647059,253,93.01470588235294,
vdce_2026_thuillard,08.03.26,extreme-droite,Aigle,Lavey-Morcles,5406,,272,0,0,272,158,58.08823529411765,114,41.911764705882355,
vdce_2026_nordmann,08.03.26,centre-gauche,Aigle,Leysin,5407,,798,0,0,798,368,46.11528822055138,430,53.88471177944862,
vdce_2026_raboud,08.03.26,gauche,Aigle,Leysin,5407,,798,0,0,798,54,6.7669172932330826,744,93.23308270676691,
vdce_2026_thuillard,08.03.26,extreme-droite,Aigle,Leysin,5407,,798,0,0,798,376,47.11779448621554,422,52.88220551378446,
vdce_2026_nordmann,08.03.26,centre-gauche,Aigle,Noville,5408,,382,0,0,382,155,40.575916230366495,227,59.424083769633505,
vdce_2026_raboud,08.03.26,gauche,Aigle,Noville,5408,,382,0,0,382,12,3.1413612565445024,370,96.8586387434555,
vdce_2026_thuillard,08.03.26,extreme-droite,Aigle,Noville,5408,,382,0,0,382,215,56.282722513089,167,43.717277486910994,
vdce_2026_nordmann,08.03.26,centre-gauche,Aigle,Ollon VD,5409,,2476,0,0,2476,1086,43.8610662358643,1390,56.1389337641357,
vdce_2026_raboud,08.03.26,gauche,Aigle,Ollon VD,5409,,2476,0,0,2476,143,5.775444264943457,2333,94.22455573505655,
vdce_2026_thuillard,08.03.26,extreme-droite,Aigle,Ollon VD,5409,,2476,0,0,2476,1236,49.919224555735056,1240,50.080775444264944,
vdce_2026_nordmann,08.03.26,centre-gauche,Aigle,Ormont-Dessous,5410,,468,0,0,468,132,28.205128205128204,336,71.7948717948718,
vdce_2026_raboud,08.03.26,gauche,Aigle,Ormont-Dessous,5410,,468,0,0,468,31,6.623931623931624,437,93.37606837606837,
vdce_2026_thuillard,08.03.26,extreme-droite,Aigle,Ormont-Dessous,5410,,468,0,0,468,301,64.31623931623932,167,35.68376068376068,
vdce_2026_nordmann,08.03.26,centre-gauche,Aigle,Ormont-Dessus,5411,,536,0,0,536,172,32.08955223880597,364,67.91044776119402,
vdce_2026_raboud,08.03.26,gauche,Aigle,Ormont-Dessus,5411,,536,0,0,536,17,3.171641791044776,519,96.82835820895522,
vdce_2026_thuillard,08.03.26,extreme-droite,Aigle,Ormont-Dessus,5411,,536,0,0,536,347,64.73880597014924,189,35.26119402985074,
vdce_2026_nordmann,08.03.26,centre-gauche,Aigle,Rennaz,5412,,209,0,0,209,102,48.803827751196174,107,51.196172248803826,
vdce_2026_raboud,08.03.26,gauche,Aigle,Rennaz,5412,,209,0,0,209,16,7.655502392344498,193,92.34449760765551,
vdce_2026_thuillard,08.03.26,extreme-droite,Aigle,Rennaz,5412,,209,0,0,209,91,43.54066985645933,118,56.45933014354066,
vdce_2026_nordmann,08.03.26,centre-gauche,Aigle,Roche VD,5413,,427,0,0,427,204,47.7751756440281,223,52.2248243559719,
vdce_2026_raboud,08.03.26,gauche,Aigle,Roche VD,5413,,427,0,0,427,33,7.728337236533958,394,92.27166276346604,
vdce_2026_thuillard,08.03.26,extreme-droite,Aigle,Roche VD,5413,,427,0,0,427,188,44.02810304449648,239,55.97189695550351,
vdce_2026_nordmann,08.03.26,centre-gauche,Aigle,Villeneuve VD,5414,,1200,0,0,1200,595,49.583333333333336,605,50.416666666666664,
vdce_2026_raboud,08.03.26,gauche,Aigle,Villeneuve VD,5414,,1200,0,0,1200,66,5.5,1134,94.5,
vdce_2026_thuillard,08.03.26,extreme-droite,Aigle,Villeneuve VD,5414,,1200,0,0,1200,537,44.75,663,55.25,
vdce_2026_nordmann,08.03.26,centre-gauche,Aigle,Yvorne,5415,,400,0,0,400,161,40.25,239,59.75,
vdce_2026_raboud,08.03.26,gauche,Aigle,Yvorne,5415,,400,0,0,400,13,3.25,387,96.75,
vdce_2026_thuillard,08.03.26,extreme-droite,Aigle,Yvorne,5415,,400,0,0,400,226,56.49999999999999,174,43.5,
vdce_2026_nordmann,08.03.26,centre-gauche,Morges,Aubonne,5422,,1149,0,0,1149,527,45.86597040905135,622,54.13402959094865,
vdce_2026_raboud,08.03.26,gauche,Morges,Aubonne,5422,,1149,0,0,1149,78,6.7885117493472595,1071,93.21148825065274,
vdce_2026_thuillard,08.03.26,extreme-droite,Morges,Aubonne,5422,,1149,0,0,1149,540,46.99738903394256,609,53.00261096605744,
vdce_2026_nordmann,08.03.26,centre-gauche,Morges,Berolle,5424,,115,0,0,115,40,34.78260869565217,75,65.21739130434783,
vdce_2026_raboud,08.03.26,gauche,Morges,Berolle,5424,,115,0,0,115,8,6.956521739130435,107,93.04347826086956,
vdce_2026_thuillard,08.03.26,extreme-droite,Morges,Berolle,5424,,115,0,0,115,67,58.26086956521739,48,41.73913043478261,
vdce_2026_nordmann,08.03.26,centre-gauche,Morges,Gimel,5428,,554,0,0,554,237,42.7797833935018,317,57.2202166064982,
vdce_2026_raboud,08.03.26,gauche,Morges,Gimel,5428,,554,0,0,554,31,5.595667870036101,523,94.40433212996389,
vdce_2026_thuillard,08.03.26,extreme-droite,Morges,Gimel,5428,,554,0,0,554,284,51.26353790613718,270,48.73646209386281,
vdce_2026_nordmann,08.03.26,centre-gauche,Nyon,Saint-George,5434,,356,0,0,356,145,40.73033707865169,211,59.269662921348306,
vdce_2026_raboud,08.03.26,gauche,Nyon,Saint-George,5434,,356,0,0,356,26,7.303370786516854,330,92.69662921348315,
vdce_2026_thuillard,08.03.26,extreme-droite,Nyon,Saint-George,5434,,356,0,0,356,185,51.96629213483146,171,48.03370786516854,
vdce_2026_nordmann,08.03.26,centre-gauche,Morges,Saint-Livres,5435,,256,0,0,256,110,42.96875,146,57.03125,
vdce_2026_raboud,08.03.26,gauche,Morges,Saint-Livres,5435,,256,0,0,256,13,5.078125,243,94.921875,
vdce_2026_thuillard,08.03.26,extreme-droite,Morges,Saint-Livres,5435,,256,0,0,256,133,51.953125,123,48.046875,
vdce_2026_nordmann,08.03.26,centre-gauche,Broye-Vully,Avenches,5451,,986,0,0,986,427,43.30628803245436,559,56.69371196754563,
vdce_2026_raboud,08.03.26,gauche,Broye-Vully,Avenches,5451,,986,0,0,986,45,4.563894523326572,941,95.43610547667343,
vdce_2026_thuillard,08.03.26,extreme-droite,Broye-Vully,Avenches,5451,,986,0,0,986,513,52.02839756592292,473,47.97160243407708,
vdce_2026_nordmann,08.03.26,centre-gauche,Broye-Vully,Vully-les-Lacs,5464,,1119,0,0,1119,412,36.81858802502234,707,63.181411974977664,
vdce_2026_raboud,08.03.26,gauche,Broye-Vully,Vully-les-Lacs,5464,,1119,0,0,1119,51,4.557640750670242,1068,95.44235924932975,
vdce_2026_thuillard,08.03.26,extreme-droite,Broye-Vully,Vully-les-Lacs,5464,,1119,0,0,1119,655,58.53440571939231,464,41.46559428060769,
vdce_2026_nordmann,08.03.26,centre-gauche,Gros-de-Vaud,Boussens,5473,,360,0,0,360,155,43.05555555555556,205,56.94444444444444,
vdce_2026_raboud,08.03.26,gauche,Gros-de-Vaud,Boussens,5473,,360,0,0,360,14,3.888888888888889,346,96.11111111111111,
vdce_2026_thuillard,08.03.26,extreme-droite,Gros-de-Vaud,Boussens,5473,,360,0,0,360,191,53.05555555555556,169,46.94444444444444,
vdce_2026_nordmann,08.03.26,centre-gauche,Morges,La Chaux (Cossonay),5474,,168,0,0,168,69,41.07142857142857,99,58.92857142857143,
vdce_2026_raboud,08.03.26,gauche,Morges,La Chaux (Cossonay),5474,,168,0,0,168,9,5.357142857142857,159,94.64285714285714,
vdce_2026_thuillard,08.03.26,extreme-droite,Morges,La Chaux (Cossonay),5474,,168,0,0,168,89,52.976190476190474,79,47.023809523809526,
vdce_2026_nordmann,08.03.26,centre-gauche,Morges,Chavannes-le-Veyron,5475,,82,0,0,82,25,30.48780487804878,57,69.51219512195121,
vdce_2026_raboud,08.03.26,gauche,Morges,Chavannes-le-Veyron,5475,,82,0,0,82,6,7.317073170731707,76,92.6829268292683,
vdce_2026_thuillard,08.03.26,extreme-droite,Morges,Chavannes-le-Veyron,5475,,82,0,0,82,51,62.19512195121951,31,37.80487804878049,
vdce_2026_nordmann,08.03.26,centre-gauche,Morges,Cossonay,5477,,1436,0,0,1436,681,47.42339832869081,755,52.5766016713092,
vdce_2026_raboud,08.03.26,gauche,Morges,Cossonay,5477,,1436,0,0,1436,104,7.242339832869081,1332,92.75766016713092,
vdce_2026_thuillard,08.03.26,extreme-droite,Morges,Cossonay,5477,,1436,0,0,1436,645,44.91643454038997,791,55.08356545961003,
vdce_2026_nordmann,08.03.26,centre-gauche,Morges,Cuarnens,5479,,231,0,0,231,73,31.601731601731604,158,68.3982683982684,
vdce_2026_raboud,08.03.26,gauche,Morges,Cuarnens,5479,,231,0,0,231,15,6.493506493506493,216,93.5064935064935,
vdce_2026_thuillard,08.03.26,extreme-droite,Morges,Cuarnens,5479,,231,0,0,231,143,61.904761904761905,88,38.095238095238095,
vdce_2026_nordmann,08.03.26,centre-gauche,Morges,Dizy,5481,,92,0,0,92,42,45.65217391304348,50,54.347826086956516,
vdce_2026_raboud,08.03.26,gauche,Morges,Dizy,5481,,92,0,0,92,5,5.434782608695652,87,94.56521739130434,
vdce_2026_thuillard,08.03.26,extreme-droite,Morges,Dizy,5481,,92,0,0,92,45,48.91304347826087,47,51.08695652173913,
vdce_2026_nordmann,08.03.26,centre-gauche,Morges,Gollion,5484,,372,0,0,372,143,38.44086021505376,229,61.55913978494624,
vdce_2026_raboud,08.03.26,gauche,Morges,Gollion,5484,,372,0,0,372,25,6.720430107526881,347,93.27956989247312,
vdce_2026_thuillard,08.03.26,extreme-droite,Morges,Gollion,5484,,372,0,0,372,204,54.83870967741935,168,45.16129032258064,
vdce_2026_nordmann,08.03.26,centre-gauche,Morges,Montricher,5492,,403,0,0,403,144,35.73200992555831,259,64.26799007444168,
vdce_2026_raboud,08.03.26,gauche,Morges,Montricher,5492,,403,0,0,403,27,6.699751861042183,376,93.30024813895783,
vdce_2026_thuillard,08.03.26,extreme-droite,Morges,Montricher,5492,,403,0,0,403,230,57.07196029776674,173,42.92803970223325,
vdce_2026_nordmann,08.03.26,centre-gauche,Gros-de-Vaud,Penthalaz,5495,,910,0,0,910,382,41.97802197802198,528,58.02197802197803,
vdce_2026_raboud,08.03.26,gauche,Gros-de-Vaud,Penthalaz,5495,,910,0,0,910,51,5.604395604395605,859,94.3956043956044,
vdce_2026_thuillard,08.03.26,extreme-droite,Gros-de-Vaud,Penthalaz,5495,,910,0,0,910,477,52.41758241758242,433,47.58241758241758,
vdce_2026_nordmann,08.03.26,centre-gauche,Gros-de-Vaud,Penthaz,5496,,514,0,0,514,192,37.35408560311284,322,62.64591439688716,
vdce_2026_raboud,08.03.26,gauche,Gros-de-Vaud,Penthaz,5496,,514,0,0,514,29,5.642023346303502,485,94.3579766536965,
vdce_2026_thuillard,08.03.26,extreme-droite,Gros-de-Vaud,Penthaz,5496,,514,0,0,514,292,56.809338521400775,222,43.190661478599225,
vdce_2026_nordmann,08.03.26,centre-gauche,Morges,Pompaples,5497,,260,0,0,260,103,39.61538461538461,157,60.38461538461538,
vdce_2026_raboud,08.03.26,gauche,Morges,Pompaples,5497,,260,0,0,260,15,5.769230769230769,245,94.23076923076923,
vdce_2026_thuillard,08.03.26,extreme-droite,Morges,Pompaples,5497,,260,0,0,260,141,54.230769230769226,119,45.76923076923077,
vdce_2026_nordmann,08.03.26,centre-gauche,Gros-de-Vaud,Sullens,5501,,406,0,0,406,131,32.26600985221675,275,67.73399014778325,
vdce_2026_raboud,08.03.26,gauche,Gros-de-Vaud,Sullens,5501,,406,0,0,406,22,5.41871921182266,384,94.58128078817734,
vdce_2026_thuillard,08.03.26,extreme-droite,Gros-de-Vaud,Sullens,5501,,406,0,0,406,253,62.315270935960584,153,37.68472906403941,
vdce_2026_nordmann,08.03.26,centre-gauche,Gros-de-Vaud,Vufflens-la-Ville,5503,,489,0,0,489,241,49.284253578732105,248,50.715746421267895,
vdce_2026_raboud,08.03.26,gauche,Gros-de-Vaud,Vufflens-la-Ville,5503,,489,0,0,489,24,4.9079754601226995,465,95.0920245398773,
vdce_2026_thuillard,08.03.26,extreme-droite,Gros-de-Vaud,Vufflens-la-Ville,5503,,489,0,0,489,224,45.807770961145195,265,54.19222903885481,
vdce_2026_nordmann,08.03.26,centre-gauche,Gros-de-Vaud,Bercher,5512,,453,0,0,453,177,39.0728476821192,276,60.9271523178808,
vdce_2026_raboud,08.03.26,gauche,Gros-de-Vaud,Bercher,5512,,453,0,0,453,14,3.090507726269316,439,96.90949227373068,
vdce_2026_thuillard,08.03.26,extreme-droite,Gros-de-Vaud,Bercher,5512,,453,0,0,453,261,57.615894039735096,192,42.384105960264904,
vdce_2026_nordmann,08.03.26,centre-gauche,Gros-de-Vaud,Cugy VD,5516,,835,0,0,835,385,46.10778443113773,450,53.89221556886228,
vdce_2026_raboud,08.03.26,gauche,Gros-de-Vaud,Cugy VD,5516,,835,0,0,835,56,6.706586826347305,779,93.2934131736527,
vdce_2026_thuillard,08.03.26,extreme-droite,Gros-de-Vaud,Cugy VD,5516,,835,0,0,835,389,46.58682634730539,446,53.41317365269461,
vdce_2026_nordmann,08.03.26,centre-gauche,Gros-de-Vaud,Essertines-sur-Yverdon,5520,,349,0,0,349,97,27.793696275071632,252,72.20630372492836,
vdce_2026_raboud,08.03.26,gauche,Gros-de-Vaud,Essertines-sur-Yverdon,5520,,349,0,0,349,19,5.444126074498568,330,94.55587392550143,
vdce_2026_thuillard,08.03.26,extreme-droite,Gros-de-Vaud,Essertines-sur-Yverdon,5520,,349,0,0,349,233,66.7621776504298,116,33.2378223495702,
vdce_2026_nordmann,08.03.26,centre-gauche,Gros-de-Vaud,Etagnières,5521,,396,0,0,396,180,45.45454545454545,216,54.54545454545454,
vdce_2026_raboud,08.03.26,gauche,Gros-de-Vaud,Etagnières,5521,,396,0,0,396,27,6.8181818181818175,369,93.18181818181817,
vdce_2026_thuillard,08.03.26,extreme-droite,Gros-de-Vaud,Etagnières,5521,,396,0,0,396,188,47.474747474747474,208,52.52525252525253,
vdce_2026_nordmann,08.03.26,centre-gauche,Gros-de-Vaud,Fey,5522,,276,0,0,276,113,40.94202898550724,163,59.05797101449275,
vdce_2026_raboud,08.03.26,gauche,Gros-de-Vaud,Fey,5522,,276,0,0,276,19,6.884057971014493,257,93.11594202898551,
vdce_2026_thuillard,08.03.26,extreme-droite,Gros-de-Vaud,Fey,5522,,276,0,0,276,144,52.17391304347826,132,47.82608695652174,
vdce_2026_nordmann,08.03.26,centre-gauche,Gros-de-Vaud,Froideville,5523,,1034,0,0,1034,337,32.59187620889749,697,67.40812379110251,
vdce_2026_raboud,08.03.26,gauche,Gros-de-Vaud,Froideville,5523,,1034,0,0,1034,38,3.67504835589942,996,96.32495164410058,
vdce_2026_thuillard,08.03.26,extreme-droite,Gros-de-Vaud,Froideville,5523,,1034,0,0,1034,649,62.76595744680851,385,37.234042553191486,
vdce_2026_nordmann,08.03.26,centre-gauche,Gros-de-Vaud,Morrens VD,5527,,462,0,0,462,178,38.52813852813853,284,61.471861471861466,
vdce_2026_raboud,08.03.26,gauche,Gros-de-Vaud,Morrens VD,5527,,462,0,0,462,32,6.926406926406926,430,93.07359307359307,
vdce_2026_thuillard,08.03.26,extreme-droite,Gros-de-Vaud,Morrens VD,5527,,462,0,0,462,252,54.54545454545454,210,45.45454545454545,
vdce_2026_nordmann,08.03.26,centre-gauche,Gros-de-Vaud,Rueyres,5534,,143,0,0,143,30,20.97902097902098,113,79.02097902097903,
vdce_2026_raboud,08.03.26,gauche,Gros-de-Vaud,Rueyres,5534,,143,0,0,143,2,1.3986013986013985,141,98.6013986013986,
vdce_2026_thuillard,08.03.26,extreme-droite,Gros-de-Vaud,Rueyres,5534,,143,0,0,143,111,77.62237762237763,32,22.377622377622377,
vdce_2026_nordmann,08.03.26,centre-gauche,Gros-de-Vaud,Saint-Barthélemy VD,5535,,318,0,0,318,75,23.58490566037736,243,76.41509433962264,
vdce_2026_raboud,08.03.26,gauche,Gros-de-Vaud,Saint-Barthélemy VD,5535,,318,0,0,318,6,1.8867924528301887,312,98.11320754716981,
vdce_2026_thuillard,08.03.26,extreme-droite,Gros-de-Vaud,Saint-Barthélemy VD,5535,,318,0,0,318,236,74.21383647798741,82,25.78616352201258,
vdce_2026_nordmann,08.03.26,centre-gauche,Gros-de-Vaud,Villars-le-Terroir,5537,,475,0,0,475,143,30.105263157894736,332,69.89473684210526,
vdce_2026_raboud,08.03.26,gauche,Gros-de-Vaud,Villars-le-Terroir,5537,,475,0,0,475,19,4,456,96,
vdce_2026_thuillard,08.03.26,extreme-droite,Gros-de-Vaud,Villars-le-Terroir,5537,,475,0,0,475,308,64.84210526315789,167,35.1578947368421,
vdce_2026_nordmann,08.03.26,centre-gauche,Gros-de-Vaud,Vuarrens,5539,,391,0,0,391,118,30.179028132992325,273,69.82097186700767,
vdce_2026_raboud,08.03.26,gauche,Gros-de-Vaud,Vuarrens,5539,,391,0,0,391,20,5.115089514066496,371,94.8849104859335,
vdce_2026_thuillard,08.03.26,extreme-droite,Gros-de-Vaud,Vuarrens,5539,,391,0,0,391,253,64.70588235294117,138,35.294117647058826,
vdce_2026_nordmann,08.03.26,centre-gauche,Gros-de-Vaud,Montilliez,5540,,686,0,0,686,207,30.174927113702626,479,69.82507288629738,
vdce_2026_raboud,08.03.26,gauche,Gros-de-Vaud,Montilliez,5540,,686,0,0,686,26,3.7900874635568513,660,96.20991253644316,
vdce_2026_thuillard,08.03.26,extreme-droite,Gros-de-Vaud,Montilliez,5540,,686,0,0,686,453,66.03498542274052,233,33.965014577259474,
vdce_2026_nordmann,08.03.26,centre-gauche,Gros-de-Vaud,Goumoëns,5541,,448,0,0,448,156,34.82142857142857,292,65.17857142857143,
vdce_2026_raboud,08.03.26,gauche,Gros-de-Vaud,Goumoëns,5541,,448,0,0,448,22,4.910714285714286,426,95.08928571428571,
vdce_2026_thuillard,08.03.26,extreme-droite,Gros-de-Vaud,Goumoëns,5541,,448,0,0,448,268,59.82142857142857,180,40.17857142857143,
vdce_2026_nordmann,08.03.26,centre-gauche,Yverdon,Bullet,5552,,327,0,0,327,122,37.308868501529055,205,62.69113149847095,
vdce_2026_raboud,08.03.26,gauche,Yverdon,Bullet,5552,,327,0,0,327,10,3.058103975535168,317,96.94189602446484,
vdce_2026_thuillard,08.03.26,extreme-droite,Yverdon,Bullet,5552,,327,0,0,327,193,59.021406727828754,134,40.97859327217125,
vdce_2026_nordmann,08.03.26,centre-gauche,Yverdon,Grandson,5561,,1076,0,0,1076,509,47.30483271375465,567,52.69516728624535,
vdce_2026_raboud,08.03.26,gauche,Yverdon,Grandson,5561,,1076,0,0,1076,68,6.319702602230483,1008,93.68029739776952,
vdce_2026_thuillard,08.03.26,extreme-droite,Yverdon,Grandson,5561,,1076,0,0,1076,493,45.817843866171,583,54.182156133829,
vdce_2026_nordmann,08.03.26,centre-gauche,Yverdon,Mauborget,5562,,70,0,0,70,28,40,42,60,
vdce_2026_raboud,08.03.26,gauche,Yverdon,Mauborget,5562,,70,0,0,70,3,4.285714285714286,67,95.71428571428572,
vdce_2026_thuillard,08.03.26,extreme-droite,Yverdon,Mauborget,5562,,70,0,0,70,39,55.714285714285715,31,44.285714285714285,
vdce_2026_nordmann,08.03.26,centre-gauche,Yverdon,Sainte-Croix,5568,,1535,0,0,1535,712,46.384364820846905,823,53.615635179153095,
vdce_2026_raboud,08.03.26,gauche,Yverdon,Sainte-Croix,5568,,1535,0,0,1535,90,5.863192182410423,1445,94.13680781758957,
vdce_2026_thuillard,08.03.26,extreme-droite,Yverdon,Sainte-Croix,5568,,1535,0,0,1535,728,47.42671009771987,807,52.57328990228013,
vdce_2026_nordmann,08.03.26,centre-gauche,Yverdon,Tévenon,5571,,330,0,0,330,142,43.03030303030303,188,56.96969696969697,
vdce_2026_raboud,08.03.26,gauche,Yverdon,Tévenon,5571,,330,0,0,330,26,7.878787878787878,304,92.12121212121212,
vdce_2026_thuillard,08.03.26,extreme-droite,Yverdon,Tévenon,5571,,330,0,0,330,161,48.78787878787879,169,51.21212121212121,
vdce_2026_nordmann,08.03.26,centre-gauche,Lavaux-Oron,Belmont-sur-Lausanne,5581,,1264,0,0,1264,555,43.90822784810127,709,56.09177215189873,
vdce_2026_raboud,08.03.26,gauche,Lavaux-Oron,Belmont-sur-Lausanne,5581,,1264,0,0,1264,61,4.825949367088608,1203,95.17405063291139,
vdce_2026_thuillard,08.03.26,extreme-droite,Lavaux-Oron,Belmont-sur-Lausanne,5581,,1264,0,0,1264,646,51.10759493670886,618,48.892405063291136,
vdce_2026_nordmann,08.03.26,centre-gauche,Romanel,Cheseaux-sur-Lausanne,5582,,1405,0,0,1405,664,47.25978647686833,741,52.74021352313167,
vdce_2026_raboud,08.03.26,gauche,Romanel,Cheseaux-sur-Lausanne,5582,,1405,0,0,1405,90,6.405693950177936,1315,93.59430604982207,
vdce_2026_thuillard,08.03.26,extreme-droite,Romanel,Cheseaux-sur-Lausanne,5582,,1405,0,0,1405,649,46.19217081850534,756,53.80782918149466,
vdce_2026_nordmann,08.03.26,centre-gauche,Ouest lausannois,Crissier,5583,,1996,0,0,1996,923,46.24248496993988,1073,53.75751503006012,
vdce_2026_raboud,08.03.26,gauche,Ouest lausannois,Crissier,5583,,1996,0,0,1996,183,9.168336673346692,1813,90.83166332665331,
vdce_2026_thuillard,08.03.26,extreme-droite,Ouest lausannois,Crissier,5583,,1996,0,0,1996,883,44.23847695390782,1113,55.76152304609219,
vdce_2026_nordmann,08.03.26,centre-gauche,Romanel,Epalinges,5584,,2931,0,0,2931,1482,50.562947799385874,1449,49.437052200614126,
vdce_2026_raboud,08.03.26,gauche,Romanel,Epalinges,5584,,2931,0,0,2931,157,5.356533606277721,2774,94.64346639372228,
vdce_2026_thuillard,08.03.26,extreme-droite,Romanel,Epalinges,5584,,2931,0,0,2931,1286,43.87581030365063,1645,56.12418969634937,
vdce_2026_nordmann,08.03.26,centre-gauche,Romanel,Jouxtens-Mézery,5585,,634,0,0,634,254,40.063091482649845,380,59.93690851735016,
vdce_2026_raboud,08.03.26,gauche,Romanel,Jouxtens-Mézery,5585,,634,0,0,634,23,3.627760252365931,611,96.37223974763407,
vdce_2026_thuillard,08.03.26,extreme-droite,Romanel,Jouxtens-Mézery,5585,,634,0,0,634,356,56.15141955835961,278,43.84858044164038,
vdce_2026_nordmann,08.03.26,centre-gauche,Lausanne-Ville,Lausanne,5586,,31906,0,0,31906,16877,52.89600702062308,15029,47.10399297937692,
vdce_2026_raboud,08.03.26,gauche,Lausanne-Ville,Lausanne,5586,,31906,0,0,31906,5001,15.674167868112582,26905,84.32583213188742,
vdce_2026_thuillard,08.03.26,extreme-droite,Lausanne-Ville,Lausanne,5586,,31906,0,0,31906,9916,31.078793957249417,21990,68.92120604275058,
vdce_2026_nordmann,08.03.26,centre-gauche,Romanel,Le Mont-sur-Lausanne,5587,,2717,0,0,2717,1181,43.46705925653294,1536,56.532940743467066,
vdce_2026_raboud,08.03.26,gauche,Romanel,Le Mont-sur-Lausanne,5587,,2717,0,0,2717,168,6.183290393816709,2549,93.8167096061833,
vdce_2026_thuillard,08.03.26,extreme-droite,Romanel,Le Mont-sur-Lausanne,5587,,2717,0,0,2717,1364,50.20242914979757,1353,49.797570850202426,
vdce_2026_nordmann,08.03.26,centre-gauche,Ouest lausannois,Prilly,5589,,2602,0,0,2602,1325,50.92236740968485,1277,49.07763259031514,
vdce_2026_raboud,08.03.26,gauche,Ouest lausannois,Prilly,5589,,2602,0,0,2602,284,10.91468101460415,2318,89.08531898539584,
vdce_2026_thuillard,08.03.26,extreme-droite,Ouest lausannois,Prilly,5589,,2602,0,0,2602,990,38.047655649500385,1612,61.95234435049961,
vdce_2026_nordmann,08.03.26,centre-gauche,Ouest lausannois,Renens VD,5591,,3369,0,0,3369,1824,54.140694568121106,1545,45.859305431878894,
vdce_2026_raboud,08.03.26,gauche,Ouest lausannois,Renens VD,5591,,3369,0,0,3369,435,12.911843276936777,2934,87.08815672306322,
vdce_2026_thuillard,08.03.26,extreme-droite,Ouest lausannois,Renens VD,5591,,3369,0,0,3369,1104,32.7693677649154,2265,67.2306322350846,
vdce_2026_nordmann,08.03.26,centre-gauche,Romanel,Romanel-sur-Lausanne,5592,,1148,0,0,1148,499,43.46689895470383,649,56.53310104529616,
vdce_2026_raboud,08.03.26,gauche,Romanel,Romanel-sur-Lausanne,5592,,1148,0,0,1148,73,6.358885017421604,1075,93.6411149825784,
vdce_2026_thuillard,08.03.26,extreme-droite,Romanel,Romanel-sur-Lausanne,5592,,1148,0,0,1148,574,50,574,50,
vdce_2026_nordmann,08.03.26,centre-gauche,Lavaux-Oron,Forel (Lavaux),5604,,754,0,0,754,259,34.350132625994696,495,65.6498673740053,
vdce_2026_raboud,08.03.26,gauche,Lavaux-Oron,Forel (Lavaux),5604,,754,0,0,754,42,5.570291777188329,712,94.42970822281167,
vdce_2026_thuillard,08.03.26,extreme-droite,Lavaux-Oron,Forel (Lavaux),5604,,754,0,0,754,450,59.6816976127321,304,40.318302387267906,
vdce_2026_nordmann,08.03.26,centre-gauche,Lavaux-Oron,Lutry,5606,,3571,0,0,3571,1544,43.237188462615514,2027,56.762811537384486,
vdce_2026_raboud,08.03.26,gauche,Lavaux-Oron,Lutry,5606,,3571,0,0,3571,161,4.508541024922991,3410,95.49145897507701,
vdce_2026_thuillard,08.03.26,extreme-droite,Lavaux-Oron,Lutry,5606,,3571,0,0,3571,1853,51.890226827219266,1718,48.109773172780734,
vdce_2026_nordmann,08.03.26,centre-gauche,Lavaux-Oron,Puidoux,5607,,858,0,0,858,351,40.909090909090914,507,59.09090909090909,
vdce_2026_raboud,08.03.26,gauche,Lavaux-Oron,Puidoux,5607,,858,0,0,858,52,6.0606060606060606,806,93.93939393939394,
vdce_2026_thuillard,08.03.26,extreme-droite,Lavaux-Oron,Puidoux,5607,,858,0,0,858,454,52.91375291375291,404,47.086247086247084,
vdce_2026_nordmann,08.03.26,centre-gauche,Lavaux-Oron,Savigny,5611,,1227,0,0,1227,511,41.646291768541154,716,58.353708231458846,
vdce_2026_raboud,08.03.26,gauche,Lavaux-Oron,Savigny,5611,,1227,0,0,1227,89,7.253463732681337,1138,92.74653626731867,
vdce_2026_thuillard,08.03.26,extreme-droite,Lavaux-Oron,Savigny,5611,,1227,0,0,1227,623,50.77424612876935,604,49.225753871230644,
vdce_2026_nordmann,08.03.26,centre-gauche,Morges,Aclens,5621,,180,0,0,180,58,32.22222222222222,122,67.77777777777779,
vdce_2026_raboud,08.03.26,gauche,Morges,Aclens,5621,,180,0,0,180,16,8.88888888888889,164,91.11111111111111,
vdce_2026_thuillard,08.03.26,extreme-droite,Morges,Aclens,5621,,180,0,0,180,106,58.88888888888889,74,41.11111111111111,
vdce_2026_nordmann,08.03.26,centre-gauche,Ouest lausannois,Bussigny,5624,,2574,0,0,2574,1241,48.21289821289822,1333,51.78710178710178,
vdce_2026_raboud,08.03.26,gauche,Ouest lausannois,Bussigny,5624,,2574,0,0,2574,223,8.663558663558664,2351,91.33644133644133,
vdce_2026_thuillard,08.03.26,extreme-droite,Ouest lausannois,Bussigny,5624,,2574,0,0,2574,1102,42.81274281274281,1472,57.18725718725719,
vdce_2026_nordmann,08.03.26,centre-gauche,Ouest lausannois,Chavannes-près-Renens,5627,,1353,0,0,1353,784,57.94530672579453,569,42.05469327420547,
vdce_2026_raboud,08.03.26,gauche,Ouest lausannois,Chavannes-près-Renens,5627,,1353,0,0,1353,162,11.973392461197339,1191,88.02660753880266,
vdce_2026_thuillard,08.03.26,extreme-droite,Ouest lausannois,Chavannes-près-Renens,5627,,1353,0,0,1353,405,29.933481152993345,948,70.06651884700665,
vdce_2026_nordmann,08.03.26,centre-gauche,Morges,Chigny,5628,,159,0,0,159,76,47.79874213836478,83,52.20125786163522,
vdce_2026_raboud,08.03.26,gauche,Morges,Chigny,5628,,159,0,0,159,9,5.660377358490567,150,94.33962264150944,
vdce_2026_thuillard,08.03.26,extreme-droite,Morges,Chigny,5628,,159,0,0,159,74,46.540880503144656,85,53.459119496855344,
vdce_2026_nordmann,08.03.26,centre-gauche,Morges,Denens,5631,,284,0,0,284,116,40.845070422535215,168,59.154929577464785,
vdce_2026_raboud,08.03.26,gauche,Morges,Denens,5631,,284,0,0,284,22,7.746478873239436,262,92.25352112676056,
vdce_2026_thuillard,08.03.26,extreme-droite,Morges,Denens,5631,,284,0,0,284,144,50.70422535211267,140,49.29577464788733,
vdce_2026_nordmann,08.03.26,centre-gauche,Morges,Echichens,5634,,1105,0,0,1105,484,43.800904977375566,621,56.199095022624434,
vdce_2026_raboud,08.03.26,gauche,Morges,Echichens,5634,,1105,0,0,1105,44,3.9819004524886874,1061,96.01809954751131,
vdce_2026_thuillard,08.03.26,extreme-droite,Morges,Echichens,5634,,1105,0,0,1105,573,51.85520361990951,532,48.1447963800905,
vdce_2026_nordmann,08.03.26,centre-gauche,Ouest lausannois,Ecublens VD,5635,,2551,0,0,2551,1312,51.430811446491575,1239,48.56918855350843,
vdce_2026_raboud,08.03.26,gauche,Ouest lausannois,Ecublens VD,5635,,2551,0,0,2551,195,7.64406115248922,2356,92.35593884751077,
vdce_2026_thuillard,08.03.26,extreme-droite,Ouest lausannois,Ecublens VD,5635,,2551,0,0,2551,1041,40.807526460211676,1510,59.19247353978832,
vdce_2026_nordmann,08.03.26,centre-gauche,Morges,Etoy,5636,,876,0,0,876,404,46.118721461187214,472,53.88127853881278,
vdce_2026_raboud,08.03.26,gauche,Morges,Etoy,5636,,876,0,0,876,71,8.105022831050228,805,91.89497716894978,
vdce_2026_thuillard,08.03.26,extreme-droite,Morges,Etoy,5636,,876,0,0,876,399,45.54794520547945,477,54.45205479452054,
vdce_2026_nordmann,08.03.26,centre-gauche,Morges,Lonay,5638,,870,0,0,870,396,45.51724137931035,474,54.48275862068965,
vdce_2026_raboud,08.03.26,gauche,Morges,Lonay,5638,,870,0,0,870,50,5.747126436781609,820,94.25287356321839,
vdce_2026_thuillard,08.03.26,extreme-droite,Morges,Lonay,5638,,870,0,0,870,423,48.62068965517241,447,51.37931034482759,
vdce_2026_nordmann,08.03.26,centre-gauche,Morges,Lully VD,5639,,301,0,0,301,144,47.840531561461795,157,52.159468438538205,
vdce_2026_raboud,08.03.26,gauche,Morges,Lully VD,5639,,301,0,0,301,19,6.312292358803987,282,93.68770764119601,
vdce_2026_thuillard,08.03.26,extreme-droite,Morges,Lully VD,5639,,301,0,0,301,138,45.84717607973422,163,54.15282392026578,
vdce_2026_nordmann,08.03.26,centre-gauche,Morges,Morges,5642,,4330,0,0,4330,2214,51.13163972286374,2116,48.86836027713626,
vdce_2026_raboud,08.03.26,gauche,Morges,Morges,5642,,4330,0,0,4330,352,8.129330254041571,3978,91.87066974595844,
vdce_2026_thuillard,08.03.26,extreme-droite,Morges,Morges,5642,,4330,0,0,4330,1751,40.438799076212476,2579,59.561200923787524,
vdce_2026_nordmann,08.03.26,centre-gauche,Morges,Saint-Prex,5646,,1550,0,0,1550,662,42.70967741935484,888,57.29032258064516,
vdce_2026_raboud,08.03.26,gauche,Morges,Saint-Prex,5646,,1550,0,0,1550,89,5.741935483870968,1461,94.25806451612904,
vdce_2026_thuillard,08.03.26,extreme-droite,Morges,Saint-Prex,5646,,1550,0,0,1550,798,51.48387096774194,752,48.516129032258064,
vdce_2026_nordmann,08.03.26,centre-gauche,Ouest lausannois,Saint-Sulpice,5648,,1334,0,0,1334,562,42.12893553223388,772,57.87106446776612,
vdce_2026_raboud,08.03.26,gauche,Ouest lausannois,Saint-Sulpice,5648,,1334,0,0,1334,83,6.221889055472264,1251,93.77811094452774,
vdce_2026_thuillard,08.03.26,extreme-droite,Ouest lausannois,Saint-Sulpice,5648,,1334,0,0,1334,686,51.424287856071956,648,48.57571214392804,
vdce_2026_nordmann,08.03.26,centre-gauche,Morges,Tolochenaz,5649,,541,0,0,541,244,45.10166358595194,297,54.89833641404805,
vdce_2026_raboud,08.03.26,gauche,Morges,Tolochenaz,5649,,541,0,0,541,41,7.578558225508318,500,92.42144177449168,
vdce_2026_thuillard,08.03.26,extreme-droite,Morges,Tolochenaz,5649,,541,0,0,541,255,47.13493530499076,286,52.865064695009245,
vdce_2026_nordmann,08.03.26,centre-gauche,Morges,Vufflens-le-Château,5653,,359,0,0,359,129,35.93314763231198,230,64.06685236768801,
vdce_2026_raboud,08.03.26,gauche,Morges,Vufflens-le-Château,5653,,359,0,0,359,10,2.785515320334262,349,97.21448467966573,
vdce_2026_thuillard,08.03.26,extreme-droite,Morges,Vufflens-le-Château,5653,,359,0,0,359,220,61.28133704735376,139,38.71866295264624,
vdce_2026_nordmann,08.03.26,centre-gauche,Morges,Hautemorges,5656,,1563,0,0,1563,652,41.71465131158029,911,58.2853486884197,
vdce_2026_raboud,08.03.26,gauche,Morges,Hautemorges,5656,,1563,0,0,1563,84,5.3742802303262955,1479,94.6257197696737,
vdce_2026_thuillard,08.03.26,extreme-droite,Morges,Hautemorges,5656,,1563,0,0,1563,825,52.783109404990405,738,47.216890595009595,
vdce_2026_nordmann,08.03.26,centre-gauche,Broye-Vully,Hermenches,5673,,147,0,0,147,37,25.170068027210885,110,74.82993197278913,
vdce_2026_raboud,08.03.26,gauche,Broye-Vully,Hermenches,5673,,147,0,0,147,4,2.7210884353741496,143,97.27891156462584,
vdce_2026_thuillard,08.03.26,extreme-droite,Broye-Vully,Hermenches,5673,,147,0,0,147,106,72.10884353741497,41,27.89115646258503,
vdce_2026_nordmann,08.03.26,centre-gauche,Broye-Vully,Lucens,5675,,873,0,0,873,380,43.52806414662085,493,56.47193585337915,
vdce_2026_raboud,08.03.26,gauche,Broye-Vully,Lucens,5675,,873,0,0,873,49,5.612829324169531,824,94.38717067583046,
vdce_2026_thuillard,08.03.26,extreme-droite,Broye-Vully,Lucens,5675,,873,0,0,873,444,50.85910652920962,429,49.140893470790374,
vdce_2026_nordmann,08.03.26,centre-gauche,Broye-Vully,Moudon,5678,,1083,0,0,1083,519,47.92243767313019,564,52.07756232686981,
vdce_2026_raboud,08.03.26,gauche,Broye-Vully,Moudon,5678,,1083,0,0,1083,83,7.663896583564174,1000,92.33610341643582,
vdce_2026_thuillard,08.03.26,extreme-droite,Broye-Vully,Moudon,5678,,1083,0,0,1083,477,44.04432132963989,606,55.95567867036011,
vdce_2026_nordmann,08.03.26,centre-gauche,Gros-de-Vaud,Ogens,5680,,132,0,0,132,53,40.15151515151515,79,59.84848484848485,
vdce_2026_raboud,08.03.26,gauche,Gros-de-Vaud,Ogens,5680,,132,0,0,132,14,10.606060606060606,118,89.39393939393939,
vdce_2026_thuillard,08.03.26,extreme-droite,Gros-de-Vaud,Ogens,5680,,132,0,0,132,65,49.24242424242424,67,50.75757575757576,
vdce_2026_nordmann,08.03.26,centre-gauche,Broye-Vully,Syens,5688,,41,0,0,41,11,26.82926829268293,30,73.17073170731707,
vdce_2026_raboud,08.03.26,gauche,Broye-Vully,Syens,5688,,41,0,0,41,1,2.4390243902439024,40,97.5609756097561,
vdce_2026_thuillard,08.03.26,extreme-droite,Broye-Vully,Syens,5688,,41,0,0,41,29,70.73170731707317,12,29.268292682926827,
vdce_2026_nordmann,08.03.26,centre-gauche,Nyon,Arzier - Le Muids,5702,,915,0,0,915,358,39.12568306010929,557,60.87431693989072,
vdce_2026_raboud,08.03.26,gauche,Nyon,Arzier - Le Muids,5702,,915,0,0,915,48,5.245901639344262,867,94.75409836065573,
vdce_2026_thuillard,08.03.26,extreme-droite,Nyon,Arzier - Le Muids,5702,,915,0,0,915,506,55.30054644808743,409,44.69945355191257,
vdce_2026_nordmann,08.03.26,centre-gauche,Nyon,Bassins,5703,,474,0,0,474,219,46.20253164556962,255,53.79746835443038,
vdce_2026_raboud,08.03.26,gauche,Nyon,Bassins,5703,,474,0,0,474,26,5.485232067510549,448,94.51476793248945,
vdce_2026_thuillard,08.03.26,extreme-droite,Nyon,Bassins,5703,,474,0,0,474,228,48.10126582278481,246,51.89873417721519,
vdce_2026_nordmann,08.03.26,centre-gauche,Nyon,Begnins,5704,,569,0,0,569,249,43.7609841827768,320,56.239015817223205,
vdce_2026_raboud,08.03.26,gauche,Nyon,Begnins,5704,,569,0,0,569,44,7.732864674868189,525,92.2671353251318,
vdce_2026_thuillard,08.03.26,extreme-droite,Nyon,Begnins,5704,,569,0,0,569,272,47.803163444639715,297,52.196836555360285,
vdce_2026_nordmann,08.03.26,centre-gauche,Nyon,Bogis-Bossey,5705,,249,0,0,249,110,44.17670682730924,139,55.82329317269076,
vdce_2026_raboud,08.03.26,gauche,Nyon,Bogis-Bossey,5705,,249,0,0,249,22,8.835341365461847,227,91.16465863453816,
vdce_2026_thuillard,08.03.26,extreme-droite,Nyon,Bogis-Bossey,5705,,249,0,0,249,117,46.98795180722892,132,53.01204819277109,
vdce_2026_nordmann,08.03.26,centre-gauche,Nyon,Borex,5706,,325,0,0,325,139,42.769230769230774,186,57.230769230769226,
vdce_2026_raboud,08.03.26,gauche,Nyon,Borex,5706,,325,0,0,325,23,7.076923076923077,302,92.92307692307692,
vdce_2026_thuillard,08.03.26,extreme-droite,Nyon,Borex,5706,,325,0,0,325,163,50.153846153846146,162,49.84615384615385,
vdce_2026_nordmann,08.03.26,centre-gauche,Nyon,Chavannes-de-Bogis,5707,,269,0,0,269,76,28.25278810408922,193,71.74721189591078,
vdce_2026_raboud,08.03.26,gauche,Nyon,Chavannes-de-Bogis,5707,,269,0,0,269,14,5.204460966542751,255,94.79553903345726,
vdce_2026_thuillard,08.03.26,extreme-droite,Nyon,Chavannes-de-Bogis,5707,,269,0,0,269,179,66.54275092936803,90,33.457249070631974,
vdce_2026_nordmann,08.03.26,centre-gauche,Nyon,Chavannes-des-Bois,5708,,243,0,0,243,85,34.97942386831276,158,65.02057613168725,
vdce_2026_raboud,08.03.26,gauche,Nyon,Chavannes-des-Bois,5708,,243,0,0,243,5,2.05761316872428,238,97.94238683127571,
vdce_2026_thuillard,08.03.26,extreme-droite,Nyon,Chavannes-des-Bois,5708,,243,0,0,243,153,62.96296296296296,90,37.03703703703704,
vdce_2026_nordmann,08.03.26,centre-gauche,Nyon,Chéserex,5709,,421,0,0,421,167,39.66745843230404,254,60.33254156769596,
vdce_2026_raboud,08.03.26,gauche,Nyon,Chéserex,5709,,421,0,0,421,23,5.463182897862233,398,94.53681710213777,
vdce_2026_thuillard,08.03.26,extreme-droite,Nyon,Chéserex,5709,,421,0,0,421,229,54.39429928741093,192,45.605700712589076,
vdce_2026_nordmann,08.03.26,centre-gauche,Nyon,Coppet,5712,,870,0,0,870,360,41.37931034482759,510,58.620689655172406,
vdce_2026_raboud,08.03.26,gauche,Nyon,Coppet,5712,,870,0,0,870,24,2.7586206896551726,846,97.24137931034483,
vdce_2026_thuillard,08.03.26,extreme-droite,Nyon,Coppet,5712,,870,0,0,870,484,55.632183908045974,386,44.36781609195402,
vdce_2026_nordmann,08.03.26,centre-gauche,Nyon,Eysins,5716,,463,0,0,463,208,44.9244060475162,255,55.0755939524838,
vdce_2026_raboud,08.03.26,gauche,Nyon,Eysins,5716,,463,0,0,463,37,7.991360691144708,426,92.0086393088553,
vdce_2026_thuillard,08.03.26,extreme-droite,Nyon,Eysins,5716,,463,0,0,463,216,46.652267818574515,247,53.34773218142549,
vdce_2026_nordmann,08.03.26,centre-gauche,Nyon,Founex,5717,,952,0,0,952,337,35.39915966386555,615,64.60084033613445,
vdce_2026_raboud,08.03.26,gauche,Nyon,Founex,5717,,952,0,0,952,55,5.777310924369748,897,94.22268907563026,
vdce_2026_thuillard,08.03.26,extreme-droite,Nyon,Founex,5717,,952,0,0,952,555,58.29831932773109,397,41.70168067226891,
vdce_2026_nordmann,08.03.26,centre-gauche,Nyon,Gingins,5719,,403,0,0,403,171,42.4317617866005,232,57.5682382133995,
vdce_2026_raboud,08.03.26,gauche,Nyon,Gingins,5719,,403,0,0,403,32,7.94044665012407,371,92.05955334987593,
vdce_2026_thuillard,08.03.26,extreme-droite,Nyon,Gingins,5719,,403,0,0,403,200,49.62779156327544,203,50.37220843672456,
vdce_2026_nordmann,08.03.26,centre-gauche,Nyon,Givrins,5720,,403,0,0,403,177,43.920595533498755,226,56.07940446650124,
vdce_2026_raboud,08.03.26,gauche,Nyon,Givrins,5720,,403,0,0,403,22,5.459057071960298,381,94.54094292803971,
vdce_2026_thuillard,08.03.26,extreme-droite,Nyon,Givrins,5720,,403,0,0,403,203,50.37220843672456,200,49.62779156327544,
vdce_2026_nordmann,08.03.26,centre-gauche,Nyon,Gland,5721,,3166,0,0,3166,1379,43.556538218572335,1787,56.44346178142767,
vdce_2026_raboud,08.03.26,gauche,Nyon,Gland,5721,,3166,0,0,3166,197,6.22236260265319,2969,93.77763739734681,
vdce_2026_thuillard,08.03.26,extreme-droite,Nyon,Gland,5721,,3166,0,0,3166,1578,49.84207201516109,1588,50.15792798483891,
vdce_2026_nordmann,08.03.26,centre-gauche,Nyon,Grens,5722,,147,0,0,147,70,47.61904761904761,77,52.38095238095239,
vdce_2026_raboud,08.03.26,gauche,Nyon,Grens,5722,,147,0,0,147,12,8.16326530612245,135,91.83673469387756,
vdce_2026_thuillard,08.03.26,extreme-droite,Nyon,Grens,5722,,147,0,0,147,65,44.21768707482993,82,55.78231292517006,
vdce_2026_nordmann,08.03.26,centre-gauche,Nyon,Nyon,5724,,4250,0,0,4250,2240,52.70588235294118,2010,47.294117647058826,
vdce_2026_raboud,08.03.26,gauche,Nyon,Nyon,5724,,4250,0,0,4250,328,7.717647058823529,3922,92.28235294117647,
vdce_2026_thuillard,08.03.26,extreme-droite,Nyon,Nyon,5724,,4250,0,0,4250,1662,39.10588235294118,2588,60.89411764705882,
vdce_2026_nordmann,08.03.26,centre-gauche,Nyon,Saint-Cergue,5727,,803,0,0,803,358,44.58281444582815,445,55.41718555417185,
vdce_2026_raboud,08.03.26,gauche,Nyon,Saint-Cergue,5727,,803,0,0,803,47,5.85305105853051,756,94.14694894146949,
vdce_2026_thuillard,08.03.26,extreme-droite,Nyon,Saint-Cergue,5727,,803,0,0,803,393,48.94146948941469,410,51.05853051058531,
vdce_2026_nordmann,08.03.26,centre-gauche,Nyon,Signy-Avenex,5728,,185,0,0,185,73,39.45945945945946,112,60.54054054054055,
vdce_2026_raboud,08.03.26,gauche,Nyon,Signy-Avenex,5728,,185,0,0,185,10,5.405405405405405,175,94.5945945945946,
vdce_2026_thuillard,08.03.26,extreme-droite,Nyon,Signy-Avenex,5728,,185,0,0,185,102,55.13513513513514,83,44.86486486486487,
vdce_2026_nordmann,08.03.26,centre-gauche,Nyon,Tannay,5729,,539,0,0,539,224,41.55844155844156,315,58.44155844155844,
vdce_2026_raboud,08.03.26,gauche,Nyon,Tannay,5729,,539,0,0,539,27,5.009276437847866,512,94.99072356215214,
vdce_2026_thuillard,08.03.26,extreme-droite,Nyon,Tannay,5729,,539,0,0,539,288,53.432282003710576,251,46.567717996289424,
vdce_2026_nordmann,08.03.26,centre-gauche,Nyon,Trélex,5730,,537,0,0,537,228,42.45810055865922,309,57.54189944134078,
vdce_2026_raboud,08.03.26,gauche,Nyon,Trélex,5730,,537,0,0,537,20,3.7243947858473,517,96.2756052141527,
vdce_2026_thuillard,08.03.26,extreme-droite,Nyon,Trélex,5730,,537,0,0,537,289,53.81750465549349,248,46.18249534450652,
vdce_2026_nordmann,08.03.26,centre-gauche,Nyon,Vich,5732,,293,0,0,293,142,48.4641638225256,151,51.5358361774744,
vdce_2026_raboud,08.03.26,gauche,Nyon,Vich,5732,,293,0,0,293,14,4.778156996587031,279,95.22184300341297,
vdce_2026_thuillard,08.03.26,extreme-droite,Nyon,Vich,5732,,293,0,0,293,137,46.75767918088737,156,53.242320819112635,
vdce_2026_nordmann,08.03.26,centre-gauche,Yverdon,L'Abergement,5741,,142,0,0,142,62,43.66197183098591,80,56.33802816901409,
vdce_2026_raboud,08.03.26,gauche,Yverdon,L'Abergement,5741,,142,0,0,142,4,2.8169014084507045,138,97.1830985915493,
vdce_2026_thuillard,08.03.26,extreme-droite,Yverdon,L'Abergement,5741,,142,0,0,142,76,53.52112676056338,66,46.478873239436616,
vdce_2026_nordmann,08.03.26,centre-gauche,Yverdon,Arnex-sur-Orbe,5743,,258,0,0,258,121,46.89922480620155,137,53.100775193798455,
vdce_2026_raboud,08.03.26,gauche,Yverdon,Arnex-sur-Orbe,5743,,258,0,0,258,12,4.651162790697675,246,95.34883720930233,
vdce_2026_thuillard,08.03.26,extreme-droite,Yverdon,Arnex-sur-Orbe,5743,,258,0,0,258,124,48.06201550387597,134,51.93798449612403,
vdce_2026_nordmann,08.03.26,centre-gauche,Yverdon,Ballaigues,5744,,415,0,0,415,168,40.48192771084337,247,59.518072289156635,
vdce_2026_raboud,08.03.26,gauche,Yverdon,Ballaigues,5744,,415,0,0,415,34,8.19277108433735,381,91.80722891566265,
vdce_2026_thuillard,08.03.26,extreme-droite,Yverdon,Ballaigues,5744,,415,0,0,415,209,50.36144578313253,206,49.63855421686747,
vdce_2026_nordmann,08.03.26,centre-gauche,Yverdon,Chavornay,5749,,1445,0,0,1445,584,40.41522491349481,861,59.58477508650519,
vdce_2026_raboud,08.03.26,gauche,Yverdon,Chavornay,5749,,1445,0,0,1445,110,7.612456747404845,1335,92.38754325259517,
vdce_2026_thuillard,08.03.26,extreme-droite,Yverdon,Chavornay,5749,,1445,0,0,1445,749,51.83391003460207,696,48.16608996539792,
vdce_2026_nordmann,08.03.26,centre-gauche,Yverdon,Les Clées,5750,,83,0,0,83,44,53.01204819277109,39,46.98795180722892,
vdce_2026_raboud,08.03.26,gauche,Yverdon,Les Clées,5750,,83,0,0,83,6,7.228915662650602,77,92.7710843373494,
vdce_2026_thuillard,08.03.26,extreme-droite,Yverdon,Les Clées,5750,,83,0,0,83,33,39.75903614457831,50,60.24096385542169,
vdce_2026_nordmann,08.03.26,centre-gauche,Yverdon,Croy,5752,,178,0,0,178,89,50,89,50,
vdce_2026_raboud,08.03.26,gauche,Yverdon,Croy,5752,,178,0,0,178,20,11.235955056179774,158,88.76404494382022,
vdce_2026_thuillard,08.03.26,extreme-droite,Yverdon,Croy,5752,,178,0,0,178,69,38.764044943820224,109,61.23595505617978,
vdce_2026_nordmann,08.03.26,centre-gauche,Yverdon,Juriens,5754,,155,0,0,155,53,34.193548387096776,102,65.80645161290323,
vdce_2026_raboud,08.03.26,gauche,Yverdon,Juriens,5754,,155,0,0,155,6,3.870967741935484,149,96.12903225806451,
vdce_2026_thuillard,08.03.26,extreme-droite,Yverdon,Juriens,5754,,155,0,0,155,95,61.29032258064516,60,38.70967741935484,
vdce_2026_nordmann,08.03.26,centre-gauche,Yverdon,Orbe,5757,,1760,0,0,1760,771,43.80681818181818,989,56.19318181818181,
vdce_2026_raboud,08.03.26,gauche,Yverdon,Orbe,5757,,1760,0,0,1760,127,7.215909090909091,1633,92.7840909090909,
vdce_2026_thuillard,08.03.26,extreme-droite,Yverdon,Orbe,5757,,1760,0,0,1760,855,48.57954545454545,905,51.42045454545454,
vdce_2026_nordmann,08.03.26,centre-gauche,Yverdon,Premier,5759,,123,0,0,123,42,34.146341463414636,81,65.85365853658537,
vdce_2026_raboud,08.03.26,gauche,Yverdon,Premier,5759,,123,0,0,123,12,9.75609756097561,111,90.2439024390244,
vdce_2026_thuillard,08.03.26,extreme-droite,Yverdon,Premier,5759,,123,0,0,123,69,56.09756097560976,54,43.90243902439025,
vdce_2026_nordmann,08.03.26,centre-gauche,Yverdon,Sergey,5762,,75,0,0,75,23,30.666666666666664,52,69.33333333333334,
vdce_2026_raboud,08.03.26,gauche,Yverdon,Sergey,5762,,75,0,0,75,2,2.666666666666667,73,97.33333333333334,
vdce_2026_thuillard,08.03.26,extreme-droite,Yverdon,Sergey,5762,,75,0,0,75,50,66.66666666666666,25,33.33333333333333,
vdce_2026_nordmann,08.03.26,centre-gauche,Yverdon,Vallorbe,5764,,960,0,0,960,343,35.729166666666664,617,64.27083333333333,
vdce_2026_raboud,08.03.26,gauche,Yverdon,Vallorbe,5764,,960,0,0,960,82,8.541666666666666,878,91.45833333333333,
vdce_2026_thuillard,08.03.26,extreme-droite,Yverdon,Vallorbe,5764,,960,0,0,960,531,55.3125,429,44.6875,
vdce_2026_nordmann,08.03.26,centre-gauche,Lavaux-Oron,Maracon,5790,,249,0,0,249,109,43.77510040160642,140,56.22489959839358,
vdce_2026_raboud,08.03.26,gauche,Lavaux-Oron,Maracon,5790,,249,0,0,249,29,11.646586345381527,220,88.35341365461848,
vdce_2026_thuillard,08.03.26,extreme-droite,Lavaux-Oron,Maracon,5790,,249,0,0,249,111,44.57831325301205,138,55.42168674698795,
vdce_2026_nordmann,08.03.26,centre-gauche,Lavaux-Oron,Servion,5799,,706,0,0,706,316,44.759206798866856,390,55.240793201133144,
vdce_2026_raboud,08.03.26,gauche,Lavaux-Oron,Servion,5799,,706,0,0,706,42,5.94900849858357,664,94.05099150141642,
vdce_2026_thuillard,08.03.26,extreme-droite,Lavaux-Oron,Servion,5799,,706,0,0,706,346,49.008498583569406,360,50.991501416430594,
vdce_2026_nordmann,08.03.26,centre-gauche,Lavaux-Oron,Oron,5805,,1919,0,0,1919,797,41.53204794163627,1122,58.46795205836373,
vdce_2026_raboud,08.03.26,gauche,Lavaux-Oron,Oron,5805,,1919,0,0,1919,142,7.399687337154768,1777,92.60031266284523,
vdce_2026_thuillard,08.03.26,extreme-droite,Lavaux-Oron,Oron,5805,,1919,0,0,1919,976,50.8598228243877,943,49.1401771756123,
vdce_2026_nordmann,08.03.26,centre-gauche,Lavaux-Oron,Jorat-Mézières,5806,,1108,0,0,1108,458,41.335740072202164,650,58.664259927797836,
vdce_2026_raboud,08.03.26,gauche,Lavaux-Oron,Jorat-Mézières,5806,,1108,0,0,1108,65,5.866425992779783,1043,94.13357400722022,
vdce_2026_thuillard,08.03.26,extreme-droite,Lavaux-Oron,Jorat-Mézières,5806,,1108,0,0,1108,584,52.707581227436826,524,47.292418772563174,
vdce_2026_nordmann,08.03.26,centre-gauche,Broye-Vully,Corcelles-près-Payerne,5816,,720,0,0,720,245,34.02777777777778,475,65.97222222222221,
vdce_2026_raboud,08.03.26,gauche,Broye-Vully,Corcelles-près-Payerne,5816,,720,0,0,720,38,5.277777777777778,682,94.72222222222221,
vdce_2026_thuillard,08.03.26,extreme-droite,Broye-Vully,Corcelles-près-Payerne,5816,,720,0,0,720,435,60.416666666666664,285,39.58333333333333,
vdce_2026_nordmann,08.03.26,centre-gauche,Broye-Vully,Grandcour,5817,,311,0,0,311,81,26.04501607717042,230,73.95498392282958,
vdce_2026_raboud,08.03.26,gauche,Broye-Vully,Grandcour,5817,,311,0,0,311,17,5.466237942122187,294,94.53376205787781,
vdce_2026_thuillard,08.03.26,extreme-droite,Broye-Vully,Grandcour,5817,,311,0,0,311,213,68.48874598070739,98,31.511254019292608,
vdce_2026_nordmann,08.03.26,centre-gauche,Broye-Vully,Payerne,5822,,2130,0,0,2130,867,40.70422535211268,1263,59.29577464788732,
vdce_2026_raboud,08.03.26,gauche,Broye-Vully,Payerne,5822,,2130,0,0,2130,89,4.178403755868545,2041,95.82159624413146,
vdce_2026_thuillard,08.03.26,extreme-droite,Broye-Vully,Payerne,5822,,2130,0,0,2130,1172,55.02347417840375,958,44.97652582159624,
vdce_2026_nordmann,08.03.26,centre-gauche,Broye-Vully,Treytorrens (Payerne),5828,,57,0,0,57,16,28.07017543859649,41,71.9298245614035,
vdce_2026_raboud,08.03.26,gauche,Broye-Vully,Treytorrens (Payerne),5828,,57,0,0,57,2,3.508771929824561,55,96.49122807017544,
vdce_2026_thuillard,08.03.26,extreme-droite,Broye-Vully,Treytorrens (Payerne),5828,,57,0,0,57,39,68.42105263157895,18,31.57894736842105,
vdce_2026_nordmann,08.03.26,centre-gauche,Broye-Vully,Valbroye,5831,,970,0,0,970,313,32.2680412371134,657,67.7319587628866,
vdce_2026_raboud,08.03.26,gauche,Broye-Vully,Valbroye,5831,,970,0,0,970,52,5.360824742268041,918,94.63917525773195,
vdce_2026_thuillard,08.03.26,extreme-droite,Broye-Vully,Valbroye,5831,,970,0,0,970,601,61.95876288659794,369,38.04123711340206,
vdce_2026_nordmann,08.03.26,centre-gauche,Pays-d'Enhaut,Château-d'Oex,5841,,1063,0,0,1063,364,34.24270931326435,699,65.75729068673566,
vdce_2026_raboud,08.03.26,gauche,Pays-d'Enhaut,Château-d'Oex,5841,,1063,0,0,1063,30,2.8222013170272815,1033,97.17779868297272,
vdce_2026_thuillard,08.03.26,extreme-droite,Pays-d'Enhaut,Château-d'Oex,5841,,1063,0,0,1063,667,62.74694261523989,396,37.25305738476011,
vdce_2026_nordmann,08.03.26,centre-gauche,Nyon,Bursins,5853,,248,0,0,248,113,45.564516129032256,135,54.43548387096774,
vdce_2026_raboud,08.03.26,gauche,Nyon,Bursins,5853,,248,0,0,248,11,4.435483870967742,237,95.56451612903226,
vdce_2026_thuillard,08.03.26,extreme-droite,Nyon,Bursins,5853,,248,0,0,248,124,50,124,50,
vdce_2026_nordmann,08.03.26,centre-gauche,Nyon,Luins,5858,,178,0,0,178,61,34.26966292134831,117,65.73033707865169,
vdce_2026_raboud,08.03.26,gauche,Nyon,Luins,5858,,178,0,0,178,6,3.3707865168539324,172,96.62921348314607,
vdce_2026_thuillard,08.03.26,extreme-droite,Nyon,Luins,5858,,178,0,0,178,111,62.35955056179775,67,37.640449438202246,
vdce_2026_nordmann,08.03.26,centre-gauche,Nyon,Mont-sur-Rolle,5859,,690,0,0,690,272,39.42028985507247,418,60.57971014492753,
vdce_2026_raboud,08.03.26,gauche,Nyon,Mont-sur-Rolle,5859,,690,0,0,690,39,5.6521739130434785,651,94.34782608695652,
vdce_2026_thuillard,08.03.26,extreme-droite,Nyon,Mont-sur-Rolle,5859,,690,0,0,690,378,54.78260869565217,312,45.21739130434783,
vdce_2026_nordmann,08.03.26,centre-gauche,Nyon,Perroy,5860,,497,0,0,497,197,39.63782696177062,300,60.36217303822937,
vdce_2026_raboud,08.03.26,gauche,Nyon,Perroy,5860,,497,0,0,497,30,6.036217303822937,467,93.96378269617706,
vdce_2026_thuillard,08.03.26,extreme-droite,Nyon,Perroy,5860,,497,0,0,497,270,54.32595573440644,227,45.67404426559356,
vdce_2026_nordmann,08.03.26,centre-gauche,Nyon,Rolle,5861,,1508,0,0,1508,683,45.291777188328915,825,54.70822281167109,
vdce_2026_raboud,08.03.26,gauche,Nyon,Rolle,5861,,1508,0,0,1508,97,6.43236074270557,1411,93.56763925729443,
vdce_2026_thuillard,08.03.26,extreme-droite,Nyon,Rolle,5861,,1508,0,0,1508,723,47.94429708222812,785,52.05570291777188,
vdce_2026_nordmann,08.03.26,centre-gauche,La Vallée,L'Abbaye,5871,,580,0,0,580,232,40,348,60,
vdce_2026_raboud,08.03.26,gauche,La Vallée,L'Abbaye,5871,,580,0,0,580,28,4.827586206896552,552,95.17241379310344,
vdce_2026_thuillard,08.03.26,extreme-droite,La Vallée,L'Abbaye,5871,,580,0,0,580,316,54.48275862068965,264,45.51724137931035,
vdce_2026_nordmann,08.03.26,centre-gauche,La Vallée,Le Chenit,5872,,1382,0,0,1382,692,50.07235890014472,690,49.92764109985528,
vdce_2026_raboud,08.03.26,gauche,La Vallée,Le Chenit,5872,,1382,0,0,1382,79,5.716353111432706,1303,94.28364688856729,
vdce_2026_thuillard,08.03.26,extreme-droite,La Vallée,Le Chenit,5872,,1382,0,0,1382,599,43.34298118668596,783,56.65701881331404,
vdce_2026_nordmann,08.03.26,centre-gauche,Vevey,Chardonne,5882,,1202,0,0,1202,556,46.25623960066555,646,53.74376039933444,
vdce_2026_raboud,08.03.26,gauche,Vevey,Chardonne,5882,,1202,0,0,1202,82,6.821963394342761,1120,93.17803660565723,
vdce_2026_thuillard,08.03.26,extreme-droite,Vevey,Chardonne,5882,,1202,0,0,1202,560,46.58901830282861,642,53.41098169717138,
vdce_2026_nordmann,08.03.26,centre-gauche,Vevey,Corseaux,5883,,823,0,0,823,412,50.06075334143378,411,49.93924665856622,
vdce_2026_raboud,08.03.26,gauche,Vevey,Corseaux,5883,,823,0,0,823,55,6.682867557715674,768,93.31713244228432,
vdce_2026_thuillard,08.03.26,extreme-droite,Vevey,Corseaux,5883,,823,0,0,823,352,42.77035236938032,471,57.22964763061968,
vdce_2026_nordmann,08.03.26,centre-gauche,Vevey,Corsier-sur-Vevey,5884,,961,0,0,961,463,48.1789802289282,498,51.821019771071796,
vdce_2026_raboud,08.03.26,gauche,Vevey,Corsier-sur-Vevey,5884,,961,0,0,961,85,8.844953173777315,876,91.15504682622269,
vdce_2026_thuillard,08.03.26,extreme-droite,Vevey,Corsier-sur-Vevey,5884,,961,0,0,961,413,42.97606659729448,548,57.02393340270552,
vdce_2026_nordmann,08.03.26,centre-gauche,Vevey,Montreux,5886,,5290,0,0,5290,2657,50.226843100189036,2633,49.773156899810964,
vdce_2026_raboud,08.03.26,gauche,Vevey,Montreux,5886,,5290,0,0,5290,341,6.446124763705104,4949,93.55387523629489,
vdce_2026_thuillard,08.03.26,extreme-droite,Vevey,Montreux,5886,,5290,0,0,5290,2274,42.986767485822305,3016,57.013232514177695,
vdce_2026_nordmann,08.03.26,centre-gauche,Vevey,La Tour-de-Peilz,5889,,3799,0,0,3799,2064,54.330086864964464,1735,45.669913135035536,
vdce_2026_raboud,08.03.26,gauche,Vevey,La Tour-de-Peilz,5889,,3799,0,0,3799,297,7.817846801789945,3502,92.18215319821006,
vdce_2026_thuillard,08.03.26,extreme-droite,Vevey,La Tour-de-Peilz,5889,,3799,0,0,3799,1436,37.7994209002369,2363,62.2005790997631,
vdce_2026_nordmann,08.03.26,centre-gauche,Vevey,Vevey,5890,,4689,0,0,4689,2485,52.99637449349541,2204,47.00362550650459,
vdce_2026_raboud,08.03.26,gauche,Vevey,Vevey,5890,,4689,0,0,4689,827,17.63702281936447,3862,82.36297718063554,
vdce_2026_thuillard,08.03.26,extreme-droite,Vevey,Vevey,5890,,4689,0,0,4689,1373,29.28129665173811,3316,70.7187033482619,
vdce_2026_nordmann,08.03.26,centre-gauche,Vevey,Veytaux,5891,,248,0,0,248,131,52.82258064516129,117,47.17741935483871,
vdce_2026_raboud,08.03.26,gauche,Vevey,Veytaux,5891,,248,0,0,248,13,5.241935483870968,235,94.75806451612904,
vdce_2026_thuillard,08.03.26,extreme-droite,Vevey,Veytaux,5891,,248,0,0,248,104,41.935483870967744,144,58.06451612903226,
vdce_2026_nordmann,08.03.26,centre-gauche,Vevey,Blonay - Saint-Légier,5892,,4276,0,0,4276,2049,47.91861552853134,2227,52.08138447146866,
vdce_2026_raboud,08.03.26,gauche,Vevey,Blonay - Saint-Légier,5892,,4276,0,0,4276,173,4.045837231057062,4103,95.95416276894294,
vdce_2026_thuillard,08.03.26,extreme-droite,Vevey,Blonay - Saint-Légier,5892,,4276,0,0,4276,2037,47.63797942001871,2239,52.36202057998129,
vdce_2026_nordmann,08.03.26,centre-gauche,Yverdon,Champvent,5905,,271,0,0,271,95,35.05535055350554,176,64.94464944649447,
vdce_2026_raboud,08.03.26,gauche,Yverdon,Champvent,5905,,271,0,0,271,14,5.166051660516605,257,94.8339483394834,
vdce_2026_thuillard,08.03.26,extreme-droite,Yverdon,Champvent,5905,,271,0,0,271,161,59.40959409594095,110,40.59040590405904,
vdce_2026_nordmann,08.03.26,centre-gauche,Yverdon,Chavannes-le-Chêne,5907,,127,0,0,127,24,18.89763779527559,103,81.10236220472441,
vdce_2026_raboud,08.03.26,gauche,Yverdon,Chavannes-le-Chêne,5907,,127,0,0,127,9,7.086614173228346,118,92.91338582677166,
vdce_2026_thuillard,08.03.26,extreme-droite,Yverdon,Chavannes-le-Chêne,5907,,127,0,0,127,94,74.01574803149606,33,25.984251968503933,
vdce_2026_nordmann,08.03.26,centre-gauche,Yverdon,Chêne-Pâquier,5908,,65,0,0,65,22,33.84615384615385,43,66.15384615384615,
vdce_2026_raboud,08.03.26,gauche,Yverdon,Chêne-Pâquier,5908,,65,0,0,65,4,6.153846153846154,61,93.84615384615384,
vdce_2026_thuillard,08.03.26,extreme-droite,Yverdon,Chêne-Pâquier,5908,,65,0,0,65,39,60,26,40,
vdce_2026_nordmann,08.03.26,centre-gauche,Yverdon,Cheseaux-Noréaz,5909,,310,0,0,310,126,40.64516129032258,184,59.354838709677416,
vdce_2026_raboud,08.03.26,gauche,Yverdon,Cheseaux-Noréaz,5909,,310,0,0,310,9,2.903225806451613,301,97.09677419354838,
vdce_2026_thuillard,08.03.26,extreme-droite,Yverdon,Cheseaux-Noréaz,5909,,310,0,0,310,175,56.451612903225815,135,43.54838709677419,
vdce_2026_nordmann,08.03.26,centre-gauche,Yverdon,Démoret,5912,,86,0,0,86,28,32.55813953488372,58,67.44186046511628,
vdce_2026_raboud,08.03.26,gauche,Yverdon,Démoret,5912,,86,0,0,86,1,1.1627906976744187,85,98.83720930232558,
vdce_2026_thuillard,08.03.26,extreme-droite,Yverdon,Démoret,5912,,86,0,0,86,57,66.27906976744185,29,33.72093023255814,
vdce_2026_nordmann,08.03.26,centre-gauche,Yverdon,Orzens,5925,,102,0,0,102,32,31.372549019607842,70,68.62745098039215,
vdce_2026_raboud,08.03.26,gauche,Yverdon,Orzens,5925,,102,0,0,102,11,10.784313725490197,91,89.2156862745098,
vdce_2026_thuillard,08.03.26,extreme-droite,Yverdon,Orzens,5925,,102,0,0,102,59,57.84313725490197,43,42.15686274509804,
vdce_2026_nordmann,08.03.26,centre-gauche,Yverdon,Pomy,5926,,353,0,0,353,132,37.39376770538244,221,62.606232294617556,
vdce_2026_raboud,08.03.26,gauche,Yverdon,Pomy,5926,,353,0,0,353,13,3.6827195467422094,340,96.3172804532578,
vdce_2026_thuillard,08.03.26,extreme-droite,Yverdon,Pomy,5926,,353,0,0,353,208,58.92351274787535,145,41.07648725212464,
vdce_2026_nordmann,08.03.26,centre-gauche,Yverdon,Treycovagnes,5931,,154,0,0,154,60,38.961038961038966,94,61.038961038961034,
vdce_2026_raboud,08.03.26,gauche,Yverdon,Treycovagnes,5931,,154,0,0,154,11,7.142857142857142,143,92.85714285714286,
vdce_2026_thuillard,08.03.26,extreme-droite,Yverdon,Treycovagnes,5931,,154,0,0,154,83,53.896103896103895,71,46.103896103896105,
vdce_2026_nordmann,08.03.26,centre-gauche,Yverdon,Yverdon-les-Bains,5938,,6541,0,0,6541,3351,51.230698669928145,3190,48.769301330071855,
vdce_2026_raboud,08.03.26,gauche,Yverdon,Yverdon-les-Bains,5938,,6541,0,0,6541,568,8.683687509555114,5973,91.31631249044489,
vdce_2026_thuillard,08.03.26,extreme-droite,Yverdon,Yverdon-les-Bains,5938,,6541,0,0,6541,2601,39.764561993578965,3940,60.235438006421035,
cc_2026_eag,08.03.26,gauche,Lausanne-Ville,Lausanne,5586,,100,0,0,100,19,19,81,81,
cc_2026_eag,08.03.26,gauche,Nyon,Nyon,5724,,100,0,0,100,6,6,94,94,
cc_2026_eag,08.03.26,gauche,Vevey,Corsier-sur-Vevey,5884,,60,0,0,60,6,10,54,90,
cc_2026_eag,08.03.26,gauche,Vevey,Montreux,5886,,100,0,0,100,7,7.000000000000001,93,93,
cc_2026_eag,08.03.26,gauche,Vevey,Vevey,5890,,100,0,0,100,20,20,80,80,
cc_2026_eag,08.03.26,gauche,Yverdon,Yverdon-les-Bains,5938,,100,0,0,100,8,8,92,92,
init_durabilite,14.06.26,extreme-droite,Aigle,Aigle,5401,5438,2715,44,0,2671,1162,43.50430550355672,1509,56.495694496443285,49.926443545421115
init_durabilite,14.06.26,extreme-droite,Aigle,Bex,5402,4605,2280,29,0,2251,961,42.69213682807641,1290,57.30786317192359,49.5114006514658
init_durabilite,14.06.26,extreme-droite,Aigle,Chessel,5403,312,182,1,1,180,108,60,72,40,58.333333333333336
init_durabilite,14.06.26,extreme-droite,Aigle,Corbeyrier,5404,348,209,2,0,207,107,51.690821256038646,100,48.309178743961354,60.05747126436781
init_durabilite,14.06.26,extreme-droite,Aigle,Gryon,5405,886,518,14,0,504,184,36.507936507936506,320,63.49206349206349,58.465011286681715
init_durabilite,14.06.26,extreme-droite,Aigle,Lavey-Morcles,5406,633,335,1,0,334,181,54.191616766467064,153,45.808383233532936,52.922590837282776
init_durabilite,14.06.26,extreme-droite,Aigle,Leysin,5407,1510,828,9,1,818,280,34.229828850855746,538,65.77017114914425,54.83443708609271
init_durabilite,14.06.26,extreme-droite,Aigle,Noville,5408,733,398,1,0,397,200,50.377833753148614,197,49.622166246851386,54.29740791268759
init_durabilite,14.06.26,extreme-droite,Aigle,Ollon VD,5409,4387,2728,36,0,2692,1080,40.11887072808321,1612,59.88112927191679,62.18372464098473
init_durabilite,14.06.26,extreme-droite,Aigle,Ormont-Dessous,5410,815,465,6,2,457,241,52.735229759299784,216,47.26477024070022,57.05521472392638
init_durabilite,14.06.26,extreme-droite,Aigle,Ormont-Dessus,5411,921,554,5,0,549,250,45.537340619307834,299,54.462659380692166,60.15200868621064
init_durabilite,14.06.26,extreme-droite,Aigle,Rennaz,5412,507,249,2,0,247,113,45.74898785425101,134,54.25101214574899,49.112426035502956
init_durabilite,14.06.26,extreme-droite,Aigle,Roche VD,5413,998,455,5,1,449,228,50.779510022271715,221,49.220489977728285,45.59118236472946
init_durabilite,14.06.26,extreme-droite,Aigle,Villeneuve VD,5414,2817,1350,14,0,1336,567,42.44011976047904,769,57.55988023952096,47.92332268370607
init_durabilite,14.06.26,extreme-droite,Aigle,Yvorne,5415,814,393,5,0,388,173,44.58762886597938,215,55.412371134020624,48.28009828009828
init_durabilite,14.06.26,extreme-droite,Broye - Vully,Avenches,5451,2308,1119,12,0,1107,559,50.49683830171635,548,49.50316169828365,48.48353552859619
init_durabilite,14.06.26,extreme-droite,Broye - Vully,Bussy-sur-Moudon,5663,179,110,2,0,108,55,50.92592592592593,53,49.074074074074076,61.452513966480446
init_durabilite,14.06.26,extreme-droite,Broye - Vully,Champtauroz,5812,125,78,2,0,76,45,59.210526315789465,31,40.78947368421053,62.4
init_durabilite,14.06.26,extreme-droite,Broye - Vully,Chavannes-sur-Moudon,5665,177,104,1,0,103,66,64.07766990291263,37,35.92233009708738,58.75706214689266
init_durabilite,14.06.26,extreme-droite,Broye - Vully,Chevroux,5813,339,217,4,0,213,127,59.624413145539904,86,40.375586854460096,64.0117994100295
init_durabilite,14.06.26,extreme-droite,Broye - Vully,Corcelles-le-Jorat,5785,328,207,3,0,204,109,53.431372549019606,95,46.568627450980394,63.109756097560975
init_durabilite,14.06.26,extreme-droite,Broye - Vully,Corcelles-près-Payerne,5816,1584,837,6,0,831,455,54.75330926594465,376,45.246690734055356,52.84090909090909
init_durabilite,14.06.26,extreme-droite,Broye - Vully,Cudrefin,5456,1263,689,3,0,686,315,45.91836734693878,371,54.08163265306123,54.552652414885195
init_durabilite,14.06.26,extreme-droite,Broye - Vully,Curtilles,5669,215,129,8,0,121,54,44.62809917355372,67,55.371900826446286,60
init_durabilite,14.06.26,extreme-droite,Broye - Vully,Dompierre VD,5671,163,109,0,0,109,68,62.38532110091744,41,37.61467889908257,66.87116564417178
init_durabilite,14.06.26,extreme-droite,Broye - Vully,Faoug,5458,568,312,1,0,311,130,41.80064308681672,181,58.19935691318327,54.929577464788736
init_durabilite,14.06.26,extreme-droite,Broye - Vully,Grandcour,5817,627,332,3,0,329,175,53.191489361702125,154,46.808510638297875,52.95055821371611
init_durabilite,14.06.26,extreme-droite,Broye - Vully,Henniez,5819,266,122,0,0,122,75,61.47540983606557,47,38.52459016393443,45.86466165413533
init_durabilite,14.06.26,extreme-droite,Broye - Vully,Hermenches,5673,251,146,4,0,142,82,57.74647887323944,60,42.25352112676056,58.16733067729084
init_durabilite,14.06.26,extreme-droite,Broye - Vully,Lovatens,5674,117,68,2,0,66,30,45.45454545454545,36,54.54545454545454,58.119658119658126
init_durabilite,14.06.26,extreme-droite,Broye - Vully,Lucens,5675,2231,1122,16,1,1105,528,47.782805429864254,577,52.21719457013575,50.29134917077543
init_durabilite,14.06.26,extreme-droite,Broye - Vully,Missy,5821,235,141,1,0,140,57,40.714285714285715,83,59.285714285714285,60
init_durabilite,14.06.26,extreme-droite,Broye - Vully,Moudon,5678,4208,1156,12,1,1143,516,45.14435695538058,627,54.85564304461942,27.47148288973384
init_durabilite,14.06.26,extreme-droite,Broye - Vully,Payerne,5822,4835,2333,22,5,2306,1167,50.60711188204683,1139,49.39288811795316,48.25232678386763
init_durabilite,14.06.26,extreme-droite,Broye - Vully,Prévonloup,5683,172,90,0,0,90,44,48.888888888888886,46,51.11111111111111,52.32558139534884
init_durabilite,14.06.26,extreme-droite,Broye - Vully,Ropraz,5798,321,197,1,0,196,90,45.91836734693878,106,54.08163265306123,61.37071651090342
init_durabilite,14.06.26,extreme-droite,Broye - Vully,Rossenges,5684,58,35,1,0,34,14,41.17647058823529,20,58.82352941176471,60.3448275862069
init_durabilite,14.06.26,extreme-droite,Broye - Vully,Syens,5688,89,40,1,0,39,19,48.717948717948715,20,51.28205128205128,44.9438202247191
init_durabilite,14.06.26,extreme-droite,Broye - Vully,Trey,5827,202,122,0,0,122,71,58.19672131147541,51,41.80327868852459,60.396039603960396
init_durabilite,14.06.26,extreme-droite,Broye - Vully,Treytorrens (Payerne),5828,79,48,0,0,48,28,58.333333333333336,20,41.66666666666667,60.75949367088608
init_durabilite,14.06.26,extreme-droite,Broye - Vully,Valbroye,5831,2046,1140,10,0,1130,607,53.716814159292035,523,46.283185840707965,55.718475073313776
init_durabilite,14.06.26,extreme-droite,Broye - Vully,Villars-le-Comte,5690,101,69,3,0,66,34,51.515151515151516,32,48.484848484848484,68.31683168316832
init_durabilite,14.06.26,extreme-droite,Broye - Vully,Villarzel,5830,305,170,1,0,169,80,47.337278106508876,89,52.662721893491124,55.73770491803278
init_durabilite,14.06.26,extreme-droite,Broye - Vully,Vucherens,5692,404,237,3,0,234,93,39.743589743589745,141,60.256410256410255,58.66336633663366
init_durabilite,14.06.26,extreme-droite,Broye - Vully,Vulliens,5803,429,280,3,0,277,141,50.90252707581227,136,49.09747292418773,65.26806526806527
init_durabilite,14.06.26,extreme-droite,Broye - Vully,Vully-les-Lacs,5464,2415,1320,16,0,1304,613,47.00920245398773,691,52.99079754601227,54.6583850931677
init_durabilite,14.06.26,extreme-droite,Gros-de-Vaud,Assens,5511,1156,661,9,0,652,295,45.24539877300614,357,54.75460122699386,57.17993079584775
init_durabilite,14.06.26,extreme-droite,Gros-de-Vaud,Bercher,5512,892,510,6,1,503,224,44.53280318091451,279,55.46719681908549,57.17488789237668
init_durabilite,14.06.26,extreme-droite,Gros-de-Vaud,Bettens,5471,403,231,3,1,227,129,56.82819383259912,98,43.17180616740088,57.32009925558312
init_durabilite,14.06.26,extreme-droite,Gros-de-Vaud,Bottens,5514,857,472,8,0,464,227,48.922413793103445,237,51.077586206896555,55.07584597432905
init_durabilite,14.06.26,extreme-droite,Gros-de-Vaud,Boulens,5661,261,163,0,0,163,68,41.717791411042946,95,58.282208588957054,62.45210727969349
init_durabilite,14.06.26,extreme-droite,Gros-de-Vaud,Bournens,5472,380,219,2,0,217,105,48.38709677419355,112,51.61290322580645,57.631578947368425
init_durabilite,14.06.26,extreme-droite,Gros-de-Vaud,Boussens,5473,665,430,4,0,426,196,46.009389671361504,230,53.990610328638496,64.66165413533834
init_durabilite,14.06.26,extreme-droite,Gros-de-Vaud,Bretigny-sur-Morrens,5515,559,334,4,0,330,134,40.60606060606061,196,59.3939393939394,59.74955277280859
init_durabilite,14.06.26,extreme-droite,Gros-de-Vaud,Cugy VD,5516,1715,999,10,9,980,344,35.10204081632653,636,64.89795918367346,58.250728862973766
init_durabilite,14.06.26,extreme-droite,Gros-de-Vaud,Daillens,5480,702,428,5,0,423,156,36.87943262411347,267,63.12056737588653,60.96866096866097
init_durabilite,14.06.26,extreme-droite,Gros-de-Vaud,Echallens,5518,4081,2216,35,1,2180,831,38.11926605504587,1349,61.88073394495412,54.30041656456751
init_durabilite,14.06.26,extreme-droite,Gros-de-Vaud,Essertines-sur-Yverdon,5520,744,374,4,0,370,196,52.972972972972975,174,47.02702702702703,50.26881720430107
init_durabilite,14.06.26,extreme-droite,Gros-de-Vaud,Etagnières,5521,732,445,5,0,440,150,34.090909090909086,290,65.9090909090909,60.79234972677595
init_durabilite,14.06.26,extreme-droite,Gros-de-Vaud,Fey,5522,530,299,2,0,297,127,42.76094276094276,170,57.23905723905723,56.41509433962264
init_durabilite,14.06.26,extreme-droite,Gros-de-Vaud,Froideville,5523,1709,1057,11,0,1046,455,43.49904397705545,591,56.50095602294455,61.849034523112934
init_durabilite,14.06.26,extreme-droite,Gros-de-Vaud,Goumoëns,5541,814,488,7,0,481,225,46.77754677754678,256,53.222453222453225,59.95085995085995
init_durabilite,14.06.26,extreme-droite,Gros-de-Vaud,Jorat-Menthue,5804,1023,586,3,3,580,255,43.96551724137931,325,56.03448275862068,57.28250244379277
init_durabilite,14.06.26,extreme-droite,Gros-de-Vaud,Lussery-Villars,5487,320,170,0,0,170,61,35.88235294117647,109,64.11764705882354,53.125
init_durabilite,14.06.26,extreme-droite,Gros-de-Vaud,Mex VD,5489,498,266,3,0,263,124,47.14828897338403,139,52.851711026615966,53.41365461847389
init_durabilite,14.06.26,extreme-droite,Gros-de-Vaud,Montanaire,5693,1923,1099,11,0,1088,519,47.70220588235294,569,52.29779411764706,57.15028601144046
init_durabilite,14.06.26,extreme-droite,Gros-de-Vaud,Montilliez,5540,1291,732,4,0,728,378,51.92307692307693,350,48.07692307692308,56.700232378001544
init_durabilite,14.06.26,extreme-droite,Gros-de-Vaud,Morrens VD,5527,759,475,2,0,473,180,38.05496828752643,293,61.94503171247357,62.582345191040844
init_durabilite,14.06.26,extreme-droite,Gros-de-Vaud,Ogens,5680,225,129,2,0,127,54,42.51968503937008,73,57.48031496062992,57.333333333333336
init_durabilite,14.06.26,extreme-droite,Gros-de-Vaud,Oppens,5923,125,75,2,0,73,40,54.794520547945204,33,45.20547945205479,60
init_durabilite,14.06.26,extreme-droite,Gros-de-Vaud,Oulens-sous-Echallens,5529,421,285,2,1,282,133,47.16312056737589,149,52.836879432624116,67.6959619952494
init_durabilite,14.06.26,extreme-droite,Gros-de-Vaud,Pailly,5530,387,241,4,0,237,139,58.64978902953587,98,41.35021097046413,62.273901808785524
init_durabilite,14.06.26,extreme-droite,Gros-de-Vaud,Penthalaz,5495,1843,960,5,0,955,394,41.25654450261781,561,58.7434554973822,52.08898534997287
init_durabilite,14.06.26,extreme-droite,Gros-de-Vaud,Penthaz,5496,1120,582,5,0,577,254,44.0207972270364,323,55.97920277296361,51.964285714285715
init_durabilite,14.06.26,extreme-droite,Gros-de-Vaud,Penthéréaz,5531,325,188,2,0,186,87,46.774193548387096,99,53.2258064516129,57.84615384615385
init_durabilite,14.06.26,extreme-droite,Gros-de-Vaud,Poliez-Pittet,5533,524,302,6,0,296,137,46.28378378378378,159,53.71621621621622,57.63358778625955
init_durabilite,14.06.26,extreme-droite,Gros-de-Vaud,Rueyres,5534,212,149,1,0,148,68,45.94594594594595,80,54.054054054054056,70.28301886792453
init_durabilite,14.06.26,extreme-droite,Gros-de-Vaud,Saint-Barthélemy VD,5535,538,343,5,0,338,165,48.81656804733728,173,51.183431952662716,63.7546468401487
init_durabilite,14.06.26,extreme-droite,Gros-de-Vaud,Sullens,5501,787,476,6,0,470,234,49.787234042553195,236,50.212765957446805,60.482846251588306
init_durabilite,14.06.26,extreme-droite,Gros-de-Vaud,Villars-le-Terroir,5537,886,497,4,0,493,234,47.46450304259635,259,52.53549695740365,56.09480812641083
init_durabilite,14.06.26,extreme-droite,Gros-de-Vaud,Vuarrens,5539,710,406,5,0,401,203,50.62344139650873,198,49.37655860349127,57.183098591549296
init_durabilite,14.06.26,extreme-droite,Gros-de-Vaud,Vufflens-la-Ville,5503,898,596,4,1,591,229,38.74788494077834,362,61.25211505922166,66.36971046770601
init_durabilite,14.06.26,extreme-droite,Yverdon,Agiez,5742,237,131,1,0,130,56,43.07692307692308,74,56.92307692307692,55.27426160337553
init_durabilite,14.06.26,extreme-droite,Yverdon,Arnex-sur-Orbe,5743,475,293,1,0,292,112,38.35616438356164,180,61.64383561643836,61.68421052631579
init_durabilite,14.06.26,extreme-droite,Yverdon,Ballaigues,5744,734,407,6,2,399,197,49.373433583959894,202,50.6265664160401,55.449591280653955
init_durabilite,14.06.26,extreme-droite,Yverdon,Baulmes,5745,769,449,10,0,439,182,41.45785876993166,257,58.54214123006833,58.38751625487646
init_durabilite,14.06.26,extreme-droite,Yverdon,Bavois,5746,690,367,8,0,359,173,48.18941504178273,186,51.81058495821726,53.188405797101446
init_durabilite,14.06.26,extreme-droite,Yverdon,Belmont-sur-Yverdon,5902,308,179,0,0,179,93,51.955307262569825,86,48.04469273743017,58.11688311688312
init_durabilite,14.06.26,extreme-droite,Yverdon,Bioley-Magnoux,5903,194,118,1,0,117,49,41.88034188034188,68,58.119658119658126,60.824742268041234
init_durabilite,14.06.26,extreme-droite,Yverdon,Bofflens,5747,148,101,2,1,98,58,59.183673469387756,40,40.816326530612244,68.24324324324324
init_durabilite,14.06.26,extreme-droite,Yverdon,Bonvillars,5551,385,239,4,0,235,110,46.808510638297875,125,53.191489361702125,62.077922077922075
init_durabilite,14.06.26,extreme-droite,Yverdon,Bretonnières,5748,196,123,2,0,121,50,41.32231404958678,71,58.67768595041323,62.755102040816325
init_durabilite,14.06.26,extreme-droite,Yverdon,Bullet,5552,532,344,4,5,335,185,55.223880597014926,150,44.776119402985074,64.66165413533834
init_durabilite,14.06.26,extreme-droite,Yverdon,Chamblon,5904,434,227,5,0,222,91,40.99099099099099,131,59.009009009009006,52.30414746543779
init_durabilite,14.06.26,extreme-droite,Yverdon,Champagne,5553,720,377,9,0,368,136,36.95652173913043,232,63.04347826086957,52.361111111111114
init_durabilite,14.06.26,extreme-droite,Yverdon,Champvent,5905,449,265,5,0,260,110,42.30769230769231,150,57.692307692307686,59.02004454342984
init_durabilite,14.06.26,extreme-droite,Yverdon,Chavannes-le-Chêne,5907,232,114,1,0,113,61,53.98230088495575,52,46.017699115044245,49.137931034482754
init_durabilite,14.06.26,extreme-droite,Yverdon,Chavornay,5749,3085,1603,21,0,1582,664,41.97218710493047,918,58.02781289506953,51.96110210696921
init_durabilite,14.06.26,extreme-droite,Yverdon,Cheseaux-Noréaz,5909,514,333,8,0,325,123,37.84615384615385,202,62.153846153846146,64.78599221789884
init_durabilite,14.06.26,extreme-droite,Yverdon,Chêne-Pâquier,5908,109,64,2,0,62,30,48.38709677419355,32,51.61290322580645,58.71559633027523
init_durabilite,14.06.26,extreme-droite,Yverdon,Concise,5554,660,378,6,0,372,148,39.784946236559136,224,60.215053763440864,57.27272727272727
init_durabilite,14.06.26,extreme-droite,Yverdon,Corcelles-près-Concise,5555,299,147,2,0,145,54,37.24137931034483,91,62.758620689655174,49.163879598662206
init_durabilite,14.06.26,extreme-droite,Yverdon,Cronay,5910,318,213,1,0,212,94,44.339622641509436,118,55.660377358490564,66.98113207547169
init_durabilite,14.06.26,extreme-droite,Yverdon,Croy,5752,293,176,2,0,174,56,32.18390804597701,118,67.81609195402298,60.068259385665534
init_durabilite,14.06.26,extreme-droite,Yverdon,Cuarny,5911,169,118,2,0,116,60,51.724137931034484,56,48.275862068965516,69.8224852071006
init_durabilite,14.06.26,extreme-droite,Yverdon,Donneloye,5913,594,364,6,0,358,163,45.530726256983236,195,54.46927374301676,61.27946127946128
init_durabilite,14.06.26,extreme-droite,Yverdon,Démoret,5912,123,87,0,0,87,45,51.724137931034484,42,48.275862068965516,70.73170731707317
init_durabilite,14.06.26,extreme-droite,Jura - Nord vaudois,Ependes VD,5914,243,146,0,0,146,71,48.63013698630137,75,51.369863013698634,60.08230452674898
init_durabilite,14.06.26,extreme-droite,Yverdon,Fiez,5556,308,176,2,0,174,47,27.011494252873565,127,72.98850574712644,57.14285714285714
init_durabilite,14.06.26,extreme-droite,Yverdon,Fontaines-sur-Grandson,5557,155,78,1,0,77,40,51.94805194805194,37,48.05194805194805,50.32258064516129
init_durabilite,14.06.26,extreme-droite,Yverdon,Giez,5559,313,192,3,0,189,68,35.978835978835974,121,64.02116402116403,61.34185303514377
init_durabilite,14.06.26,extreme-droite,Yverdon,Grandevent,5560,157,107,1,0,106,40,37.735849056603776,66,62.264150943396224,68.15286624203821
init_durabilite,14.06.26,extreme-droite,Yverdon,Grandson,5561,2194,1141,19,1,1121,397,35.41480820695807,724,64.58519179304193,52.00546946216955
init_durabilite,14.06.26,extreme-droite,Yverdon,Juriens,5754,255,157,5,0,152,74,48.68421052631579,78,51.31578947368421,61.568627450980394
init_durabilite,14.06.26,extreme-droite,La Vallée,L'Abbaye,5871,1082,622,7,3,612,255,41.66666666666667,357,58.333333333333336,57.48613678373382
init_durabilite,14.06.26,extreme-droite,Yverdon,L'Abergement,5741,197,152,2,0,150,71,47.333333333333336,79,52.666666666666664,77.15736040609137
init_durabilite,14.06.26,extreme-droite,Yverdon,La Praz,5758,143,95,1,0,94,30,31.914893617021278,64,68.08510638297872,66.43356643356644
init_durabilite,14.06.26,extreme-droite,La Vallée,Le Chenit,5872,2805,1526,25,0,1501,600,39.973351099267155,901,60.02664890073285,54.40285204991088
init_durabilite,14.06.26,extreme-droite,La Vallée,Le Lieu,5873,627,380,11,0,369,151,40.921409214092144,218,59.078590785907856,60.60606060606061
init_durabilite,14.06.26,extreme-droite,Yverdon,Les Clées,5750,141,74,2,0,72,24,33.33333333333333,48,66.66666666666666,52.4822695035461
init_durabilite,14.06.26,extreme-droite,Yverdon,Lignerolle,5755,274,173,1,4,168,85,50.595238095238095,83,49.404761904761905,63.138686131386855
init_durabilite,14.06.26,extreme-droite,Yverdon,Mathod,5919,482,267,2,0,265,122,46.0377358490566,143,53.9622641509434,55.3941908713693
init_durabilite,14.06.26,extreme-droite,Yverdon,Mauborget,5562,96,70,0,0,70,41,58.57142857142858,29,41.42857142857143,72.91666666666666
init_durabilite,14.06.26,extreme-droite,Yverdon,Molondin,5921,194,98,2,0,96,38,39.58333333333333,58,60.416666666666664,50.51546391752577
init_durabilite,14.06.26,extreme-droite,Yverdon,Montagny-près-Yverdon,5922,513,259,5,0,254,105,41.338582677165356,149,58.661417322834644,50.487329434697855
init_durabilite,14.06.26,extreme-droite,Yverdon,Montcherand,5756,327,185,2,0,183,78,42.62295081967213,105,57.377049180327866,56.574923547400616
init_durabilite,14.06.26,extreme-droite,Yverdon,Mutrux,5563,94,45,0,0,45,22,48.888888888888886,23,51.11111111111111,47.87234042553192
init_durabilite,14.06.26,extreme-droite,Yverdon,Novalles,5564,76,56,1,0,55,23,41.81818181818181,32,58.18181818181818,73.68421052631578
init_durabilite,14.06.26,extreme-droite,Jura - Nord vaudois,Onnens VD,5565,369,230,3,0,227,88,38.76651982378855,139,61.23348017621145,62.33062330623306
init_durabilite,14.06.26,extreme-droite,Yverdon,Orbe,5757,4110,2022,37,4,1981,847,42.75618374558304,1134,57.243816254416956,49.1970802919708
init_durabilite,14.06.26,extreme-droite,Yverdon,Orges,5924,280,153,2,0,151,65,43.04635761589404,86,56.95364238410596,54.64285714285714
init_durabilite,14.06.26,extreme-droite,Yverdon,Orzens,5925,155,111,0,0,111,49,44.14414414414414,62,55.85585585585585,71.61290322580646
init_durabilite,14.06.26,extreme-droite,Yverdon,Pomy,5926,615,365,10,0,355,158,44.50704225352113,197,55.49295774647888,59.34959349593496
init_durabilite,14.06.26,extreme-droite,Yverdon,Premier,5759,176,114,2,0,112,63,56.25,49,43.75,64.77272727272727
init_durabilite,14.06.26,extreme-droite,Yverdon,Provence,5566,309,172,2,1,169,88,52.071005917159766,81,47.928994082840234,55.663430420711975
init_durabilite,14.06.26,extreme-droite,Yverdon,Rances,5760,399,237,1,5,231,106,45.887445887445885,125,54.112554112554115,59.3984962406015
init_durabilite,14.06.26,extreme-droite,Yverdon,Romainmôtier-Envy,5761,386,224,3,0,221,79,35.74660633484163,142,64.25339366515837,58.03108808290155
init_durabilite,14.06.26,extreme-droite,Yverdon,Rovray,5928,128,102,2,0,100,63,63,37,37,79.6875
init_durabilite,14.06.26,extreme-droite,Yverdon,Sainte-Croix,5568,3806,1743,20,0,1723,864,50.14509576320372,859,49.85490423679629,45.79611140304782
init_durabilite,14.06.26,extreme-droite,Yverdon,Sergey,5762,111,66,0,0,66,36,54.54545454545454,30,45.45454545454545,59.45945945945946
init_durabilite,14.06.26,extreme-droite,Yverdon,Suchy,5929,421,249,2,0,247,110,44.534412955465584,137,55.465587044534416,59.14489311163895
init_durabilite,14.06.26,extreme-droite,Yverdon,Suscévaz,5930,160,105,1,0,104,51,49.03846153846153,53,50.96153846153846,65.625
init_durabilite,14.06.26,extreme-droite,Yverdon,Treycovagnes,5931,334,173,2,0,171,67,39.1812865497076,104,60.81871345029239,51.796407185628745
init_durabilite,14.06.26,extreme-droite,Yverdon,Tévenon,5571,583,353,6,0,347,149,42.93948126801153,198,57.06051873198847,60.548885077186966
init_durabilite,14.06.26,extreme-droite,Yverdon,Ursins,5932,154,96,4,0,92,55,59.78260869565217,37,40.21739130434783,62.33766233766234
init_durabilite,14.06.26,extreme-droite,Yverdon,Valeyres-sous-Montagny,5933,561,270,3,0,267,111,41.57303370786517,156,58.42696629213483,48.1283422459893
init_durabilite,14.06.26,extreme-droite,Yverdon,Valeyres-sous-Rances,5763,394,236,5,0,231,94,40.692640692640694,137,59.307359307359306,59.89847715736041
init_durabilite,14.06.26,extreme-droite,Yverdon,Valeyres-sous-Ursins,5934,184,141,0,0,141,60,42.5531914893617,81,57.446808510638306,76.63043478260869
init_durabilite,14.06.26,extreme-droite,Yverdon,Vallorbe,5764,2259,1017,11,0,1006,488,48.508946322067594,518,51.491053677932406,45.0199203187251
init_durabilite,14.06.26,extreme-droite,Yverdon,Vaulion,5765,342,188,1,0,187,95,50.80213903743316,92,49.19786096256685,54.97076023391813
init_durabilite,14.06.26,extreme-droite,Yverdon,Villars-Epeney,5935,68,43,0,1,42,18,42.857142857142854,24,57.14285714285714,63.23529411764706
init_durabilite,14.06.26,extreme-droite,Yverdon,Vugelles-La Mothe,5937,96,54,1,0,53,30,56.60377358490566,23,43.39622641509434,56.25
init_durabilite,14.06.26,extreme-droite,Yverdon,Vuiteboeuf,5766,398,210,1,0,209,93,44.49760765550239,116,55.50239234449761,52.76381909547738
init_durabilite,14.06.26,extreme-droite,Yverdon,Yverdon-les-Bains,5938,14998,7155,89,3,7063,2500,35.39572419651706,4563,64.60427580348293,47.706360848113086
init_durabilite,14.06.26,extreme-droite,Yverdon,Yvonand,5939,2356,1282,9,2,1271,534,42.01416207710464,737,57.98583792289536,54.41426146010186
init_durabilite,14.06.26,extreme-droite,Romanel,Cheseaux-sur-Lausanne,5582,2942,1615,16,1,1598,608,38.04755944931164,990,61.95244055068836,54.894629503738955
init_durabilite,14.06.26,extreme-droite,Romanel,Epalinges,5584,5523,3406,43,2,3361,964,28.68193989883963,2397,71.31806010116037,61.66938258193011
init_durabilite,14.06.26,extreme-droite,Romanel,Jouxtens-Mézery,5585,955,685,4,0,681,218,32.011747430249635,463,67.98825256975036,71.72774869109948
init_durabilite,14.06.26,extreme-droite,Lausanne-Ville,Lausanne,5586,67952,35674,366,15,35293,8609,24.392939109738478,26684,75.60706089026152,52.49882269837533
init_durabilite,14.06.26,extreme-droite,Romanel,Le Mont-sur-Lausanne,5587,5381,2986,45,1,2940,930,31.63265306122449,2010,68.36734693877551,55.49154432261661
init_durabilite,14.06.26,extreme-droite,Romanel,Romanel-sur-Lausanne,5592,2442,1312,6,1,1305,536,41.0727969348659,769,58.9272030651341,53.72645372645373
init_durabilite,14.06.26,extreme-droite,Lavaux - Oron,Belmont-sur-Lausanne,5581,2352,1452,17,0,1435,447,31.149825783972123,988,68.85017421602787,61.73469387755102
init_durabilite,14.06.26,extreme-droite,Lavaux - Oron,Bourg-en-Lavaux,5613,3615,2355,30,1,2324,663,28.528399311531842,1661,71.47160068846816,65.14522821576763
init_durabilite,14.06.26,extreme-droite,Lavaux - Oron,Chexbres,5601,1430,824,6,1,817,276,33.782129742962056,541,66.21787025703794,57.62237762237762
init_durabilite,14.06.26,extreme-droite,Lavaux - Oron,Forel (Lavaux),5604,1337,813,4,1,808,355,43.93564356435643,453,56.06435643564357,60.80777860882572
init_durabilite,14.06.26,extreme-droite,Lavaux - Oron,Jorat-Mézières,5806,2146,1260,19,0,1241,490,39.48428686543111,751,60.51571313456889,58.7138863000932
init_durabilite,14.06.26,extreme-droite,Lavaux - Oron,Lutry,5606,6481,3903,27,1,3875,1183,30.529032258064515,2692,69.47096774193548,60.22218793396081
init_durabilite,14.06.26,extreme-droite,Lavaux - Oron,Maracon,5790,390,249,5,0,244,104,42.62295081967213,140,57.377049180327866,63.84615384615384
init_durabilite,14.06.26,extreme-droite,Lavaux - Oron,Montpreveyres,5792,418,256,4,0,252,116,46.03174603174603,136,53.96825396825397,61.24401913875598
init_durabilite,14.06.26,extreme-droite,Lavaux - Oron,Oron,5805,3844,2170,35,0,2135,979,45.85480093676815,1156,54.14519906323185,56.451612903225815
init_durabilite,14.06.26,extreme-droite,Lavaux - Oron,Paudex,5588,820,483,6,3,474,164,34.59915611814346,310,65.40084388185655,58.90243902439024
init_durabilite,14.06.26,extreme-droite,Lavaux - Oron,Puidoux,5607,1660,965,9,3,953,373,39.1395592864638,580,60.8604407135362,58.13253012048193
init_durabilite,14.06.26,extreme-droite,Lavaux - Oron,Pully,5590,10902,6834,96,1,6737,1844,27.37123348671516,4893,72.62876651328484,62.68574573472757
init_durabilite,14.06.26,extreme-droite,Lavaux - Oron,Rivaz,5609,240,165,4,0,161,59,36.64596273291926,102,63.35403726708074,68.75
init_durabilite,14.06.26,extreme-droite,Lavaux - Oron,Saint-Saphorin (Lavaux),5610,276,188,0,2,186,52,27.956989247311824,134,72.04301075268818,68.11594202898551
init_durabilite,14.06.26,extreme-droite,Lavaux - Oron,Savigny,5611,2212,1365,22,0,1343,480,35.740878629932986,863,64.25912137006702,61.70886075949367
init_durabilite,14.06.26,extreme-droite,Lavaux - Oron,Servion,5799,1433,833,12,1,820,324,39.51219512195122,496,60.48780487804878,58.129797627355195
init_durabilite,14.06.26,extreme-droite,Morges,Aclens,5621,361,208,4,1,203,88,43.34975369458128,115,56.65024630541872,57.61772853185596
init_durabilite,14.06.26,extreme-droite,Morges,Allaman,5851,239,147,2,2,143,47,32.86713286713287,96,67.13286713286713,61.50627615062761
init_durabilite,14.06.26,extreme-droite,Morges,Aubonne,5422,2648,1441,27,0,1414,493,34.865629420084865,921,65.13437057991513,54.41842900302115
init_durabilite,14.06.26,extreme-droite,Morges,Ballens,5423,386,232,5,1,226,104,46.017699115044245,122,53.98230088495575,60.10362694300518
init_durabilite,14.06.26,extreme-droite,Morges,Berolle,5424,201,131,2,1,128,55,42.96875,73,57.03125,65.17412935323384
init_durabilite,14.06.26,extreme-droite,Morges,Bière,5425,900,477,3,0,474,269,56.75105485232067,205,43.24894514767932,53
init_durabilite,14.06.26,extreme-droite,Morges,Bougy-Villars,5426,297,201,2,1,198,72,36.36363636363637,126,63.63636363636363,67.67676767676768
init_durabilite,14.06.26,extreme-droite,Morges,Bremblens,5622,401,261,2,0,259,109,42.084942084942085,150,57.91505791505791,65.08728179551122
init_durabilite,14.06.26,extreme-droite,Morges,Buchillon,5623,430,287,2,0,285,99,34.73684210526316,186,65.26315789473685,66.74418604651163
init_durabilite,14.06.26,extreme-droite,Morges,Chavannes-le-Veyron,5475,108,80,2,0,78,28,35.8974358974359,50,64.1025641025641,74.07407407407408
init_durabilite,14.06.26,extreme-droite,Morges,Chevilly,5476,227,146,1,0,145,59,40.689655172413794,86,59.310344827586206,64.31718061674009
init_durabilite,14.06.26,extreme-droite,Morges,Chigny,5628,243,155,1,0,154,37,24.025974025974026,117,75.97402597402598,63.78600823045267
init_durabilite,14.06.26,extreme-droite,Morges,Clarmont,5629,148,85,2,0,83,36,43.373493975903614,47,56.62650602409639,57.432432432432435
init_durabilite,14.06.26,extreme-droite,Morges,Cossonay,5477,2963,1659,16,0,1643,589,35.84905660377358,1054,64.15094339622641,55.99055011812353
init_durabilite,14.06.26,extreme-droite,Morges,Cuarnens,5479,366,215,3,0,212,88,41.509433962264154,124,58.490566037735846,58.7431693989071
init_durabilite,14.06.26,extreme-droite,Morges,Denens,5631,489,321,1,0,320,91,28.4375,229,71.5625,65.6441717791411
init_durabilite,14.06.26,extreme-droite,Morges,Denges,5632,1001,614,5,1,608,178,29.276315789473685,430,70.72368421052632,61.33866133866134
init_durabilite,14.06.26,extreme-droite,Morges,Dizy,5481,161,104,3,0,101,49,48.51485148514851,52,51.48514851485149,64.59627329192547
init_durabilite,14.06.26,extreme-droite,Morges,Echandens,5633,1813,995,7,3,985,342,34.72081218274112,643,65.27918781725889,54.881412024269174
init_durabilite,14.06.26,extreme-droite,Morges,Echichens,5634,2058,1252,18,1,1233,400,32.441200324412,833,67.558799675588,60.8357628765792
init_durabilite,14.06.26,extreme-droite,Morges,Eclépens,5482,712,419,4,1,414,151,36.473429951690825,263,63.52657004830918,58.84831460674157
init_durabilite,14.06.26,extreme-droite,Morges,Etoy,5636,1694,990,8,1,981,300,30.58103975535168,681,69.41896024464832,58.44155844155844
init_durabilite,14.06.26,extreme-droite,Morges,Ferreyres,5483,224,140,5,1,134,48,35.82089552238806,86,64.17910447761194,62.5
init_durabilite,14.06.26,extreme-droite,Morges,Féchy,5427,518,336,2,0,334,116,34.73053892215569,218,65.26946107784431,64.86486486486487
init_durabilite,14.06.26,extreme-droite,Morges,Gimel,5428,1369,673,8,0,665,299,44.962406015037594,366,55.037593984962406,49.159970781592406
init_durabilite,14.06.26,extreme-droite,Morges,Gollion,5484,695,415,8,0,407,169,41.52334152334152,238,58.47665847665847,59.71223021582733
init_durabilite,14.06.26,extreme-droite,Morges,Grancy,5485,333,192,1,0,191,69,36.12565445026178,122,63.87434554973822,57.65765765765766
init_durabilite,14.06.26,extreme-droite,Morges,Hautemorges,5656,2860,1668,20,0,1648,629,38.167475728155345,1019,61.832524271844655,58.32167832167832
init_durabilite,14.06.26,extreme-droite,Morges,L'Isle,5486,762,429,6,0,423,197,46.57210401891253,226,53.42789598108747,56.2992125984252
init_durabilite,14.06.26,extreme-droite,Morges,La Chaux (Cossonay),5474,309,161,1,0,160,68,42.5,92,57.49999999999999,52.103559870550164
init_durabilite,14.06.26,extreme-droite,Morges,La Sarraz,5498,1480,763,10,0,753,242,32.13811420982736,511,67.86188579017264,51.554054054054056
init_durabilite,14.06.26,extreme-droite,Morges,Lavigny,5637,605,370,4,0,366,116,31.693989071038253,250,68.30601092896174,61.15702479338842
init_durabilite,14.06.26,extreme-droite,Morges,Lonay,5638,1758,1008,6,4,998,363,36.37274549098196,635,63.62725450901804,57.33788395904437
init_durabilite,14.06.26,extreme-droite,Morges,Lully VD,5639,538,355,5,0,350,91,26,259,74,65.98513011152416
init_durabilite,14.06.26,extreme-droite,Morges,Lussy-sur-Morges,5640,466,302,2,1,299,67,22.40802675585284,232,77.59197324414716,64.8068669527897
init_durabilite,14.06.26,extreme-droite,Morges,Mauraz,5488,44,34,0,0,34,14,41.17647058823529,20,58.82352941176471,77.27272727272727
init_durabilite,14.06.26,extreme-droite,Morges,Moiry VD,5490,212,137,1,0,136,49,36.029411764705884,87,63.970588235294116,64.62264150943396
init_durabilite,14.06.26,extreme-droite,Morges,Mollens VD,5431,218,133,5,0,128,68,53.125,60,46.875,61.00917431192661
init_durabilite,14.06.26,extreme-droite,Morges,Mont-la-Ville,5491,337,199,2,0,197,91,46.192893401015226,106,53.80710659898477,59.05044510385756
init_durabilite,14.06.26,extreme-droite,Morges,Montricher,5492,649,405,11,1,393,177,45.038167938931295,216,54.961832061068705,62.40369799691834
init_durabilite,14.06.26,extreme-droite,Morges,Morges,5642,9220,5179,54,2,5123,1622,31.66113605309389,3501,68.33886394690612,56.17136659436008
init_durabilite,14.06.26,extreme-droite,Morges,Orny,5493,342,193,2,0,191,76,39.79057591623037,115,60.20942408376963,56.4327485380117
init_durabilite,14.06.26,extreme-droite,Morges,Pompaples,5497,526,291,8,0,283,117,41.342756183745585,166,58.657243816254415,55.32319391634981
init_durabilite,14.06.26,extreme-droite,Morges,Préverenges,5643,2952,1683,13,1,1669,559,33.49310964649491,1110,66.50689035350509,57.012195121951216
init_durabilite,14.06.26,extreme-droite,Morges,Romanel-sur-Morges,5645,318,199,1,0,198,78,39.39393939393939,120,60.60606060606061,62.57861635220125
init_durabilite,14.06.26,extreme-droite,Morges,Saint-Livres,5435,480,299,6,0,293,119,40.61433447098976,174,59.38566552901023,62.291666666666664
init_durabilite,14.06.26,extreme-droite,Morges,Saint-Oyens,5436,286,183,4,0,179,78,43.575418994413404,101,56.424581005586596,63.98601398601399
init_durabilite,14.06.26,extreme-droite,Morges,Saint-Prex,5646,3034,1773,19,0,1754,547,31.185860889395666,1207,68.81413911060433,58.43770599868161
init_durabilite,14.06.26,extreme-droite,Morges,Saubraz,5437,258,143,1,0,142,63,44.36619718309859,79,55.633802816901415,55.42635658914728
init_durabilite,14.06.26,extreme-droite,Morges,Senarclens,5499,330,191,4,0,187,94,50.26737967914438,93,49.73262032085562,57.878787878787875
init_durabilite,14.06.26,extreme-droite,Morges,Tolochenaz,5649,1302,613,9,2,602,205,34.053156146179404,397,65.9468438538206,47.08141321044547
init_durabilite,14.06.26,extreme-droite,Morges,Vaux-sur-Morges,5650,128,99,1,0,98,33,33.6734693877551,65,66.3265306122449,77.34375
init_durabilite,14.06.26,extreme-droite,Morges,Villars-sous-Yens,5652,383,254,1,0,253,96,37.94466403162055,157,62.055335968379445,66.31853785900783
init_durabilite,14.06.26,extreme-droite,Morges,Vufflens-le-Château,5653,573,377,9,3,365,127,34.794520547945204,238,65.20547945205479,65.79406631762653
init_durabilite,14.06.26,extreme-droite,Morges,Vullierens,5654,357,207,0,0,207,91,43.96135265700483,116,56.038647342995176,57.98319327731093
init_durabilite,14.06.26,extreme-droite,Morges,Yens,5655,884,549,2,0,547,206,37.6599634369287,341,62.3400365630713,62.10407239819005
init_durabilite,14.06.26,extreme-droite,Nyon,Arnex-sur-Nyon,5701,178,90,1,0,89,33,37.07865168539326,56,62.92134831460674,50.56179775280899
init_durabilite,14.06.26,extreme-droite,Nyon,Arzier - Le Muids,5702,1708,1071,4,0,1067,401,37.582005623242736,666,62.41799437675727,62.704918032786885
init_durabilite,14.06.26,extreme-droite,Nyon,Bassins,5703,878,539,11,1,527,192,36.43263757115749,335,63.5673624288425,61.38952164009112
init_durabilite,14.06.26,extreme-droite,Nyon,Begnins,5704,1220,705,4,0,701,236,33.66619115549215,465,66.33380884450784,57.786885245901644
init_durabilite,14.06.26,extreme-droite,Nyon,Bogis-Bossey,5705,493,320,3,0,317,83,26.18296529968454,234,73.81703470031546,64.90872210953347
init_durabilite,14.06.26,extreme-droite,Nyon,Borex,5706,710,451,1,0,450,153,34,297,66,63.521126760563384
init_durabilite,14.06.26,extreme-droite,Nyon,Bursinel,5852,313,195,2,2,191,77,40.31413612565445,114,59.68586387434554,62.30031948881789
init_durabilite,14.06.26,extreme-droite,Nyon,Bursins,5853,493,303,1,3,299,99,33.11036789297659,200,66.88963210702342,61.4604462474645
init_durabilite,14.06.26,extreme-droite,Nyon,Burtigny,5854,254,156,2,0,154,65,42.2077922077922,89,57.7922077922078,61.417322834645674
init_durabilite,14.06.26,extreme-droite,Nyon,Chavannes-de-Bogis,5707,668,384,5,0,379,165,43.53562005277045,214,56.464379947229546,57.48502994011976
init_durabilite,14.06.26,extreme-droite,Nyon,Chavannes-des-Bois,5708,488,302,2,0,300,117,39,183,61,61.885245901639344
init_durabilite,14.06.26,extreme-droite,Nyon,Chéserex,5709,781,497,7,0,490,187,38.163265306122454,303,61.836734693877546,63.63636363636363
init_durabilite,14.06.26,extreme-droite,Nyon,Coinsins,5710,317,193,6,0,187,79,42.24598930481284,108,57.75401069518716,60.88328075709779
init_durabilite,14.06.26,extreme-droite,Nyon,Commugny,5711,1468,941,8,0,933,276,29.581993569131832,657,70.41800643086816,64.10081743869209
init_durabilite,14.06.26,extreme-droite,Nyon,Coppet,5712,2056,1025,11,0,1014,312,30.76923076923077,702,69.23076923076923,49.85408560311284
init_durabilite,14.06.26,extreme-droite,Nyon,Crans,5713,1360,877,9,0,868,303,34.90783410138249,565,65.09216589861751,64.48529411764706
init_durabilite,14.06.26,extreme-droite,Nyon,Crassier,5714,757,464,4,0,460,177,38.47826086956522,283,61.52173913043478,61.29458388375165
init_durabilite,14.06.26,extreme-droite,Nyon,Duillier,5715,695,434,8,0,426,155,36.38497652582159,271,63.6150234741784,62.44604316546762
init_durabilite,14.06.26,extreme-droite,Nyon,Dully,5855,367,237,0,0,237,83,35.0210970464135,154,64.9789029535865,64.57765667574932
init_durabilite,14.06.26,extreme-droite,Nyon,Essertines-sur-Rolle,5856,436,296,2,0,294,143,48.63945578231292,151,51.36054421768708,67.88990825688074
init_durabilite,14.06.26,extreme-droite,Nyon,Eysins,5716,966,596,3,0,593,215,36.25632377740304,378,63.74367622259697,61.697722567287784
init_durabilite,14.06.26,extreme-droite,Nyon,Founex,5717,1761,1095,19,0,1076,358,33.27137546468401,718,66.72862453531599,62.180579216354346
init_durabilite,14.06.26,extreme-droite,Nyon,Genolier,5718,1190,777,15,0,762,298,39.107611548556434,464,60.892388451443566,65.29411764705883
init_durabilite,14.06.26,extreme-droite,Nyon,Gilly,5857,845,522,3,0,519,191,36.80154142581888,328,63.19845857418112,61.77514792899408
init_durabilite,14.06.26,extreme-droite,Nyon,Gingins,5719,788,484,3,0,481,162,33.679833679833685,319,66.32016632016632,61.42131979695431
init_durabilite,14.06.26,extreme-droite,Nyon,Givrins,5720,697,459,10,0,449,137,30.51224944320713,312,69.48775055679288,65.85365853658537
init_durabilite,14.06.26,extreme-droite,Nyon,Gland,5721,7303,4051,54,1,3996,1502,37.58758758758759,2494,62.41241241241241,55.470354648774475
init_durabilite,14.06.26,extreme-droite,Nyon,Grens,5722,252,167,0,0,167,54,32.33532934131736,113,67.66467065868264,66.26984126984127
init_durabilite,14.06.26,extreme-droite,Nyon,La Rippe,5726,722,454,6,0,448,145,32.36607142857143,303,67.63392857142857,62.880886426592795
init_durabilite,14.06.26,extreme-droite,Nyon,Le Vaud,5731,907,583,8,0,575,195,33.91304347826087,380,66.08695652173913,64.27783902976847
init_durabilite,14.06.26,extreme-droite,Nyon,Longirod,5429,361,216,6,0,210,95,45.23809523809524,115,54.761904761904766,59.83379501385041
init_durabilite,14.06.26,extreme-droite,Nyon,Luins,5858,346,204,3,0,201,97,48.258706467661696,104,51.741293532338304,58.95953757225434
init_durabilite,14.06.26,extreme-droite,Nyon,Marchissy,5430,334,211,2,0,209,77,36.84210526315789,132,63.1578947368421,63.17365269461078
init_durabilite,14.06.26,extreme-droite,Nyon,Mies,5723,1094,643,6,0,637,192,30.141287284144425,445,69.85871271585557,58.775137111517374
init_durabilite,14.06.26,extreme-droite,Nyon,Mont-sur-Rolle,5859,1627,922,9,0,913,325,35.59693318729463,588,64.40306681270536,56.66871542716656
init_durabilite,14.06.26,extreme-droite,Nyon,Nyon,5724,11365,6122,83,4,6035,1765,29.246064623032314,4270,70.75393537696769,53.86713594368676
init_durabilite,14.06.26,extreme-droite,Nyon,Perroy,5860,911,577,5,0,572,212,37.06293706293706,360,62.93706293706294,63.33699231613611
init_durabilite,14.06.26,extreme-droite,Nyon,Prangins,5725,2428,1510,22,4,1484,461,31.064690026954178,1023,68.93530997304582,62.191103789126856
init_durabilite,14.06.26,extreme-droite,Nyon,Rolle,5861,3192,1739,34,0,1705,561,32.903225806451616,1144,67.0967741935484,54.47994987468672
init_durabilite,14.06.26,extreme-droite,Nyon,Saint-Cergue,5727,1674,850,15,1,834,368,44.12470023980815,466,55.875299760191844,50.77658303464755
init_durabilite,14.06.26,extreme-droite,Nyon,Saint-George,5434,677,390,2,0,388,171,44.072164948453604,217,55.927835051546396,57.60709010339734
init_durabilite,14.06.26,extreme-droite,Nyon,Signy-Avenex,5728,359,216,2,0,214,90,42.05607476635514,124,57.943925233644855,60.16713091922006
init_durabilite,14.06.26,extreme-droite,Nyon,Tannay,5729,923,591,3,3,585,165,28.205128205128204,420,71.7948717948718,64.03033586132177
init_durabilite,14.06.26,extreme-droite,Nyon,Tartegnin,5862,131,82,1,0,81,34,41.9753086419753,47,58.0246913580247,62.59541984732825
init_durabilite,14.06.26,extreme-droite,Nyon,Trélex,5730,908,598,4,0,594,206,34.68013468013468,388,65.31986531986533,65.85903083700441
init_durabilite,14.06.26,extreme-droite,Nyon,Vich,5732,665,386,5,0,381,119,31.23359580052493,262,68.76640419947506,58.04511278195489
init_durabilite,14.06.26,extreme-droite,Nyon,Vinzel,5863,237,149,2,0,147,48,32.6530612244898,99,67.3469387755102,62.869198312236286
init_durabilite,14.06.26,extreme-droite,Ouest lausannois,Bussigny,5624,5702,2955,34,3,2918,1018,34.88690884167237,1900,65.11309115832762,51.82392143107681
init_durabilite,14.06.26,extreme-droite,Ouest lausannois,Chavannes-près-Renens,5627,3694,1502,14,1,1487,490,32.95225285810356,997,67.04774714189644,40.66053059014618
init_durabilite,14.06.26,extreme-droite,Ouest lausannois,Crissier,5583,4934,2281,40,1,2240,822,36.69642857142857,1418,63.30357142857142,46.230239156870695
init_durabilite,14.06.26,extreme-droite,Ouest lausannois,Ecublens VD,5635,5742,2940,25,0,2915,1073,36.80960548885077,1842,63.19039451114923,51.20167189132706
init_durabilite,14.06.26,extreme-droite,Ouest lausannois,Prilly,5589,6009,3066,36,2,3028,962,31.770145310435932,2066,68.22985468956408,51.0234648027958
init_durabilite,14.06.26,extreme-droite,Ouest lausannois,Renens VD,5591,8827,3886,40,2,3844,1188,30.905306971904267,2656,69.09469302809573,44.02401721989351
init_durabilite,14.06.26,extreme-droite,Ouest lausannois,Saint-Sulpice,5648,2291,1511,14,0,1497,484,32.331329325317306,1013,67.6686706746827,65.95373199476211
init_durabilite,14.06.26,extreme-droite,Ouest lausannois,Villars-Sainte-Croix,5651,554,294,3,0,291,132,45.36082474226804,159,54.63917525773196,53.068592057761734
init_durabilite,14.06.26,extreme-droite,Vevey,Blonay - Saint-Légier,5892,7789,4703,64,1,4638,1521,32.79430789133247,3117,67.20569210866752,60.38002310951342
init_durabilite,14.06.26,extreme-droite,Vevey,Chardonne,5882,2131,1327,23,0,1304,460,35.2760736196319,844,64.7239263803681,62.27123416236508
init_durabilite,14.06.26,extreme-droite,Pays-d'Enhaut,Château-d'Oex,5841,2051,1070,11,1,1058,506,47.82608695652174,552,52.17391304347826,52.16967333008289
init_durabilite,14.06.26,extreme-droite,Vevey,Corseaux,5883,1445,960,12,0,948,333,35.12658227848101,615,64.87341772151899,66.43598615916954
init_durabilite,14.06.26,extreme-droite,Vevey,Corsier-sur-Vevey,5884,1930,1096,17,1,1078,401,37.19851576994434,677,62.80148423005566,56.78756476683938
init_durabilite,14.06.26,extreme-droite,Vevey,Jongny,5885,1113,788,10,0,778,298,38.303341902313626,480,61.696658097686374,70.79964061096136
init_durabilite,14.06.26,extreme-droite,Vevey,La Tour-de-Peilz,5889,7493,4467,59,0,4408,1366,30.98911070780399,3042,69.01088929219601,59.61564126518084
init_durabilite,14.06.26,extreme-droite,Vevey,Montreux,5886,12331,6278,69,4,6205,2442,39.35535858178888,3763,60.64464141821112,50.912334766036814
init_durabilite,14.06.26,extreme-droite,Pays-d'Enhaut,Rossinière,5842,331,172,0,3,169,83,49.112426035502956,86,50.887573964497044,51.963746223564954
init_durabilite,14.06.26,extreme-droite,Pays-d'Enhaut,Rougemont,5843,438,209,2,0,207,113,54.589371980676326,94,45.410628019323674,47.71689497716895
init_durabilite,14.06.26,extreme-droite,Vevey,Vevey,5890,10009,5209,49,0,5160,1337,25.910852713178294,3823,74.08914728682171,52.043161154960536
init_durabilite,14.06.26,extreme-droite,Vevey,Veytaux,5891,518,282,2,0,280,111,39.64285714285714,169,60.357142857142854,54.440154440154444
fed_service_civil,14.06.26,droite,Aigle,Aigle,5401,5438,2715,128,0,2587,1298,50.173946656358716,1289,49.826053343641284,49.926443545421115
fed_service_civil,14.06.26,droite,Aigle,Bex,5402,4605,2280,70,0,2210,1039,47.01357466063348,1171,52.98642533936652,49.5114006514658
fed_service_civil,14.06.26,droite,Aigle,Chessel,5403,312,181,4,1,176,102,57.95454545454546,74,42.04545454545455,58.01282051282052
fed_service_civil,14.06.26,droite,Aigle,Corbeyrier,5404,348,209,5,0,204,96,47.05882352941176,108,52.94117647058824,60.05747126436781
fed_service_civil,14.06.26,droite,Aigle,Gryon,5405,886,518,16,0,502,261,51.992031872509955,241,48.007968127490045,58.465011286681715
fed_service_civil,14.06.26,droite,Aigle,Lavey-Morcles,5406,633,334,13,0,321,182,56.69781931464174,139,43.30218068535825,52.76461295418642
fed_service_civil,14.06.26,droite,Aigle,Leysin,5407,1510,828,40,1,787,394,50.06353240152478,393,49.93646759847522,54.83443708609271
fed_service_civil,14.06.26,droite,Aigle,Noville,5408,733,395,10,0,385,198,51.42857142857142,187,48.57142857142857,53.88813096862211
fed_service_civil,14.06.26,droite,Aigle,Ollon VD,5409,4387,2728,91,1,2636,1377,52.23823975720789,1259,47.761760242792114,62.18372464098473
fed_service_civil,14.06.26,droite,Aigle,Ormont-Dessous,5410,815,465,10,2,453,273,60.264900662251655,180,39.735099337748345,57.05521472392638
fed_service_civil,14.06.26,droite,Aigle,Ormont-Dessus,5411,921,551,6,0,545,310,56.88073394495413,235,43.11926605504588,59.826275787187846
fed_service_civil,14.06.26,droite,Aigle,Rennaz,5412,507,249,11,0,238,129,54.20168067226891,109,45.79831932773109,49.112426035502956
fed_service_civil,14.06.26,droite,Aigle,Roche VD,5413,998,455,19,2,434,234,53.91705069124424,200,46.08294930875576,45.59118236472946
fed_service_civil,14.06.26,droite,Aigle,Villeneuve VD,5414,2817,1350,44,1,1305,652,49.961685823754785,653,50.038314176245215,47.92332268370607
fed_service_civil,14.06.26,droite,Aigle,Yvorne,5415,814,393,11,0,382,205,53.66492146596858,177,46.33507853403142,48.28009828009828
fed_service_civil,14.06.26,droite,Broye - Vully,Avenches,5451,2308,1119,31,0,1088,593,54.50367647058824,495,45.49632352941176,48.48353552859619
fed_service_civil,14.06.26,droite,Broye - Vully,Bussy-sur-Moudon,5663,179,110,4,0,106,73,68.86792452830188,33,31.132075471698112,61.452513966480446
fed_service_civil,14.06.26,droite,Broye - Vully,Champtauroz,5812,125,78,0,0,78,34,43.58974358974359,44,56.41025641025641,62.4
fed_service_civil,14.06.26,droite,Broye - Vully,Chavannes-sur-Moudon,5665,177,103,1,0,102,66,64.70588235294117,36,35.294117647058826,58.19209039548022
fed_service_civil,14.06.26,droite,Broye - Vully,Chevroux,5813,339,216,0,0,216,114,52.77777777777778,102,47.22222222222222,63.716814159292035
fed_service_civil,14.06.26,droite,Broye - Vully,Corcelles-le-Jorat,5785,328,203,7,0,196,104,53.06122448979592,92,46.93877551020408,61.890243902439025
fed_service_civil,14.06.26,droite,Broye - Vully,Corcelles-près-Payerne,5816,1584,837,28,0,809,503,62.17552533992583,306,37.824474660074166,52.84090909090909
fed_service_civil,14.06.26,droite,Broye - Vully,Cudrefin,5456,1263,681,16,0,665,404,60.75187969924812,261,39.24812030075188,53.919239904988125
fed_service_civil,14.06.26,droite,Broye - Vully,Curtilles,5669,215,129,7,0,122,58,47.540983606557376,64,52.459016393442624,60
fed_service_civil,14.06.26,droite,Broye - Vully,Dompierre VD,5671,163,109,3,0,106,69,65.09433962264151,37,34.90566037735849,66.87116564417178
fed_service_civil,14.06.26,droite,Broye - Vully,Faoug,5458,568,309,7,0,302,159,52.64900662251656,143,47.35099337748344,54.401408450704224
fed_service_civil,14.06.26,droite,Broye - Vully,Grandcour,5817,627,330,8,0,322,198,61.49068322981367,124,38.50931677018634,52.63157894736842
fed_service_civil,14.06.26,droite,Broye - Vully,Henniez,5819,266,122,1,0,121,59,48.760330578512395,62,51.2396694214876,45.86466165413533
fed_service_civil,14.06.26,droite,Broye - Vully,Hermenches,5673,251,147,8,0,139,84,60.431654676258994,55,39.568345323741006,58.56573705179283
fed_service_civil,14.06.26,droite,Broye - Vully,Lovatens,5674,117,68,2,0,66,32,48.484848484848484,34,51.515151515151516,58.119658119658126
fed_service_civil,14.06.26,droite,Broye - Vully,Lucens,5675,2231,1122,43,2,1077,508,47.168059424326835,569,52.831940575673165,50.29134917077543
fed_service_civil,14.06.26,droite,Broye - Vully,Missy,5821,235,140,3,0,137,77,56.20437956204379,60,43.79562043795621,59.57446808510638
fed_service_civil,14.06.26,droite,Broye - Vully,Moudon,5678,4208,1156,43,1,1112,563,50.62949640287769,549,49.3705035971223,27.47148288973384
fed_service_civil,14.06.26,droite,Broye - Vully,Payerne,5822,4835,2333,93,5,2235,1302,58.25503355704698,933,41.74496644295302,48.25232678386763
fed_service_civil,14.06.26,droite,Broye - Vully,Prévonloup,5683,172,89,5,0,84,51,60.71428571428571,33,39.285714285714285,51.74418604651163
fed_service_civil,14.06.26,droite,Broye - Vully,Ropraz,5798,321,195,1,0,194,121,62.371134020618555,73,37.628865979381445,60.747663551401864
fed_service_civil,14.06.26,droite,Broye - Vully,Rossenges,5684,58,35,1,0,34,24,70.58823529411765,10,29.411764705882355,60.3448275862069
fed_service_civil,14.06.26,droite,Broye - Vully,Syens,5688,89,38,0,0,38,22,57.89473684210527,16,42.10526315789473,42.69662921348314
fed_service_civil,14.06.26,droite,Broye - Vully,Trey,5827,202,119,2,0,117,76,64.95726495726495,41,35.04273504273504,58.91089108910891
fed_service_civil,14.06.26,droite,Broye - Vully,Treytorrens (Payerne),5828,79,50,0,0,50,33,66,17,34,63.29113924050633
fed_service_civil,14.06.26,droite,Broye - Vully,Valbroye,5831,2046,1140,36,0,1104,659,59.69202898550725,445,40.30797101449276,55.718475073313776
fed_service_civil,14.06.26,droite,Broye - Vully,Villars-le-Comte,5690,101,67,4,0,63,34,53.96825396825397,29,46.03174603174603,66.33663366336634
fed_service_civil,14.06.26,droite,Broye - Vully,Villarzel,5830,305,160,4,0,156,94,60.256410256410255,62,39.743589743589745,52.459016393442624
fed_service_civil,14.06.26,droite,Broye - Vully,Vucherens,5692,404,237,5,0,232,123,53.01724137931034,109,46.98275862068966,58.66336633663366
fed_service_civil,14.06.26,droite,Broye - Vully,Vulliens,5803,429,278,7,0,271,168,61.99261992619927,103,38.00738007380074,64.80186480186481
fed_service_civil,14.06.26,droite,Broye - Vully,Vully-les-Lacs,5464,2415,1320,33,0,1287,773,60.06216006216006,514,39.93783993783994,54.6583850931677
fed_service_civil,14.06.26,droite,Gros-de-Vaud,Assens,5511,1156,658,13,0,645,381,59.06976744186046,264,40.93023255813954,56.92041522491349
fed_service_civil,14.06.26,droite,Gros-de-Vaud,Bercher,5512,892,510,16,1,493,263,53.346855983772826,230,46.65314401622718,57.17488789237668
fed_service_civil,14.06.26,droite,Gros-de-Vaud,Bettens,5471,403,231,11,1,219,129,58.9041095890411,90,41.0958904109589,57.32009925558312
fed_service_civil,14.06.26,droite,Gros-de-Vaud,Bottens,5514,857,480,12,0,468,256,54.700854700854705,212,45.2991452991453,56.009334889148185
fed_service_civil,14.06.26,droite,Gros-de-Vaud,Boulens,5661,261,163,2,0,161,87,54.037267080745345,74,45.962732919254655,62.45210727969349
fed_service_civil,14.06.26,droite,Gros-de-Vaud,Bournens,5472,380,219,6,0,213,128,60.093896713615024,85,39.906103286384976,57.631578947368425
fed_service_civil,14.06.26,droite,Gros-de-Vaud,Boussens,5473,665,430,8,0,422,217,51.421800947867304,205,48.5781990521327,64.66165413533834
fed_service_civil,14.06.26,droite,Gros-de-Vaud,Bretigny-sur-Morrens,5515,559,331,7,0,324,155,47.839506172839506,169,52.160493827160494,59.2128801431127
fed_service_civil,14.06.26,droite,Gros-de-Vaud,Cugy VD,5516,1715,999,17,10,972,471,48.45679012345679,501,51.54320987654321,58.250728862973766
fed_service_civil,14.06.26,droite,Gros-de-Vaud,Daillens,5480,702,424,10,0,414,200,48.309178743961354,214,51.690821256038646,60.3988603988604
fed_service_civil,14.06.26,droite,Gros-de-Vaud,Echallens,5518,4081,2216,89,1,2126,1008,47.412982126058324,1118,52.587017873941676,54.30041656456751
fed_service_civil,14.06.26,droite,Gros-de-Vaud,Essertines-sur-Yverdon,5520,744,374,9,0,365,200,54.794520547945204,165,45.20547945205479,50.26881720430107
fed_service_civil,14.06.26,droite,Gros-de-Vaud,Etagnières,5521,732,445,13,0,432,197,45.601851851851855,235,54.39814814814815,60.79234972677595
fed_service_civil,14.06.26,droite,Gros-de-Vaud,Fey,5522,530,299,8,0,291,142,48.797250859106526,149,51.20274914089347,56.41509433962264
fed_service_civil,14.06.26,droite,Gros-de-Vaud,Froideville,5523,1709,1057,35,0,1022,516,50.489236790606654,506,49.510763209393346,61.849034523112934
fed_service_civil,14.06.26,droite,Gros-de-Vaud,Goumoëns,5541,814,488,16,0,472,273,57.83898305084746,199,42.16101694915254,59.95085995085995
fed_service_civil,14.06.26,droite,Gros-de-Vaud,Jorat-Menthue,5804,1023,585,18,1,566,296,52.29681978798587,270,47.70318021201413,57.18475073313783
fed_service_civil,14.06.26,droite,Gros-de-Vaud,Lussery-Villars,5487,320,170,6,0,164,74,45.1219512195122,90,54.87804878048781,53.125
fed_service_civil,14.06.26,droite,Gros-de-Vaud,Mex VD,5489,498,265,5,0,260,152,58.46153846153847,108,41.53846153846154,53.21285140562249
fed_service_civil,14.06.26,droite,Gros-de-Vaud,Montanaire,5693,1923,1095,32,1,1062,601,56.59133709981168,461,43.40866290018832,56.94227769110765
fed_service_civil,14.06.26,droite,Gros-de-Vaud,Montilliez,5540,1291,727,18,1,708,414,58.47457627118644,294,41.52542372881356,56.31293570875291
fed_service_civil,14.06.26,droite,Gros-de-Vaud,Morrens VD,5527,759,469,6,0,463,225,48.59611231101512,238,51.40388768898488,61.79183135704874
fed_service_civil,14.06.26,droite,Gros-de-Vaud,Ogens,5680,225,129,1,0,128,60,46.875,68,53.125,57.333333333333336
fed_service_civil,14.06.26,droite,Gros-de-Vaud,Oppens,5923,125,74,2,0,72,35,48.61111111111111,37,51.388888888888886,59.199999999999996
fed_service_civil,14.06.26,droite,Gros-de-Vaud,Oulens-sous-Echallens,5529,421,285,13,1,271,144,53.13653136531366,127,46.86346863468634,67.6959619952494
fed_service_civil,14.06.26,droite,Gros-de-Vaud,Pailly,5530,387,250,7,0,243,152,62.55144032921811,91,37.4485596707819,64.59948320413437
fed_service_civil,14.06.26,droite,Gros-de-Vaud,Penthalaz,5495,1843,960,33,0,927,470,50.701186623516726,457,49.29881337648328,52.08898534997287
fed_service_civil,14.06.26,droite,Gros-de-Vaud,Penthaz,5496,1120,582,22,0,560,280,50,280,50,51.964285714285715
fed_service_civil,14.06.26,droite,Gros-de-Vaud,Penthéréaz,5531,325,187,6,0,181,98,54.14364640883977,83,45.85635359116022,57.53846153846154
fed_service_civil,14.06.26,droite,Gros-de-Vaud,Poliez-Pittet,5533,524,300,6,0,294,180,61.224489795918366,114,38.775510204081634,57.25190839694656
fed_service_civil,14.06.26,droite,Gros-de-Vaud,Rueyres,5534,212,149,4,0,145,84,57.931034482758626,61,42.06896551724138,70.28301886792453
fed_service_civil,14.06.26,droite,Gros-de-Vaud,Saint-Barthélemy VD,5535,538,342,13,0,329,170,51.671732522796354,159,48.328267477203646,63.56877323420075
fed_service_civil,14.06.26,droite,Gros-de-Vaud,Sullens,5501,787,474,12,0,462,264,57.14285714285714,198,42.857142857142854,60.2287166454892
fed_service_civil,14.06.26,droite,Gros-de-Vaud,Villars-le-Terroir,5537,886,497,15,1,481,284,59.04365904365905,197,40.95634095634096,56.09480812641083
fed_service_civil,14.06.26,droite,Gros-de-Vaud,Vuarrens,5539,710,406,14,1,391,247,63.171355498721226,144,36.828644501278774,57.183098591549296
fed_service_civil,14.06.26,droite,Gros-de-Vaud,Vufflens-la-Ville,5503,898,593,16,0,577,292,50.60658578856152,285,49.393414211438476,66.03563474387528
fed_service_civil,14.06.26,droite,Yverdon,Agiez,5742,237,131,0,0,131,68,51.908396946564885,63,48.091603053435115,55.27426160337553
fed_service_civil,14.06.26,droite,Yverdon,Arnex-sur-Orbe,5743,475,291,5,0,286,119,41.60839160839161,167,58.39160839160839,61.26315789473684
fed_service_civil,14.06.26,droite,Yverdon,Ballaigues,5744,734,407,20,2,385,195,50.649350649350644,190,49.35064935064935,55.449591280653955
fed_service_civil,14.06.26,droite,Yverdon,Baulmes,5745,769,448,10,0,438,207,47.26027397260274,231,52.73972602739726,58.25747724317295
fed_service_civil,14.06.26,droite,Yverdon,Bavois,5746,690,365,12,0,353,194,54.95750708215298,159,45.04249291784703,52.89855072463768
fed_service_civil,14.06.26,droite,Yverdon,Belmont-sur-Yverdon,5902,308,179,2,0,177,97,54.80225988700565,80,45.19774011299435,58.11688311688312
fed_service_civil,14.06.26,droite,Yverdon,Bioley-Magnoux,5903,194,117,6,0,111,61,54.95495495495496,50,45.04504504504504,60.30927835051546
fed_service_civil,14.06.26,droite,Yverdon,Bofflens,5747,148,101,6,1,94,62,65.95744680851064,32,34.04255319148936,68.24324324324324
fed_service_civil,14.06.26,droite,Yverdon,Bonvillars,5551,385,239,8,0,231,122,52.81385281385281,109,47.18614718614719,62.077922077922075
fed_service_civil,14.06.26,droite,Yverdon,Bretonnières,5748,196,123,2,0,121,56,46.28099173553719,65,53.71900826446281,62.755102040816325
fed_service_civil,14.06.26,droite,Yverdon,Bullet,5552,532,344,9,5,330,211,63.93939393939394,119,36.06060606060606,64.66165413533834
fed_service_civil,14.06.26,droite,Yverdon,Chamblon,5904,434,227,8,0,219,141,64.38356164383562,78,35.61643835616438,52.30414746543779
fed_service_civil,14.06.26,droite,Yverdon,Champagne,5553,720,375,6,0,369,180,48.78048780487805,189,51.21951219512195,52.083333333333336
fed_service_civil,14.06.26,droite,Yverdon,Champvent,5905,449,263,6,0,257,111,43.190661478599225,146,56.809338521400775,58.57461024498887
fed_service_civil,14.06.26,droite,Yverdon,Chavannes-le-Chêne,5907,232,112,3,0,109,67,61.46788990825688,42,38.53211009174312,48.275862068965516
fed_service_civil,14.06.26,droite,Yverdon,Chavornay,5749,3085,1603,54,0,1549,765,49.386701097482245,784,50.613298902517755,51.96110210696921
fed_service_civil,14.06.26,droite,Yverdon,Cheseaux-Noréaz,5909,514,332,3,1,328,186,56.70731707317073,142,43.292682926829265,64.59143968871595
fed_service_civil,14.06.26,droite,Yverdon,Chêne-Pâquier,5908,109,64,2,0,62,32,51.61290322580645,30,48.38709677419355,58.71559633027523
fed_service_civil,14.06.26,droite,Yverdon,Concise,5554,660,379,15,0,364,173,47.527472527472526,191,52.472527472527474,57.42424242424242
fed_service_civil,14.06.26,droite,Yverdon,Corcelles-près-Concise,5555,299,146,4,0,142,66,46.478873239436616,76,53.52112676056338,48.82943143812709
fed_service_civil,14.06.26,droite,Yverdon,Cronay,5910,318,212,3,0,209,92,44.01913875598086,117,55.980861244019145,66.66666666666666
fed_service_civil,14.06.26,droite,Yverdon,Croy,5752,293,177,4,0,173,74,42.77456647398844,99,57.22543352601156,60.40955631399317
fed_service_civil,14.06.26,droite,Yverdon,Cuarny,5911,169,117,3,0,114,68,59.64912280701754,46,40.35087719298245,69.23076923076923
fed_service_civil,14.06.26,droite,Yverdon,Donneloye,5913,594,364,11,0,353,172,48.725212464589234,181,51.27478753541076,61.27946127946128
fed_service_civil,14.06.26,droite,Yverdon,Démoret,5912,123,87,1,0,86,48,55.81395348837209,38,44.18604651162791,70.73170731707317
fed_service_civil,14.06.26,droite,Jura - Nord vaudois,Ependes VD,5914,243,146,5,0,141,88,62.4113475177305,53,37.5886524822695,60.08230452674898
fed_service_civil,14.06.26,droite,Yverdon,Fiez,5556,308,176,3,0,173,78,45.08670520231214,95,54.91329479768786,57.14285714285714
fed_service_civil,14.06.26,droite,Yverdon,Fontaines-sur-Grandson,5557,155,78,1,1,76,46,60.526315789473685,30,39.473684210526315,50.32258064516129
fed_service_civil,14.06.26,droite,Yverdon,Giez,5559,313,192,4,0,188,95,50.53191489361703,93,49.46808510638298,61.34185303514377
fed_service_civil,14.06.26,droite,Yverdon,Grandevent,5560,157,107,4,0,103,47,45.63106796116505,56,54.36893203883495,68.15286624203821
fed_service_civil,14.06.26,droite,Yverdon,Grandson,5561,2194,1141,32,1,1108,547,49.36823104693141,561,50.63176895306859,52.00546946216955
fed_service_civil,14.06.26,droite,Yverdon,Juriens,5754,255,157,10,0,147,77,52.38095238095239,70,47.61904761904761,61.568627450980394
fed_service_civil,14.06.26,droite,La Vallée,L'Abbaye,5871,1082,622,13,1,608,307,50.49342105263158,301,49.506578947368425,57.48613678373382
fed_service_civil,14.06.26,droite,Yverdon,L'Abergement,5741,197,151,1,0,150,77,51.33333333333333,73,48.66666666666667,76.6497461928934
fed_service_civil,14.06.26,droite,Yverdon,La Praz,5758,143,94,5,0,89,41,46.06741573033708,48,53.93258426966292,65.73426573426573
fed_service_civil,14.06.26,droite,La Vallée,Le Chenit,5872,2805,1526,67,0,1459,732,50.17135023989033,727,49.82864976010967,54.40285204991088
fed_service_civil,14.06.26,droite,La Vallée,Le Lieu,5873,627,379,5,0,374,180,48.1283422459893,194,51.87165775401069,60.44657097288676
fed_service_civil,14.06.26,droite,Yverdon,Les Clées,5750,141,74,1,0,73,24,32.87671232876712,49,67.12328767123287,52.4822695035461
fed_service_civil,14.06.26,droite,Yverdon,Lignerolle,5755,274,172,6,4,162,89,54.93827160493827,73,45.06172839506173,62.77372262773723
fed_service_civil,14.06.26,droite,Yverdon,Mathod,5919,482,266,6,0,260,138,53.07692307692308,122,46.92307692307692,55.18672199170125
fed_service_civil,14.06.26,droite,Yverdon,Mauborget,5562,96,70,2,0,68,35,51.470588235294116,33,48.529411764705884,72.91666666666666
fed_service_civil,14.06.26,droite,Yverdon,Molondin,5921,194,97,0,0,97,58,59.79381443298969,39,40.20618556701031,50
fed_service_civil,14.06.26,droite,Yverdon,Montagny-près-Yverdon,5922,513,259,9,0,250,132,52.800000000000004,118,47.199999999999996,50.487329434697855
fed_service_civil,14.06.26,droite,Yverdon,Montcherand,5756,327,185,10,0,175,86,49.142857142857146,89,50.857142857142854,56.574923547400616
fed_service_civil,14.06.26,droite,Yverdon,Mutrux,5563,94,45,0,0,45,28,62.22222222222222,17,37.77777777777778,47.87234042553192
fed_service_civil,14.06.26,droite,Yverdon,Novalles,5564,76,56,6,0,50,24,48,26,52,73.68421052631578
fed_service_civil,14.06.26,droite,Jura - Nord vaudois,Onnens VD,5565,369,230,10,0,220,117,53.18181818181819,103,46.81818181818182,62.33062330623306
fed_service_civil,14.06.26,droite,Yverdon,Orbe,5757,4110,2022,90,3,1929,923,47.84862623120788,1006,52.15137376879212,49.1970802919708
fed_service_civil,14.06.26,droite,Yverdon,Orges,5924,280,151,3,0,148,74,50,74,50,53.92857142857142
fed_service_civil,14.06.26,droite,Yverdon,Orzens,5925,155,111,5,0,106,53,50,53,50,71.61290322580646
fed_service_civil,14.06.26,droite,Yverdon,Pomy,5926,615,365,18,0,347,193,55.61959654178674,154,44.38040345821326,59.34959349593496
fed_service_civil,14.06.26,droite,Yverdon,Premier,5759,176,114,2,0,112,58,51.78571428571429,54,48.214285714285715,64.77272727272727
fed_service_civil,14.06.26,droite,Yverdon,Provence,5566,309,171,1,1,169,97,57.396449704142015,72,42.60355029585799,55.33980582524271
fed_service_civil,14.06.26,droite,Yverdon,Rances,5760,399,237,4,1,232,125,53.879310344827594,107,46.12068965517241,59.3984962406015
fed_service_civil,14.06.26,droite,Yverdon,Romainmôtier-Envy,5761,386,224,8,0,216,80,37.03703703703704,136,62.96296296296296,58.03108808290155
fed_service_civil,14.06.26,droite,Yverdon,Rovray,5928,128,102,2,0,100,83,83,17,17,79.6875
fed_service_civil,14.06.26,droite,Yverdon,Sainte-Croix,5568,3806,1743,79,0,1664,825,49.57932692307692,839,50.42067307692307,45.79611140304782
fed_service_civil,14.06.26,droite,Yverdon,Sergey,5762,111,66,4,0,62,34,54.83870967741935,28,45.16129032258064,59.45945945945946
fed_service_civil,14.06.26,droite,Yverdon,Suchy,5929,421,249,7,0,242,138,57.02479338842975,104,42.97520661157025,59.14489311163895
fed_service_civil,14.06.26,droite,Yverdon,Suscévaz,5930,160,105,2,0,103,63,61.165048543689316,40,38.83495145631068,65.625
fed_service_civil,14.06.26,droite,Yverdon,Treycovagnes,5931,334,173,2,0,171,95,55.55555555555556,76,44.44444444444444,51.796407185628745
fed_service_civil,14.06.26,droite,Yverdon,Tévenon,5571,583,353,5,0,348,153,43.96551724137931,195,56.03448275862068,60.548885077186966
fed_service_civil,14.06.26,droite,Yverdon,Ursins,5932,154,96,5,0,91,64,70.32967032967034,27,29.67032967032967,62.33766233766234
fed_service_civil,14.06.26,droite,Yverdon,Valeyres-sous-Montagny,5933,561,267,9,0,258,128,49.6124031007752,130,50.3875968992248,47.593582887700535
fed_service_civil,14.06.26,droite,Yverdon,Valeyres-sous-Rances,5763,394,237,5,0,232,136,58.620689655172406,96,41.37931034482759,60.15228426395939
fed_service_civil,14.06.26,droite,Yverdon,Valeyres-sous-Ursins,5934,184,141,1,0,140,65,46.42857142857143,75,53.57142857142857,76.63043478260869
fed_service_civil,14.06.26,droite,Yverdon,Vallorbe,5764,2259,1017,36,1,980,520,53.06122448979592,460,46.93877551020408,45.0199203187251
fed_service_civil,14.06.26,droite,Yverdon,Vaulion,5765,342,188,6,0,182,90,49.45054945054945,92,50.54945054945055,54.97076023391813
fed_service_civil,14.06.26,droite,Yverdon,Villars-Epeney,5935,68,43,0,1,42,22,52.38095238095239,20,47.61904761904761,63.23529411764706
fed_service_civil,14.06.26,droite,Yverdon,Vugelles-La Mothe,5937,96,54,1,1,52,30,57.692307692307686,22,42.30769230769231,56.25
fed_service_civil,14.06.26,droite,Yverdon,Vuiteboeuf,5766,398,209,1,0,208,105,50.480769230769226,103,49.519230769230774,52.51256281407035
fed_service_civil,14.06.26,droite,Yverdon,Yverdon-les-Bains,5938,14998,7155,237,3,6915,2869,41.48951554591468,4046,58.51048445408532,47.706360848113086
fed_service_civil,14.06.26,droite,Yverdon,Yvonand,5939,2356,1270,39,3,1228,610,49.6742671009772,618,50.3257328990228,53.90492359932089
fed_service_civil,14.06.26,droite,Romanel,Cheseaux-sur-Lausanne,5582,2942,1615,52,0,1563,729,46.64107485604607,834,53.35892514395394,54.894629503738955
fed_service_civil,14.06.26,droite,Romanel,Epalinges,5584,5523,3406,84,2,3320,1481,44.60843373493976,1839,55.39156626506024,61.66938258193011
fed_service_civil,14.06.26,droite,Romanel,Jouxtens-Mézery,5585,955,685,19,1,665,304,45.714285714285715,361,54.285714285714285,71.72774869109948
fed_service_civil,14.06.26,droite,Lausanne-Ville,Lausanne,5586,67952,35674,1031,17,34626,10626,30.687922370473053,24000,69.31207762952695,52.49882269837533
fed_service_civil,14.06.26,droite,Romanel,Le Mont-sur-Lausanne,5587,5381,2986,102,1,2883,1371,47.55463059313215,1512,52.44536940686785,55.49154432261661
fed_service_civil,14.06.26,droite,Romanel,Romanel-sur-Lausanne,5592,2442,1312,38,0,1274,614,48.19466248037676,660,51.80533751962323,53.72645372645373
fed_service_civil,14.06.26,droite,Lavaux - Oron,Belmont-sur-Lausanne,5581,2352,1452,39,0,1413,660,46.70912951167728,753,53.29087048832272,61.73469387755102
fed_service_civil,14.06.26,droite,Lavaux - Oron,Bourg-en-Lavaux,5613,3615,2355,68,2,2285,1019,44.59518599562363,1266,55.40481400437637,65.14522821576763
fed_service_civil,14.06.26,droite,Lavaux - Oron,Chexbres,5601,1430,820,23,4,793,378,47.66708701134931,415,52.33291298865069,57.34265734265735
fed_service_civil,14.06.26,droite,Lavaux - Oron,Forel (Lavaux),5604,1337,813,24,1,788,422,53.55329949238579,366,46.44670050761421,60.80777860882572
fed_service_civil,14.06.26,droite,Lavaux - Oron,Jorat-Mézières,5806,2146,1260,47,0,1213,596,49.134377576257215,617,50.865622423742785,58.7138863000932
fed_service_civil,14.06.26,droite,Lavaux - Oron,Lutry,5606,6481,3903,109,1,3793,1972,51.99050883205906,1821,48.00949116794094,60.22218793396081
fed_service_civil,14.06.26,droite,Lavaux - Oron,Maracon,5790,390,248,3,0,245,111,45.30612244897959,134,54.69387755102041,63.589743589743584
fed_service_civil,14.06.26,droite,Lavaux - Oron,Montpreveyres,5792,418,256,4,0,252,123,48.80952380952381,129,51.19047619047619,61.24401913875598
fed_service_civil,14.06.26,droite,Lavaux - Oron,Oron,5805,3844,2170,63,0,2107,995,47.223540579022306,1112,52.776459420977694,56.451612903225815
fed_service_civil,14.06.26,droite,Lavaux - Oron,Paudex,5588,820,483,5,7,471,231,49.044585987261144,240,50.955414012738856,58.90243902439024
fed_service_civil,14.06.26,droite,Lavaux - Oron,Puidoux,5607,1660,965,24,3,938,485,51.70575692963752,453,48.29424307036248,58.13253012048193
fed_service_civil,14.06.26,droite,Lavaux - Oron,Pully,5590,10902,6834,221,6,6607,2977,45.05827153019525,3630,54.94172846980475,62.68574573472757
fed_service_civil,14.06.26,droite,Lavaux - Oron,Rivaz,5609,240,165,2,1,162,81,50,81,50,68.75
fed_service_civil,14.06.26,droite,Lavaux - Oron,Saint-Saphorin (Lavaux),5610,276,188,3,2,183,76,41.53005464480874,107,58.46994535519126,68.11594202898551
fed_service_civil,14.06.26,droite,Lavaux - Oron,Savigny,5611,2212,1365,28,0,1337,661,49.43904263275991,676,50.56095736724009,61.70886075949367
fed_service_civil,14.06.26,droite,Lavaux - Oron,Servion,5799,1433,833,18,2,813,383,47.10947109471095,430,52.89052890528906,58.129797627355195
fed_service_civil,14.06.26,droite,Morges,Aclens,5621,361,208,6,1,201,108,53.73134328358209,93,46.26865671641791,57.61772853185596
fed_service_civil,14.06.26,droite,Morges,Allaman,5851,239,147,1,2,144,72,50,72,50,61.50627615062761
fed_service_civil,14.06.26,droite,Morges,Aubonne,5422,2648,1441,63,0,1378,724,52.5399129172714,654,47.46008708272859,54.41842900302115
fed_service_civil,14.06.26,droite,Morges,Ballens,5423,386,229,7,0,222,125,56.30630630630631,97,43.69369369369369,59.32642487046632
fed_service_civil,14.06.26,droite,Morges,Berolle,5424,201,130,3,1,126,63,50,63,50,64.6766169154229
fed_service_civil,14.06.26,droite,Morges,Bière,5425,900,472,2,0,470,285,60.63829787234043,185,39.361702127659576,52.44444444444445
fed_service_civil,14.06.26,droite,Morges,Bougy-Villars,5426,297,201,4,3,194,115,59.27835051546392,79,40.72164948453608,67.67676767676768
fed_service_civil,14.06.26,droite,Morges,Bremblens,5622,401,259,5,0,254,121,47.63779527559055,133,52.362204724409445,64.58852867830423
fed_service_civil,14.06.26,droite,Morges,Buchillon,5623,430,287,2,0,285,153,53.68421052631579,132,46.31578947368421,66.74418604651163
fed_service_civil,14.06.26,droite,Morges,Chavannes-le-Veyron,5475,108,80,2,0,78,45,57.692307692307686,33,42.30769230769231,74.07407407407408
fed_service_civil,14.06.26,droite,Morges,Chevilly,5476,227,144,4,0,140,79,56.42857142857143,61,43.57142857142857,63.436123348017624
fed_service_civil,14.06.26,droite,Morges,Chigny,5628,243,155,2,0,153,78,50.98039215686274,75,49.01960784313725,63.78600823045267
fed_service_civil,14.06.26,droite,Morges,Clarmont,5629,148,85,2,0,83,40,48.19277108433735,43,51.80722891566265,57.432432432432435
fed_service_civil,14.06.26,droite,Morges,Cossonay,5477,2963,1659,57,0,1602,743,46.379525593008744,859,53.620474406991256,55.99055011812353
fed_service_civil,14.06.26,droite,Morges,Cuarnens,5479,366,215,5,1,209,119,56.9377990430622,90,43.0622009569378,58.7431693989071
fed_service_civil,14.06.26,droite,Morges,Denens,5631,489,321,14,0,307,153,49.8371335504886,154,50.1628664495114,65.6441717791411
fed_service_civil,14.06.26,droite,Morges,Denges,5632,1001,612,7,1,604,250,41.390728476821195,354,58.609271523178805,61.13886113886113
fed_service_civil,14.06.26,droite,Morges,Dizy,5481,161,103,5,0,98,37,37.755102040816325,61,62.244897959183675,63.975155279503106
fed_service_civil,14.06.26,droite,Morges,Echandens,5633,1813,1023,24,0,999,450,45.04504504504504,549,54.95495495495496,56.42581356867071
fed_service_civil,14.06.26,droite,Morges,Echichens,5634,2058,1252,37,1,1214,591,48.68204283360791,623,51.31795716639209,60.8357628765792
fed_service_civil,14.06.26,droite,Morges,Eclépens,5482,712,418,11,0,407,207,50.859950859950864,200,49.14004914004914,58.70786516853933
fed_service_civil,14.06.26,droite,Morges,Etoy,5636,1694,990,38,0,952,439,46.11344537815126,513,53.88655462184874,58.44155844155844
fed_service_civil,14.06.26,droite,Morges,Ferreyres,5483,224,141,4,0,137,59,43.06569343065693,78,56.934306569343065,62.94642857142857
fed_service_civil,14.06.26,droite,Morges,Féchy,5427,518,336,7,0,329,168,51.06382978723404,161,48.93617021276596,64.86486486486487
fed_service_civil,14.06.26,droite,Morges,Gimel,5428,1369,673,22,0,651,342,52.53456221198156,309,47.465437788018434,49.159970781592406
fed_service_civil,14.06.26,droite,Morges,Gollion,5484,695,415,9,0,406,206,50.73891625615764,200,49.26108374384236,59.71223021582733
fed_service_civil,14.06.26,droite,Morges,Grancy,5485,333,192,3,0,189,109,57.67195767195767,80,42.32804232804233,57.65765765765766
fed_service_civil,14.06.26,droite,Morges,Hautemorges,5656,2860,1668,48,0,1620,790,48.76543209876543,830,51.23456790123457,58.32167832167832
fed_service_civil,14.06.26,droite,Morges,L'Isle,5486,762,429,9,0,420,217,51.66666666666667,203,48.333333333333336,56.2992125984252
fed_service_civil,14.06.26,droite,Morges,La Chaux (Cossonay),5474,309,160,5,0,155,76,49.03225806451613,79,50.967741935483865,51.7799352750809
fed_service_civil,14.06.26,droite,Morges,La Sarraz,5498,1480,750,16,0,734,303,41.28065395095368,431,58.719346049046315,50.67567567567568
fed_service_civil,14.06.26,droite,Morges,Lavigny,5637,605,360,9,0,351,164,46.72364672364672,187,53.27635327635327,59.50413223140496
fed_service_civil,14.06.26,droite,Morges,Lonay,5638,1758,1008,21,4,983,468,47.60935910478128,515,52.39064089521872,57.33788395904437
fed_service_civil,14.06.26,droite,Morges,Lully VD,5639,538,355,16,0,339,158,46.607669616519175,181,53.392330383480825,65.98513011152416
fed_service_civil,14.06.26,droite,Morges,Lussy-sur-Morges,5640,466,302,2,0,300,120,40,180,60,64.8068669527897
fed_service_civil,14.06.26,droite,Morges,Mauraz,5488,44,34,2,0,32,16,50,16,50,77.27272727272727
fed_service_civil,14.06.26,droite,Morges,Moiry VD,5490,212,137,1,0,136,51,37.5,85,62.5,64.62264150943396
fed_service_civil,14.06.26,droite,Morges,Mollens VD,5431,218,133,9,1,123,62,50.40650406504065,61,49.59349593495935,61.00917431192661
fed_service_civil,14.06.26,droite,Morges,Mont-la-Ville,5491,337,199,5,0,194,101,52.0618556701031,93,47.93814432989691,59.05044510385756
fed_service_civil,14.06.26,droite,Morges,Montricher,5492,649,405,4,1,400,225,56.25,175,43.75,62.40369799691834
fed_service_civil,14.06.26,droite,Morges,Morges,5642,9220,5179,168,1,5010,2160,43.11377245508982,2850,56.886227544910184,56.17136659436008
fed_service_civil,14.06.26,droite,Morges,Orny,5493,342,192,2,2,188,80,42.5531914893617,108,57.446808510638306,56.14035087719298
fed_service_civil,14.06.26,droite,Morges,Pompaples,5497,526,291,7,0,284,146,51.40845070422535,138,48.59154929577465,55.32319391634981
fed_service_civil,14.06.26,droite,Morges,Préverenges,5643,2952,1683,58,2,1623,691,42.5754775107825,932,57.4245224892175,57.012195121951216
fed_service_civil,14.06.26,droite,Morges,Romanel-sur-Morges,5645,318,198,4,0,194,105,54.123711340206185,89,45.876288659793815,62.264150943396224
fed_service_civil,14.06.26,droite,Morges,Saint-Livres,5435,480,297,12,0,285,135,47.368421052631575,150,52.63157894736842,61.875
fed_service_civil,14.06.26,droite,Morges,Saint-Oyens,5436,286,183,3,0,180,94,52.22222222222223,86,47.77777777777778,63.98601398601399
fed_service_civil,14.06.26,droite,Morges,Saint-Prex,5646,3034,1773,67,0,1706,829,48.593200468933176,877,51.406799531066824,58.43770599868161
fed_service_civil,14.06.26,droite,Morges,Saubraz,5437,258,141,2,0,139,59,42.44604316546763,80,57.55395683453237,54.65116279069767
fed_service_civil,14.06.26,droite,Morges,Senarclens,5499,330,191,6,0,185,111,60,74,40,57.878787878787875
fed_service_civil,14.06.26,droite,Morges,Tolochenaz,5649,1302,613,29,4,580,282,48.62068965517241,298,51.37931034482759,47.08141321044547
fed_service_civil,14.06.26,droite,Morges,Vaux-sur-Morges,5650,128,99,5,0,94,46,48.93617021276596,48,51.06382978723404,77.34375
fed_service_civil,14.06.26,droite,Morges,Villars-sous-Yens,5652,383,253,2,0,251,119,47.410358565737056,132,52.589641434262944,66.0574412532637
fed_service_civil,14.06.26,droite,Morges,Vufflens-le-Château,5653,573,377,10,3,364,206,56.59340659340659,158,43.40659340659341,65.79406631762653
fed_service_civil,14.06.26,droite,Morges,Vullierens,5654,357,207,6,0,201,104,51.741293532338304,97,48.258706467661696,57.98319327731093
fed_service_civil,14.06.26,droite,Morges,Yens,5655,884,549,10,2,537,290,54.00372439478585,247,45.99627560521415,62.10407239819005
fed_service_civil,14.06.26,droite,Nyon,Arnex-sur-Nyon,5701,178,92,1,0,91,52,57.14285714285714,39,42.857142857142854,51.68539325842697
fed_service_civil,14.06.26,droite,Nyon,Arzier - Le Muids,5702,1708,1071,31,0,1040,590,56.730769230769226,450,43.269230769230774,62.704918032786885
fed_service_civil,14.06.26,droite,Nyon,Bassins,5703,878,539,17,0,522,257,49.23371647509578,265,50.76628352490421,61.38952164009112
fed_service_civil,14.06.26,droite,Nyon,Begnins,5704,1220,698,11,2,685,373,54.45255474452555,312,45.54744525547445,57.213114754098356
fed_service_civil,14.06.26,droite,Nyon,Bogis-Bossey,5705,493,320,7,0,313,167,53.35463258785943,146,46.64536741214057,64.90872210953347
fed_service_civil,14.06.26,droite,Nyon,Borex,5706,710,451,4,0,447,238,53.24384787472036,209,46.75615212527964,63.521126760563384
fed_service_civil,14.06.26,droite,Nyon,Bursinel,5852,313,195,1,2,192,116,60.416666666666664,76,39.58333333333333,62.30031948881789
fed_service_civil,14.06.26,droite,Nyon,Bursins,5853,493,301,5,1,295,134,45.42372881355932,161,54.57627118644067,61.05476673427992
fed_service_civil,14.06.26,droite,Nyon,Burtigny,5854,254,156,7,0,149,78,52.348993288590606,71,47.651006711409394,61.417322834645674
fed_service_civil,14.06.26,droite,Nyon,Chavannes-de-Bogis,5707,668,381,5,0,376,208,55.319148936170215,168,44.680851063829785,57.035928143712574
fed_service_civil,14.06.26,droite,Nyon,Chavannes-des-Bois,5708,488,302,7,0,295,154,52.20338983050847,141,47.79661016949153,61.885245901639344
fed_service_civil,14.06.26,droite,Nyon,Chéserex,5709,781,497,13,0,484,257,53.099173553719005,227,46.90082644628099,63.63636363636363
fed_service_civil,14.06.26,droite,Nyon,Coinsins,5710,317,192,9,0,183,103,56.284153005464475,80,43.71584699453552,60.56782334384858
fed_service_civil,14.06.26,droite,Nyon,Commugny,5711,1468,934,16,0,918,499,54.35729847494554,419,45.64270152505447,63.62397820163488
fed_service_civil,14.06.26,droite,Nyon,Coppet,5712,2056,1025,34,0,991,558,56.30676084762866,433,43.69323915237134,49.85408560311284
fed_service_civil,14.06.26,droite,Nyon,Crans,5713,1360,876,10,0,866,491,56.697459584295615,375,43.302540415704385,64.41176470588236
fed_service_civil,14.06.26,droite,Nyon,Crassier,5714,757,463,14,0,449,231,51.44766146993318,218,48.55233853006681,61.16248348745046
fed_service_civil,14.06.26,droite,Nyon,Duillier,5715,695,440,11,0,429,226,52.680652680652685,203,47.31934731934732,63.30935251798561
fed_service_civil,14.06.26,droite,Nyon,Dully,5855,367,237,4,0,233,131,56.22317596566524,102,43.776824034334766,64.57765667574932
fed_service_civil,14.06.26,droite,Nyon,Essertines-sur-Rolle,5856,436,295,5,0,290,150,51.724137931034484,140,48.275862068965516,67.66055045871559
fed_service_civil,14.06.26,droite,Nyon,Eysins,5716,966,596,15,0,581,298,51.29087779690189,283,48.709122203098104,61.697722567287784
fed_service_civil,14.06.26,droite,Nyon,Founex,5717,1761,1095,24,0,1071,584,54.52847805788982,487,45.47152194211018,62.180579216354346
fed_service_civil,14.06.26,droite,Nyon,Genolier,5718,1190,774,19,0,755,385,50.993377483443716,370,49.00662251655629,65.04201680672269
fed_service_civil,14.06.26,droite,Nyon,Gilly,5857,845,519,12,2,505,286,56.63366336633663,219,43.366336633663366,61.42011834319526
fed_service_civil,14.06.26,droite,Nyon,Gingins,5719,788,482,7,0,475,256,53.89473684210526,219,46.10526315789474,61.16751269035533
fed_service_civil,14.06.26,droite,Nyon,Givrins,5720,697,455,6,0,449,217,48.329621380846326,232,51.67037861915368,65.27977044476327
fed_service_civil,14.06.26,droite,Nyon,Gland,5721,7303,4051,199,0,3852,1957,50.804776739356186,1895,49.19522326064382,55.470354648774475
fed_service_civil,14.06.26,droite,Nyon,Grens,5722,252,168,6,0,162,71,43.82716049382716,91,56.17283950617284,66.66666666666666
fed_service_civil,14.06.26,droite,Nyon,La Rippe,5726,722,453,11,0,442,225,50.90497737556561,217,49.095022624434385,62.742382271468145
fed_service_civil,14.06.26,droite,Nyon,Le Vaud,5731,907,583,18,0,565,268,47.43362831858407,297,52.56637168141592,64.27783902976847
fed_service_civil,14.06.26,droite,Nyon,Longirod,5429,361,216,7,0,209,121,57.89473684210527,88,42.10526315789473,59.83379501385041
fed_service_civil,14.06.26,droite,Nyon,Luins,5858,346,203,5,0,198,112,56.56565656565656,86,43.43434343434344,58.67052023121387
fed_service_civil,14.06.26,droite,Nyon,Marchissy,5430,334,210,8,0,202,112,55.44554455445545,90,44.554455445544555,62.874251497005986
fed_service_civil,14.06.26,droite,Nyon,Mies,5723,1094,643,27,0,616,324,52.5974025974026,292,47.4025974025974,58.775137111517374
fed_service_civil,14.06.26,droite,Nyon,Mont-sur-Rolle,5859,1627,922,34,0,888,476,53.6036036036036,412,46.3963963963964,56.66871542716656
fed_service_civil,14.06.26,droite,Nyon,Nyon,5724,11365,6122,192,4,5926,2496,42.119473506581166,3430,57.88052649341883,53.86713594368676
fed_service_civil,14.06.26,droite,Nyon,Perroy,5860,911,577,12,0,565,319,56.46017699115045,246,43.53982300884956,63.33699231613611
fed_service_civil,14.06.26,droite,Nyon,Prangins,5725,2428,1510,52,3,1455,694,47.697594501718214,761,52.30240549828179,62.191103789126856
fed_service_civil,14.06.26,droite,Nyon,Rolle,5861,3192,1739,59,0,1680,806,47.976190476190474,874,52.023809523809526,54.47994987468672
fed_service_civil,14.06.26,droite,Nyon,Saint-Cergue,5727,1674,850,31,1,818,438,53.54523227383863,380,46.454767726161364,50.77658303464755
fed_service_civil,14.06.26,droite,Nyon,Saint-George,5434,677,389,5,0,384,190,49.47916666666667,194,50.520833333333336,57.459379615952734
fed_service_civil,14.06.26,droite,Nyon,Signy-Avenex,5728,359,216,5,0,211,124,58.767772511848335,87,41.23222748815166,60.16713091922006
fed_service_civil,14.06.26,droite,Nyon,Tannay,5729,923,620,7,3,610,335,54.91803278688525,275,45.08196721311475,67.17226435536294
fed_service_civil,14.06.26,droite,Nyon,Tartegnin,5862,131,82,3,0,79,61,77.21518987341773,18,22.78481012658228,62.59541984732825
fed_service_civil,14.06.26,droite,Nyon,Trélex,5730,908,598,19,0,579,305,52.67702936096719,274,47.32297063903281,65.85903083700441
fed_service_civil,14.06.26,droite,Nyon,Vich,5732,665,386,19,0,367,194,52.86103542234333,173,47.13896457765668,58.04511278195489
fed_service_civil,14.06.26,droite,Nyon,Vinzel,5863,237,149,6,0,143,83,58.04195804195804,60,41.95804195804196,62.869198312236286
fed_service_civil,14.06.26,droite,Ouest lausannois,Bussigny,5624,5702,2955,107,3,2845,1188,41.757469244288224,1657,58.242530755711776,51.82392143107681
fed_service_civil,14.06.26,droite,Ouest lausannois,Chavannes-près-Renens,5627,3694,1502,55,1,1446,503,34.78561549100968,943,65.21438450899032,40.66053059014618
fed_service_civil,14.06.26,droite,Ouest lausannois,Crissier,5583,4934,2281,72,2,2207,941,42.63706388763027,1266,57.36293611236973,46.230239156870695
fed_service_civil,14.06.26,droite,Ouest lausannois,Ecublens VD,5635,5742,2940,113,1,2826,1235,43.701344656758664,1591,56.298655343241336,51.20167189132706
fed_service_civil,14.06.26,droite,Ouest lausannois,Prilly,5589,6009,3066,125,2,2939,1119,38.074174889418174,1820,61.92582511058183,51.0234648027958
fed_service_civil,14.06.26,droite,Ouest lausannois,Renens VD,5591,8827,3886,120,2,3764,1329,35.30818278427205,2435,64.69181721572795,44.02401721989351
fed_service_civil,14.06.26,droite,Ouest lausannois,Saint-Sulpice,5648,2291,1511,48,0,1463,723,49.41900205058099,740,50.58099794941901,65.95373199476211
fed_service_civil,14.06.26,droite,Ouest lausannois,Villars-Sainte-Croix,5651,554,294,9,0,285,149,52.28070175438596,136,47.719298245614034,53.068592057761734
fed_service_civil,14.06.26,droite,Vevey,Blonay - Saint-Légier,5892,7789,4703,140,0,4563,2282,50.01095770326539,2281,49.9890422967346,60.38002310951342
fed_service_civil,14.06.26,droite,Vevey,Chardonne,5882,2131,1327,43,0,1284,600,46.728971962616825,684,53.271028037383175,62.27123416236508
fed_service_civil,14.06.26,droite,Pays-d'Enhaut,Château-d'Oex,5841,2051,1070,38,0,1032,615,59.59302325581395,417,40.406976744186046,52.16967333008289
fed_service_civil,14.06.26,droite,Vevey,Corseaux,5883,1445,960,28,0,932,476,51.072961373390555,456,48.927038626609445,66.43598615916954
fed_service_civil,14.06.26,droite,Vevey,Corsier-sur-Vevey,5884,1930,1096,37,1,1058,495,46.78638941398866,563,53.21361058601134,56.78756476683938
fed_service_civil,14.06.26,droite,Vevey,Jongny,5885,1113,780,21,0,759,385,50.72463768115942,374,49.275362318840585,70.08086253369272
fed_service_civil,14.06.26,droite,Vevey,La Tour-de-Peilz,5889,7493,4467,158,0,4309,1866,43.304711069853795,2443,56.695288930146205,59.61564126518084
fed_service_civil,14.06.26,droite,Vevey,Montreux,5886,12331,6278,221,4,6053,2876,47.51362960515447,3177,52.48637039484553,50.912334766036814
fed_service_civil,14.06.26,droite,Pays-d'Enhaut,Rossinière,5842,331,171,3,0,168,104,61.904761904761905,64,38.095238095238095,51.66163141993958
fed_service_civil,14.06.26,droite,Pays-d'Enhaut,Rougemont,5843,438,207,6,0,201,131,65.17412935323384,70,34.82587064676617,47.26027397260274
fed_service_civil,14.06.26,droite,Vevey,Vevey,5890,10009,5209,156,1,5052,1608,31.828978622327792,3444,68.17102137767222,52.043161154960536
fed_service_civil,14.06.26,droite,Vevey,Veytaux,5891,518,280,3,0,277,152,54.87364620938629,125,45.12635379061371,54.054054054054056
salaire_min_const,14.06.26,gauche,Aigle,Aigle,5401,5438,2715,197,0,2715,1276,46.99815837937385,1242,45.74585635359116,49.926443545421115
salaire_min_const,14.06.26,gauche,Aigle,Bex,5402,4605,2280,138,0,2280,1140,50,1002,43.94736842105263,49.5114006514658
salaire_min_const,14.06.26,gauche,Aigle,Chessel,5403,312,177,3,2,175,75,42.857142857142854,97,55.42857142857143,56.730769230769226
salaire_min_const,14.06.26,gauche,Aigle,Corbeyrier,5404,348,197,7,0,197,107,54.314720812182735,83,42.13197969543147,56.60919540229885
salaire_min_const,14.06.26,gauche,Aigle,Gryon,5405,886,518,38,1,517,220,42.5531914893617,259,50.09671179883946,58.465011286681715
salaire_min_const,14.06.26,gauche,Aigle,Lavey-Morcles,5406,633,320,9,0,320,144,45,167,52.1875,50.55292259083728
salaire_min_const,14.06.26,gauche,Aigle,Leysin,5407,1510,828,40,2,826,406,49.152542372881356,380,46.00484261501211,54.83443708609271
salaire_min_const,14.06.26,gauche,Aigle,Noville,5408,733,371,15,0,371,153,41.23989218328841,203,54.71698113207547,50.61391541609823
salaire_min_const,14.06.26,gauche,Aigle,Ollon VD,5409,4387,2728,165,3,2725,1127,41.357798165137616,1433,52.587155963302756,62.18372464098473
salaire_min_const,14.06.26,gauche,Aigle,Ormont-Dessous,5410,815,465,25,2,463,189,40.8207343412527,249,53.77969762419006,57.05521472392638
salaire_min_const,14.06.26,gauche,Aigle,Ormont-Dessus,5411,921,533,23,0,533,189,35.45966228893058,321,60.22514071294559,57.871878393051034
salaire_min_const,14.06.26,gauche,Aigle,Rennaz,5412,507,249,13,0,249,124,49.79919678714859,112,44.97991967871486,49.112426035502956
salaire_min_const,14.06.26,gauche,Aigle,Roche VD,5413,998,455,40,1,454,215,47.3568281938326,199,43.83259911894273,45.59118236472946
salaire_min_const,14.06.26,gauche,Aigle,Villeneuve VD,5414,2817,1350,72,0,1350,669,49.55555555555556,609,45.111111111111114,47.92332268370607
salaire_min_const,14.06.26,gauche,Aigle,Yvorne,5415,814,393,21,0,393,156,39.69465648854962,216,54.961832061068705,48.28009828009828
salaire_min_const,14.06.26,gauche,Broye - Vully,Avenches,5451,2308,1119,82,0,1119,489,43.69973190348526,548,48.972296693476316,48.48353552859619
salaire_min_const,14.06.26,gauche,Broye - Vully,Bussy-sur-Moudon,5663,179,101,6,1,100,33,33,61,61,56.424581005586596
salaire_min_const,14.06.26,gauche,Broye - Vully,Champtauroz,5812,125,77,0,0,77,42,54.54545454545454,35,45.45454545454545,61.6
salaire_min_const,14.06.26,gauche,Broye - Vully,Chavannes-sur-Moudon,5665,177,98,0,0,98,29,29.591836734693878,69,70.40816326530613,55.367231638418076
salaire_min_const,14.06.26,gauche,Broye - Vully,Chevroux,5813,339,209,6,0,209,91,43.54066985645933,112,53.588516746411486,61.6519174041298
salaire_min_const,14.06.26,gauche,Broye - Vully,Corcelles-le-Jorat,5785,328,193,3,0,193,86,44.559585492227974,104,53.8860103626943,58.84146341463414
salaire_min_const,14.06.26,gauche,Broye - Vully,Corcelles-près-Payerne,5816,1584,837,57,0,837,317,37.873357228195935,463,55.31660692951016,52.84090909090909
salaire_min_const,14.06.26,gauche,Broye - Vully,Cudrefin,5456,1263,640,24,0,640,256,40,360,56.25,50.67300079176563
salaire_min_const,14.06.26,gauche,Broye - Vully,Curtilles,5669,215,125,5,0,125,53,42.4,67,53.6,58.139534883720934
salaire_min_const,14.06.26,gauche,Broye - Vully,Dompierre VD,5671,163,104,2,0,104,38,36.53846153846153,64,61.53846153846154,63.80368098159509
salaire_min_const,14.06.26,gauche,Broye - Vully,Faoug,5458,568,263,10,1,262,104,39.69465648854962,148,56.48854961832062,46.30281690140845
salaire_min_const,14.06.26,gauche,Broye - Vully,Grandcour,5817,627,310,15,0,310,107,34.516129032258064,188,60.64516129032258,49.441786283891545
salaire_min_const,14.06.26,gauche,Broye - Vully,Henniez,5819,266,115,2,0,115,51,44.34782608695652,62,53.91304347826087,43.233082706766915
salaire_min_const,14.06.26,gauche,Broye - Vully,Hermenches,5673,251,144,3,0,144,57,39.58333333333333,84,58.333333333333336,57.37051792828686
salaire_min_const,14.06.26,gauche,Broye - Vully,Lovatens,5674,117,64,2,0,64,35,54.6875,27,42.1875,54.700854700854705
salaire_min_const,14.06.26,gauche,Broye - Vully,Lucens,5675,2231,1122,54,2,1120,596,53.214285714285715,470,41.964285714285715,50.29134917077543
salaire_min_const,14.06.26,gauche,Broye - Vully,Missy,5821,235,134,2,0,134,56,41.7910447761194,76,56.71641791044776,57.02127659574469
salaire_min_const,14.06.26,gauche,Broye - Vully,Moudon,5678,4208,1156,81,1,1155,587,50.82251082251082,487,42.16450216450217,27.47148288973384
salaire_min_const,14.06.26,gauche,Broye - Vully,Payerne,5822,4835,2333,160,5,2328,950,40.807560137457045,1218,52.31958762886598,48.25232678386763
salaire_min_const,14.06.26,gauche,Broye - Vully,Prévonloup,5683,172,86,4,0,86,26,30.23255813953488,56,65.11627906976744,50
salaire_min_const,14.06.26,gauche,Broye - Vully,Ropraz,5798,321,192,8,0,192,75,39.0625,109,56.770833333333336,59.813084112149525
salaire_min_const,14.06.26,gauche,Broye - Vully,Rossenges,5684,58,32,1,0,32,16,50,15,46.875,55.172413793103445
salaire_min_const,14.06.26,gauche,Broye - Vully,Syens,5688,89,37,0,0,37,20,54.054054054054056,17,45.94594594594595,41.57303370786517
salaire_min_const,14.06.26,gauche,Broye - Vully,Trey,5827,202,113,4,0,113,42,37.16814159292036,67,59.29203539823009,55.940594059405946
salaire_min_const,14.06.26,gauche,Broye - Vully,Treytorrens (Payerne),5828,79,47,1,1,46,8,17.391304347826086,37,80.43478260869566,59.49367088607595
salaire_min_const,14.06.26,gauche,Broye - Vully,Valbroye,5831,2046,1140,88,0,1140,429,37.631578947368425,623,54.64912280701755,55.718475073313776
salaire_min_const,14.06.26,gauche,Broye - Vully,Villars-le-Comte,5690,101,66,2,0,66,17,25.757575757575758,47,71.21212121212122,65.34653465346535
salaire_min_const,14.06.26,gauche,Broye - Vully,Villarzel,5830,305,161,4,0,161,75,46.58385093167702,82,50.931677018633536,52.78688524590164
salaire_min_const,14.06.26,gauche,Broye - Vully,Vucherens,5692,404,230,8,0,230,109,47.391304347826086,113,49.130434782608695,56.930693069306926
salaire_min_const,14.06.26,gauche,Broye - Vully,Vulliens,5803,429,265,7,0,265,100,37.735849056603776,158,59.62264150943396,61.771561771561764
salaire_min_const,14.06.26,gauche,Broye - Vully,Vully-les-Lacs,5464,2415,1320,93,0,1320,443,33.56060606060606,784,59.3939393939394,54.6583850931677
salaire_min_const,14.06.26,gauche,Gros-de-Vaud,Assens,5511,1156,636,20,0,636,232,36.477987421383645,384,60.37735849056604,55.017301038062286
salaire_min_const,14.06.26,gauche,Gros-de-Vaud,Bercher,5512,892,510,35,2,508,211,41.53543307086614,262,51.574803149606296,57.17488789237668
salaire_min_const,14.06.26,gauche,Gros-de-Vaud,Bettens,5471,403,218,10,0,218,84,38.53211009174312,124,56.88073394495413,54.09429280397022
salaire_min_const,14.06.26,gauche,Gros-de-Vaud,Bottens,5514,867,458,13,0,458,195,42.5764192139738,250,54.58515283842795,52.825836216839676
salaire_min_const,14.06.26,gauche,Gros-de-Vaud,Boulens,5661,261,147,2,0,147,69,46.93877551020408,76,51.70068027210885,56.32183908045977
salaire_min_const,14.06.26,gauche,Gros-de-Vaud,Bournens,5472,380,207,7,0,207,70,33.81642512077295,130,62.80193236714976,54.473684210526315
salaire_min_const,14.06.26,gauche,Gros-de-Vaud,Boussens,5473,665,430,20,0,430,209,48.604651162790695,201,46.74418604651163,64.66165413533834
salaire_min_const,14.06.26,gauche,Gros-de-Vaud,Bretigny-sur-Morrens,5515,559,313,12,0,313,152,48.56230031948881,149,47.6038338658147,55.99284436493739
salaire_min_const,14.06.26,gauche,Gros-de-Vaud,Cugy VD,5516,1715,999,58,10,989,512,51.76946410515673,419,42.366026289180994,58.250728862973766
salaire_min_const,14.06.26,gauche,Gros-de-Vaud,Daillens,5480,702,413,15,0,413,184,44.55205811138014,214,51.81598062953995,58.831908831908834
salaire_min_const,14.06.26,gauche,Gros-de-Vaud,Echallens,5518,4081,2216,126,1,2215,1079,48.713318284424375,1010,45.598194130925506,54.30041656456751
salaire_min_const,14.06.26,gauche,Gros-de-Vaud,Essertines-sur-Yverdon,5520,744,374,14,0,374,172,45.98930481283423,188,50.26737967914438,50.26881720430107
salaire_min_const,14.06.26,gauche,Gros-de-Vaud,Etagnières,5521,732,445,19,1,444,198,44.5945945945946,227,51.126126126126124,60.79234972677595
salaire_min_const,14.06.26,gauche,Gros-de-Vaud,Fey,5522,530,275,12,1,274,124,45.25547445255474,138,50.36496350364964,51.886792452830186
salaire_min_const,14.06.26,gauche,Gros-de-Vaud,Froideville,5523,1709,1057,72,0,1057,453,42.857142857142854,532,50.331125827814574,61.849034523112934
salaire_min_const,14.06.26,gauche,Gros-de-Vaud,Goumoëns,5541,814,488,26,0,488,172,35.24590163934426,290,59.42622950819673,59.95085995085995
salaire_min_const,14.06.26,gauche,Gros-de-Vaud,Jorat-Menthue,5804,1023,564,18,1,563,249,44.22735346358792,296,52.57548845470693,55.13196480938416
salaire_min_const,14.06.26,gauche,Gros-de-Vaud,Lussery-Villars,5487,320,167,11,0,167,90,53.89221556886228,66,39.52095808383233,52.1875
salaire_min_const,14.06.26,gauche,Gros-de-Vaud,Mex VD,5489,498,265,10,0,265,105,39.62264150943396,150,56.60377358490566,53.21285140562249
salaire_min_const,14.06.26,gauche,Gros-de-Vaud,Montanaire,5693,1923,1052,31,2,1050,436,41.523809523809526,583,55.52380952380952,54.706188247529894
salaire_min_const,14.06.26,gauche,Gros-de-Vaud,Montilliez,5540,1291,709,21,0,709,266,37.51763046544429,422,59.52045133991537,54.91866769945778
salaire_min_const,14.06.26,gauche,Gros-de-Vaud,Morrens VD,5527,759,456,9,0,456,219,48.026315789473685,228,50,60.079051383399204
salaire_min_const,14.06.26,gauche,Gros-de-Vaud,Ogens,5680,225,122,2,0,122,59,48.36065573770492,61,50,54.22222222222223
salaire_min_const,14.06.26,gauche,Gros-de-Vaud,Oppens,5923,125,75,2,0,75,34,45.33333333333333,39,52,60
salaire_min_const,14.06.26,gauche,Gros-de-Vaud,Oulens-sous-Echallens,5529,421,268,9,1,267,86,32.20973782771536,172,64.41947565543072,63.657957244655584
salaire_min_const,14.06.26,gauche,Gros-de-Vaud,Pailly,5530,387,239,10,0,239,94,39.33054393305439,135,56.48535564853556,61.75710594315246
salaire_min_const,14.06.26,gauche,Gros-de-Vaud,Penthalaz,5495,1843,960,58,0,960,453,47.1875,449,46.770833333333336,52.08898534997287
salaire_min_const,14.06.26,gauche,Gros-de-Vaud,Penthaz,5496,1120,582,42,0,582,244,41.92439862542955,296,50.85910652920962,51.964285714285715
salaire_min_const,14.06.26,gauche,Gros-de-Vaud,Penthéréaz,5531,325,183,11,0,183,77,42.07650273224044,95,51.91256830601093,56.30769230769231
salaire_min_const,14.06.26,gauche,Gros-de-Vaud,Poliez-Pittet,5533,524,296,13,0,296,115,38.85135135135135,168,56.75675675675676,56.48854961832062
salaire_min_const,14.06.26,gauche,Gros-de-Vaud,Rueyres,5534,212,149,1,4,145,59,40.689655172413794,85,58.620689655172406,70.28301886792453
salaire_min_const,14.06.26,gauche,Gros-de-Vaud,Saint-Barthélemy VD,5535,538,328,14,0,328,115,35.0609756097561,199,60.670731707317074,60.966542750929364
salaire_min_const,14.06.26,gauche,Gros-de-Vaud,Sullens,5501,787,448,23,0,448,171,38.169642857142854,254,56.69642857142857,56.92503176620076
salaire_min_const,14.06.26,gauche,Gros-de-Vaud,Villars-le-Terroir,5537,886,497,28,1,496,187,37.70161290322581,281,56.653225806451616,56.09480812641083
salaire_min_const,14.06.26,gauche,Gros-de-Vaud,Vuarrens,5539,710,406,20,0,406,146,35.960591133004925,240,59.11330049261084,57.183098591549296
salaire_min_const,14.06.26,gauche,Gros-de-Vaud,Vufflens-la-Ville,5503,898,572,17,0,572,273,47.72727272727273,282,49.3006993006993,63.69710467706013
salaire_min_const,14.06.26,gauche,Yverdon,Agiez,5742,237,123,3,0,123,50,40.65040650406504,70,56.91056910569105,51.89873417721519
salaire_min_const,14.06.26,gauche,Yverdon,Arnex-sur-Orbe,5743,475,273,13,0,273,123,45.05494505494506,137,50.18315018315018,57.47368421052632
salaire_min_const,14.06.26,gauche,Yverdon,Ballaigues,5744,734,407,18,2,405,196,48.39506172839506,191,47.160493827160494,55.449591280653955
salaire_min_const,14.06.26,gauche,Yverdon,Baulmes,5745,769,443,18,0,443,236,53.27313769751692,189,42.66365688487584,57.607282184655396
salaire_min_const,14.06.26,gauche,Yverdon,Bavois,5746,690,343,13,0,343,134,39.067055393586,196,57.14285714285714,49.710144927536234
salaire_min_const,14.06.26,gauche,Yverdon,Belmont-sur-Yverdon,5902,308,162,2,1,161,63,39.130434782608695,96,59.62732919254658,52.5974025974026
salaire_min_const,14.06.26,gauche,Yverdon,Bioley-Magnoux,5903,194,112,7,0,112,45,40.17857142857143,60,53.57142857142857,57.73195876288659
salaire_min_const,14.06.26,gauche,Yverdon,Bofflens,5747,148,93,3,1,92,38,41.30434782608695,51,55.434782608695656,62.83783783783784
salaire_min_const,14.06.26,gauche,Yverdon,Bonvillars,5551,385,229,9,0,229,81,35.37117903930131,139,60.698689956331876,59.480519480519476
salaire_min_const,14.06.26,gauche,Yverdon,Bretonnières,5748,196,122,4,0,122,61,50,57,46.72131147540984,62.244897959183675
salaire_min_const,14.06.26,gauche,Yverdon,Bullet,5552,532,344,16,5,339,121,35.693215339233035,202,59.587020648967545,64.66165413533834
salaire_min_const,14.06.26,gauche,Yverdon,Chamblon,5904,434,221,8,0,221,75,33.93665158371041,138,62.44343891402715,50.92165898617511
salaire_min_const,14.06.26,gauche,Yverdon,Champagne,5553,720,358,16,0,358,132,36.87150837988827,210,58.659217877094974,49.72222222222222
salaire_min_const,14.06.26,gauche,Yverdon,Champvent,5905,449,261,13,0,261,116,44.44444444444444,132,50.57471264367817,58.12917594654788
salaire_min_const,14.06.26,gauche,Yverdon,Chavannes-le-Chêne,5907,232,103,4,0,103,31,30.097087378640776,68,66.01941747572816,44.396551724137936
salaire_min_const,14.06.26,gauche,Yverdon,Chavornay,5749,3085,1603,77,0,1603,802,50.03119151590767,724,45.165315034310666,51.96110210696921
salaire_min_const,14.06.26,gauche,Yverdon,Cheseaux-Noréaz,5909,514,323,8,1,322,127,39.44099378881988,187,58.07453416149069,62.840466926070036
salaire_min_const,14.06.26,gauche,Yverdon,Chêne-Pâquier,5908,109,63,1,0,63,30,47.61904761904761,32,50.79365079365079,57.798165137614674
salaire_min_const,14.06.26,gauche,Yverdon,Concise,5554,660,364,18,0,364,162,44.505494505494504,184,50.54945054945055,55.15151515151515
salaire_min_const,14.06.26,gauche,Yverdon,Corcelles-près-Concise,5555,299,145,3,0,145,75,51.724137931034484,67,46.206896551724135,48.49498327759198
salaire_min_const,14.06.26,gauche,Yverdon,Cronay,5910,318,206,12,0,206,91,44.1747572815534,103,50,64.77987421383648
salaire_min_const,14.06.26,gauche,Yverdon,Croy,5752,293,173,3,0,173,97,56.06936416184971,73,42.19653179190752,59.044368600682596
salaire_min_const,14.06.26,gauche,Yverdon,Cuarny,5911,169,114,2,0,114,40,35.08771929824561,72,63.1578947368421,67.45562130177515
salaire_min_const,14.06.26,gauche,Yverdon,Donneloye,5913,594,349,21,0,349,141,40.40114613180516,187,53.581661891117484,58.75420875420876
salaire_min_const,14.06.26,gauche,Yverdon,Démoret,5912,123,84,2,0,84,32,38.095238095238095,50,59.523809523809526,68.29268292682927
salaire_min_const,14.06.26,gauche,Jura - Nord vaudois,Ependes VD,5914,243,139,1,0,139,54,38.84892086330935,84,60.431654676258994,57.20164609053497
salaire_min_const,14.06.26,gauche,Yverdon,Fiez,5556,308,164,3,0,164,88,53.65853658536586,73,44.51219512195122,53.246753246753244
salaire_min_const,14.06.26,gauche,Yverdon,Fontaines-sur-Grandson,5557,155,76,0,1,75,29,38.666666666666664,46,61.33333333333333,49.03225806451613
salaire_min_const,14.06.26,gauche,Yverdon,Giez,5559,313,181,5,0,181,74,40.88397790055249,102,56.353591160220994,57.82747603833865
salaire_min_const,14.06.26,gauche,Yverdon,Grandevent,5560,157,103,5,0,103,52,50.48543689320388,46,44.66019417475729,65.60509554140127
salaire_min_const,14.06.26,gauche,Yverdon,Grandson,5561,2194,1141,63,1,1140,559,49.03508771929825,518,45.438596491228076,52.00546946216955
salaire_min_const,14.06.26,gauche,Yverdon,Juriens,5754,255,152,10,0,152,62,40.78947368421053,80,52.63157894736842,59.6078431372549
salaire_min_const,14.06.26,gauche,La Vallée,L'Abbaye,5871,1082,622,23,13,609,265,43.51395730706076,321,52.70935960591133,57.48613678373382
salaire_min_const,14.06.26,gauche,Yverdon,L'Abergement,5741,197,151,3,0,151,75,49.668874172185426,73,48.34437086092716,76.6497461928934
salaire_min_const,14.06.26,gauche,Yverdon,La Praz,5758,143,94,3,0,94,49,52.12765957446809,42,44.680851063829785,65.73426573426573
salaire_min_const,14.06.26,gauche,La Vallée,Le Chenit,5872,2805,1526,105,0,1526,756,49.54128440366973,665,43.57798165137615,54.40285204991088
salaire_min_const,14.06.26,gauche,La Vallée,Le Lieu,5873,627,371,15,1,370,190,51.35135135135135,165,44.5945945945946,59.17065390749602
salaire_min_const,14.06.26,gauche,Yverdon,Les Clées,5750,141,72,8,0,72,33,45.83333333333333,31,43.05555555555556,51.06382978723404
salaire_min_const,14.06.26,gauche,Yverdon,Lignerolle,5755,274,168,7,4,164,59,35.97560975609756,98,59.756097560975604,61.31386861313869
salaire_min_const,14.06.26,gauche,Yverdon,Mathod,5919,482,259,5,0,259,121,46.71814671814672,133,51.35135135135135,53.7344398340249
salaire_min_const,14.06.26,gauche,Yverdon,Mauborget,5562,96,70,7,0,70,23,32.857142857142854,40,57.14285714285714,72.91666666666666
salaire_min_const,14.06.26,gauche,Yverdon,Molondin,5921,194,94,0,0,94,37,39.361702127659576,57,60.63829787234043,48.45360824742268
salaire_min_const,14.06.26,gauche,Yverdon,Montagny-près-Yverdon,5922,513,242,14,0,242,98,40.49586776859504,130,53.71900826446281,47.173489278752434
salaire_min_const,14.06.26,gauche,Yverdon,Montcherand,5756,327,181,7,0,181,87,48.06629834254144,87,48.06629834254144,55.35168195718655
salaire_min_const,14.06.26,gauche,Yverdon,Mutrux,5563,94,45,1,0,45,16,35.55555555555556,28,62.22222222222222,47.87234042553192
salaire_min_const,14.06.26,gauche,Yverdon,Novalles,5564,76,53,2,0,53,25,47.16981132075472,26,49.056603773584904,69.73684210526315
salaire_min_const,14.06.26,gauche,Jura - Nord vaudois,Onnens VD,5565,369,216,10,1,215,103,47.906976744186046,102,47.44186046511628,58.536585365853654
salaire_min_const,14.06.26,gauche,Yverdon,Orbe,5757,4110,2022,128,3,2019,1037,51.36206042595344,854,42.298167409608716,49.1970802919708
salaire_min_const,14.06.26,gauche,Yverdon,Orges,5924,280,146,2,0,146,68,46.57534246575342,76,52.054794520547944,52.142857142857146
salaire_min_const,14.06.26,gauche,Yverdon,Orzens,5925,155,110,2,0,110,51,46.36363636363636,57,51.81818181818182,70.96774193548387
salaire_min_const,14.06.26,gauche,Yverdon,Pomy,5926,615,365,26,0,365,134,36.71232876712329,205,56.16438356164384,59.34959349593496
salaire_min_const,14.06.26,gauche,Yverdon,Premier,5759,176,108,1,0,108,54,50,53,49.074074074074076,61.36363636363637
salaire_min_const,14.06.26,gauche,Yverdon,Provence,5566,309,159,1,1,158,74,46.835443037974684,83,52.53164556962025,51.45631067961165
salaire_min_const,14.06.26,gauche,Yverdon,Rances,5760,399,232,4,0,232,100,43.103448275862064,128,55.172413793103445,58.1453634085213
salaire_min_const,14.06.26,gauche,Yverdon,Romainmôtier-Envy,5761,386,216,8,1,215,126,58.6046511627907,81,37.67441860465116,55.95854922279793
salaire_min_const,14.06.26,gauche,Yverdon,Rovray,5928,128,99,2,0,99,32,32.323232323232325,65,65.65656565656566,77.34375
salaire_min_const,14.06.26,gauche,Yverdon,Sainte-Croix,5568,3806,1743,113,1,1742,825,47.3593570608496,804,46.15384615384615,45.79611140304782
salaire_min_const,14.06.26,gauche,Yverdon,Sergey,5762,111,66,0,0,66,36,54.54545454545454,30,45.45454545454545,59.45945945945946
salaire_min_const,14.06.26,gauche,Yverdon,Suchy,5929,421,241,14,0,241,90,37.344398340248965,137,56.84647302904564,57.24465558194775
salaire_min_const,14.06.26,gauche,Yverdon,Suscévaz,5930,160,103,6,0,103,40,38.83495145631068,57,55.33980582524271,64.375
salaire_min_const,14.06.26,gauche,Yverdon,Treycovagnes,5931,334,170,5,0,170,74,43.529411764705884,91,53.529411764705884,50.898203592814376
salaire_min_const,14.06.26,gauche,Yverdon,Tévenon,5571,583,353,25,0,353,165,46.742209631728045,163,46.1756373937677,60.548885077186966
salaire_min_const,14.06.26,gauche,Yverdon,Ursins,5932,154,93,2,0,93,24,25.806451612903224,67,72.04301075268818,60.3896103896104
salaire_min_const,14.06.26,gauche,Yverdon,Valeyres-sous-Montagny,5933,561,257,11,0,257,121,47.081712062256805,125,48.63813229571984,45.811051693404636
salaire_min_const,14.06.26,gauche,Yverdon,Valeyres-sous-Rances,5763,394,232,12,0,232,95,40.94827586206897,125,53.879310344827594,58.88324873096447
salaire_min_const,14.06.26,gauche,Yverdon,Valeyres-sous-Ursins,5934,184,139,6,0,139,74,53.23741007194245,59,42.44604316546763,75.54347826086956
salaire_min_const,14.06.26,gauche,Yverdon,Vallorbe,5764,2259,1017,69,0,1017,453,44.54277286135693,495,48.67256637168141,45.0199203187251
salaire_min_const,14.06.26,gauche,Yverdon,Vaulion,5765,342,187,8,0,187,85,45.45454545454545,94,50.26737967914438,54.67836257309941
salaire_min_const,14.06.26,gauche,Yverdon,Villars-Epeney,5935,68,40,1,1,39,11,28.205128205128204,27,69.23076923076923,58.82352941176471
salaire_min_const,14.06.26,gauche,Yverdon,Vugelles-La Mothe,5937,96,52,2,0,52,20,38.46153846153847,30,57.692307692307686,54.166666666666664
salaire_min_const,14.06.26,gauche,Yverdon,Vuiteboeuf,5766,398,204,4,0,204,103,50.49019607843137,97,47.549019607843135,51.256281407035175
salaire_min_const,14.06.26,gauche,Yverdon,Yverdon-les-Bains,5938,14998,7155,348,7,7148,4114,57.55456071628428,2686,37.57694459988808,47.706360848113086
salaire_min_const,14.06.26,gauche,Yverdon,Yvonand,5939,2356,1217,30,4,1213,625,51.525144270403956,558,46.00164880461665,51.6553480475382
salaire_min_const,14.06.26,gauche,Romanel,Cheseaux-sur-Lausanne,5582,2942,1615,110,0,1615,805,49.84520123839009,700,43.343653250774,54.894629503738955
salaire_min_const,14.06.26,gauche,Romanel,Epalinges,5584,5523,3406,173,3,3403,1662,48.83925947693212,1568,46.07699089039083,61.66938258193011
salaire_min_const,14.06.26,gauche,Romanel,Jouxtens-Mézery,5585,955,685,35,0,685,272,39.70802919708029,378,55.18248175182482,71.72774869109948
salaire_min_const,14.06.26,gauche,Lausanne-Ville,Lausanne,5586,67952,35674,1493,18,35656,23358,65.50931119587166,10805,30.303455238949965,52.49882269837533
salaire_min_const,14.06.26,gauche,Romanel,Le Mont-sur-Lausanne,5587,5381,2986,152,1,2985,1380,46.231155778894475,1453,48.676716917922946,55.49154432261661
salaire_min_const,14.06.26,gauche,Romanel,Romanel-sur-Lausanne,5592,2442,1312,85,0,1312,682,51.981707317073166,545,41.53963414634146,53.72645372645373
salaire_min_const,14.06.26,gauche,Lavaux - Oron,Belmont-sur-Lausanne,5581,2352,1452,81,0,1452,622,42.837465564738295,749,51.58402203856749,61.73469387755102
salaire_min_const,14.06.26,gauche,Lavaux - Oron,Bourg-en-Lavaux,5613,3615,2355,127,0,2355,1058,44.925690021231425,1170,49.681528662420384,65.14522821576763
salaire_min_const,14.06.26,gauche,Lavaux - Oron,Chexbres,5601,1430,824,17,41,783,355,45.338441890166024,411,52.490421455938694,57.62237762237762
salaire_min_const,14.06.26,gauche,Lavaux - Oron,Forel (Lavaux),5604,1337,813,46,1,812,343,42.241379310344826,423,52.0935960591133,60.80777860882572
salaire_min_const,14.06.26,gauche,Lavaux - Oron,Jorat-Mézières,5806,2146,1260,72,0,1260,565,44.84126984126984,623,49.44444444444444,58.7138863000932
salaire_min_const,14.06.26,gauche,Lavaux - Oron,Lutry,5606,6481,3903,178,2,3901,1502,38.502947962061015,2221,56.9341194565496,60.22218793396081
salaire_min_const,14.06.26,gauche,Lavaux - Oron,Maracon,5790,390,239,10,0,239,116,48.53556485355649,113,47.28033472803347,61.282051282051285
salaire_min_const,14.06.26,gauche,Lavaux - Oron,Montpreveyres,5792,418,244,5,0,244,126,51.63934426229508,113,46.31147540983606,58.3732057416268
salaire_min_const,14.06.26,gauche,Lavaux - Oron,Oron,5805,3844,2170,116,0,2170,1070,49.30875576036866,984,45.34562211981567,56.451612903225815
salaire_min_const,14.06.26,gauche,Lavaux - Oron,Paudex,5588,820,483,18,16,467,216,46.25267665952891,233,49.892933618843685,58.90243902439024
salaire_min_const,14.06.26,gauche,Lavaux - Oron,Puidoux,5607,1660,965,58,3,962,419,43.555093555093556,485,50.41580041580042,58.13253012048193
salaire_min_const,14.06.26,gauche,Lavaux - Oron,Pully,5590,10902,6834,344,7,6827,3100,45.40793906547532,3383,49.55324447048484,62.68574573472757
salaire_min_const,14.06.26,gauche,Lavaux - Oron,Rivaz,5609,240,162,6,0,162,72,44.44444444444444,84,51.85185185185185,67.5
salaire_min_const,14.06.26,gauche,Lavaux - Oron,Saint-Saphorin (Lavaux),5610,276,186,5,2,184,102,55.434782608695656,77,41.84782608695652,67.3913043478261
salaire_min_const,14.06.26,gauche,Lavaux - Oron,Savigny,5611,2212,1365,65,0,1365,629,46.08058608058608,671,49.15750915750915,61.70886075949367
salaire_min_const,14.06.26,gauche,Lavaux - Oron,Servion,5799,1433,833,52,1,832,390,46.875,390,46.875,58.129797627355195
salaire_min_const,14.06.26,gauche,Morges,Aclens,5621,361,199,7,1,198,73,36.868686868686865,118,59.59595959595959,55.124653739612185
salaire_min_const,14.06.26,gauche,Morges,Allaman,5851,239,140,4,1,139,57,41.007194244604314,78,56.11510791366906,58.57740585774059
salaire_min_const,14.06.26,gauche,Morges,Aubonne,5422,2648,1441,108,0,1441,600,41.63775156141568,733,50.867453157529496,54.41842900302115
salaire_min_const,14.06.26,gauche,Morges,Ballens,5423,386,224,5,1,223,84,37.66816143497758,134,60.0896860986547,58.03108808290155
salaire_min_const,14.06.26,gauche,Morges,Berolle,5424,201,124,7,0,124,56,45.16129032258064,61,49.193548387096776,61.69154228855721
salaire_min_const,14.06.26,gauche,Morges,Bière,5425,900,450,18,0,450,189,42,243,54,50
salaire_min_const,14.06.26,gauche,Morges,Bougy-Villars,5426,297,201,8,11,190,68,35.78947368421053,114,60,67.67676767676768
salaire_min_const,14.06.26,gauche,Morges,Bremblens,5622,401,248,10,1,247,88,35.62753036437247,149,60.32388663967612,61.84538653366584
salaire_min_const,14.06.26,gauche,Morges,Buchillon,5623,430,275,4,0,275,100,36.36363636363637,171,62.18181818181818,63.95348837209303
salaire_min_const,14.06.26,gauche,Morges,Chavannes-le-Veyron,5475,108,79,2,0,79,41,51.89873417721519,36,45.56962025316456,73.14814814814815
salaire_min_const,14.06.26,gauche,Morges,Chevilly,5476,227,137,3,0,137,51,37.22627737226277,83,60.58394160583942,60.352422907488986
salaire_min_const,14.06.26,gauche,Morges,Chigny,5628,243,148,5,0,148,61,41.21621621621622,82,55.4054054054054,60.90534979423868
salaire_min_const,14.06.26,gauche,Morges,Clarmont,5629,148,85,1,0,85,23,27.058823529411764,61,71.76470588235294,57.432432432432435
salaire_min_const,14.06.26,gauche,Morges,Cossonay,5477,2963,1659,76,0,1659,810,48.824593128390596,773,46.59433393610609,55.99055011812353
salaire_min_const,14.06.26,gauche,Morges,Cuarnens,5479,366,209,10,0,209,78,37.32057416267943,121,57.89473684210527,57.103825136612016
salaire_min_const,14.06.26,gauche,Morges,Denens,5631,489,321,13,0,321,110,34.26791277258567,198,61.6822429906542,65.6441717791411
salaire_min_const,14.06.26,gauche,Morges,Denges,5632,1001,579,10,1,578,285,49.30795847750865,283,48.96193771626297,57.84215784215784
salaire_min_const,14.06.26,gauche,Morges,Dizy,5481,161,96,4,0,96,48,50,44,45.83333333333333,59.62732919254658
salaire_min_const,14.06.26,gauche,Morges,Echandens,5633,1813,989,27,5,984,412,41.86991869918699,545,55.386178861788615,54.55046883618312
salaire_min_const,14.06.26,gauche,Morges,Echichens,5634,2058,1252,58,2,1250,508,40.64,684,54.72,60.8357628765792
salaire_min_const,14.06.26,gauche,Morges,Eclépens,5482,712,415,11,0,415,197,47.46987951807229,207,49.87951807228916,58.28651685393258
salaire_min_const,14.06.26,gauche,Morges,Etoy,5636,1694,990,67,1,989,441,44.590495449949444,481,48.634984833164815,58.44155844155844
salaire_min_const,14.06.26,gauche,Morges,Ferreyres,5483,224,129,10,0,129,61,47.286821705426355,58,44.96124031007752,57.58928571428571
salaire_min_const,14.06.26,gauche,Morges,Féchy,5427,518,326,5,0,326,108,33.12883435582822,213,65.33742331288343,62.93436293436293
salaire_min_const,14.06.26,gauche,Morges,Gimel,5428,1369,673,29,0,673,315,46.80534918276374,329,48.88558692421991,49.159970781592406
salaire_min_const,14.06.26,gauche,Morges,Gollion,5484,695,415,21,0,415,199,47.95180722891566,195,46.98795180722892,59.71223021582733
salaire_min_const,14.06.26,gauche,Morges,Grancy,5485,333,184,4,0,184,67,36.41304347826087,113,61.41304347826087,55.25525525525525
salaire_min_const,14.06.26,gauche,Morges,Hautemorges,5656,2860,1668,87,0,1668,717,42.985611510791365,864,51.798561151079134,58.32167832167832
salaire_min_const,14.06.26,gauche,Morges,L'Isle,5486,762,429,26,0,429,187,43.58974358974359,216,50.349650349650354,56.2992125984252
salaire_min_const,14.06.26,gauche,Morges,La Chaux (Cossonay),5474,309,158,5,0,158,66,41.77215189873418,87,55.06329113924051,51.1326860841424
salaire_min_const,14.06.26,gauche,Morges,La Sarraz,5498,1480,736,23,0,736,377,51.222826086956516,336,45.65217391304348,49.72972972972973
salaire_min_const,14.06.26,gauche,Morges,Lavigny,5637,605,354,13,0,354,126,35.59322033898305,215,60.73446327683616,58.51239669421487
salaire_min_const,14.06.26,gauche,Morges,Lonay,5638,1758,1008,64,4,1004,448,44.6215139442231,492,49.00398406374502,57.33788395904437
salaire_min_const,14.06.26,gauche,Morges,Lully VD,5639,538,355,21,0,355,141,39.718309859154935,193,54.3661971830986,65.98513011152416
salaire_min_const,14.06.26,gauche,Morges,Lussy-sur-Morges,5640,466,296,5,0,296,126,42.567567567567565,165,55.74324324324324,63.519313304721024
salaire_min_const,14.06.26,gauche,Morges,Mauraz,5488,44,34,0,0,34,16,47.05882352941176,18,52.94117647058824,77.27272727272727
salaire_min_const,14.06.26,gauche,Morges,Moiry VD,5490,212,133,4,0,133,75,56.390977443609025,54,40.6015037593985,62.735849056603776
salaire_min_const,14.06.26,gauche,Morges,Mollens VD,5431,218,133,7,0,133,63,47.368421052631575,63,47.368421052631575,61.00917431192661
salaire_min_const,14.06.26,gauche,Morges,Mont-la-Ville,5491,337,195,6,0,195,94,48.205128205128204,95,48.717948717948715,57.86350148367953
salaire_min_const,14.06.26,gauche,Morges,Montricher,5492,649,398,10,2,396,147,37.121212121212125,239,60.35353535353535,61.325115562403695
salaire_min_const,14.06.26,gauche,Morges,Morges,5642,9220,5179,266,1,5178,2693,52.008497489378136,2219,42.854383932020085,56.17136659436008
salaire_min_const,14.06.26,gauche,Morges,Orny,5493,342,188,5,1,187,92,49.19786096256685,90,48.1283422459893,54.97076023391813
salaire_min_const,14.06.26,gauche,Morges,Pompaples,5497,526,291,21,0,291,121,41.580756013745706,149,51.20274914089347,55.32319391634981
salaire_min_const,14.06.26,gauche,Morges,Préverenges,5643,2952,1683,106,1,1682,826,49.10820451843044,750,44.589774078478,57.012195121951216
salaire_min_const,14.06.26,gauche,Morges,Romanel-sur-Morges,5645,318,191,7,0,191,76,39.79057591623037,108,56.54450261780105,60.062893081761004
salaire_min_const,14.06.26,gauche,Morges,Saint-Livres,5435,480,287,10,0,287,115,40.069686411149824,162,56.44599303135889,59.791666666666664
salaire_min_const,14.06.26,gauche,Morges,Saint-Oyens,5436,286,183,13,0,183,69,37.704918032786885,101,55.19125683060109,63.98601398601399
salaire_min_const,14.06.26,gauche,Morges,Saint-Prex,5646,3034,1773,78,0,1773,740,41.73716864072194,955,53.86350817822899,58.43770599868161
salaire_min_const,14.06.26,gauche,Morges,Saubraz,5437,258,139,3,0,139,72,51.798561151079134,64,46.043165467625904,53.875968992248055
salaire_min_const,14.06.26,gauche,Morges,Senarclens,5499,330,186,9,0,186,63,33.87096774193548,114,61.29032258064516,56.36363636363636
salaire_min_const,14.06.26,gauche,Morges,Tolochenaz,5649,1302,613,33,4,609,281,46.141215106732346,295,48.44006568144499,47.08141321044547
salaire_min_const,14.06.26,gauche,Morges,Vaux-sur-Morges,5650,128,99,6,0,99,45,45.45454545454545,48,48.484848484848484,77.34375
salaire_min_const,14.06.26,gauche,Morges,Villars-sous-Yens,5652,383,241,3,0,241,118,48.96265560165975,120,49.79253112033195,62.92428198433421
salaire_min_const,14.06.26,gauche,Morges,Vufflens-le-Château,5653,573,377,14,3,374,120,32.085561497326204,240,64.171122994652407,65.79406631762653
salaire_min_const,14.06.26,gauche,Morges,Vullierens,5654,357,207,15,0,207,67,32.367149758454104,125,60.38647342995169,57.98319327731093
salaire_min_const,14.06.26,gauche,Morges,Yens,5655,884,539,23,1,538,198,36.80297397769517,317,58.921933085501855,60.97285067873304
salaire_min_const,14.06.26,gauche,Nyon,Arnex-sur-Nyon,5701,178,87,2,0,87,31,35.63218390804598,54,62.06896551724138,48.87640449438202
salaire_min_const,14.06.26,gauche,Nyon,Arzier - Le Muids,5702,1708,1071,80,0,1071,415,38.74883286647993,576,53.78151260504202,62.704918032786885
salaire_min_const,14.06.26,gauche,Nyon,Bassins,5703,878,539,37,0,539,234,43.41372912801484,268,49.721706864564005,61.38952164009112
salaire_min_const,14.06.26,gauche,Nyon,Begnins,5704,1220,675,24,0,675,288,42.66666666666667,363,53.77777777777778,55.32786885245902
salaire_min_const,14.06.26,gauche,Nyon,Bogis-Bossey,5705,493,307,9,0,307,120,39.08794788273616,178,57.98045602605863,62.27180527383367
salaire_min_const,14.06.26,gauche,Nyon,Borex,5706,710,433,8,0,433,192,44.34180138568129,233,53.81062355658198,60.985915492957744
salaire_min_const,14.06.26,gauche,Nyon,Bursinel,5852,313,195,3,19,176,63,35.79545454545455,110,62.5,62.30031948881789
salaire_min_const,14.06.26,gauche,Nyon,Bursins,5853,493,294,8,5,289,113,39.10034602076124,168,58.13148788927336,59.63488843813387
salaire_min_const,14.06.26,gauche,Nyon,Burtigny,5854,254,152,4,0,152,55,36.18421052631579,93,61.18421052631579,59.84251968503938
salaire_min_const,14.06.26,gauche,Nyon,Chavannes-de-Bogis,5707,668,359,15,4,355,118,33.23943661971831,222,62.53521126760564,53.74251497005989
salaire_min_const,14.06.26,gauche,Nyon,Chavannes-des-Bois,5708,488,302,5,0,302,121,40.06622516556291,176,58.27814569536424,61.885245901639344
salaire_min_const,14.06.26,gauche,Nyon,Chéserex,5709,781,497,34,0,497,164,32.99798792756539,299,60.160965794768615,63.63636363636363
salaire_min_const,14.06.26,gauche,Nyon,Coinsins,5710,317,183,11,0,183,75,40.98360655737705,97,53.00546448087432,57.72870662460568
salaire_min_const,14.06.26,gauche,Nyon,Commugny,5711,1468,884,22,0,884,331,37.44343891402715,531,60.06787330316742,60.217983651226156
salaire_min_const,14.06.26,gauche,Nyon,Coppet,5712,2056,1025,57,2,1023,373,36.4613880742913,593,57.96676441837732,49.85408560311284
salaire_min_const,14.06.26,gauche,Nyon,Crans,5713,1360,845,22,2,843,284,33.68920521945433,537,63.70106761565836,62.13235294117647
salaire_min_const,14.06.26,gauche,Nyon,Crassier,5714,757,438,16,0,438,194,44.29223744292237,228,52.054794520547944,57.85997357992074
salaire_min_const,14.06.26,gauche,Nyon,Duillier,5715,695,433,13,0,433,169,39.03002309468822,251,57.96766743648961,62.302158273381295
salaire_min_const,14.06.26,gauche,Nyon,Dully,5855,367,225,7,0,225,65,28.888888888888886,153,68,61.30790190735694
salaire_min_const,14.06.26,gauche,Nyon,Essertines-sur-Rolle,5856,436,286,12,0,286,104,36.36363636363637,170,59.44055944055944,65.59633027522935
salaire_min_const,14.06.26,gauche,Nyon,Eysins,5716,966,596,42,0,596,257,43.12080536912752,297,49.832214765100666,61.697722567287784
salaire_min_const,14.06.26,gauche,Nyon,Founex,5717,1761,1095,55,0,1095,424,38.721461187214615,616,56.25570776255707,62.180579216354346
salaire_min_const,14.06.26,gauche,Nyon,Genolier,5718,1190,744,27,1,743,254,34.185733512786,462,62.18034993270525,62.52100840336134
salaire_min_const,14.06.26,gauche,Nyon,Gilly,5857,845,501,14,0,501,176,35.12974051896208,311,62.07584830339321,59.289940828402365
salaire_min_const,14.06.26,gauche,Nyon,Gingins,5719,788,456,14,4,452,178,39.38053097345133,260,57.52212389380531,57.868020304568525
salaire_min_const,14.06.26,gauche,Nyon,Givrins,5720,697,445,18,0,445,167,37.52808988764045,260,58.42696629213483,63.84505021520803
salaire_min_const,14.06.26,gauche,Nyon,Gland,5721,7303,4051,279,1,4050,1904,47.01234567901235,1867,46.098765432098766,55.470354648774475
salaire_min_const,14.06.26,gauche,Nyon,Grens,5722,252,159,5,0,159,65,40.88050314465409,89,55.9748427672956,63.095238095238095
salaire_min_const,14.06.26,gauche,Nyon,La Rippe,5726,722,436,17,0,436,165,37.84403669724771,254,58.256880733944946,60.387811634349035
salaire_min_const,14.06.26,gauche,Nyon,Le Vaud,5731,907,10,0,3,7,6,85.71428571428571,1,14.285714285714285,1.1025358324145533
salaire_min_const,14.06.26,gauche,Nyon,Longirod,5429,361,208,13,0,208,88,42.30769230769231,107,51.442307692307686,57.61772853185596
salaire_min_const,14.06.26,gauche,Nyon,Luins,5858,346,197,14,0,197,64,32.48730964467005,119,60.40609137055838,56.936416184971094
salaire_min_const,14.06.26,gauche,Nyon,Marchissy,5430,334,201,6,0,201,82,40.79601990049751,113,56.21890547263681,60.17964071856288
salaire_min_const,14.06.26,gauche,Nyon,Mies,5723,1094,643,38,0,643,258,40.1244167962675,347,53.96578538102644,58.775137111517374
salaire_min_const,14.06.26,gauche,Nyon,Mont-sur-Rolle,5859,1627,922,54,0,922,397,43.05856832971801,471,51.084598698481564,56.66871542716656
salaire_min_const,14.06.26,gauche,Nyon,Nyon,5724,11365,6122,379,4,6118,3156,51.585485452762335,2583,42.21967963386727,53.86713594368676
salaire_min_const,14.06.26,gauche,Nyon,Perroy,5860,911,577,22,0,577,246,42.63431542461005,309,53.552859618717505,63.33699231613611
salaire_min_const,14.06.26,gauche,Nyon,Prangins,5725,2428,1510,85,3,1507,671,44.52554744525548,751,49.834107498341076,62.191103789126856
salaire_min_const,14.06.26,gauche,Nyon,Rolle,5861,3192,1739,96,0,1739,810,46.57849338700403,833,47.901092581943644,54.47994987468672
salaire_min_const,14.06.26,gauche,Nyon,Saint-Cergue,5727,1674,850,66,2,848,400,47.16981132075472,382,45.04716981132076,50.77658303464755
salaire_min_const,14.06.26,gauche,Nyon,Saint-George,5434,677,373,8,0,373,168,45.0402144772118,197,52.81501340482574,55.096011816838995
salaire_min_const,14.06.26,gauche,Nyon,Signy-Avenex,5728,359,216,18,0,216,74,34.25925925925926,124,57.407407407407405,60.16713091922006
salaire_min_const,14.06.26,gauche,Nyon,Tannay,5729,923,576,20,5,571,205,35.90192644483363,346,60.595446584938706,62.405200433369444
salaire_min_const,14.06.26,gauche,Nyon,Tartegnin,5862,131,79,6,0,79,19,24.050632911392405,54,68.35443037974683,60.30534351145038
salaire_min_const,14.06.26,gauche,Nyon,Trélex,5730,908,598,35,0,598,226,37.79264214046823,337,56.35451505016722,65.85903083700441
salaire_min_const,14.06.26,gauche,Nyon,Vich,5732,665,386,22,0,386,143,37.04663212435233,221,57.2538860103627,58.04511278195489
salaire_min_const,14.06.26,gauche,Nyon,Vinzel,5863,237,149,9,0,149,53,35.57046979865772,87,58.38926174496645,62.869198312236286
salaire_min_const,14.06.26,gauche,Ouest lausannois,Bussigny,5624,5702,2955,158,3,2952,1539,52.13414634146341,1255,42.513550135501355,51.82392143107681
salaire_min_const,14.06.26,gauche,Ouest lausannois,Chavannes-près-Renens,5627,3694,1502,65,3,1499,962,64.17611741160773,472,31.487658438959304,40.66053059014618
salaire_min_const,14.06.26,gauche,Ouest lausannois,Crissier,5583,4934,2281,131,3,2278,1242,54.521510096575945,905,39.7278314310799,46.230239156870695
salaire_min_const,14.06.26,gauche,Ouest lausannois,Ecublens VD,5635,5742,2940,163,0,2940,1576,53.605442176870746,1201,40.85034013605442,51.20167189132706
salaire_min_const,14.06.26,gauche,Ouest lausannois,Prilly,5589,6009,3066,182,2,3064,1775,57.93080939947781,1107,36.12924281984334,51.0234648027958
salaire_min_const,14.06.26,gauche,Ouest lausannois,Renens VD,5591,8827,3886,185,4,3882,2472,63.67851622874807,1225,31.555899021123135,44.02401721989351
salaire_min_const,14.06.26,gauche,Ouest lausannois,Saint-Sulpice,5648,2291,1511,83,1,1510,610,40.397350993377486,817,54.105960264900666,65.95373199476211
salaire_min_const,14.06.26,gauche,Ouest lausannois,Villars-Sainte-Croix,5651,554,278,10,0,278,127,45.68345323741007,141,50.719424460431654,50.18050541516246
salaire_min_const,14.06.26,gauche,Vevey,Blonay - Saint-Légier,5892,7789,4703,311,1,4702,1850,39.34495959166312,2541,54.040833687792436,60.38002310951342
salaire_min_const,14.06.26,gauche,Vevey,Chardonne,5882,2131,1327,84,0,1327,566,42.6525998492841,677,51.01733232856066,62.27123416236508
salaire_min_const,14.06.26,gauche,Pays-d'Enhaut,Château-d'Oex,5841,2051,1070,72,2,1068,346,32.39700374531835,650,60.86142322097379,52.16967333008289
salaire_min_const,14.06.26,gauche,Vevey,Corseaux,5883,1445,960,58,1,959,388,40.45881126173097,513,53.4932221063608,66.43598615916954
salaire_min_const,14.06.26,gauche,Vevey,Corsier-sur-Vevey,5884,1930,1096,80,1,1095,572,52.237442922374434,443,40.45662100456621,56.78756476683938
salaire_min_const,14.06.26,gauche,Vevey,Jongny,5885,1113,754,30,0,754,320,42.44031830238727,404,53.58090185676393,67.74483378256963
salaire_min_const,14.06.26,gauche,Vevey,La Tour-de-Peilz,5889,7493,4467,250,1,4466,2296,51.410658307210035,1920,42.99149126735334,59.61564126518084
salaire_min_const,14.06.26,gauche,Vevey,Montreux,5886,12331,6278,353,5,6273,3051,48.63701578192253,2869,45.73569265104416,50.912334766036814
salaire_min_const,14.06.26,gauche,Pays-d'Enhaut,Rossinière,5842,331,162,1,0,162,53,32.71604938271605,108,66.66666666666666,48.94259818731118
salaire_min_const,14.06.26,gauche,Pays-d'Enhaut,Rougemont,5843,438,182,1,0,182,36,19.78021978021978,145,79.67032967032966,41.55251141552511
salaire_min_const,14.06.26,gauche,Vevey,Vevey,5890,10009,5209,251,1,5208,3370,64.70814132104454,1587,30.472350230414747,52.043161154960536
salaire_min_const,14.06.26,gauche,Vevey,Veytaux,5891,518,267,6,0,267,123,46.06741573033708,138,51.68539325842697,51.54440154440154
salaire_min_legis,14.06.26,gauche,Aigle,Aigle,5401,5438,2715,243,1,2714,1188,43.77302873986736,1283,47.27339719970523,49.926443545421115
salaire_min_legis_cp,14.06.26,droite,Aigle,Aigle,5401,5438,2715,258,1,2714,1223,45.06263817243921,1233,45.43109801031688,49.926443545421115
salaire_min_legis_sub,14.06.26,gauche,Aigle,Aigle,5401,5438,2715,313,1,2714,1115,41.08327192336036,1286,47.383935151068535,49.926443545421115
salaire_min_legis,14.06.26,gauche,Aigle,Bex,5402,4605,2280,202,0,2280,1037,45.48245614035088,1041,45.6578947368421,49.5114006514658
salaire_min_legis_cp,14.06.26,droite,Aigle,Bex,5402,4605,2280,228,0,2280,1019,44.69298245614035,1033,45.30701754385965,49.5114006514658
salaire_min_legis_sub,14.06.26,gauche,Aigle,Bex,5402,4605,2280,258,0,2280,971,42.58771929824562,1051,46.09649122807017,49.5114006514658
salaire_min_legis,14.06.26,gauche,Aigle,Chessel,5403,312,176,6,0,176,69,39.20454545454545,101,57.38636363636363,56.41025641025641
salaire_min_legis_cp,14.06.26,droite,Aigle,Chessel,5403,312,176,8,0,176,95,53.97727272727273,73,41.47727272727273,56.41025641025641
salaire_min_legis_sub,14.06.26,gauche,Aigle,Chessel,5403,312,176,17,0,176,58,32.95454545454545,101,57.38636363636363,56.41025641025641
salaire_min_legis,14.06.26,gauche,Aigle,Corbeyrier,5404,348,198,8,0,198,99,50,91,45.95959595959596,56.896551724137936
salaire_min_legis_cp,14.06.26,droite,Aigle,Corbeyrier,5404,348,198,11,0,198,81,40.909090909090914,106,53.535353535353536,56.896551724137936
salaire_min_legis_sub,14.06.26,gauche,Aigle,Corbeyrier,5404,348,198,15,0,198,87,43.93939393939394,96,48.484848484848484,56.896551724137936
salaire_min_legis,14.06.26,gauche,Aigle,Gryon,5405,886,518,53,1,517,193,37.33075435203095,271,52.41779497098646,58.465011286681715
salaire_min_legis_cp,14.06.26,droite,Aigle,Gryon,5405,886,518,53,1,517,271,52.41779497098646,193,37.33075435203095,58.465011286681715
salaire_min_legis_sub,14.06.26,gauche,Aigle,Gryon,5405,886,518,66,1,517,177,34.23597678916828,274,52.9980657640232,58.465011286681715
salaire_min_legis,14.06.26,gauche,Aigle,Lavey-Morcles,5406,633,318,14,0,318,132,41.509433962264154,172,54.088050314465406,50.23696682464455
salaire_min_legis_cp,14.06.26,droite,Aigle,Lavey-Morcles,5406,633,318,25,0,318,172,54.088050314465406,121,38.05031446540881,50.23696682464455
salaire_min_legis_sub,14.06.26,gauche,Aigle,Lavey-Morcles,5406,633,318,27,0,318,120,37.735849056603776,171,53.77358490566038,50.23696682464455
salaire_min_legis,14.06.26,gauche,Aigle,Leysin,5407,1510,828,52,3,825,376,45.57575757575758,397,48.12121212121212,54.83443708609271
salaire_min_legis_cp,14.06.26,droite,Aigle,Leysin,5407,1510,828,60,3,825,373,45.21212121212122,392,47.515151515151516,54.83443708609271
salaire_min_legis_sub,14.06.26,gauche,Aigle,Leysin,5407,1510,828,76,3,825,357,43.27272727272727,392,47.515151515151516,54.83443708609271
salaire_min_legis,14.06.26,gauche,Aigle,Noville,5408,733,370,11,5,365,150,41.0958904109589,204,55.89041095890411,50.4774897680764
salaire_min_legis_cp,14.06.26,droite,Aigle,Noville,5408,733,370,17,5,365,195,53.42465753424658,153,41.917808219178085,50.4774897680764
salaire_min_legis_sub,14.06.26,gauche,Aigle,Noville,5408,733,370,22,5,365,137,37.534246575342465,206,56.43835616438356,50.4774897680764
salaire_min_legis,14.06.26,gauche,Aigle,Ollon VD,5409,4387,2728,212,2,2726,1009,37.01393983859134,1505,55.209097578870136,62.18372464098473
salaire_min_legis_cp,14.06.26,droite,Aigle,Ollon VD,5409,4387,2728,226,2,2726,1334,48.93617021276596,1166,42.773294203961846,62.18372464098473
salaire_min_legis_sub,14.06.26,gauche,Aigle,Ollon VD,5409,4387,2728,274,2,2726,957,35.1063829787234,1495,54.84225972120322,62.18372464098473
salaire_min_legis,14.06.26,gauche,Aigle,Ormont-Dessous,5410,815,465,25,2,463,174,37.580993520518355,264,57.01943844492441,57.05521472392638
salaire_min_legis_cp,14.06.26,droite,Aigle,Ormont-Dessous,5410,815,465,30,2,463,224,48.38012958963283,209,45.14038876889849,57.05521472392638
salaire_min_legis_sub,14.06.26,gauche,Aigle,Ormont-Dessous,5410,815,465,52,2,463,158,34.12526997840173,253,54.64362850971922,57.05521472392638
salaire_min_legis,14.06.26,gauche,Aigle,Ormont-Dessus,5411,921,529,27,0,529,161,30.434782608695656,341,64.461247637051045,57.43756786102063
salaire_min_legis_cp,14.06.26,droite,Aigle,Ormont-Dessus,5411,921,529,35,0,529,315,59.54631379962193,179,33.83742911153119,57.43756786102063
salaire_min_legis_sub,14.06.26,gauche,Aigle,Ormont-Dessus,5411,921,529,37,0,529,190,35.916824196597354,302,57.088846880907376,57.43756786102063
salaire_min_legis,14.06.26,gauche,Aigle,Rennaz,5412,507,249,19,0,249,110,44.17670682730924,120,48.19277108433735,49.112426035502956
salaire_min_legis_cp,14.06.26,droite,Aigle,Rennaz,5412,507,249,19,0,249,124,49.79919678714859,106,42.570281124497996,49.112426035502956
salaire_min_legis_sub,14.06.26,gauche,Aigle,Rennaz,5412,507,249,29,0,249,101,40.562248995983936,119,47.791164658634536,49.112426035502956
salaire_min_legis,14.06.26,gauche,Aigle,Roche VD,5413,998,455,49,2,453,199,43.92935982339956,205,45.253863134657834,45.59118236472946
salaire_min_legis_cp,14.06.26,droite,Aigle,Roche VD,5413,998,455,50,2,453,205,45.253863134657834,198,43.70860927152318,45.59118236472946
salaire_min_legis_sub,14.06.26,gauche,Aigle,Roche VD,5413,998,455,51,2,453,187,41.280353200883,215,47.46136865342163,45.59118236472946
salaire_min_legis,14.06.26,gauche,Aigle,Villeneuve VD,5414,2817,1350,93,0,1350,630,46.666666666666664,627,46.44444444444444,47.92332268370607
salaire_min_legis_cp,14.06.26,droite,Aigle,Villeneuve VD,5414,2817,1350,98,0,1350,648,48,604,44.74074074074074,47.92332268370607
salaire_min_legis_sub,14.06.26,gauche,Aigle,Villeneuve VD,5414,2817,1350,128,0,1350,586,43.407407407407405,636,47.11111111111111,47.92332268370607
salaire_min_legis,14.06.26,gauche,Aigle,Yvorne,5415,814,393,41,0,393,139,35.36895674300254,213,54.19847328244275,48.28009828009828
salaire_min_legis_cp,14.06.26,droite,Aigle,Yvorne,5415,814,393,42,0,393,189,48.091603053435115,162,41.221374045801525,48.28009828009828
salaire_min_legis_sub,14.06.26,gauche,Aigle,Yvorne,5415,814,393,54,0,393,128,32.56997455470738,211,53.68956743002544,48.28009828009828
salaire_min_legis,14.06.26,gauche,Broye - Vully,Avenches,5451,2308,1119,100,0,1119,435,38.8739946380697,584,52.189454870420015,48.48353552859619
salaire_min_legis_cp,14.06.26,droite,Broye - Vully,Avenches,5451,2308,1119,111,0,1119,557,49.776586237712245,451,40.303842716711344,48.48353552859619
salaire_min_legis_sub,14.06.26,gauche,Broye - Vully,Avenches,5451,2308,1119,142,0,1119,407,36.371760500446825,570,50.93833780160858,48.48353552859619
salaire_min_legis,14.06.26,gauche,Broye - Vully,Bussy-sur-Moudon,5663,179,102,10,0,102,27,26.47058823529412,65,63.725490196078425,56.98324022346368
salaire_min_legis_cp,14.06.26,droite,Broye - Vully,Bussy-sur-Moudon,5663,179,102,13,0,102,69,67.64705882352942,20,19.607843137254903,56.98324022346368
salaire_min_legis_sub,14.06.26,gauche,Broye - Vully,Bussy-sur-Moudon,5663,179,102,14,0,102,24,23.52941176470588,64,62.745098039215684,56.98324022346368
salaire_min_legis,14.06.26,gauche,Broye - Vully,Champtauroz,5812,125,77,2,0,77,39,50.649350649350644,36,46.75324675324675,61.6
salaire_min_legis_cp,14.06.26,droite,Broye - Vully,Champtauroz,5812,125,77,3,0,77,34,44.15584415584416,40,51.94805194805194,61.6
salaire_min_legis_sub,14.06.26,gauche,Broye - Vully,Champtauroz,5812,125,77,6,0,77,39,50.649350649350644,32,41.55844155844156,61.6
salaire_min_legis,14.06.26,gauche,Broye - Vully,Chavannes-sur-Moudon,5665,177,98,0,0,98,27,27.55102040816326,71,72.44897959183673,55.367231638418076
salaire_min_legis_cp,14.06.26,droite,Broye - Vully,Chavannes-sur-Moudon,5665,177,98,0,0,98,64,65.3061224489796,34,34.69387755102041,55.367231638418076
salaire_min_legis_sub,14.06.26,gauche,Broye - Vully,Chavannes-sur-Moudon,5665,177,98,1,0,98,22,22.448979591836736,75,76.53061224489795,55.367231638418076
salaire_min_legis,14.06.26,gauche,Broye - Vully,Chevroux,5813,339,208,9,0,208,83,39.90384615384615,116,55.769230769230774,61.35693215339233
salaire_min_legis_cp,14.06.26,droite,Broye - Vully,Chevroux,5813,339,208,9,0,208,100,48.07692307692308,99,47.59615384615385,61.35693215339233
salaire_min_legis_sub,14.06.26,gauche,Broye - Vully,Chevroux,5813,339,208,17,0,208,82,39.42307692307692,109,52.40384615384615,61.35693215339233
salaire_min_legis,14.06.26,gauche,Broye - Vully,Corcelles-le-Jorat,5785,328,195,7,0,195,79,40.51282051282051,109,55.8974358974359,59.45121951219512
salaire_min_legis_cp,14.06.26,droite,Broye - Vully,Corcelles-le-Jorat,5785,328,195,7,0,195,115,58.97435897435898,73,37.43589743589744,59.45121951219512
salaire_min_legis_sub,14.06.26,gauche,Broye - Vully,Corcelles-le-Jorat,5785,328,195,9,0,195,71,36.41025641025641,115,58.97435897435898,59.45121951219512
salaire_min_legis,14.06.26,gauche,Broye - Vully,Corcelles-près-Payerne,5816,1584,837,77,3,834,296,35.4916067146283,461,55.275779376498804,52.84090909090909
salaire_min_legis_cp,14.06.26,droite,Broye - Vully,Corcelles-près-Payerne,5816,1584,837,81,3,834,440,52.757793764988016,313,37.52997601918465,52.84090909090909
salaire_min_legis_sub,14.06.26,gauche,Broye - Vully,Corcelles-près-Payerne,5816,1584,837,102,3,834,275,32.97362110311751,457,54.79616306954437,52.84090909090909
salaire_min_legis,14.06.26,gauche,Broye - Vully,Cudrefin,5456,1263,634,26,0,634,240,37.85488958990536,368,58.0441640378549,50.19794140934284
salaire_min_legis_cp,14.06.26,droite,Broye - Vully,Cudrefin,5456,1263,634,32,0,634,341,53.785488958990534,261,41.16719242902208,50.19794140934284
salaire_min_legis_sub,14.06.26,gauche,Broye - Vully,Cudrefin,5456,1263,634,47,0,634,228,35.96214511041009,359,56.62460567823344,50.19794140934284
salaire_min_legis,14.06.26,gauche,Broye - Vully,Curtilles,5669,215,125,8,0,125,51,40.8,66,52.800000000000004,58.139534883720934
salaire_min_legis_cp,14.06.26,droite,Broye - Vully,Curtilles,5669,215,125,7,0,125,60,48,58,46.400000000000006,58.139534883720934
salaire_min_legis_sub,14.06.26,gauche,Broye - Vully,Curtilles,5669,215,125,7,0,125,51,40.8,67,53.6,58.139534883720934
salaire_min_legis,14.06.26,gauche,Broye - Vully,Dompierre VD,5671,163,104,3,0,104,32,30.76923076923077,69,66.34615384615384,63.80368098159509
salaire_min_legis_cp,14.06.26,droite,Broye - Vully,Dompierre VD,5671,163,104,4,0,104,58,55.769230769230774,42,40.38461538461539,63.80368098159509
salaire_min_legis_sub,14.06.26,gauche,Broye - Vully,Dompierre VD,5671,163,104,6,0,104,30,28.846153846153843,68,65.38461538461539,63.80368098159509
salaire_min_legis,14.06.26,gauche,Broye - Vully,Faoug,5458,568,265,16,0,265,93,35.094339622641506,156,58.867924528301884,46.654929577464785
salaire_min_legis_cp,14.06.26,droite,Broye - Vully,Faoug,5458,568,265,19,0,265,127,47.924528301886795,119,44.905660377358494,46.654929577464785
salaire_min_legis_sub,14.06.26,gauche,Broye - Vully,Faoug,5458,568,265,24,0,265,94,35.471698113207545,147,55.471698113207545,46.654929577464785
salaire_min_legis,14.06.26,gauche,Broye - Vully,Grandcour,5817,627,313,13,0,313,102,32.587859424920126,198,63.25878594249201,49.920255183413076
salaire_min_legis_cp,14.06.26,droite,Broye - Vully,Grandcour,5817,627,313,13,0,313,162,51.75718849840255,138,44.08945686900959,49.920255183413076
salaire_min_legis_sub,14.06.26,gauche,Broye - Vully,Grandcour,5817,627,313,29,0,313,87,27.79552715654952,197,62.939297124600635,49.920255183413076
salaire_min_legis,14.06.26,gauche,Broye - Vully,Henniez,5819,266,114,4,0,114,45,39.473684210526315,65,57.01754385964912,42.857142857142854
salaire_min_legis_cp,14.06.26,droite,Broye - Vully,Henniez,5819,266,114,3,0,114,64,56.14035087719298,47,41.228070175438596,42.857142857142854
salaire_min_legis_sub,14.06.26,gauche,Broye - Vully,Henniez,5819,266,114,8,0,114,38,33.33333333333333,68,59.64912280701754,42.857142857142854
salaire_min_legis,14.06.26,gauche,Broye - Vully,Hermenches,5673,251,145,6,1,144,52,36.11111111111111,86,59.72222222222222,57.76892430278885
salaire_min_legis_cp,14.06.26,droite,Broye - Vully,Hermenches,5673,251,145,5,1,144,92,63.888888888888886,47,32.63888888888889,57.76892430278885
salaire_min_legis_sub,14.06.26,gauche,Broye - Vully,Hermenches,5673,251,145,14,1,144,42,29.166666666666668,88,61.111111111111114,57.76892430278885
salaire_min_legis,14.06.26,gauche,Broye - Vully,Lovatens,5674,117,65,2,0,65,35,53.84615384615385,28,43.07692307692308,55.55555555555556
salaire_min_legis_cp,14.06.26,droite,Broye - Vully,Lovatens,5674,117,65,3,0,65,35,53.84615384615385,27,41.53846153846154,55.55555555555556
salaire_min_legis_sub,14.06.26,gauche,Broye - Vully,Lovatens,5674,117,65,6,0,65,29,44.61538461538462,30,46.15384615384615,55.55555555555556
salaire_min_legis,14.06.26,gauche,Broye - Vully,Lucens,5675,2231,1122,76,12,1110,546,49.18918918918919,488,43.96396396396396,50.29134917077543
salaire_min_legis_cp,14.06.26,droite,Broye - Vully,Lucens,5675,2231,1122,83,12,1110,497,44.77477477477477,530,47.74774774774775,50.29134917077543
salaire_min_legis_sub,14.06.26,gauche,Broye - Vully,Lucens,5675,2231,1122,112,12,1110,492,44.32432432432433,506,45.585585585585584,50.29134917077543
salaire_min_legis,14.06.26,gauche,Broye - Vully,Missy,5821,235,131,4,0,131,51,38.93129770992366,76,58.01526717557252,55.74468085106383
salaire_min_legis_cp,14.06.26,droite,Broye - Vully,Missy,5821,235,131,8,0,131,66,50.38167938931297,57,43.51145038167939,55.74468085106383
salaire_min_legis_sub,14.06.26,gauche,Broye - Vully,Missy,5821,235,131,9,0,131,44,33.587786259541986,78,59.541984732824424,55.74468085106383
salaire_min_legis,14.06.26,gauche,Broye - Vully,Moudon,5678,4208,1156,112,0,1156,523,45.24221453287197,521,45.069204152249135,27.47148288973384
salaire_min_legis_cp,14.06.26,droite,Broye - Vully,Moudon,5678,4208,1156,126,0,1156,500,43.252595155709344,530,45.8477508650519,27.47148288973384
salaire_min_legis_sub,14.06.26,gauche,Broye - Vully,Moudon,5678,4208,1156,168,0,1156,486,42.04152249134948,502,43.42560553633218,27.47148288973384
salaire_min_legis,14.06.26,gauche,Broye - Vully,Payerne,5822,4835,2333,213,5,2328,887,38.10137457044674,1228,52.749140893470795,48.25232678386763
salaire_min_legis_cp,14.06.26,droite,Broye - Vully,Payerne,5822,4835,2333,242,5,2328,1159,49.7852233676976,927,39.819587628865975,48.25232678386763
salaire_min_legis_sub,14.06.26,gauche,Broye - Vully,Payerne,5822,4835,2333,286,5,2328,815,35.008591065292094,1227,52.70618556701031,48.25232678386763
salaire_min_legis,14.06.26,gauche,Broye - Vully,Prévonloup,5683,172,86,4,0,86,26,30.23255813953488,56,65.11627906976744,50
salaire_min_legis_cp,14.06.26,droite,Broye - Vully,Prévonloup,5683,172,86,6,0,86,54,62.7906976744186,26,30.23255813953488,50
salaire_min_legis_sub,14.06.26,gauche,Broye - Vully,Prévonloup,5683,172,86,6,0,86,24,27.906976744186046,56,65.11627906976744,50
salaire_min_legis,14.06.26,gauche,Broye - Vully,Ropraz,5798,321,192,9,0,192,71,36.97916666666667,112,58.333333333333336,59.813084112149525
salaire_min_legis_cp,14.06.26,droite,Broye - Vully,Ropraz,5798,321,192,10,0,192,109,56.770833333333336,73,38.02083333333333,59.813084112149525
salaire_min_legis_sub,14.06.26,gauche,Broye - Vully,Ropraz,5798,321,192,14,0,192,62,32.29166666666667,116,60.416666666666664,59.813084112149525
salaire_min_legis,14.06.26,gauche,Broye - Vully,Rossenges,5684,58,32,1,0,32,15,46.875,16,50,55.172413793103445
salaire_min_legis_cp,14.06.26,droite,Broye - Vully,Rossenges,5684,58,32,2,0,32,19,59.375,11,34.375,55.172413793103445
salaire_min_legis_sub,14.06.26,gauche,Broye - Vully,Rossenges,5684,58,32,2,0,32,14,43.75,16,50,55.172413793103445
salaire_min_legis,14.06.26,gauche,Broye - Vully,Syens,5688,89,36,0,0,36,18,50,18,50,40.44943820224719
salaire_min_legis_cp,14.06.26,droite,Broye - Vully,Syens,5688,89,36,0,0,36,21,58.333333333333336,15,41.66666666666667,40.44943820224719
salaire_min_legis_sub,14.06.26,gauche,Broye - Vully,Syens,5688,89,36,1,0,36,14,38.88888888888889,21,58.333333333333336,40.44943820224719
salaire_min_legis,14.06.26,gauche,Broye - Vully,Trey,5827,202,112,4,0,112,40,35.714285714285715,68,60.71428571428571,55.44554455445545
salaire_min_legis_cp,14.06.26,droite,Broye - Vully,Trey,5827,202,112,9,0,112,63,56.25,40,35.714285714285715,55.44554455445545
salaire_min_legis_sub,14.06.26,gauche,Broye - Vully,Trey,5827,202,112,11,0,112,36,32.142857142857146,65,58.03571428571429,55.44554455445545
salaire_min_legis,14.06.26,gauche,Broye - Vully,Treytorrens (Payerne),5828,79,48,0,0,48,7,14.583333333333334,41,85.41666666666666,60.75949367088608
salaire_min_legis_cp,14.06.26,droite,Broye - Vully,Treytorrens (Payerne),5828,79,48,2,0,48,36,75,10,20.833333333333336,60.75949367088608
salaire_min_legis_sub,14.06.26,gauche,Broye - Vully,Treytorrens (Payerne),5828,79,48,3,0,48,6,12.5,39,81.25,60.75949367088608
salaire_min_legis,14.06.26,gauche,Broye - Vully,Valbroye,5831,2046,1140,101,0,1140,379,33.24561403508772,660,57.89473684210527,55.718475073313776
salaire_min_legis_cp,14.06.26,droite,Broye - Vully,Valbroye,5831,2046,1140,102,0,1140,589,51.66666666666667,449,39.3859649122807,55.718475073313776
salaire_min_legis_sub,14.06.26,gauche,Broye - Vully,Valbroye,5831,2046,1140,148,0,1140,360,31.57894736842105,632,55.43859649122807,55.718475073313776
salaire_min_legis,14.06.26,gauche,Broye - Vully,Villars-le-Comte,5690,101,64,1,0,64,15,23.4375,48,75,63.366336633663366
salaire_min_legis_cp,14.06.26,droite,Broye - Vully,Villars-le-Comte,5690,101,64,2,0,64,46,71.875,16,25,63.366336633663366
salaire_min_legis_sub,14.06.26,gauche,Broye - Vully,Villars-le-Comte,5690,101,64,3,0,64,14,21.875,47,73.4375,63.366336633663366
salaire_min_legis,14.06.26,gauche,Broye - Vully,Villarzel,5830,305,156,1,0,156,70,44.871794871794876,85,54.48717948717948,51.147540983606554
salaire_min_legis_cp,14.06.26,droite,Broye - Vully,Villarzel,5830,305,156,3,0,156,87,55.769230769230774,66,42.30769230769231,51.147540983606554
salaire_min_legis_sub,14.06.26,gauche,Broye - Vully,Villarzel,5830,305,156,7,0,156,59,37.82051282051282,90,57.692307692307686,51.147540983606554
salaire_min_legis,14.06.26,gauche,Broye - Vully,Vucherens,5692,404,230,12,0,230,105,45.65217391304348,113,49.130434782608695,56.930693069306926
salaire_min_legis_cp,14.06.26,droite,Broye - Vully,Vucherens,5692,404,230,13,0,230,122,53.04347826086957,95,41.30434782608695,56.930693069306926
salaire_min_legis_sub,14.06.26,gauche,Broye - Vully,Vucherens,5692,404,230,18,0,230,95,41.30434782608695,117,50.8695652173913,56.930693069306926
salaire_min_legis,14.06.26,gauche,Broye - Vully,Vulliens,5803,429,266,9,0,266,98,36.84210526315789,159,59.77443609022557,62.004662004662
salaire_min_legis_cp,14.06.26,droite,Broye - Vully,Vulliens,5803,429,266,10,0,266,162,60.902255639097746,94,35.338345864661655,62.004662004662
salaire_min_legis_sub,14.06.26,gauche,Broye - Vully,Vulliens,5803,429,266,20,0,266,85,31.954887218045116,161,60.526315789473685,62.004662004662
salaire_min_legis,14.06.26,gauche,Broye - Vully,Vully-les-Lacs,5464,2415,1320,127,0,1320,385,29.166666666666668,808,61.212121212121204,54.6583850931677
salaire_min_legis_cp,14.06.26,droite,Broye - Vully,Vully-les-Lacs,5464,2415,1320,133,0,1320,672,50.90909090909091,515,39.015151515151516,54.6583850931677
salaire_min_legis_sub,14.06.26,gauche,Broye - Vully,Vully-les-Lacs,5464,2415,1320,170,0,1320,373,28.257575757575758,777,58.86363636363636,54.6583850931677
salaire_min_legis,14.06.26,gauche,Gros-de-Vaud,Assens,5511,1156,632,21,0,632,213,33.70253164556962,398,62.9746835443038,54.67128027681662
salaire_min_legis_cp,14.06.26,droite,Gros-de-Vaud,Assens,5511,1156,632,30,0,632,382,60.44303797468354,220,34.810126582278485,54.67128027681662
salaire_min_legis_sub,14.06.26,gauche,Gros-de-Vaud,Assens,5511,1156,632,49,0,632,186,29.430379746835445,397,62.81645569620253,54.67128027681662
salaire_min_legis,14.06.26,gauche,Gros-de-Vaud,Bercher,5512,892,510,45,2,508,186,36.61417322834646,277,54.52755905511811,57.17488789237668
salaire_min_legis_cp,14.06.26,droite,Gros-de-Vaud,Bercher,5512,892,510,49,2,508,255,50.196850393700785,204,40.15748031496063,57.17488789237668
salaire_min_legis_sub,14.06.26,gauche,Gros-de-Vaud,Bercher,5512,892,510,60,2,508,176,34.645669291338585,272,53.54330708661418,57.17488789237668
salaire_min_legis,14.06.26,gauche,Gros-de-Vaud,Bettens,5471,403,214,8,1,213,74,34.74178403755869,131,61.502347417840376,53.101736972704714
salaire_min_legis_cp,14.06.26,droite,Gros-de-Vaud,Bettens,5471,403,214,10,1,213,116,54.460093896713616,87,40.845070422535215,53.101736972704714
salaire_min_legis_sub,14.06.26,gauche,Gros-de-Vaud,Bettens,5471,403,214,13,1,213,69,32.3943661971831,131,61.502347417840376,53.101736972704714
salaire_min_legis,14.06.26,gauche,Gros-de-Vaud,Bottens,5514,867,457,12,0,457,178,38.949671772428886,267,58.42450765864332,52.71049596309112
salaire_min_legis_cp,14.06.26,droite,Gros-de-Vaud,Bottens,5514,867,457,13,0,457,247,54.04814004376368,197,43.10722100656455,52.71049596309112
salaire_min_legis_sub,14.06.26,gauche,Gros-de-Vaud,Bottens,5514,867,457,27,0,457,157,34.35448577680525,273,59.73741794310722,52.71049596309112
salaire_min_legis,14.06.26,gauche,Gros-de-Vaud,Boulens,5661,261,152,2,0,152,76,50,74,48.68421052631579,58.23754789272031
salaire_min_legis_cp,14.06.26,droite,Gros-de-Vaud,Boulens,5661,261,152,4,0,152,71,46.71052631578947,77,50.6578947368421,58.23754789272031
salaire_min_legis_sub,14.06.26,gauche,Gros-de-Vaud,Boulens,5661,261,152,2,0,152,74,48.68421052631579,76,50,58.23754789272031
salaire_min_legis,14.06.26,gauche,Gros-de-Vaud,Bournens,5472,380,208,7,0,208,67,32.21153846153847,134,64.42307692307693,54.736842105263165
salaire_min_legis_cp,14.06.26,droite,Gros-de-Vaud,Bournens,5472,380,208,6,0,208,110,52.88461538461539,92,44.230769230769226,54.736842105263165
salaire_min_legis_sub,14.06.26,gauche,Gros-de-Vaud,Bournens,5472,380,208,18,0,208,58,27.884615384615387,132,63.46153846153846,54.736842105263165
salaire_min_legis,14.06.26,gauche,Gros-de-Vaud,Boussens,5473,665,430,29,0,430,189,43.95348837209303,212,49.30232558139535,64.66165413533834
salaire_min_legis_cp,14.06.26,droite,Gros-de-Vaud,Boussens,5473,665,430,34,0,430,198,46.04651162790698,198,46.04651162790698,64.66165413533834
salaire_min_legis_sub,14.06.26,gauche,Gros-de-Vaud,Boussens,5473,665,430,45,0,430,184,42.7906976744186,201,46.74418604651163,64.66165413533834
salaire_min_legis,14.06.26,gauche,Gros-de-Vaud,Bretigny-sur-Morrens,5515,559,312,12,0,312,147,47.11538461538461,153,49.03846153846153,55.81395348837209
salaire_min_legis_cp,14.06.26,droite,Gros-de-Vaud,Bretigny-sur-Morrens,5515,559,312,13,0,312,147,47.11538461538461,152,48.717948717948715,55.81395348837209
salaire_min_legis_sub,14.06.26,gauche,Gros-de-Vaud,Bretigny-sur-Morrens,5515,559,312,17,0,312,137,43.91025641025641,158,50.641025641025635,55.81395348837209
salaire_min_legis,14.06.26,gauche,Gros-de-Vaud,Cugy VD,5516,1715,999,68,11,988,489,49.49392712550607,431,43.62348178137652,58.250728862973766
salaire_min_legis_cp,14.06.26,droite,Gros-de-Vaud,Cugy VD,5516,1715,999,71,11,988,456,46.15384615384615,461,46.65991902834008,58.250728862973766
salaire_min_legis_sub,14.06.26,gauche,Gros-de-Vaud,Cugy VD,5516,1715,999,75,11,988,458,46.35627530364373,455,46.05263157894737,58.250728862973766
salaire_min_legis,14.06.26,gauche,Gros-de-Vaud,Daillens,5480,702,412,15,0,412,173,41.99029126213592,224,54.36893203883495,58.68945868945868
salaire_min_legis_cp,14.06.26,droite,Gros-de-Vaud,Daillens,5480,702,412,16,0,412,211,51.213592233009706,185,44.90291262135923,58.68945868945868
salaire_min_legis_sub,14.06.26,gauche,Gros-de-Vaud,Daillens,5480,702,412,14,0,412,171,41.50485436893204,227,55.09708737864077,58.68945868945868
salaire_min_legis,14.06.26,gauche,Gros-de-Vaud,Echallens,5518,4081,2216,173,1,2215,995,44.92099322799097,1047,47.268623024830696,54.30041656456751
salaire_min_legis_cp,14.06.26,droite,Gros-de-Vaud,Echallens,5518,4081,2216,186,1,2215,1007,45.4627539503386,1022,46.13995485327314,54.30041656456751
salaire_min_legis_sub,14.06.26,gauche,Gros-de-Vaud,Echallens,5518,4081,2216,224,1,2215,944,42.61851015801354,1047,47.268623024830696,54.30041656456751
salaire_min_legis,14.06.26,gauche,Gros-de-Vaud,Essertines-sur-Yverdon,5520,744,374,24,0,374,157,41.97860962566845,193,51.60427807486631,50.26881720430107
salaire_min_legis_cp,14.06.26,droite,Gros-de-Vaud,Essertines-sur-Yverdon,5520,744,374,30,0,374,189,50.534759358288774,155,41.44385026737968,50.26881720430107
salaire_min_legis_sub,14.06.26,gauche,Gros-de-Vaud,Essertines-sur-Yverdon,5520,744,374,37,0,374,145,38.770053475935825,192,51.33689839572193,50.26881720430107
salaire_min_legis,14.06.26,gauche,Gros-de-Vaud,Etagnières,5521,732,445,32,0,445,186,41.79775280898876,227,51.01123595505618,60.79234972677595
salaire_min_legis_cp,14.06.26,droite,Gros-de-Vaud,Etagnières,5521,732,445,31,0,445,219,49.21348314606742,195,43.82022471910113,60.79234972677595
salaire_min_legis_sub,14.06.26,gauche,Gros-de-Vaud,Etagnières,5521,732,445,41,0,445,180,40.44943820224719,224,50.337078651685395,60.79234972677595
salaire_min_legis,14.06.26,gauche,Gros-de-Vaud,Fey,5522,530,295,14,1,294,131,44.5578231292517,149,50.68027210884354,55.660377358490564
salaire_min_legis_cp,14.06.26,droite,Gros-de-Vaud,Fey,5522,530,295,10,1,294,127,43.197278911564624,157,53.40136054421769,55.660377358490564
salaire_min_legis_sub,14.06.26,gauche,Gros-de-Vaud,Fey,5522,530,295,14,1,294,132,44.89795918367347,148,50.34013605442177,55.660377358490564
salaire_min_legis,14.06.26,gauche,Gros-de-Vaud,Froideville,5523,1709,1057,89,1,1056,397,37.59469696969697,570,53.97727272727273,61.849034523112934
salaire_min_legis_cp,14.06.26,droite,Gros-de-Vaud,Froideville,5523,1709,1057,92,1,1056,544,51.515151515151516,420,39.77272727272727,61.849034523112934
salaire_min_legis_sub,14.06.26,gauche,Gros-de-Vaud,Froideville,5523,1709,1057,110,1,1056,371,35.13257575757576,575,54.45075757575758,61.849034523112934
salaire_min_legis,14.06.26,gauche,Gros-de-Vaud,Goumoëns,5541,814,488,38,0,488,161,32.99180327868852,289,59.221311475409834,59.95085995085995
salaire_min_legis_cp,14.06.26,droite,Gros-de-Vaud,Goumoëns,5541,814,488,43,0,488,273,55.942622950819676,172,35.24590163934426,59.95085995085995
salaire_min_legis_sub,14.06.26,gauche,Gros-de-Vaud,Goumoëns,5541,814,488,57,0,488,151,30.942622950819672,280,57.377049180327866,59.95085995085995
salaire_min_legis,14.06.26,gauche,Gros-de-Vaud,Jorat-Menthue,5804,1023,563,26,1,562,237,42.170818505338076,299,53.20284697508897,55.034213098729225
salaire_min_legis_cp,14.06.26,droite,Gros-de-Vaud,Jorat-Menthue,5804,1023,563,31,1,562,289,51.42348754448398,242,43.06049822064057,55.034213098729225
salaire_min_legis_sub,14.06.26,gauche,Gros-de-Vaud,Jorat-Menthue,5804,1023,563,40,1,562,211,37.544483985765126,311,55.33807829181495,55.034213098729225
salaire_min_legis,14.06.26,gauche,Gros-de-Vaud,Lussery-Villars,5487,320,166,11,0,166,88,53.01204819277109,67,40.36144578313253,51.87500000000001
salaire_min_legis_cp,14.06.26,droite,Gros-de-Vaud,Lussery-Villars,5487,320,166,13,0,166,71,42.77108433734939,82,49.39759036144578,51.87500000000001
salaire_min_legis_sub,14.06.26,gauche,Gros-de-Vaud,Lussery-Villars,5487,320,166,16,0,166,78,46.98795180722892,72,43.373493975903614,51.87500000000001
salaire_min_legis,14.06.26,gauche,Gros-de-Vaud,Mex VD,5489,498,265,11,0,265,96,36.22641509433962,158,59.62264150943396,53.21285140562249
salaire_min_legis_cp,14.06.26,droite,Gros-de-Vaud,Mex VD,5489,498,265,17,0,265,152,57.35849056603774,96,36.22641509433962,53.21285140562249
salaire_min_legis_sub,14.06.26,gauche,Gros-de-Vaud,Mex VD,5489,498,265,19,0,265,91,34.33962264150943,155,58.490566037735846,53.21285140562249
salaire_min_legis,14.06.26,gauche,Gros-de-Vaud,Montanaire,5693,1923,1050,35,0,1050,418,39.80952380952381,597,56.85714285714286,54.60218408736349
salaire_min_legis_cp,14.06.26,droite,Gros-de-Vaud,Montanaire,5693,1923,1050,44,0,1050,550,52.38095238095239,456,43.42857142857143,54.60218408736349
salaire_min_legis_sub,14.06.26,gauche,Gros-de-Vaud,Montanaire,5693,1923,1050,67,0,1050,384,36.57142857142857,599,57.047619047619044,54.60218408736349
salaire_min_legis,14.06.26,gauche,Gros-de-Vaud,Montilliez,5540,1291,709,18,2,707,267,37.765205091937766,422,59.68882602545968,54.91866769945778
salaire_min_legis_cp,14.06.26,droite,Gros-de-Vaud,Montilliez,5540,1291,709,28,2,707,398,56.294200848656295,281,39.74540311173975,54.91866769945778
salaire_min_legis_sub,14.06.26,gauche,Gros-de-Vaud,Montilliez,5540,1291,709,40,2,707,234,33.097595473833096,433,61.24469589816125,54.91866769945778
salaire_min_legis,14.06.26,gauche,Gros-de-Vaud,Morrens VD,5527,759,451,13,3,448,203,45.3125,232,51.78571428571429,59.42028985507246
salaire_min_legis_cp,14.06.26,droite,Gros-de-Vaud,Morrens VD,5527,759,451,19,3,448,214,47.767857142857146,215,47.99107142857143,59.42028985507246
salaire_min_legis_sub,14.06.26,gauche,Gros-de-Vaud,Morrens VD,5527,759,451,28,3,448,185,41.294642857142854,235,52.45535714285714,59.42028985507246
salaire_min_legis,14.06.26,gauche,Gros-de-Vaud,Ogens,5680,225,121,5,0,121,49,40.49586776859504,67,55.371900826446286,53.77777777777778
salaire_min_legis_cp,14.06.26,droite,Gros-de-Vaud,Ogens,5680,225,121,6,0,121,69,57.02479338842975,46,38.01652892561984,53.77777777777778
salaire_min_legis_sub,14.06.26,gauche,Gros-de-Vaud,Ogens,5680,225,121,8,0,121,47,38.84297520661157,66,54.54545454545454,53.77777777777778
salaire_min_legis,14.06.26,gauche,Gros-de-Vaud,Oppens,5923,125,75,1,0,75,33,44,41,54.666666666666664,60
salaire_min_legis_cp,14.06.26,droite,Gros-de-Vaud,Oppens,5923,125,75,2,0,75,42,56.00000000000001,31,41.333333333333336,60
salaire_min_legis_sub,14.06.26,gauche,Gros-de-Vaud,Oppens,5923,125,75,2,0,75,31,41.333333333333336,42,56.00000000000001,60
salaire_min_legis,14.06.26,gauche,Gros-de-Vaud,Oulens-sous-Echallens,5529,421,267,8,1,266,89,33.45864661654135,169,63.53383458646616,63.42042755344418
salaire_min_legis_cp,14.06.26,droite,Gros-de-Vaud,Oulens-sous-Echallens,5529,421,267,13,1,266,157,59.02255639097744,96,36.09022556390977,63.42042755344418
salaire_min_legis_sub,14.06.26,gauche,Gros-de-Vaud,Oulens-sous-Echallens,5529,421,267,12,1,266,78,29.32330827067669,176,66.16541353383458,63.42042755344418
salaire_min_legis,14.06.26,gauche,Gros-de-Vaud,Pailly,5530,387,241,10,1,240,94,39.166666666666664,136,56.666666666666664,62.273901808785524
salaire_min_legis_cp,14.06.26,droite,Gros-de-Vaud,Pailly,5530,387,241,11,1,240,132,55.00000000000001,97,40.416666666666664,62.273901808785524
salaire_min_legis_sub,14.06.26,gauche,Gros-de-Vaud,Pailly,5530,387,241,14,1,240,93,38.75,133,55.41666666666667,62.273901808785524
salaire_min_legis,14.06.26,gauche,Gros-de-Vaud,Penthalaz,5495,1843,960,80,1,959,407,42.4400417101147,472,49.21793534932221,52.08898534997287
salaire_min_legis_cp,14.06.26,droite,Gros-de-Vaud,Penthalaz,5495,1843,960,88,1,959,451,47.028154327424396,420,43.79562043795621,52.08898534997287
salaire_min_legis_sub,14.06.26,gauche,Gros-de-Vaud,Penthalaz,5495,1843,960,101,1,959,380,39.62460896767466,478,49.84358706986444,52.08898534997287
salaire_min_legis,14.06.26,gauche,Gros-de-Vaud,Penthaz,5496,1120,582,53,0,582,213,36.597938144329895,316,54.29553264604811,51.964285714285715
salaire_min_legis_cp,14.06.26,droite,Gros-de-Vaud,Penthaz,5496,1120,582,47,0,582,298,51.20274914089347,237,40.72164948453608,51.964285714285715
salaire_min_legis_sub,14.06.26,gauche,Gros-de-Vaud,Penthaz,5496,1120,582,56,0,582,200,34.36426116838488,326,56.013745704467354,51.964285714285715
salaire_min_legis,14.06.26,gauche,Gros-de-Vaud,Penthéréaz,5531,325,181,15,0,181,72,39.77900552486188,94,51.93370165745856,55.69230769230769
salaire_min_legis_cp,14.06.26,droite,Gros-de-Vaud,Penthéréaz,5531,325,181,12,0,181,91,50.27624309392266,78,43.0939226519337,55.69230769230769
salaire_min_legis_sub,14.06.26,gauche,Gros-de-Vaud,Penthéréaz,5531,325,181,12,0,181,71,39.226519337016576,98,54.14364640883977,55.69230769230769
salaire_min_legis,14.06.26,gauche,Gros-de-Vaud,Poliez-Pittet,5533,524,290,20,0,290,95,32.758620689655174,175,60.3448275862069,55.343511450381676
salaire_min_legis_cp,14.06.26,droite,Gros-de-Vaud,Poliez-Pittet,5533,524,290,22,0,290,175,60.3448275862069,93,32.068965517241374,55.343511450381676
salaire_min_legis_sub,14.06.26,gauche,Gros-de-Vaud,Poliez-Pittet,5533,524,290,26,0,290,86,29.655172413793103,178,61.37931034482759,55.343511450381676
salaire_min_legis,14.06.26,gauche,Gros-de-Vaud,Rueyres,5534,212,149,3,4,145,90,62.06896551724138,52,35.86206896551724,70.28301886792453
salaire_min_legis_cp,14.06.26,droite,Gros-de-Vaud,Rueyres,5534,212,149,6,4,145,55,37.93103448275862,84,57.931034482758626,70.28301886792453
salaire_min_legis_sub,14.06.26,gauche,Gros-de-Vaud,Rueyres,5534,212,149,5,4,145,48,33.10344827586207,92,63.44827586206897,70.28301886792453
salaire_min_legis,14.06.26,gauche,Gros-de-Vaud,Saint-Barthélemy VD,5535,538,329,17,1,328,108,32.926829268292686,203,61.890243902439025,61.152416356877325
salaire_min_legis_cp,14.06.26,droite,Gros-de-Vaud,Saint-Barthélemy VD,5535,538,329,19,1,328,193,58.84146341463414,116,35.36585365853659,61.152416356877325
salaire_min_legis_sub,14.06.26,gauche,Gros-de-Vaud,Saint-Barthélemy VD,5535,538,329,26,1,328,98,29.878048780487802,204,62.19512195121951,61.152416356877325
salaire_min_legis,14.06.26,gauche,Gros-de-Vaud,Sullens,5501,787,448,20,0,448,174,38.839285714285715,254,56.69642857142857,56.92503176620076
salaire_min_legis_cp,14.06.26,droite,Gros-de-Vaud,Sullens,5501,787,448,28,0,448,254,56.69642857142857,166,37.05357142857143,56.92503176620076
salaire_min_legis_sub,14.06.26,gauche,Gros-de-Vaud,Sullens,5501,787,448,30,0,448,149,33.25892857142857,269,60.04464285714286,56.92503176620076
salaire_min_legis,14.06.26,gauche,Gros-de-Vaud,Villars-le-Terroir,5537,886,497,35,2,495,170,34.34343434343434,290,58.58585858585859,56.09480812641083
salaire_min_legis_cp,14.06.26,droite,Gros-de-Vaud,Villars-le-Terroir,5537,886,497,39,2,495,283,57.17171717171718,173,34.94949494949495,56.09480812641083
salaire_min_legis_sub,14.06.26,gauche,Gros-de-Vaud,Villars-le-Terroir,5537,886,497,54,2,495,157,31.717171717171716,284,57.37373737373738,56.09480812641083
salaire_min_legis,14.06.26,gauche,Gros-de-Vaud,Vuarrens,5539,710,406,24,0,406,142,34.97536945812808,240,59.11330049261084,57.183098591549296
salaire_min_legis_cp,14.06.26,droite,Gros-de-Vaud,Vuarrens,5539,710,406,28,0,406,225,55.41871921182266,153,37.68472906403941,57.183098591549296
salaire_min_legis_sub,14.06.26,gauche,Gros-de-Vaud,Vuarrens,5539,710,406,36,0,406,129,31.773399014778324,241,59.35960591133005,57.183098591549296
salaire_min_legis,14.06.26,gauche,Gros-de-Vaud,Vufflens-la-Ville,5503,898,571,15,0,571,272,47.635726795096325,284,49.73730297723292,63.58574610244989
salaire_min_legis_cp,14.06.26,droite,Gros-de-Vaud,Vufflens-la-Ville,5503,898,571,21,0,571,275,48.161120840630474,275,48.161120840630474,63.58574610244989
salaire_min_legis_sub,14.06.26,gauche,Gros-de-Vaud,Vufflens-la-Ville,5503,898,571,28,0,571,252,44.13309982486865,291,50.96322241681261,63.58574610244989
salaire_min_legis,14.06.26,gauche,Yverdon,Agiez,5742,237,123,4,0,123,48,39.02439024390244,71,57.72357723577236,51.89873417721519
salaire_min_legis_cp,14.06.26,droite,Yverdon,Agiez,5742,237,123,3,0,123,60,48.78048780487805,60,48.78048780487805,51.89873417721519
salaire_min_legis_sub,14.06.26,gauche,Yverdon,Agiez,5742,237,123,5,0,123,45,36.58536585365854,73,59.34959349593496,51.89873417721519
salaire_min_legis,14.06.26,gauche,Yverdon,Arnex-sur-Orbe,5743,475,273,14,0,273,125,45.78754578754579,134,49.08424908424908,57.47368421052632
salaire_min_legis_cp,14.06.26,droite,Yverdon,Arnex-sur-Orbe,5743,475,273,20,0,273,115,42.124542124542124,138,50.54945054945055,57.47368421052632
salaire_min_legis_sub,14.06.26,gauche,Yverdon,Arnex-sur-Orbe,5743,475,273,21,0,273,116,42.49084249084249,136,49.81684981684982,57.47368421052632
salaire_min_legis,14.06.26,gauche,Yverdon,Ballaigues,5744,734,407,34,2,405,171,42.22222222222222,200,49.382716049382715,55.449591280653955
salaire_min_legis_cp,14.06.26,droite,Yverdon,Ballaigues,5744,734,407,33,2,405,198,48.888888888888886,174,42.96296296296296,55.449591280653955
salaire_min_legis_sub,14.06.26,gauche,Yverdon,Ballaigues,5744,734,407,45,2,405,152,37.53086419753087,208,51.358024691358025,55.449591280653955
salaire_min_legis,14.06.26,gauche,Yverdon,Baulmes,5745,769,442,15,0,442,232,52.488687782805435,195,44.11764705882353,57.47724317295189
salaire_min_legis_cp,14.06.26,droite,Yverdon,Baulmes,5745,769,442,23,0,442,204,46.15384615384615,215,48.64253393665158,57.47724317295189
salaire_min_legis_sub,14.06.26,gauche,Yverdon,Baulmes,5745,769,442,21,0,442,213,48.19004524886878,208,47.05882352941176,57.47724317295189
salaire_min_legis,14.06.26,gauche,Yverdon,Bavois,5746,690,343,15,5,338,128,37.8698224852071,195,57.692307692307686,49.710144927536234
salaire_min_legis_cp,14.06.26,droite,Yverdon,Bavois,5746,690,343,18,5,338,181,53.55029585798816,139,41.124260355029584,49.710144927536234
salaire_min_legis_sub,14.06.26,gauche,Yverdon,Bavois,5746,690,343,22,5,338,124,36.68639053254438,192,56.80473372781065,49.710144927536234
salaire_min_legis,14.06.26,gauche,Yverdon,Belmont-sur-Yverdon,5902,308,164,1,2,162,62,38.2716049382716,99,61.111111111111114,53.246753246753244
salaire_min_legis_cp,14.06.26,droite,Yverdon,Belmont-sur-Yverdon,5902,308,164,1,2,162,66,40.74074074074074,95,58.64197530864198,53.246753246753244
salaire_min_legis_sub,14.06.26,gauche,Yverdon,Belmont-sur-Yverdon,5902,308,164,4,2,162,61,37.65432098765432,97,59.876543209876544,53.246753246753244
salaire_min_legis,14.06.26,gauche,Yverdon,Bioley-Magnoux,5903,194,110,8,0,110,42,38.18181818181819,60,54.54545454545454,56.70103092783505
salaire_min_legis_cp,14.06.26,droite,Yverdon,Bioley-Magnoux,5903,194,110,8,0,110,58,52.72727272727272,44,40,56.70103092783505
salaire_min_legis_sub,14.06.26,gauche,Yverdon,Bioley-Magnoux,5903,194,110,10,0,110,42,38.18181818181819,58,52.72727272727272,56.70103092783505
salaire_min_legis,14.06.26,gauche,Yverdon,Bofflens,5747,148,93,5,1,92,34,36.95652173913043,53,57.608695652173914,62.83783783783784
salaire_min_legis_cp,14.06.26,droite,Yverdon,Bofflens,5747,148,93,6,1,92,51,55.434782608695656,35,38.04347826086957,62.83783783783784
salaire_min_legis_sub,14.06.26,gauche,Yverdon,Bofflens,5747,148,93,10,1,92,27,29.347826086956523,55,59.78260869565217,62.83783783783784
salaire_min_legis,14.06.26,gauche,Yverdon,Bonvillars,5551,385,229,6,0,229,68,29.694323144104807,155,67.68558951965066,59.480519480519476
salaire_min_legis_cp,14.06.26,droite,Yverdon,Bonvillars,5551,385,229,7,0,229,145,63.31877729257642,77,33.624454148471614,59.480519480519476
salaire_min_legis_sub,14.06.26,gauche,Yverdon,Bonvillars,5551,385,229,13,0,229,65,28.38427947598253,151,65.93886462882097,59.480519480519476
salaire_min_legis,14.06.26,gauche,Yverdon,Bretonnières,5748,196,123,2,0,123,59,47.96747967479675,62,50.40650406504065,62.755102040816325
salaire_min_legis_cp,14.06.26,droite,Yverdon,Bretonnières,5748,196,123,5,0,123,61,49.59349593495935,57,46.34146341463415,62.755102040816325
salaire_min_legis_sub,14.06.26,gauche,Yverdon,Bretonnières,5748,196,123,11,0,123,50,40.65040650406504,62,50.40650406504065,62.755102040816325
salaire_min_legis,14.06.26,gauche,Yverdon,Bullet,5552,532,344,28,6,338,103,30.473372781065088,207,61.24260355029586,64.66165413533834
salaire_min_legis_cp,14.06.26,droite,Yverdon,Bullet,5552,532,344,24,6,338,192,56.80473372781065,122,36.09467455621302,64.66165413533834
salaire_min_legis_sub,14.06.26,gauche,Yverdon,Bullet,5552,532,344,32,6,338,107,31.65680473372781,199,58.875739644970416,64.66165413533834
salaire_min_legis,14.06.26,gauche,Yverdon,Chamblon,5904,434,222,8,0,222,72,32.432432432432435,142,63.96396396396396,51.1520737327189
salaire_min_legis_cp,14.06.26,droite,Yverdon,Chamblon,5904,434,222,10,0,222,129,58.108108108108105,83,37.38738738738739,51.1520737327189
salaire_min_legis_sub,14.06.26,gauche,Yverdon,Chamblon,5904,434,222,11,0,222,63,28.37837837837838,148,66.66666666666666,51.1520737327189
salaire_min_legis,14.06.26,gauche,Yverdon,Champagne,5553,720,358,16,0,358,136,37.988826815642454,206,57.54189944134078,49.72222222222222
salaire_min_legis_cp,14.06.26,droite,Yverdon,Champagne,5553,720,358,18,0,358,197,55.02793296089386,143,39.94413407821229,49.72222222222222
salaire_min_legis_sub,14.06.26,gauche,Yverdon,Champagne,5553,720,358,28,0,358,121,33.798882681564244,209,58.37988826815642,49.72222222222222
salaire_min_legis,14.06.26,gauche,Yverdon,Champvent,5905,449,265,11,0,265,112,42.26415094339623,142,53.58490566037736,59.02004454342984
salaire_min_legis_cp,14.06.26,droite,Yverdon,Champvent,5905,449,265,13,0,265,140,52.83018867924528,112,42.26415094339623,59.02004454342984
salaire_min_legis_sub,14.06.26,gauche,Yverdon,Champvent,5905,449,265,18,0,265,106,40,141,53.20754716981132,59.02004454342984
salaire_min_legis,14.06.26,gauche,Yverdon,Chavannes-le-Chêne,5907,232,104,4,0,104,33,31.73076923076923,67,64.42307692307693,44.827586206896555
salaire_min_legis_cp,14.06.26,droite,Yverdon,Chavannes-le-Chêne,5907,232,104,3,0,104,64,61.53846153846154,37,35.57692307692308,44.827586206896555
salaire_min_legis_sub,14.06.26,gauche,Yverdon,Chavannes-le-Chêne,5907,232,104,7,0,104,30,28.846153846153843,67,64.42307692307693,44.827586206896555
salaire_min_legis,14.06.26,gauche,Yverdon,Chavornay,5749,3085,1603,109,1,1602,744,46.441947565543074,749,46.75405742821473,51.96110210696921
salaire_min_legis_cp,14.06.26,droite,Yverdon,Chavornay,5749,3085,1603,124,1,1602,755,47.12858926342072,723,45.1310861423221,51.96110210696921
salaire_min_legis_sub,14.06.26,gauche,Yverdon,Chavornay,5749,3085,1603,163,1,1602,665,41.51061173533084,774,48.31460674157304,51.96110210696921
salaire_min_legis,14.06.26,gauche,Yverdon,Cheseaux-Noréaz,5909,514,323,11,1,322,128,39.75155279503105,183,56.83229813664597,62.840466926070036
salaire_min_legis_cp,14.06.26,droite,Yverdon,Cheseaux-Noréaz,5909,514,323,12,1,322,192,59.62732919254658,118,36.64596273291926,62.840466926070036
salaire_min_legis_sub,14.06.26,gauche,Yverdon,Cheseaux-Noréaz,5909,514,323,18,1,322,114,35.40372670807454,190,59.006211180124225,62.840466926070036
salaire_min_legis,14.06.26,gauche,Yverdon,Chêne-Pâquier,5908,109,62,4,0,62,23,37.096774193548384,35,56.451612903225815,56.88073394495413
salaire_min_legis_cp,14.06.26,droite,Yverdon,Chêne-Pâquier,5908,109,62,5,0,62,29,46.774193548387096,28,45.16129032258064,56.88073394495413
salaire_min_legis_sub,14.06.26,gauche,Yverdon,Chêne-Pâquier,5908,109,62,7,0,62,26,41.935483870967744,29,46.774193548387096,56.88073394495413
salaire_min_legis,14.06.26,gauche,Yverdon,Concise,5554,660,366,10,0,366,157,42.89617486338798,199,54.37158469945356,55.45454545454545
salaire_min_legis_cp,14.06.26,droite,Yverdon,Concise,5554,660,366,18,0,366,177,48.36065573770492,171,46.72131147540984,55.45454545454545
salaire_min_legis_sub,14.06.26,gauche,Yverdon,Concise,5554,660,366,21,0,366,147,40.16393442622951,198,54.09836065573771,55.45454545454545
salaire_min_legis,14.06.26,gauche,Yverdon,Corcelles-près-Concise,5555,299,144,3,0,144,70,48.61111111111111,71,49.30555555555556,48.16053511705686
salaire_min_legis_cp,14.06.26,droite,Yverdon,Corcelles-près-Concise,5555,299,144,5,0,144,62,43.05555555555556,77,53.47222222222222,48.16053511705686
salaire_min_legis_sub,14.06.26,gauche,Yverdon,Corcelles-près-Concise,5555,299,144,4,0,144,67,46.52777777777778,73,50.69444444444444,48.16053511705686
salaire_min_legis,14.06.26,gauche,Yverdon,Cronay,5910,318,206,10,2,204,91,44.6078431372549,103,50.49019607843137,64.77987421383648
salaire_min_legis_cp,14.06.26,droite,Yverdon,Cronay,5910,318,206,10,2,204,99,48.529411764705884,95,46.568627450980394,64.77987421383648
salaire_min_legis_sub,14.06.26,gauche,Yverdon,Cronay,5910,318,206,16,2,204,90,44.11764705882353,98,48.03921568627451,64.77987421383648
salaire_min_legis,14.06.26,gauche,Yverdon,Croy,5752,293,172,5,0,172,91,52.90697674418605,76,44.18604651162791,58.703071672354945
salaire_min_legis_cp,14.06.26,droite,Yverdon,Croy,5752,293,172,5,0,172,68,39.53488372093023,99,57.55813953488372,58.703071672354945
salaire_min_legis_sub,14.06.26,gauche,Yverdon,Croy,5752,293,172,12,0,172,89,51.74418604651163,71,41.27906976744186,58.703071672354945
salaire_min_legis,14.06.26,gauche,Yverdon,Cuarny,5911,169,114,3,0,114,35,30.701754385964914,76,66.66666666666666,67.45562130177515
salaire_min_legis_cp,14.06.26,droite,Yverdon,Cuarny,5911,169,114,7,0,114,58,50.877192982456144,49,42.98245614035088,67.45562130177515
salaire_min_legis_sub,14.06.26,gauche,Yverdon,Cuarny,5911,169,114,11,0,114,34,29.82456140350877,69,60.526315789473685,67.45562130177515
salaire_min_legis,14.06.26,gauche,Yverdon,Donneloye,5913,594,350,18,0,350,136,38.857142857142854,196,56.00000000000001,58.92255892255892
salaire_min_legis_cp,14.06.26,droite,Yverdon,Donneloye,5913,594,350,20,0,350,191,54.57142857142857,139,39.714285714285715,58.92255892255892
salaire_min_legis_sub,14.06.26,gauche,Yverdon,Donneloye,5913,594,350,32,0,350,123,35.14285714285714,195,55.714285714285715,58.92255892255892
salaire_min_legis,14.06.26,gauche,Yverdon,Démoret,5912,123,84,1,0,84,32,38.095238095238095,51,60.71428571428571,68.29268292682927
salaire_min_legis_cp,14.06.26,droite,Yverdon,Démoret,5912,123,84,5,0,84,43,51.19047619047619,36,42.857142857142854,68.29268292682927
salaire_min_legis_sub,14.06.26,gauche,Yverdon,Démoret,5912,123,84,10,0,84,24,28.57142857142857,50,59.523809523809526,68.29268292682927
salaire_min_legis,14.06.26,gauche,Jura - Nord vaudois,Ependes VD,5914,243,140,2,0,140,53,37.857142857142854,85,60.71428571428571,57.61316872427984
salaire_min_legis_cp,14.06.26,droite,Jura - Nord vaudois,Ependes VD,5914,243,140,8,0,140,78,55.714285714285715,54,38.57142857142858,57.61316872427984
salaire_min_legis_sub,14.06.26,gauche,Jura - Nord vaudois,Ependes VD,5914,243,140,7,0,140,50,35.714285714285715,83,59.285714285714285,57.61316872427984
salaire_min_legis,14.06.26,gauche,Yverdon,Fiez,5556,308,166,6,0,166,81,48.795180722891565,79,47.59036144578313,53.896103896103895
salaire_min_legis_cp,14.06.26,droite,Yverdon,Fiez,5556,308,166,3,0,166,86,51.80722891566265,77,46.3855421686747,53.896103896103895
salaire_min_legis_sub,14.06.26,gauche,Yverdon,Fiez,5556,308,166,11,0,166,71,42.77108433734939,84,50.602409638554214,53.896103896103895
salaire_min_legis,14.06.26,gauche,Yverdon,Fontaines-sur-Grandson,5557,155,76,0,1,75,30,40,45,60,49.03225806451613
salaire_min_legis_cp,14.06.26,droite,Yverdon,Fontaines-sur-Grandson,5557,155,76,1,1,75,47,62.66666666666667,27,36,49.03225806451613
salaire_min_legis_sub,14.06.26,gauche,Yverdon,Fontaines-sur-Grandson,5557,155,76,0,1,75,26,34.66666666666667,49,65.33333333333333,49.03225806451613
salaire_min_legis,14.06.26,gauche,Yverdon,Giez,5559,313,181,8,0,181,70,38.67403314917127,103,56.9060773480663,57.82747603833865
salaire_min_legis_cp,14.06.26,droite,Yverdon,Giez,5559,313,181,10,0,181,94,51.93370165745856,77,42.5414364640884,57.82747603833865
salaire_min_legis_sub,14.06.26,gauche,Yverdon,Giez,5559,313,181,15,0,181,67,37.01657458563536,99,54.69613259668509,57.82747603833865
salaire_min_legis,14.06.26,gauche,Yverdon,Grandevent,5560,157,103,4,0,103,51,49.51456310679612,48,46.601941747572816,65.60509554140127
salaire_min_legis_cp,14.06.26,droite,Yverdon,Grandevent,5560,157,103,3,0,103,49,47.57281553398058,51,49.51456310679612,65.60509554140127
salaire_min_legis_sub,14.06.26,gauche,Yverdon,Grandevent,5560,157,103,3,0,103,49,47.57281553398058,51,49.51456310679612,65.60509554140127
salaire_min_legis,14.06.26,gauche,Yverdon,Grandson,5561,2194,1141,97,1,1140,507,44.473684210526315,536,47.01754385964912,52.00546946216955
salaire_min_legis_cp,14.06.26,droite,Yverdon,Grandson,5561,2194,1141,98,1,1140,539,47.280701754385966,503,44.122807017543856,52.00546946216955
salaire_min_legis_sub,14.06.26,gauche,Yverdon,Grandson,5561,2194,1141,127,1,1140,465,40.78947368421053,548,48.07017543859649,52.00546946216955
salaire_min_legis,14.06.26,gauche,Yverdon,Juriens,5754,255,152,10,0,152,60,39.473684210526315,82,53.94736842105263,59.6078431372549
salaire_min_legis_cp,14.06.26,droite,Yverdon,Juriens,5754,255,152,9,0,152,71,46.71052631578947,72,47.368421052631575,59.6078431372549
salaire_min_legis_sub,14.06.26,gauche,Yverdon,Juriens,5754,255,152,13,0,152,58,38.15789473684211,81,53.289473684210535,59.6078431372549
salaire_min_legis,14.06.26,gauche,La Vallée,L'Abbaye,5871,1082,622,26,4,618,266,43.042071197411005,326,52.75080906148867,57.48613678373382
salaire_min_legis_cp,14.06.26,droite,La Vallée,L'Abbaye,5871,1082,622,46,4,618,307,49.676375404530745,265,42.88025889967638,57.48613678373382
salaire_min_legis_sub,14.06.26,gauche,La Vallée,L'Abbaye,5871,1082,622,52,4,618,246,39.80582524271845,320,51.7799352750809,57.48613678373382
salaire_min_legis,14.06.26,gauche,Yverdon,L'Abergement,5741,197,150,4,0,150,72,48,74,49.333333333333336,76.14213197969542
salaire_min_legis_cp,14.06.26,droite,Yverdon,L'Abergement,5741,197,150,4,0,150,74,49.333333333333336,72,48,76.14213197969542
salaire_min_legis_sub,14.06.26,gauche,Yverdon,L'Abergement,5741,197,150,11,0,150,68,45.33333333333333,71,47.333333333333336,76.14213197969542
salaire_min_legis,14.06.26,gauche,Yverdon,La Praz,5758,143,91,6,1,90,45,50,39,43.333333333333336,63.63636363636363
salaire_min_legis_cp,14.06.26,droite,Yverdon,La Praz,5758,143,91,10,1,90,40,44.44444444444444,40,44.44444444444444,63.63636363636363
salaire_min_legis_sub,14.06.26,gauche,Yverdon,La Praz,5758,143,91,15,1,90,43,47.77777777777778,32,35.55555555555556,63.63636363636363
salaire_min_legis,14.06.26,gauche,La Vallée,Le Chenit,5872,2805,1526,141,1,1525,682,44.721311475409834,702,46.032786885245905,54.40285204991088
salaire_min_legis_cp,14.06.26,droite,La Vallée,Le Chenit,5872,2805,1526,151,1,1525,648,42.49180327868852,726,47.60655737704918,54.40285204991088
salaire_min_legis_sub,14.06.26,gauche,La Vallée,Le Chenit,5872,2805,1526,173,1,1525,658,43.14754098360656,694,45.50819672131148,54.40285204991088
salaire_min_legis,14.06.26,gauche,La Vallée,Le Lieu,5873,627,372,15,0,372,176,47.31182795698925,181,48.655913978494624,59.33014354066985
salaire_min_legis_cp,14.06.26,droite,La Vallée,Le Lieu,5873,627,372,19,0,372,177,47.58064516129033,176,47.31182795698925,59.33014354066985
salaire_min_legis_sub,14.06.26,gauche,La Vallée,Le Lieu,5873,627,372,19,0,372,162,43.54838709677419,191,51.344086021505376,59.33014354066985
salaire_min_legis,14.06.26,gauche,Yverdon,Les Clées,5750,141,74,8,1,73,36,49.31506849315068,29,39.726027397260275,52.4822695035461
salaire_min_legis_cp,14.06.26,droite,Yverdon,Les Clées,5750,141,74,7,1,73,36,49.31506849315068,30,41.0958904109589,52.4822695035461
salaire_min_legis_sub,14.06.26,gauche,Yverdon,Les Clées,5750,141,74,8,1,73,33,45.20547945205479,32,43.83561643835616,52.4822695035461
salaire_min_legis,14.06.26,gauche,Yverdon,Lignerolle,5755,274,167,4,4,163,60,36.809815950920246,99,60.73619631901841,60.94890510948905
salaire_min_legis_cp,14.06.26,droite,Yverdon,Lignerolle,5755,274,167,6,4,163,98,60.122699386503065,59,36.19631901840491,60.94890510948905
salaire_min_legis_sub,14.06.26,gauche,Yverdon,Lignerolle,5755,274,167,10,4,163,56,34.355828220858896,97,59.50920245398773,60.94890510948905
salaire_min_legis,14.06.26,gauche,Yverdon,Mathod,5919,482,258,10,0,258,114,44.18604651162791,134,51.93798449612403,53.52697095435685
salaire_min_legis_cp,14.06.26,droite,Yverdon,Mathod,5919,482,258,12,0,258,131,50.775193798449614,115,44.57364341085272,53.52697095435685
salaire_min_legis_sub,14.06.26,gauche,Yverdon,Mathod,5919,482,258,21,0,258,105,40.69767441860465,132,51.162790697674424,53.52697095435685
salaire_min_legis,14.06.26,gauche,Yverdon,Mauborget,5562,96,70,5,0,70,25,35.714285714285715,40,57.14285714285714,72.91666666666666
salaire_min_legis_cp,14.06.26,droite,Yverdon,Mauborget,5562,96,70,6,0,70,43,61.42857142857143,21,30,72.91666666666666
salaire_min_legis_sub,14.06.26,gauche,Yverdon,Mauborget,5562,96,70,7,0,70,19,27.142857142857142,44,62.857142857142854,72.91666666666666
salaire_min_legis,14.06.26,gauche,Yverdon,Molondin,5921,194,93,4,0,93,27,29.03225806451613,62,66.66666666666666,47.93814432989691
salaire_min_legis_cp,14.06.26,droite,Yverdon,Molondin,5921,194,93,1,0,93,63,67.74193548387096,29,31.182795698924732,47.93814432989691
salaire_min_legis_sub,14.06.26,gauche,Yverdon,Molondin,5921,194,93,8,0,93,27,29.03225806451613,58,62.365591397849464,47.93814432989691
salaire_min_legis,14.06.26,gauche,Yverdon,Montagny-près-Yverdon,5922,513,242,11,1,241,97,40.24896265560166,133,55.18672199170125,47.173489278752434
salaire_min_legis_cp,14.06.26,droite,Yverdon,Montagny-près-Yverdon,5922,513,242,12,1,241,121,50.20746887966805,108,44.81327800829876,47.173489278752434
salaire_min_legis_sub,14.06.26,gauche,Yverdon,Montagny-près-Yverdon,5922,513,242,23,1,241,98,40.66390041493776,120,49.79253112033195,47.173489278752434
salaire_min_legis,14.06.26,gauche,Yverdon,Montcherand,5756,327,170,0,0,170,80,47.05882352941176,90,52.94117647058824,51.98776758409785
salaire_min_legis_cp,14.06.26,droite,Yverdon,Montcherand,5756,327,170,1,0,170,87,51.17647058823529,82,48.23529411764706,51.98776758409785
salaire_min_legis_sub,14.06.26,gauche,Yverdon,Montcherand,5756,327,170,11,0,170,76,44.70588235294118,83,48.8235294117647,51.98776758409785
salaire_min_legis,14.06.26,gauche,Yverdon,Mutrux,5563,94,45,4,0,45,11,24.444444444444443,30,66.66666666666666,47.87234042553192
salaire_min_legis_cp,14.06.26,droite,Yverdon,Mutrux,5563,94,45,3,0,45,26,57.77777777777777,16,35.55555555555556,47.87234042553192
salaire_min_legis_sub,14.06.26,gauche,Yverdon,Mutrux,5563,94,45,6,0,45,11,24.444444444444443,28,62.22222222222222,47.87234042553192
salaire_min_legis,14.06.26,gauche,Yverdon,Novalles,5564,76,53,4,0,53,25,47.16981132075472,24,45.28301886792453,69.73684210526315
salaire_min_legis_cp,14.06.26,droite,Yverdon,Novalles,5564,76,53,0,0,53,35,66.0377358490566,18,33.9622641509434,69.73684210526315
salaire_min_legis_sub,14.06.26,gauche,Yverdon,Novalles,5564,76,53,1,0,53,21,39.62264150943396,31,58.490566037735846,69.73684210526315
salaire_min_legis,14.06.26,gauche,Jura - Nord vaudois,Onnens VD,5565,369,214,12,2,212,96,45.28301886792453,104,49.056603773584904,57.994579945799465
salaire_min_legis_cp,14.06.26,droite,Jura - Nord vaudois,Onnens VD,5565,369,214,15,2,212,115,54.24528301886793,82,38.67924528301887,57.994579945799465
salaire_min_legis_sub,14.06.26,gauche,Jura - Nord vaudois,Onnens VD,5565,369,214,18,2,212,89,41.9811320754717,105,49.528301886792455,57.994579945799465
salaire_min_legis,14.06.26,gauche,Yverdon,Orbe,5757,4110,2022,161,6,2016,952,47.22222222222222,903,44.79166666666667,49.1970802919708
salaire_min_legis_cp,14.06.26,droite,Yverdon,Orbe,5757,4110,2022,166,6,2016,881,43.70039682539682,969,48.06547619047619,49.1970802919708
salaire_min_legis_sub,14.06.26,gauche,Yverdon,Orbe,5757,4110,2022,199,6,2016,886,43.948412698412696,931,46.18055555555556,49.1970802919708
salaire_min_legis,14.06.26,gauche,Yverdon,Orges,5924,280,146,2,0,146,64,43.83561643835616,80,54.794520547945204,52.142857142857146
salaire_min_legis_cp,14.06.26,droite,Yverdon,Orges,5924,280,146,5,0,146,74,50.68493150684932,67,45.89041095890411,52.142857142857146
salaire_min_legis_sub,14.06.26,gauche,Yverdon,Orges,5924,280,146,8,0,146,57,39.04109589041096,81,55.47945205479452,52.142857142857146
salaire_min_legis,14.06.26,gauche,Yverdon,Orzens,5925,155,109,2,0,109,52,47.706422018348626,55,50.45871559633027,70.3225806451613
salaire_min_legis_cp,14.06.26,droite,Yverdon,Orzens,5925,155,109,5,0,109,49,44.95412844036697,55,50.45871559633027,70.3225806451613
salaire_min_legis_sub,14.06.26,gauche,Yverdon,Orzens,5925,155,109,11,0,109,45,41.284403669724774,53,48.62385321100918,70.3225806451613
salaire_min_legis,14.06.26,gauche,Yverdon,Pomy,5926,615,365,31,0,365,122,33.42465753424658,212,58.082191780821915,59.34959349593496
salaire_min_legis_cp,14.06.26,droite,Yverdon,Pomy,5926,615,365,28,0,365,192,52.602739726027394,145,39.726027397260275,59.34959349593496
salaire_min_legis_sub,14.06.26,gauche,Yverdon,Pomy,5926,615,365,38,0,365,118,32.32876712328767,209,57.26027397260274,59.34959349593496
salaire_min_legis,14.06.26,gauche,Yverdon,Premier,5759,176,108,2,0,108,52,48.148148148148145,54,50,61.36363636363637
salaire_min_legis_cp,14.06.26,droite,Yverdon,Premier,5759,176,108,7,0,108,52,48.148148148148145,49,45.370370370370374,61.36363636363637
salaire_min_legis_sub,14.06.26,gauche,Yverdon,Premier,5759,176,108,5,0,108,49,45.370370370370374,54,50,61.36363636363637
salaire_min_legis,14.06.26,gauche,Yverdon,Provence,5566,309,158,1,3,155,68,43.87096774193549,86,55.483870967741936,51.1326860841424
salaire_min_legis_cp,14.06.26,droite,Yverdon,Provence,5566,309,158,8,3,155,91,58.70967741935483,56,36.12903225806451,51.1326860841424
salaire_min_legis_sub,14.06.26,gauche,Yverdon,Provence,5566,309,158,15,3,155,58,37.41935483870968,82,52.903225806451616,51.1326860841424
salaire_min_legis,14.06.26,gauche,Yverdon,Rances,5760,399,233,3,0,233,101,43.34763948497854,129,55.36480686695279,58.39598997493734
salaire_min_legis_cp,14.06.26,droite,Yverdon,Rances,5760,399,233,5,0,233,122,52.36051502145923,106,45.493562231759654,58.39598997493734
salaire_min_legis_sub,14.06.26,gauche,Yverdon,Rances,5760,399,233,6,0,233,91,39.05579399141631,136,58.36909871244635,58.39598997493734
salaire_min_legis,14.06.26,gauche,Yverdon,Romainmôtier-Envy,5761,386,216,16,0,216,121,56.018518518518526,79,36.574074074074076,55.95854922279793
salaire_min_legis_cp,14.06.26,droite,Yverdon,Romainmôtier-Envy,5761,386,216,14,0,216,101,46.75925925925926,101,46.75925925925926,55.95854922279793
salaire_min_legis_sub,14.06.26,gauche,Yverdon,Romainmôtier-Envy,5761,386,216,13,0,216,84,38.88888888888889,119,55.092592592592595,55.95854922279793
salaire_min_legis,14.06.26,gauche,Yverdon,Rovray,5928,128,99,1,0,99,30,30.303030303030305,68,68.68686868686868,77.34375
salaire_min_legis_cp,14.06.26,droite,Yverdon,Rovray,5928,128,99,3,0,99,65,65.65656565656566,31,31.313131313131315,77.34375
salaire_min_legis_sub,14.06.26,gauche,Yverdon,Rovray,5928,128,99,5,0,99,25,25.252525252525253,69,69.6969696969697,77.34375
salaire_min_legis,14.06.26,gauche,Yverdon,Sainte-Croix,5568,3806,1743,152,5,1738,761,43.78596087456847,825,47.46835443037975,45.79611140304782
salaire_min_legis_cp,14.06.26,droite,Yverdon,Sainte-Croix,5568,3806,1743,174,5,1738,805,46.317606444188726,759,43.67088607594937,45.79611140304782
salaire_min_legis_sub,14.06.26,gauche,Yverdon,Sainte-Croix,5568,3806,1743,210,5,1738,696,40.04602991944764,832,47.87111622554661,45.79611140304782
salaire_min_legis,14.06.26,gauche,Yverdon,Sergey,5762,111,65,4,0,65,29,44.61538461538462,32,49.23076923076923,58.55855855855856
salaire_min_legis_cp,14.06.26,droite,Yverdon,Sergey,5762,111,65,7,0,65,25,38.46153846153847,33,50.76923076923077,58.55855855855856
salaire_min_legis_sub,14.06.26,gauche,Yverdon,Sergey,5762,111,65,5,0,65,28,43.07692307692308,32,49.23076923076923,58.55855855855856
salaire_min_legis,14.06.26,gauche,Yverdon,Suchy,5929,421,241,14,0,241,80,33.19502074688796,147,60.99585062240664,57.24465558194775
salaire_min_legis_cp,14.06.26,droite,Yverdon,Suchy,5929,421,241,17,0,241,139,57.676348547717836,85,35.26970954356847,57.24465558194775
salaire_min_legis_sub,14.06.26,gauche,Yverdon,Suchy,5929,421,241,21,0,241,68,28.21576763485477,152,63.07053941908713,57.24465558194775
salaire_min_legis,14.06.26,gauche,Yverdon,Suscévaz,5930,160,101,4,0,101,40,39.603960396039604,57,56.43564356435643,63.125
salaire_min_legis_cp,14.06.26,droite,Yverdon,Suscévaz,5930,160,101,7,0,101,53,52.475247524752476,41,40.5940594059406,63.125
salaire_min_legis_sub,14.06.26,gauche,Yverdon,Suscévaz,5930,160,101,6,0,101,56,55.44554455445545,39,38.613861386138616,63.125
salaire_min_legis,14.06.26,gauche,Yverdon,Treycovagnes,5931,334,169,6,0,169,70,41.42011834319527,93,55.02958579881657,50.59880239520959
salaire_min_legis_cp,14.06.26,droite,Yverdon,Treycovagnes,5931,334,169,8,0,169,80,47.337278106508876,81,47.928994082840234,50.59880239520959
salaire_min_legis_sub,14.06.26,gauche,Yverdon,Treycovagnes,5931,334,169,8,0,169,67,39.64497041420118,94,55.62130177514793,50.59880239520959
salaire_min_legis,14.06.26,gauche,Yverdon,Tévenon,5571,583,353,31,0,353,156,44.19263456090651,166,47.02549575070821,60.548885077186966
salaire_min_legis_cp,14.06.26,droite,Yverdon,Tévenon,5571,583,353,33,0,353,155,43.90934844192634,165,46.742209631728045,60.548885077186966
salaire_min_legis_sub,14.06.26,gauche,Yverdon,Tévenon,5571,583,353,41,0,353,150,42.492917847025495,162,45.892351274787536,60.548885077186966
salaire_min_legis,14.06.26,gauche,Yverdon,Ursins,5932,154,93,3,0,93,21,22.58064516129032,69,74.19354838709677,60.3896103896104
salaire_min_legis_cp,14.06.26,droite,Yverdon,Ursins,5932,154,93,4,0,93,54,58.06451612903226,35,37.634408602150536,60.3896103896104
salaire_min_legis_sub,14.06.26,gauche,Yverdon,Ursins,5932,154,93,4,0,93,20,21.50537634408602,69,74.19354838709677,60.3896103896104
salaire_min_legis,14.06.26,gauche,Yverdon,Valeyres-sous-Montagny,5933,561,256,16,0,256,110,42.96875,130,50.78125,45.632798573975045
salaire_min_legis_cp,14.06.26,droite,Yverdon,Valeyres-sous-Montagny,5933,561,256,18,0,256,113,44.140625,125,48.828125,45.632798573975045
salaire_min_legis_sub,14.06.26,gauche,Yverdon,Valeyres-sous-Montagny,5933,561,256,19,0,256,106,41.40625,131,51.171875,45.632798573975045
salaire_min_legis,14.06.26,gauche,Yverdon,Valeyres-sous-Rances,5763,394,243,10,1,242,89,36.77685950413223,143,59.09090909090909,61.6751269035533
salaire_min_legis_cp,14.06.26,droite,Yverdon,Valeyres-sous-Rances,5763,394,243,13,1,242,138,57.02479338842975,91,37.60330578512397,61.6751269035533
salaire_min_legis_sub,14.06.26,gauche,Yverdon,Valeyres-sous-Rances,5763,394,243,19,1,242,82,33.88429752066116,141,58.26446280991735,61.6751269035533
salaire_min_legis,14.06.26,gauche,Yverdon,Valeyres-sous-Ursins,5934,184,137,5,0,137,71,51.82481751824818,61,44.52554744525548,74.45652173913044
salaire_min_legis_cp,14.06.26,droite,Yverdon,Valeyres-sous-Ursins,5934,184,137,8,0,137,75,54.74452554744526,54,39.416058394160586,74.45652173913044
salaire_min_legis_sub,14.06.26,gauche,Yverdon,Valeyres-sous-Ursins,5934,184,137,5,0,137,61,44.52554744525548,71,51.82481751824818,74.45652173913044
salaire_min_legis,14.06.26,gauche,Yverdon,Vallorbe,5764,2259,1017,83,0,1017,420,41.29793510324484,514,50.54080629301868,45.0199203187251
salaire_min_legis_cp,14.06.26,droite,Yverdon,Vallorbe,5764,2259,1017,90,0,1017,472,46.4110127826942,455,44.73942969518191,45.0199203187251
salaire_min_legis_sub,14.06.26,gauche,Yverdon,Vallorbe,5764,2259,1017,108,0,1017,394,38.74139626352016,515,50.63913470993116,45.0199203187251
salaire_min_legis,14.06.26,gauche,Yverdon,Vaulion,5765,342,188,5,0,188,81,43.08510638297872,102,54.25531914893617,54.97076023391813
salaire_min_legis_cp,14.06.26,droite,Yverdon,Vaulion,5765,342,188,10,0,188,95,50.53191489361703,83,44.148936170212764,54.97076023391813
salaire_min_legis_sub,14.06.26,gauche,Yverdon,Vaulion,5765,342,188,11,0,188,76,40.42553191489361,101,53.72340425531915,54.97076023391813
salaire_min_legis,14.06.26,gauche,Yverdon,Villars-Epeney,5935,68,40,0,1,39,11,28.205128205128204,28,71.7948717948718,58.82352941176471
salaire_min_legis_cp,14.06.26,droite,Yverdon,Villars-Epeney,5935,68,40,1,1,39,27,69.23076923076923,11,28.205128205128204,58.82352941176471
salaire_min_legis_sub,14.06.26,gauche,Yverdon,Villars-Epeney,5935,68,40,1,1,39,11,28.205128205128204,27,69.23076923076923,58.82352941176471
salaire_min_legis,14.06.26,gauche,Yverdon,Vugelles-La Mothe,5937,96,52,4,0,52,17,32.69230769230769,31,59.61538461538461,54.166666666666664
salaire_min_legis_cp,14.06.26,droite,Yverdon,Vugelles-La Mothe,5937,96,52,5,0,52,27,51.92307692307693,20,38.46153846153847,54.166666666666664
salaire_min_legis_sub,14.06.26,gauche,Yverdon,Vugelles-La Mothe,5937,96,52,8,0,52,15,28.846153846153843,29,55.769230769230774,54.166666666666664
salaire_min_legis,14.06.26,gauche,Yverdon,Vuiteboeuf,5766,398,204,9,0,204,95,46.568627450980394,100,49.01960784313725,51.256281407035175
salaire_min_legis_cp,14.06.26,droite,Yverdon,Vuiteboeuf,5766,398,204,12,0,204,98,48.03921568627451,94,46.07843137254902,51.256281407035175
salaire_min_legis_sub,14.06.26,gauche,Yverdon,Vuiteboeuf,5766,398,204,11,0,204,93,45.588235294117645,100,49.01960784313725,51.256281407035175
salaire_min_legis,14.06.26,gauche,Yverdon,Yverdon-les-Bains,5938,14998,7155,484,7,7148,3839,53.70733072188024,2825,39.52154448796866,47.706360848113086
salaire_min_legis_cp,14.06.26,droite,Yverdon,Yverdon-les-Bains,5938,14998,7155,534,7,7148,2922,40.87856743144936,3692,51.65081141578064,47.706360848113086
salaire_min_legis_sub,14.06.26,gauche,Yverdon,Yverdon-les-Bains,5938,14998,7155,606,7,7148,3643,50.9653049804141,2899,40.55679910464466,47.706360848113086
salaire_min_legis,14.06.26,gauche,Yverdon,Yvonand,5939,2356,1225,45,3,1222,598,48.93617021276596,579,47.38134206219313,51.99490662139219
salaire_min_legis_cp,14.06.26,droite,Yverdon,Yvonand,5939,2356,1225,61,3,1222,592,48.44517184942717,569,46.56301145662848,51.99490662139219
salaire_min_legis_sub,14.06.26,gauche,Yverdon,Yvonand,5939,2356,1225,85,3,1222,548,44.84451718494272,589,48.199672667757774,51.99490662139219
salaire_min_legis,14.06.26,gauche,Romanel,Cheseaux-sur-Lausanne,5582,2942,1615,150,3,1612,747,46.339950372208435,715,44.354838709677416,54.894629503738955
salaire_min_legis_cp,14.06.26,droite,Romanel,Cheseaux-sur-Lausanne,5582,2942,1615,159,3,1612,712,44.168734491315135,741,45.96774193548387,54.894629503738955
salaire_min_legis_sub,14.06.26,gauche,Romanel,Cheseaux-sur-Lausanne,5582,2942,1615,180,3,1612,684,42.4317617866005,748,46.40198511166253,54.894629503738955
salaire_min_legis,14.06.26,gauche,Romanel,Epalinges,5584,5523,3406,207,7,3399,1572,46.24889673433363,1620,47.661076787290376,61.66938258193011
salaire_min_legis_cp,14.06.26,droite,Romanel,Epalinges,5584,5523,3406,250,7,3399,1554,45.71932921447485,1595,46.92556634304207,61.66938258193011
salaire_min_legis_sub,14.06.26,gauche,Romanel,Epalinges,5584,5523,3406,270,7,3399,1447,42.571344513092086,1682,49.48514268902618,61.66938258193011
salaire_min_legis,14.06.26,gauche,Romanel,Jouxtens-Mézery,5585,955,685,38,2,683,244,35.72474377745242,401,58.711566617862374,71.72774869109948
salaire_min_legis_cp,14.06.26,droite,Romanel,Jouxtens-Mézery,5585,955,685,44,2,683,357,52.26939970717424,282,41.288433382137626,71.72774869109948
salaire_min_legis_sub,14.06.26,gauche,Romanel,Jouxtens-Mézery,5585,955,685,59,2,683,232,33.96778916544656,392,57.39385065885798,71.72774869109948
salaire_min_legis,14.06.26,gauche,Lausanne-Ville,Lausanne,5586,67952,35674,1905,23,35651,22443,62.95195085691846,11303,31.704580516675552,52.49882269837533
salaire_min_legis_cp,14.06.26,droite,Lausanne-Ville,Lausanne,5586,67952,35674,2155,23,35651,12210,34.24868867633447,21286,59.70660009536899,52.49882269837533
salaire_min_legis_sub,14.06.26,gauche,Lausanne-Ville,Lausanne,5586,67952,35674,2430,23,35651,21379,59.96746234327228,11842,33.216459566351574,52.49882269837533
salaire_min_legis,14.06.26,gauche,Romanel,Le Mont-sur-Lausanne,5587,5381,2986,208,3,2983,1283,43.0103922225947,1492,50.0167616493463,55.49154432261661
salaire_min_legis_cp,14.06.26,droite,Romanel,Le Mont-sur-Lausanne,5587,5381,2986,212,3,2983,1481,49.64800536372779,1290,43.24505531344284,55.49154432261661
salaire_min_legis_sub,14.06.26,gauche,Romanel,Le Mont-sur-Lausanne,5587,5381,2986,260,3,2983,1198,40.16091183372444,1525,51.12303050620181,55.49154432261661
salaire_min_legis,14.06.26,gauche,Romanel,Romanel-sur-Lausanne,5592,2442,1312,100,2,1310,640,48.854961832061065,570,43.51145038167939,53.72645372645373
salaire_min_legis_cp,14.06.26,droite,Romanel,Romanel-sur-Lausanne,5592,2442,1312,110,2,1310,578,44.12213740458015,622,47.48091603053435,53.72645372645373
salaire_min_legis_sub,14.06.26,gauche,Romanel,Romanel-sur-Lausanne,5592,2442,1312,117,2,1310,615,46.94656488549619,578,44.12213740458015,53.72645372645373
salaire_min_legis,14.06.26,gauche,Lavaux - Oron,Belmont-sur-Lausanne,5581,2352,1452,98,0,1452,585,40.289256198347104,769,52.96143250688705,61.73469387755102
salaire_min_legis_cp,14.06.26,droite,Lavaux - Oron,Belmont-sur-Lausanne,5581,2352,1452,111,0,1452,688,47.38292011019284,653,44.97245179063361,61.73469387755102
salaire_min_legis_sub,14.06.26,gauche,Lavaux - Oron,Belmont-sur-Lausanne,5581,2352,1452,123,0,1452,555,38.22314049586777,774,53.30578512396694,61.73469387755102
salaire_min_legis,14.06.26,gauche,Lavaux - Oron,Bourg-en-Lavaux,5613,3615,2355,150,1,2354,975,41.41886151231945,1229,52.2090059473237,65.14522821576763
salaire_min_legis_cp,14.06.26,droite,Lavaux - Oron,Bourg-en-Lavaux,5613,3615,2355,160,1,2354,1097,46.601529311809685,1097,46.601529311809685,65.14522821576763
salaire_min_legis_sub,14.06.26,gauche,Lavaux - Oron,Bourg-en-Lavaux,5613,3615,2355,201,1,2354,915,38.87000849617672,1238,52.591333899745116,65.14522821576763
salaire_min_legis,14.06.26,gauche,Lavaux - Oron,Chexbres,5601,1430,779,25,0,779,344,44.1591784338896,410,52.63157894736842,54.47552447552447
salaire_min_legis_cp,14.06.26,droite,Lavaux - Oron,Chexbres,5601,1430,779,31,0,779,388,49.80744544287548,360,46.21309370988447,54.47552447552447
salaire_min_legis_sub,14.06.26,gauche,Lavaux - Oron,Chexbres,5601,1430,779,35,0,779,332,42.61874197689345,412,52.88831835686778,54.47552447552447
salaire_min_legis,14.06.26,gauche,Lavaux - Oron,Forel (Lavaux),5604,1337,813,61,2,811,308,37.97780517879161,442,54.50061652281134,60.80777860882572
salaire_min_legis_cp,14.06.26,droite,Lavaux - Oron,Forel (Lavaux),5604,1337,813,57,2,811,425,52.40443896424167,329,40.5672009864365,60.80777860882572
salaire_min_legis_sub,14.06.26,gauche,Lavaux - Oron,Forel (Lavaux),5604,1337,813,81,2,811,283,34.895191122071516,447,55.11713933415536,60.80777860882572
salaire_min_legis,14.06.26,gauche,Lavaux - Oron,Jorat-Mézières,5806,2146,1260,91,0,1260,534,42.38095238095238,635,50.39682539682539,58.7138863000932
salaire_min_legis_cp,14.06.26,droite,Lavaux - Oron,Jorat-Mézières,5806,2146,1260,103,0,1260,582,46.19047619047619,575,45.63492063492063,58.7138863000932
salaire_min_legis_sub,14.06.26,gauche,Lavaux - Oron,Jorat-Mézières,5806,2146,1260,116,0,1260,516,40.95238095238095,628,49.84126984126984,58.7138863000932
salaire_min_legis,14.06.26,gauche,Lavaux - Oron,Lutry,5606,6481,3903,226,2,3901,1394,35.734427069982054,2281,58.47218661881569,60.22218793396081
salaire_min_legis_cp,14.06.26,droite,Lavaux - Oron,Lutry,5606,6481,3903,226,2,3901,2143,54.93463214560369,1532,39.27198154319405,60.22218793396081
salaire_min_legis_sub,14.06.26,gauche,Lavaux - Oron,Lutry,5606,6481,3903,282,2,3901,1297,33.247885157651886,2322,59.523199179697514,60.22218793396081
salaire_min_legis,14.06.26,gauche,Lavaux - Oron,Maracon,5790,390,239,11,0,239,110,46.02510460251046,118,49.37238493723849,61.282051282051285
salaire_min_legis_cp,14.06.26,droite,Lavaux - Oron,Maracon,5790,390,239,15,0,239,110,46.02510460251046,114,47.69874476987448,61.282051282051285
salaire_min_legis_sub,14.06.26,gauche,Lavaux - Oron,Maracon,5790,390,239,15,0,239,101,42.25941422594142,123,51.46443514644351,61.282051282051285
salaire_min_legis,14.06.26,gauche,Lavaux - Oron,Montpreveyres,5792,418,243,6,0,243,124,51.028806584362144,113,46.502057613168724,58.133971291866025
salaire_min_legis_cp,14.06.26,droite,Lavaux - Oron,Montpreveyres,5792,418,243,6,0,243,126,51.85185185185185,111,45.67901234567901,58.133971291866025
salaire_min_legis_sub,14.06.26,gauche,Lavaux - Oron,Montpreveyres,5792,418,243,11,0,243,112,46.09053497942387,120,49.382716049382715,58.133971291866025
salaire_min_legis,14.06.26,gauche,Lavaux - Oron,Oron,5805,3844,2170,156,1,2169,1024,47.21069617335177,989,45.59704933148917,56.451612903225815
salaire_min_legis_cp,14.06.26,droite,Lavaux - Oron,Oron,5805,3844,2170,170,1,2169,973,44.85938220378055,1026,47.30290456431535,56.451612903225815
salaire_min_legis_sub,14.06.26,gauche,Lavaux - Oron,Oron,5805,3844,2170,228,1,2169,962,44.352236053480866,979,45.13600737667128,56.451612903225815
salaire_min_legis,14.06.26,gauche,Lavaux - Oron,Paudex,5588,820,483,12,17,466,206,44.20600858369099,248,53.21888412017167,58.90243902439024
salaire_min_legis_cp,14.06.26,droite,Lavaux - Oron,Paudex,5588,820,483,26,17,466,222,47.63948497854077,218,46.78111587982833,58.90243902439024
salaire_min_legis_sub,14.06.26,gauche,Lavaux - Oron,Paudex,5588,820,483,37,17,466,185,39.69957081545064,244,52.36051502145923,58.90243902439024
salaire_min_legis,14.06.26,gauche,Lavaux - Oron,Puidoux,5607,1660,965,69,4,961,391,40.686784599375656,501,52.13319458896982,58.13253012048193
salaire_min_legis_cp,14.06.26,droite,Lavaux - Oron,Puidoux,5607,1660,965,78,4,961,459,47.76274713839751,424,44.1207075962539,58.13253012048193
salaire_min_legis_sub,14.06.26,gauche,Lavaux - Oron,Puidoux,5607,1660,965,92,4,961,373,38.81373569198751,496,51.61290322580645,58.13253012048193
salaire_min_legis,14.06.26,gauche,Lavaux - Oron,Pully,5590,10902,6834,434,7,6827,2889,42.317269664567156,3504,51.325618866266296,62.68574573472757
salaire_min_legis_cp,14.06.26,droite,Lavaux - Oron,Pully,5590,10902,6834,432,7,6827,3276,47.98593818661198,3119,45.68624578877984,62.68574573472757
salaire_min_legis_sub,14.06.26,gauche,Lavaux - Oron,Pully,5590,10902,6834,499,7,6827,2763,40.47165665738978,3565,52.21912992529661,62.68574573472757
salaire_min_legis,14.06.26,gauche,Lavaux - Oron,Rivaz,5609,240,162,7,0,162,70,43.20987654320987,85,52.46913580246913,67.5
salaire_min_legis_cp,14.06.26,droite,Lavaux - Oron,Rivaz,5609,240,162,8,0,162,78,48.148148148148145,76,46.913580246913575,67.5
salaire_min_legis_sub,14.06.26,gauche,Lavaux - Oron,Rivaz,5609,240,162,8,0,162,69,42.592592592592595,85,52.46913580246913,67.5
salaire_min_legis,14.06.26,gauche,Lavaux - Oron,Saint-Saphorin (Lavaux),5610,276,187,1,3,184,100,54.347826086956516,83,45.108695652173914,67.7536231884058
salaire_min_legis_cp,14.06.26,droite,Lavaux - Oron,Saint-Saphorin (Lavaux),5610,276,187,3,3,184,94,51.08695652173913,87,47.28260869565217,67.7536231884058
salaire_min_legis_sub,14.06.26,gauche,Lavaux - Oron,Saint-Saphorin (Lavaux),5610,276,187,3,3,184,94,51.08695652173913,87,47.28260869565217,67.7536231884058
salaire_min_legis,14.06.26,gauche,Lavaux - Oron,Savigny,5611,2212,1365,82,4,1361,584,42.9096252755327,695,51.06539309331374,61.70886075949367
salaire_min_legis_cp,14.06.26,droite,Lavaux - Oron,Savigny,5611,2212,1365,97,4,1361,664,48.78765613519471,600,44.0852314474651,61.70886075949367
salaire_min_legis_sub,14.06.26,gauche,Lavaux - Oron,Savigny,5611,2212,1365,104,4,1361,551,40.484937545922115,706,51.873622336517265,61.70886075949367
salaire_min_legis,14.06.26,gauche,Lavaux - Oron,Servion,5799,1433,833,61,1,832,363,43.62980769230769,408,49.03846153846153,58.129797627355195
salaire_min_legis_cp,14.06.26,droite,Lavaux - Oron,Servion,5799,1433,833,61,1,832,386,46.394230769230774,385,46.27403846153847,58.129797627355195
salaire_min_legis_sub,14.06.26,gauche,Lavaux - Oron,Servion,5799,1433,833,75,1,832,346,41.58653846153847,411,49.39903846153847,58.129797627355195
salaire_min_legis,14.06.26,gauche,Morges,Aclens,5621,361,199,7,2,197,73,37.055837563451774,117,59.390862944162436,55.124653739612185
salaire_min_legis_cp,14.06.26,droite,Morges,Aclens,5621,361,199,9,2,197,104,52.79187817258884,84,42.63959390862944,55.124653739612185
salaire_min_legis_sub,14.06.26,gauche,Morges,Aclens,5621,361,199,11,2,197,66,33.50253807106599,120,60.913705583756354,55.124653739612185
salaire_min_legis,14.06.26,gauche,Morges,Allaman,5851,239,140,5,0,140,56,40,79,56.42857142857143,58.57740585774059
salaire_min_legis_cp,14.06.26,droite,Morges,Allaman,5851,239,140,8,0,140,65,46.42857142857143,67,47.85714285714286,58.57740585774059
salaire_min_legis_sub,14.06.26,gauche,Morges,Allaman,5851,239,140,4,0,140,56,40,80,57.14285714285714,58.57740585774059
salaire_min_legis,14.06.26,gauche,Morges,Aubonne,5422,2648,1441,137,0,1441,559,38.79250520471895,745,51.70020818875781,54.41842900302115
salaire_min_legis_cp,14.06.26,droite,Morges,Aubonne,5422,2648,1441,149,0,1441,710,49.27133934767522,582,40.388619014573216,54.41842900302115
salaire_min_legis_sub,14.06.26,gauche,Morges,Aubonne,5422,2648,1441,180,0,1441,499,34.628730048577374,762,52.87994448299792,54.41842900302115
salaire_min_legis,14.06.26,gauche,Morges,Ballens,5423,386,227,10,1,226,138,61.06194690265486,78,34.51327433628318,58.80829015544041
salaire_min_legis_cp,14.06.26,droite,Morges,Ballens,5423,386,227,12,1,226,67,29.646017699115045,147,65.04424778761062,58.80829015544041
salaire_min_legis_sub,14.06.26,gauche,Morges,Ballens,5423,386,227,17,1,226,70,30.973451327433626,139,61.504424778761056,58.80829015544041
salaire_min_legis,14.06.26,gauche,Morges,Berolle,5424,201,124,7,1,123,55,44.71544715447154,61,49.59349593495935,61.69154228855721
salaire_min_legis_cp,14.06.26,droite,Morges,Berolle,5424,201,124,5,1,123,61,49.59349593495935,57,46.34146341463415,61.69154228855721
salaire_min_legis_sub,14.06.26,gauche,Morges,Berolle,5424,201,124,6,1,123,49,39.83739837398374,68,55.28455284552846,61.69154228855721
salaire_min_legis,14.06.26,gauche,Morges,Bière,5425,900,448,20,0,448,180,40.17857142857143,248,55.35714285714286,49.77777777777778
salaire_min_legis_cp,14.06.26,droite,Morges,Bière,5425,900,448,26,0,448,230,51.33928571428571,192,42.857142857142854,49.77777777777778
salaire_min_legis_sub,14.06.26,gauche,Morges,Bière,5425,900,448,38,0,448,127,28.348214285714285,283,63.16964285714286,49.77777777777778
salaire_min_legis,14.06.26,gauche,Morges,Bougy-Villars,5426,297,201,8,10,191,67,35.07853403141361,116,60.73298429319372,67.67676767676768
salaire_min_legis_cp,14.06.26,droite,Morges,Bougy-Villars,5426,297,201,11,10,191,99,51.832460732984295,81,42.40837696335078,67.67676767676768
salaire_min_legis_sub,14.06.26,gauche,Morges,Bougy-Villars,5426,297,201,11,10,191,62,32.460732984293195,118,61.78010471204188,67.67676767676768
salaire_min_legis,14.06.26,gauche,Morges,Bremblens,5622,401,247,8,1,246,89,36.17886178861789,149,60.56910569105691,61.59600997506235
salaire_min_legis_cp,14.06.26,droite,Morges,Bremblens,5622,401,247,9,1,246,134,54.47154471544715,103,41.86991869918699,61.59600997506235
salaire_min_legis_sub,14.06.26,gauche,Morges,Bremblens,5622,401,247,16,1,246,76,30.89430894308943,154,62.601626016260155,61.59600997506235
salaire_min_legis,14.06.26,gauche,Morges,Buchillon,5623,430,277,9,0,277,94,33.935018050541515,174,62.8158844765343,64.4186046511628
salaire_min_legis_cp,14.06.26,droite,Morges,Buchillon,5623,430,277,14,0,277,129,46.57039711191336,134,48.375451263537904,64.4186046511628
salaire_min_legis_sub,14.06.26,gauche,Morges,Buchillon,5623,430,277,14,0,277,82,29.602888086642597,181,65.34296028880865,64.4186046511628
salaire_min_legis,14.06.26,gauche,Morges,Chavannes-le-Veyron,5475,108,80,2,2,78,32,41.02564102564102,44,56.41025641025641,74.07407407407408
salaire_min_legis_cp,14.06.26,droite,Morges,Chavannes-le-Veyron,5475,108,80,4,2,78,43,55.12820512820513,31,39.743589743589745,74.07407407407408
salaire_min_legis_sub,14.06.26,gauche,Morges,Chavannes-le-Veyron,5475,108,80,3,2,78,31,39.743589743589745,44,56.41025641025641,74.07407407407408
salaire_min_legis,14.06.26,gauche,Morges,Chevilly,5476,227,135,2,0,135,48,35.55555555555556,85,62.96296296296296,59.471365638766514
salaire_min_legis_cp,14.06.26,droite,Morges,Chevilly,5476,227,135,2,0,135,83,61.48148148148148,50,37.03703703703704,59.471365638766514
salaire_min_legis_sub,14.06.26,gauche,Morges,Chevilly,5476,227,135,7,0,135,44,32.592592592592595,84,62.22222222222222,59.471365638766514
salaire_min_legis,14.06.26,gauche,Morges,Chigny,5628,243,148,2,0,148,60,40.54054054054054,86,58.108108108108105,60.90534979423868
salaire_min_legis_cp,14.06.26,droite,Morges,Chigny,5628,243,148,3,0,148,81,54.729729729729726,64,43.24324324324324,60.90534979423868
salaire_min_legis_sub,14.06.26,gauche,Morges,Chigny,5628,243,148,4,0,148,55,37.16216216216216,89,60.13513513513513,60.90534979423868
salaire_min_legis,14.06.26,gauche,Morges,Clarmont,5629,148,85,5,0,85,23,27.058823529411764,57,67.05882352941175,57.432432432432435
salaire_min_legis_cp,14.06.26,droite,Morges,Clarmont,5629,148,85,4,0,85,53,62.35294117647059,28,32.94117647058823,57.432432432432435
salaire_min_legis_sub,14.06.26,gauche,Morges,Clarmont,5629,148,85,4,0,85,20,23.52941176470588,61,71.76470588235294,57.432432432432435
salaire_min_legis,14.06.26,gauche,Morges,Cossonay,5477,2963,1659,104,0,1659,761,45.8710066305003,794,47.860156720916216,55.99055011812353
salaire_min_legis_cp,14.06.26,droite,Morges,Cossonay,5477,2963,1659,118,0,1659,749,45.14767932489451,792,47.739602169981914,55.99055011812353
salaire_min_legis_sub,14.06.26,gauche,Morges,Cossonay,5477,2963,1659,132,0,1659,716,43.15852923447861,811,48.88487040385775,55.99055011812353
salaire_min_legis,14.06.26,gauche,Morges,Cuarnens,5479,366,211,4,4,207,78,37.68115942028986,125,60.38647342995169,57.650273224043715
salaire_min_legis_cp,14.06.26,droite,Morges,Cuarnens,5479,366,211,4,4,207,106,51.20772946859904,97,46.85990338164252,57.650273224043715
salaire_min_legis_sub,14.06.26,gauche,Morges,Cuarnens,5479,366,211,9,4,207,77,37.19806763285024,121,58.454106280193244,57.650273224043715
salaire_min_legis,14.06.26,gauche,Morges,Denens,5631,489,321,16,0,321,110,34.26791277258567,195,60.747663551401864,65.6441717791411
salaire_min_legis_cp,14.06.26,droite,Morges,Denens,5631,489,321,18,0,321,182,56.69781931464174,121,37.69470404984423,65.6441717791411
salaire_min_legis_sub,14.06.26,gauche,Morges,Denens,5631,489,321,21,0,321,106,33.021806853582554,194,60.43613707165109,65.6441717791411
salaire_min_legis,14.06.26,gauche,Morges,Denges,5632,1001,575,9,3,572,282,49.3006993006993,281,49.12587412587413,57.442557442557444
salaire_min_legis_cp,14.06.26,droite,Morges,Denges,5632,1001,575,16,3,572,274,47.9020979020979,282,49.3006993006993,57.442557442557444
salaire_min_legis_sub,14.06.26,gauche,Morges,Denges,5632,1001,575,21,3,572,261,45.629370629370634,290,50.6993006993007,57.442557442557444
salaire_min_legis,14.06.26,gauche,Morges,Dizy,5481,161,94,2,0,94,48,51.06382978723404,44,46.808510638297875,58.38509316770186
salaire_min_legis_cp,14.06.26,droite,Morges,Dizy,5481,161,94,4,0,94,50,53.191489361702125,40,42.5531914893617,58.38509316770186
salaire_min_legis_sub,14.06.26,gauche,Morges,Dizy,5481,161,94,4,0,94,44,46.808510638297875,46,48.93617021276596,58.38509316770186
salaire_min_legis,14.06.26,gauche,Morges,Echandens,5633,1813,981,29,5,976,407,41.700819672131146,540,55.32786885245902,54.10921125206839
salaire_min_legis_cp,14.06.26,droite,Morges,Echandens,5633,1813,981,41,5,976,511,52.356557377049185,424,43.44262295081967,54.10921125206839
salaire_min_legis_sub,14.06.26,gauche,Morges,Echandens,5633,1813,981,56,5,976,361,36.98770491803279,559,57.27459016393443,54.10921125206839
salaire_min_legis,14.06.26,gauche,Morges,Echichens,5634,2058,1252,80,3,1249,462,36.98959167333867,707,56.6052842273819,60.8357628765792
salaire_min_legis_cp,14.06.26,droite,Morges,Echichens,5634,2058,1252,87,3,1249,687,55.004003202562046,475,38.03042433947157,60.8357628765792
salaire_min_legis_sub,14.06.26,gauche,Morges,Echichens,5634,2058,1252,97,3,1249,431,34.507606084867895,721,57.726180944755804,60.8357628765792
salaire_min_legis,14.06.26,gauche,Morges,Eclépens,5482,712,415,17,0,415,178,42.89156626506024,220,53.01204819277109,58.28651685393258
salaire_min_legis_cp,14.06.26,droite,Morges,Eclépens,5482,712,415,25,0,415,201,48.433734939759034,189,45.54216867469879,58.28651685393258
salaire_min_legis_sub,14.06.26,gauche,Morges,Eclépens,5482,712,415,32,0,415,162,39.036144578313255,221,53.25301204819277,58.28651685393258
salaire_min_legis,14.06.26,gauche,Morges,Etoy,5636,1694,990,77,0,990,405,40.909090909090914,508,51.31313131313131,58.44155844155844
salaire_min_legis_cp,14.06.26,droite,Morges,Etoy,5636,1694,990,80,0,990,489,49.3939393939394,421,42.525252525252526,58.44155844155844
salaire_min_legis_sub,14.06.26,gauche,Morges,Etoy,5636,1694,990,106,0,990,380,38.38383838383838,504,50.90909090909091,58.44155844155844
salaire_min_legis,14.06.26,gauche,Morges,Ferreyres,5483,224,128,9,0,128,60,46.875,59,46.09375,57.14285714285714
salaire_min_legis_cp,14.06.26,droite,Morges,Ferreyres,5483,224,128,11,0,128,63,49.21875,54,42.1875,57.14285714285714
salaire_min_legis_sub,14.06.26,gauche,Morges,Ferreyres,5483,224,128,5,0,128,57,44.53125,66,51.5625,57.14285714285714
salaire_min_legis,14.06.26,gauche,Morges,Féchy,5427,518,326,6,0,326,106,32.515337423312886,214,65.6441717791411,62.93436293436293
salaire_min_legis_cp,14.06.26,droite,Morges,Féchy,5427,518,326,11,0,326,191,58.58895705521472,124,38.036809815950924,62.93436293436293
salaire_min_legis_sub,14.06.26,gauche,Morges,Féchy,5427,518,326,16,0,326,96,29.447852760736197,214,65.6441717791411,62.93436293436293
salaire_min_legis,14.06.26,gauche,Morges,Gimel,5428,1369,673,40,2,671,289,43.070044709388974,342,50.96870342771982,49.159970781592406
salaire_min_legis_cp,14.06.26,droite,Morges,Gimel,5428,1369,673,55,2,671,346,51.56482861400894,270,40.23845007451565,49.159970781592406
salaire_min_legis_sub,14.06.26,gauche,Morges,Gimel,5428,1369,673,70,2,671,255,38.00298062593144,346,51.56482861400894,49.159970781592406
salaire_min_legis,14.06.26,gauche,Morges,Gollion,5484,695,415,23,0,415,184,44.33734939759036,208,50.12048192771085,59.71223021582733
salaire_min_legis_cp,14.06.26,droite,Morges,Gollion,5484,695,415,30,0,415,196,47.2289156626506,189,45.54216867469879,59.71223021582733
salaire_min_legis_sub,14.06.26,gauche,Morges,Gollion,5484,695,415,33,0,415,174,41.9277108433735,208,50.12048192771085,59.71223021582733
salaire_min_legis,14.06.26,gauche,Morges,Grancy,5485,333,185,3,0,185,62,33.513513513513516,120,64.86486486486487,55.55555555555556
salaire_min_legis_cp,14.06.26,droite,Morges,Grancy,5485,333,185,6,0,185,109,58.91891891891892,70,37.83783783783784,55.55555555555556
salaire_min_legis_sub,14.06.26,gauche,Morges,Grancy,5485,333,185,9,0,185,61,32.972972972972975,115,62.16216216216216,55.55555555555556
salaire_min_legis,14.06.26,gauche,Morges,Hautemorges,5656,2860,1668,107,0,1668,668,40.04796163069545,893,53.537170263788965,58.32167832167832
salaire_min_legis_cp,14.06.26,droite,Morges,Hautemorges,5656,2860,1668,133,0,1668,822,49.280575539568346,713,42.74580335731415,58.32167832167832
salaire_min_legis_sub,14.06.26,gauche,Morges,Hautemorges,5656,2860,1668,153,0,1668,630,37.76978417266187,885,53.05755395683454,58.32167832167832
salaire_min_legis,14.06.26,gauche,Morges,L'Isle,5486,762,429,39,0,429,163,37.995337995338,227,52.91375291375291,56.2992125984252
salaire_min_legis_cp,14.06.26,droite,Morges,L'Isle,5486,762,429,35,0,429,206,48.01864801864802,188,43.82284382284382,56.2992125984252
salaire_min_legis_sub,14.06.26,gauche,Morges,L'Isle,5486,762,429,40,0,429,167,38.92773892773892,222,51.74825174825175,56.2992125984252
salaire_min_legis,14.06.26,gauche,Morges,La Chaux (Cossonay),5474,309,158,6,0,158,62,39.24050632911392,90,56.9620253164557,51.1326860841424
salaire_min_legis_cp,14.06.26,droite,Morges,La Chaux (Cossonay),5474,309,158,5,0,158,85,53.79746835443038,68,43.037974683544306,51.1326860841424
salaire_min_legis_sub,14.06.26,gauche,Morges,La Chaux (Cossonay),5474,309,158,8,0,158,62,39.24050632911392,88,55.69620253164557,51.1326860841424
salaire_min_legis,14.06.26,gauche,Morges,La Sarraz,5498,1480,737,22,0,737,375,50.88195386702849,340,46.13297150610583,49.7972972972973
salaire_min_legis_cp,14.06.26,droite,Morges,La Sarraz,5498,1480,737,35,0,737,356,48.30393487109905,346,46.94708276797829,49.7972972972973
salaire_min_legis_sub,14.06.26,gauche,Morges,La Sarraz,5498,1480,737,48,0,737,342,46.404341926729984,347,47.08276797829037,49.7972972972973
salaire_min_legis,14.06.26,gauche,Morges,Lavigny,5637,605,353,11,0,353,112,31.728045325779036,230,65.15580736543909,58.34710743801653
salaire_min_legis_cp,14.06.26,droite,Morges,Lavigny,5637,605,353,15,0,353,212,60.05665722379604,126,35.69405099150141,58.34710743801653
salaire_min_legis_sub,14.06.26,gauche,Morges,Lavigny,5637,605,353,21,0,353,107,30.31161473087819,225,63.73937677053825,58.34710743801653
salaire_min_legis,14.06.26,gauche,Morges,Lonay,5638,1758,1008,73,4,1004,414,41.235059760956176,517,51.494023904382466,57.33788395904437
salaire_min_legis_cp,14.06.26,droite,Morges,Lonay,5638,1758,1008,86,4,1004,460,45.81673306772908,458,45.61752988047809,57.33788395904437
salaire_min_legis_sub,14.06.26,gauche,Morges,Lonay,5638,1758,1008,101,4,1004,388,38.645418326693225,515,51.29482071713147,57.33788395904437
salaire_min_legis,14.06.26,gauche,Morges,Lully VD,5639,538,355,22,0,355,125,35.2112676056338,208,58.59154929577465,65.98513011152416
salaire_min_legis_cp,14.06.26,droite,Morges,Lully VD,5639,538,355,29,0,355,190,53.52112676056338,136,38.309859154929576,65.98513011152416
salaire_min_legis_sub,14.06.26,gauche,Morges,Lully VD,5639,538,355,30,0,355,119,33.52112676056338,206,58.028169014084504,65.98513011152416
salaire_min_legis,14.06.26,gauche,Morges,Lussy-sur-Morges,5640,466,294,5,1,293,122,41.63822525597269,166,56.655290102389074,63.0901287553648
salaire_min_legis_cp,14.06.26,droite,Morges,Lussy-sur-Morges,5640,466,294,7,1,293,171,58.36177474402731,115,39.249146757679185,63.0901287553648
salaire_min_legis_sub,14.06.26,gauche,Morges,Lussy-sur-Morges,5640,466,294,11,1,293,106,36.177474402730375,176,60.068259385665534,63.0901287553648
salaire_min_legis,14.06.26,gauche,Morges,Mauraz,5488,44,34,0,0,34,17,50,17,50,77.27272727272727
salaire_min_legis_cp,14.06.26,droite,Morges,Mauraz,5488,44,34,0,0,34,18,52.94117647058824,16,47.05882352941176,77.27272727272727
salaire_min_legis_sub,14.06.26,gauche,Morges,Mauraz,5488,44,34,0,0,34,16,47.05882352941176,18,52.94117647058824,77.27272727272727
salaire_min_legis,14.06.26,gauche,Morges,Moiry VD,5490,212,134,3,1,133,78,58.64661654135338,52,39.097744360902254,63.20754716981132
salaire_min_legis_cp,14.06.26,droite,Morges,Moiry VD,5490,212,134,7,1,133,48,36.09022556390977,78,58.64661654135338,63.20754716981132
salaire_min_legis_sub,14.06.26,gauche,Morges,Moiry VD,5490,212,134,6,1,133,74,55.639097744360896,53,39.849624060150376,63.20754716981132
salaire_min_legis,14.06.26,gauche,Morges,Mollens VD,5431,218,133,8,0,133,58,43.609022556390975,67,50.37593984962406,61.00917431192661
salaire_min_legis_cp,14.06.26,droite,Morges,Mollens VD,5431,218,133,13,0,133,55,41.35338345864661,65,48.87218045112782,61.00917431192661
salaire_min_legis_sub,14.06.26,gauche,Morges,Mollens VD,5431,218,133,17,0,133,52,39.097744360902254,64,48.1203007518797,61.00917431192661
salaire_min_legis,14.06.26,gauche,Morges,Mont-la-Ville,5491,337,165,2,0,165,71,43.03030303030303,92,55.757575757575765,48.96142433234421
salaire_min_legis_cp,14.06.26,droite,Morges,Mont-la-Ville,5491,337,165,4,0,165,95,57.57575757575758,66,40,48.96142433234421
salaire_min_legis_sub,14.06.26,gauche,Morges,Mont-la-Ville,5491,337,165,11,0,165,62,37.57575757575757,92,55.757575757575765,48.96142433234421
salaire_min_legis,14.06.26,gauche,Morges,Montricher,5492,649,393,8,4,389,139,35.732647814910024,242,62.2107969151671,60.55469953775039
salaire_min_legis_cp,14.06.26,droite,Morges,Montricher,5492,649,393,13,4,389,230,59.12596401028277,146,37.53213367609254,60.55469953775039
salaire_min_legis_sub,14.06.26,gauche,Morges,Montricher,5492,649,393,19,4,389,138,35.47557840616967,232,59.6401028277635,60.55469953775039
salaire_min_legis,14.06.26,gauche,Morges,Morges,5642,9220,5179,349,5,5174,2516,48.627754155392346,2309,44.62698105914186,56.17136659436008
salaire_min_legis_cp,14.06.26,droite,Morges,Morges,5642,9220,5179,380,5,5174,2265,43.77657518361036,2529,48.87901043679938,56.17136659436008
salaire_min_legis_sub,14.06.26,gauche,Morges,Morges,5642,9220,5179,456,5,5174,2378,45.96057209122536,2340,45.22613065326633,56.17136659436008
salaire_min_legis,14.06.26,gauche,Morges,Orny,5493,342,188,4,1,187,94,50.26737967914438,89,47.593582887700535,54.97076023391813
salaire_min_legis_cp,14.06.26,droite,Morges,Orny,5493,342,188,7,1,187,85,45.45454545454545,95,50.80213903743316,54.97076023391813
salaire_min_legis_sub,14.06.26,gauche,Morges,Orny,5493,342,188,6,1,187,86,45.98930481283423,95,50.80213903743316,54.97076023391813
salaire_min_legis,14.06.26,gauche,Morges,Pompaples,5497,526,291,29,0,291,105,36.08247422680412,157,53.95189003436426,55.32319391634981
salaire_min_legis_cp,14.06.26,droite,Morges,Pompaples,5497,526,291,29,0,291,142,48.797250859106526,120,41.23711340206185,55.32319391634981
salaire_min_legis_sub,14.06.26,gauche,Morges,Pompaples,5497,526,291,38,0,291,99,34.02061855670103,154,52.92096219931272,55.32319391634981
salaire_min_legis,14.06.26,gauche,Morges,Préverenges,5643,2952,1683,140,7,1676,789,47.0763723150358,747,44.57040572792363,57.012195121951216
salaire_min_legis_cp,14.06.26,droite,Morges,Préverenges,5643,2952,1683,144,7,1676,760,45.346062052505964,772,46.06205250596659,57.012195121951216
salaire_min_legis_sub,14.06.26,gauche,Morges,Préverenges,5643,2952,1683,169,7,1676,709,42.30310262529833,798,47.61336515513126,57.012195121951216
salaire_min_legis,14.06.26,gauche,Morges,Romanel-sur-Morges,5645,318,192,9,0,192,76,39.58333333333333,107,55.729166666666664,60.37735849056604
salaire_min_legis_cp,14.06.26,droite,Morges,Romanel-sur-Morges,5645,318,192,9,0,192,100,52.083333333333336,83,43.22916666666667,60.37735849056604
salaire_min_legis_sub,14.06.26,gauche,Morges,Romanel-sur-Morges,5645,318,192,17,0,192,66,34.375,109,56.770833333333336,60.37735849056604
salaire_min_legis,14.06.26,gauche,Morges,Saint-Livres,5435,480,287,9,0,287,108,37.63066202090592,170,59.23344947735192,59.791666666666664
salaire_min_legis_cp,14.06.26,droite,Morges,Saint-Livres,5435,480,287,16,0,287,159,55.400696864111495,112,39.02439024390244,59.791666666666664
salaire_min_legis_sub,14.06.26,gauche,Morges,Saint-Livres,5435,480,287,23,0,287,94,32.752613240418114,170,59.23344947735192,59.791666666666664
salaire_min_legis,14.06.26,gauche,Morges,Saint-Oyens,5436,286,183,12,0,183,88,48.08743169398907,83,45.3551912568306,63.98601398601399
salaire_min_legis_cp,14.06.26,droite,Morges,Saint-Oyens,5436,286,183,14,0,183,84,45.90163934426229,85,46.44808743169399,63.98601398601399
salaire_min_legis_sub,14.06.26,gauche,Morges,Saint-Oyens,5436,286,183,17,0,183,64,34.97267759562842,102,55.73770491803278,63.98601398601399
salaire_min_legis,14.06.26,gauche,Morges,Saint-Prex,5646,3034,1773,109,2,1771,686,38.73517786561265,976,55.11010728402033,58.43770599868161
salaire_min_legis_cp,14.06.26,droite,Morges,Saint-Prex,5646,3034,1773,126,2,1771,930,52.51270468661773,715,40.37267080745342,58.43770599868161
salaire_min_legis_sub,14.06.26,gauche,Morges,Saint-Prex,5646,3034,1773,144,2,1771,648,36.58949745906268,979,55.27950310559007,58.43770599868161
salaire_min_legis,14.06.26,gauche,Morges,Saubraz,5437,258,139,4,3,136,67,49.26470588235294,65,47.794117647058826,53.875968992248055
salaire_min_legis_cp,14.06.26,droite,Morges,Saubraz,5437,258,139,5,3,136,64,47.05882352941176,67,49.26470588235294,53.875968992248055
salaire_min_legis_sub,14.06.26,gauche,Morges,Saubraz,5437,258,139,11,3,136,57,41.911764705882355,68,50,53.875968992248055
salaire_min_legis,14.06.26,gauche,Morges,Senarclens,5499,330,185,7,0,185,60,32.432432432432435,118,63.78378378378379,56.060606060606055
salaire_min_legis_cp,14.06.26,droite,Morges,Senarclens,5499,330,185,8,0,185,111,60,66,35.67567567567568,56.060606060606055
salaire_min_legis_sub,14.06.26,gauche,Morges,Senarclens,5499,330,185,14,0,185,59,31.891891891891895,112,60.54054054054055,56.060606060606055
salaire_min_legis,14.06.26,gauche,Morges,Tolochenaz,5649,1302,613,40,5,608,258,42.43421052631579,310,50.98684210526315,47.08141321044547
salaire_min_legis_cp,14.06.26,droite,Morges,Tolochenaz,5649,1302,613,43,5,608,289,47.53289473684211,276,45.39473684210527,47.08141321044547
salaire_min_legis_sub,14.06.26,gauche,Morges,Tolochenaz,5649,1302,613,65,5,608,241,39.63815789473684,302,49.67105263157895,47.08141321044547
salaire_min_legis,14.06.26,gauche,Morges,Vaux-sur-Morges,5650,128,99,8,0,99,41,41.41414141414141,50,50.505050505050505,77.34375
salaire_min_legis_cp,14.06.26,droite,Morges,Vaux-sur-Morges,5650,128,99,7,0,99,54,54.54545454545454,38,38.38383838383838,77.34375
salaire_min_legis_sub,14.06.26,gauche,Morges,Vaux-sur-Morges,5650,128,99,8,0,99,39,39.39393939393939,52,52.52525252525253,77.34375
salaire_min_legis,14.06.26,gauche,Morges,Villars-sous-Yens,5652,383,243,3,0,243,115,47.325102880658434,125,51.440329218106996,63.44647519582245
salaire_min_legis_cp,14.06.26,droite,Morges,Villars-sous-Yens,5652,383,243,5,0,243,123,50.617283950617285,115,47.325102880658434,63.44647519582245
salaire_min_legis_sub,14.06.26,gauche,Morges,Villars-sous-Yens,5652,383,243,11,0,243,104,42.79835390946502,128,52.674897119341566,63.44647519582245
salaire_min_legis,14.06.26,gauche,Morges,Vufflens-le-Château,5653,573,377,17,3,374,114,30.481283422459892,243,64.97326203208557,65.79406631762653
salaire_min_legis_cp,14.06.26,droite,Morges,Vufflens-le-Château,5653,573,377,18,3,374,219,58.55614973262032,137,36.63101604278075,65.79406631762653
salaire_min_legis_sub,14.06.26,gauche,Morges,Vufflens-le-Château,5653,573,377,26,3,374,107,28.609625668449194,241,64.43850267379679,65.79406631762653
salaire_min_legis,14.06.26,gauche,Morges,Vullierens,5654,357,207,13,0,207,66,31.88405797101449,128,61.83574879227053,57.98319327731093
salaire_min_legis_cp,14.06.26,droite,Morges,Vullierens,5654,357,207,6,0,207,123,59.42028985507246,78,37.68115942028986,57.98319327731093
salaire_min_legis_sub,14.06.26,gauche,Morges,Vullierens,5654,357,207,19,0,207,64,30.917874396135264,124,59.90338164251207,57.98319327731093
salaire_min_legis,14.06.26,gauche,Morges,Yens,5655,884,540,26,0,540,176,32.592592592592595,338,62.59259259259259,61.085972850678736
salaire_min_legis_cp,14.06.26,droite,Morges,Yens,5655,884,540,30,0,540,276,51.11111111111111,234,43.333333333333336,61.085972850678736
salaire_min_legis_sub,14.06.26,gauche,Morges,Yens,5655,884,540,39,0,540,170,31.48148148148148,331,61.29629629629629,61.085972850678736
salaire_min_legis,14.06.26,gauche,Nyon,Arnex-sur-Nyon,5701,178,88,2,0,88,27,30.681818181818183,59,67.04545454545455,49.43820224719101
salaire_min_legis_cp,14.06.26,droite,Nyon,Arnex-sur-Nyon,5701,178,88,4,0,88,62,70.45454545454545,22,25,49.43820224719101
salaire_min_legis_sub,14.06.26,gauche,Nyon,Arnex-sur-Nyon,5701,178,88,4,0,88,23,26.136363636363637,61,69.31818181818183,49.43820224719101
salaire_min_legis,14.06.26,gauche,Nyon,Arzier - Le Muids,5702,1708,1071,103,0,1071,378,35.294117647058826,590,55.08870214752568,62.704918032786885
salaire_min_legis_cp,14.06.26,droite,Nyon,Arzier - Le Muids,5702,1708,1071,96,0,1071,554,51.72735760971056,421,39.30905695611578,62.704918032786885
salaire_min_legis_sub,14.06.26,gauche,Nyon,Arzier - Le Muids,5702,1708,1071,128,0,1071,354,33.0532212885154,589,54.995331465919705,62.704918032786885
salaire_min_legis,14.06.26,gauche,Nyon,Bassins,5703,878,539,45,0,539,211,39.14656771799629,283,52.50463821892394,61.38952164009112
salaire_min_legis_cp,14.06.26,droite,Nyon,Bassins,5703,878,539,44,0,539,282,52.319109461966605,213,39.51762523191095,61.38952164009112
salaire_min_legis_sub,14.06.26,gauche,Nyon,Bassins,5703,878,539,53,0,539,196,36.36363636363637,290,53.80333951762524,61.38952164009112
salaire_min_legis,14.06.26,gauche,Nyon,Begnins,5704,1220,674,22,4,670,263,39.25373134328358,385,57.46268656716418,55.24590163934426
salaire_min_legis_cp,14.06.26,droite,Nyon,Begnins,5704,1220,674,22,4,670,369,55.07462686567164,279,41.64179104477612,55.24590163934426
salaire_min_legis_sub,14.06.26,gauche,Nyon,Begnins,5704,1220,674,32,4,670,258,38.50746268656716,380,56.71641791044776,55.24590163934426
salaire_min_legis,14.06.26,gauche,Nyon,Bogis-Bossey,5705,493,305,7,0,305,117,38.36065573770492,181,59.34426229508196,61.86612576064908
salaire_min_legis_cp,14.06.26,droite,Nyon,Bogis-Bossey,5705,493,305,8,0,305,172,56.393442622950815,125,40.98360655737705,61.86612576064908
salaire_min_legis_sub,14.06.26,gauche,Nyon,Bogis-Bossey,5705,493,305,12,0,305,98,32.131147540983605,195,63.934426229508205,61.86612576064908
salaire_min_legis,14.06.26,gauche,Nyon,Borex,5706,710,423,7,0,423,187,44.2080378250591,229,54.1371158392435,59.57746478873239
salaire_min_legis_cp,14.06.26,droite,Nyon,Borex,5706,710,423,12,0,423,224,52.95508274231678,187,44.2080378250591,59.57746478873239
salaire_min_legis_sub,14.06.26,gauche,Nyon,Borex,5706,710,423,13,0,423,178,42.08037825059102,232,54.84633569739953,59.57746478873239
salaire_min_legis,14.06.26,gauche,Nyon,Bursinel,5852,313,195,7,16,179,65,36.312849162011176,107,59.77653631284916,62.30031948881789
salaire_min_legis_cp,14.06.26,droite,Nyon,Bursinel,5852,313,195,7,16,179,109,60.893854748603346,63,35.19553072625698,62.30031948881789
salaire_min_legis_sub,14.06.26,gauche,Nyon,Bursinel,5852,313,195,8,16,179,56,31.28491620111732,115,64.24581005586593,62.30031948881789
salaire_min_legis,14.06.26,gauche,Nyon,Bursins,5853,493,295,6,0,295,116,39.32203389830509,173,58.644067796610166,59.83772819472617
salaire_min_legis_cp,14.06.26,droite,Nyon,Bursins,5853,493,295,6,0,295,175,59.32203389830508,114,38.64406779661017,59.83772819472617
salaire_min_legis_sub,14.06.26,gauche,Nyon,Bursins,5853,493,295,19,0,295,105,35.59322033898305,171,57.96610169491525,59.83772819472617
salaire_min_legis,14.06.26,gauche,Nyon,Burtigny,5854,254,151,7,0,151,54,35.76158940397351,90,59.60264900662252,59.4488188976378
salaire_min_legis_cp,14.06.26,droite,Nyon,Burtigny,5854,254,151,4,0,151,95,62.913907284768214,52,34.437086092715234,59.4488188976378
salaire_min_legis_sub,14.06.26,gauche,Nyon,Burtigny,5854,254,151,10,0,151,48,31.788079470198678,93,61.58940397350994,59.4488188976378
salaire_min_legis,14.06.26,gauche,Nyon,Chavannes-de-Bogis,5707,668,354,17,5,349,106,30.37249283667622,226,64.75644699140402,52.99401197604791
salaire_min_legis_cp,14.06.26,droite,Nyon,Chavannes-de-Bogis,5707,668,354,21,5,349,217,62.17765042979943,111,31.805157593123205,52.99401197604791
salaire_min_legis_sub,14.06.26,gauche,Nyon,Chavannes-de-Bogis,5707,668,354,31,5,349,101,28.939828080229223,217,62.17765042979943,52.99401197604791
salaire_min_legis,14.06.26,gauche,Nyon,Chavannes-des-Bois,5708,488,302,15,1,301,95,31.561461794019934,191,63.45514950166113,61.885245901639344
salaire_min_legis_cp,14.06.26,droite,Nyon,Chavannes-des-Bois,5708,488,302,17,1,301,175,58.139534883720934,109,36.21262458471761,61.885245901639344
salaire_min_legis_sub,14.06.26,gauche,Nyon,Chavannes-des-Bois,5708,488,302,24,1,301,87,28.903654485049834,190,63.12292358803987,61.885245901639344
salaire_min_legis,14.06.26,gauche,Nyon,Chéserex,5709,781,497,38,1,496,154,31.048387096774192,304,61.29032258064516,63.63636363636363
salaire_min_legis_cp,14.06.26,droite,Nyon,Chéserex,5709,781,497,37,1,496,254,51.20967741935484,205,41.33064516129033,63.63636363636363
salaire_min_legis_sub,14.06.26,gauche,Nyon,Chéserex,5709,781,497,51,1,496,148,29.838709677419356,297,59.87903225806451,63.63636363636363
salaire_min_legis,14.06.26,gauche,Nyon,Coinsins,5710,317,182,12,0,182,65,35.714285714285715,105,57.692307692307686,57.413249211356465
salaire_min_legis_cp,14.06.26,droite,Nyon,Coinsins,5710,317,182,13,0,182,109,59.89010989010989,60,32.967032967032964,57.413249211356465
salaire_min_legis_sub,14.06.26,gauche,Nyon,Coinsins,5710,317,182,15,0,182,61,33.51648351648351,106,58.24175824175825,57.413249211356465
salaire_min_legis,14.06.26,gauche,Nyon,Commugny,5711,1468,884,29,0,884,306,34.61538461538461,549,62.10407239819005,60.217983651226156
salaire_min_legis_cp,14.06.26,droite,Nyon,Commugny,5711,1468,884,41,0,884,518,58.59728506787331,325,36.76470588235294,60.217983651226156
salaire_min_legis_sub,14.06.26,gauche,Nyon,Commugny,5711,1468,884,63,0,884,276,31.221719457013574,545,61.651583710407245,60.217983651226156
salaire_min_legis,14.06.26,gauche,Nyon,Coppet,5712,2056,1025,65,1,1024,337,32.91015625,622,60.7421875,49.85408560311284
salaire_min_legis_cp,14.06.26,droite,Nyon,Coppet,5712,2056,1025,68,1,1024,579,56.54296875,377,36.81640625,49.85408560311284
salaire_min_legis_sub,14.06.26,gauche,Nyon,Coppet,5712,2056,1025,80,1,1024,313,30.56640625,631,61.62109375,49.85408560311284
salaire_min_legis,14.06.26,gauche,Nyon,Crans,5713,1360,847,20,1,846,275,32.505910165484636,551,65.13002364066193,62.279411764705884
salaire_min_legis_cp,14.06.26,droite,Nyon,Crans,5713,1360,847,24,1,846,496,58.62884160756501,326,38.53427895981088,62.279411764705884
salaire_min_legis_sub,14.06.26,gauche,Nyon,Crans,5713,1360,847,20,1,846,324,38.297872340425535,502,59.33806146572104,62.279411764705884
salaire_min_legis,14.06.26,gauche,Nyon,Crassier,5714,757,438,14,0,438,189,43.15068493150685,235,53.65296803652968,57.85997357992074
salaire_min_legis_cp,14.06.26,droite,Nyon,Crassier,5714,757,438,20,0,438,232,52.96803652968036,186,42.465753424657535,57.85997357992074
salaire_min_legis_sub,14.06.26,gauche,Nyon,Crassier,5714,757,438,23,0,438,164,37.44292237442922,251,57.30593607305936,57.85997357992074
salaire_min_legis,14.06.26,gauche,Nyon,Duillier,5715,695,424,14,0,424,158,37.264150943396224,252,59.43396226415094,61.007194244604314
salaire_min_legis_cp,14.06.26,droite,Nyon,Duillier,5715,695,424,18,0,424,248,58.490566037735846,158,37.264150943396224,61.007194244604314
salaire_min_legis_sub,14.06.26,gauche,Nyon,Duillier,5715,695,424,18,0,424,248,58.490566037735846,158,37.264150943396224,61.007194244604314
salaire_min_legis,14.06.26,gauche,Nyon,Dully,5855,367,223,5,0,223,63,28.251121076233183,155,69.50672645739911,60.76294277929155
salaire_min_legis_cp,14.06.26,droite,Nyon,Dully,5855,367,223,4,0,223,139,62.33183856502242,80,35.874439461883405,60.76294277929155
salaire_min_legis_sub,14.06.26,gauche,Nyon,Dully,5855,367,223,15,0,223,55,24.663677130044842,153,68.60986547085201,60.76294277929155
salaire_min_legis,14.06.26,gauche,Nyon,Essertines-sur-Rolle,5856,436,287,9,0,287,102,35.54006968641115,176,61.32404181184668,65.82568807339449
salaire_min_legis_cp,14.06.26,droite,Nyon,Essertines-sur-Rolle,5856,436,287,11,0,287,168,58.536585365853654,108,37.63066202090592,65.82568807339449
salaire_min_legis_sub,14.06.26,gauche,Nyon,Essertines-sur-Rolle,5856,436,287,14,0,287,86,29.965156794425084,187,65.1567944250871,65.82568807339449
salaire_min_legis,14.06.26,gauche,Nyon,Eysins,5716,966,596,50,1,595,236,39.66386554621849,309,51.932773109243705,61.697722567287784
salaire_min_legis_cp,14.06.26,droite,Nyon,Eysins,5716,966,596,52,1,595,306,51.42857142857142,237,39.831932773109244,61.697722567287784
salaire_min_legis_sub,14.06.26,gauche,Nyon,Eysins,5716,966,596,66,1,595,222,37.3109243697479,307,51.59663865546219,61.697722567287784
salaire_min_legis,14.06.26,gauche,Nyon,Founex,5717,1761,1095,79,0,1095,373,34.06392694063927,643,58.72146118721461,62.180579216354346
salaire_min_legis_cp,14.06.26,droite,Nyon,Founex,5717,1761,1095,83,0,1095,591,53.97260273972603,421,38.44748858447489,62.180579216354346
salaire_min_legis_sub,14.06.26,gauche,Nyon,Founex,5717,1761,1095,102,0,1095,364,33.242009132420094,629,57.44292237442923,62.180579216354346
salaire_min_legis,14.06.26,gauche,Nyon,Genolier,5718,1190,738,36,1,737,228,30.936227951153324,473,64.17910447761194,62.016806722689076
salaire_min_legis_cp,14.06.26,droite,Nyon,Genolier,5718,1190,738,36,1,737,429,58.2089552238806,272,36.90637720488466,62.016806722689076
salaire_min_legis_sub,14.06.26,gauche,Nyon,Genolier,5718,1190,738,46,1,737,213,28.900949796472187,478,64.85753052917232,62.016806722689076
salaire_min_legis,14.06.26,gauche,Nyon,Gilly,5857,845,499,10,1,498,162,32.53012048192771,326,65.46184738955823,59.05325443786982
salaire_min_legis_cp,14.06.26,droite,Nyon,Gilly,5857,845,499,14,1,498,298,59.83935742971887,186,37.34939759036144,59.05325443786982
salaire_min_legis_sub,14.06.26,gauche,Nyon,Gilly,5857,845,499,16,1,498,149,29.919678714859437,333,66.86746987951807,59.05325443786982
salaire_min_legis,14.06.26,gauche,Nyon,Gingins,5719,788,471,27,0,471,167,35.45647558386412,277,58.81104033970276,59.77157360406091
salaire_min_legis_cp,14.06.26,droite,Nyon,Gingins,5719,788,471,31,0,471,264,56.05095541401274,176,37.367303609341825,59.77157360406091
salaire_min_legis_sub,14.06.26,gauche,Nyon,Gingins,5719,788,471,49,0,471,144,30.573248407643312,278,59.023354564755834,59.77157360406091
salaire_min_legis,14.06.26,gauche,Nyon,Givrins,5720,697,447,13,0,447,171,38.25503355704698,263,58.836689038031324,64.13199426111909
salaire_min_legis_cp,14.06.26,droite,Nyon,Givrins,5720,697,447,22,0,447,234,52.348993288590606,191,42.72930648769575,64.13199426111909
salaire_min_legis_sub,14.06.26,gauche,Nyon,Givrins,5720,697,447,28,0,447,151,33.78076062639821,268,59.95525727069351,64.13199426111909
salaire_min_legis,14.06.26,gauche,Nyon,Gland,5721,7303,4051,353,0,4051,1730,42.70550481362626,1968,48.58059738336213,55.470354648774475
salaire_min_legis_cp,14.06.26,droite,Nyon,Gland,5721,7303,4051,413,0,4051,1916,47.29696371266354,1722,42.508022710441864,55.470354648774475
salaire_min_legis_sub,14.06.26,gauche,Nyon,Gland,5721,7303,4051,474,0,4051,1604,39.59516168847198,1973,48.704023697852385,55.470354648774475
salaire_min_legis,14.06.26,gauche,Nyon,Grens,5722,252,163,1,0,163,70,42.944785276073624,92,56.44171779141104,64.68253968253968
salaire_min_legis_cp,14.06.26,droite,Nyon,Grens,5722,252,163,3,0,163,94,57.668711656441715,66,40.49079754601227,64.68253968253968
salaire_min_legis_sub,14.06.26,gauche,Nyon,Grens,5722,252,163,8,0,163,59,36.19631901840491,96,58.895705521472394,64.68253968253968
salaire_min_legis,14.06.26,gauche,Nyon,La Rippe,5726,722,438,15,0,438,159,36.3013698630137,264,60.273972602739725,60.664819944598335
salaire_min_legis_cp,14.06.26,droite,Nyon,La Rippe,5726,722,438,15,0,438,245,55.93607305936074,178,40.63926940639269,60.664819944598335
salaire_min_legis_sub,14.06.26,gauche,Nyon,La Rippe,5726,722,438,26,0,438,152,34.70319634703196,260,59.3607305936073,60.664819944598335
salaire_min_legis,14.06.26,gauche,Nyon,Le Vaud,5731,907,10,0,3,7,6,85.71428571428571,1,14.285714285714285,1.1025358324145533
salaire_min_legis_cp,14.06.26,droite,Nyon,Le Vaud,5731,907,10,0,3,7,5,71.42857142857143,2,28.57142857142857,1.1025358324145533
salaire_min_legis_sub,14.06.26,gauche,Nyon,Le Vaud,5731,907,10,0,3,7,5,71.42857142857143,2,28.57142857142857,1.1025358324145533
salaire_min_legis,14.06.26,gauche,Nyon,Longirod,5429,361,208,11,0,208,91,43.75,106,50.96153846153846,57.61772853185596
salaire_min_legis_cp,14.06.26,droite,Nyon,Longirod,5429,361,208,14,0,208,125,60.09615384615385,69,33.17307692307692,57.61772853185596
salaire_min_legis_sub,14.06.26,gauche,Nyon,Longirod,5429,361,208,18,0,208,73,35.09615384615385,117,56.25,57.61772853185596
salaire_min_legis,14.06.26,gauche,Nyon,Luins,5858,346,197,13,0,197,55,27.918781725888326,129,65.48223350253807,56.936416184971094
salaire_min_legis_cp,14.06.26,droite,Nyon,Luins,5858,346,197,19,0,197,116,58.88324873096447,62,31.472081218274113,56.936416184971094
salaire_min_legis_sub,14.06.26,gauche,Nyon,Luins,5858,346,197,17,0,197,128,64.9746192893401,52,26.39593908629442,56.936416184971094
salaire_min_legis,14.06.26,gauche,Nyon,Marchissy,5430,334,204,9,0,204,78,38.23529411764706,117,57.35294117647059,61.07784431137725
salaire_min_legis_cp,14.06.26,droite,Nyon,Marchissy,5430,334,204,11,0,204,113,55.392156862745104,80,39.21568627450981,61.07784431137725
salaire_min_legis_sub,14.06.26,gauche,Nyon,Marchissy,5430,334,204,20,0,204,71,34.80392156862745,113,55.392156862745104,61.07784431137725
salaire_min_legis,14.06.26,gauche,Nyon,Mies,5723,1094,643,48,0,643,236,36.70295489891136,359,55.83203732503888,58.775137111517374
salaire_min_legis_cp,14.06.26,droite,Nyon,Mies,5723,1094,643,55,0,643,335,52.099533437014,253,39.346811819595644,58.775137111517374
salaire_min_legis_sub,14.06.26,gauche,Nyon,Mies,5723,1094,643,63,0,643,212,32.97045101088647,368,57.23172628304821,58.775137111517374
salaire_min_legis,14.06.26,gauche,Nyon,Mont-sur-Rolle,5859,1627,922,65,0,922,365,39.58785249457701,492,53.36225596529284,56.66871542716656
salaire_min_legis_cp,14.06.26,droite,Nyon,Mont-sur-Rolle,5859,1627,922,61,0,922,477,51.735357917570504,384,41.64859002169197,56.66871542716656
salaire_min_legis_sub,14.06.26,gauche,Nyon,Mont-sur-Rolle,5859,1627,922,74,0,922,341,36.984815618221255,507,54.98915401301518,56.66871542716656
salaire_min_legis,14.06.26,gauche,Nyon,Nyon,5724,11365,6122,483,12,6110,2980,48.772504091653026,2647,43.32242225859247,53.86713594368676
salaire_min_legis_cp,14.06.26,droite,Nyon,Nyon,5724,11365,6122,501,12,6110,2693,44.07528641571194,2916,47.725040916530276,53.86713594368676
salaire_min_legis_sub,14.06.26,gauche,Nyon,Nyon,5724,11365,6122,602,12,6110,2769,45.31914893617021,2739,44.82815057283142,53.86713594368676
salaire_min_legis,14.06.26,gauche,Nyon,Perroy,5860,911,577,34,0,577,212,36.741767764298096,331,57.36568457538995,63.33699231613611
salaire_min_legis_cp,14.06.26,droite,Nyon,Perroy,5860,911,577,41,0,577,282,48.87348353552859,254,44.0207972270364,63.33699231613611
salaire_min_legis_sub,14.06.26,gauche,Nyon,Perroy,5860,911,577,56,0,577,196,33.96880415944541,325,56.32582322357019,63.33699231613611
salaire_min_legis,14.06.26,gauche,Nyon,Prangins,5725,2428,1510,119,3,1507,616,40.87591240875913,772,51.227604512276045,62.191103789126856
salaire_min_legis_cp,14.06.26,droite,Nyon,Prangins,5725,2428,1510,120,3,1507,765,50.76310550763105,622,41.27405441274055,62.191103789126856
salaire_min_legis_sub,14.06.26,gauche,Nyon,Prangins,5725,2428,1510,148,3,1507,581,38.553417385534175,778,51.625746516257465,62.191103789126856
salaire_min_legis,14.06.26,gauche,Nyon,Rolle,5861,3192,1739,124,0,1739,751,43.18573893041978,864,49.68372627947096,54.47994987468672
salaire_min_legis_cp,14.06.26,droite,Nyon,Rolle,5861,3192,1739,133,0,1739,834,47.958596894767105,772,44.39332949971248,54.47994987468672
salaire_min_legis_sub,14.06.26,gauche,Nyon,Rolle,5861,3192,1739,142,0,1739,722,41.518113858539394,875,50.31627372052904,54.47994987468672
salaire_min_legis,14.06.26,gauche,Nyon,Saint-Cergue,5727,1674,850,69,2,848,360,42.45283018867924,419,49.410377358490564,50.77658303464755
salaire_min_legis_cp,14.06.26,droite,Nyon,Saint-Cergue,5727,1674,850,75,2,848,413,48.70283018867924,360,42.45283018867924,50.77658303464755
salaire_min_legis_sub,14.06.26,gauche,Nyon,Saint-Cergue,5727,1674,850,86,2,848,336,39.62264150943396,426,50.235849056603776,50.77658303464755
salaire_min_legis,14.06.26,gauche,Nyon,Saint-George,5434,677,369,3,1,368,164,44.565217391304344,201,54.61956521739131,54.505169867060566
salaire_min_legis_cp,14.06.26,droite,Nyon,Saint-George,5434,677,369,16,1,368,192,52.17391304347826,160,43.47826086956522,54.505169867060566
salaire_min_legis_sub,14.06.26,gauche,Nyon,Saint-George,5434,677,369,21,1,368,145,39.40217391304348,202,54.891304347826086,54.505169867060566
salaire_min_legis,14.06.26,gauche,Nyon,Signy-Avenex,5728,359,216,13,0,216,70,32.407407407407405,133,61.57407407407407,60.16713091922006
salaire_min_legis_cp,14.06.26,droite,Nyon,Signy-Avenex,5728,359,216,16,0,216,112,51.85185185185185,88,40.74074074074074,60.16713091922006
salaire_min_legis_sub,14.06.26,gauche,Nyon,Signy-Avenex,5728,359,216,24,0,216,61,28.240740740740737,131,60.64814814814815,60.16713091922006
salaire_min_legis,14.06.26,gauche,Nyon,Tannay,5729,923,571,21,0,571,198,34.676007005253936,352,61.646234676007005,61.86348862405201
salaire_min_legis_cp,14.06.26,droite,Nyon,Tannay,5729,923,571,38,0,571,319,55.86690017513135,214,37.478108581436075,61.86348862405201
salaire_min_legis_sub,14.06.26,gauche,Nyon,Tannay,5729,923,571,42,0,571,182,31.873905429071804,347,60.770577933450085,61.86348862405201
salaire_min_legis,14.06.26,gauche,Nyon,Tartegnin,5862,131,79,5,0,79,19,24.050632911392405,55,69.62025316455697,60.30534351145038
salaire_min_legis_cp,14.06.26,droite,Nyon,Tartegnin,5862,131,79,6,0,79,43,54.43037974683544,30,37.9746835443038,60.30534351145038
salaire_min_legis_sub,14.06.26,gauche,Nyon,Tartegnin,5862,131,79,10,0,79,17,21.518987341772153,52,65.82278481012658,60.30534351145038
salaire_min_legis,14.06.26,gauche,Nyon,Trélex,5730,908,598,46,0,598,206,34.448160535117054,346,57.859531772575245,65.85903083700441
salaire_min_legis_cp,14.06.26,droite,Nyon,Trélex,5730,908,598,45,0,598,323,54.0133779264214,230,38.46153846153847,65.85903083700441
salaire_min_legis_sub,14.06.26,gauche,Nyon,Trélex,5730,908,598,51,0,598,196,32.77591973244147,351,58.69565217391305,65.85903083700441
salaire_min_legis,14.06.26,gauche,Nyon,Vich,5732,665,386,24,0,386,136,35.233160621761655,226,58.549222797927456,58.04511278195489
salaire_min_legis_cp,14.06.26,droite,Nyon,Vich,5732,665,386,22,0,386,218,56.476683937823836,146,37.82383419689119,58.04511278195489
salaire_min_legis_sub,14.06.26,gauche,Nyon,Vich,5732,665,386,35,0,386,131,33.93782383419689,220,56.994818652849744,58.04511278195489
salaire_min_legis,14.06.26,gauche,Nyon,Vinzel,5863,237,149,9,0,149,51,34.22818791946309,89,59.73154362416108,62.869198312236286
salaire_min_legis_cp,14.06.26,droite,Nyon,Vinzel,5863,237,149,11,0,149,80,53.691275167785236,58,38.92617449664429,62.869198312236286
salaire_min_legis_sub,14.06.26,gauche,Nyon,Vinzel,5863,237,149,15,0,149,49,32.88590604026846,85,57.04697986577181,62.869198312236286
salaire_min_legis,14.06.26,gauche,Ouest lausannois,Bussigny,5624,5702,2955,209,7,2948,1423,48.27001356852103,1316,44.640434192673,51.82392143107681
salaire_min_legis_cp,14.06.26,droite,Ouest lausannois,Bussigny,5624,5702,2955,214,7,2948,1328,45.047489823609226,1406,47.69335142469471,51.82392143107681
salaire_min_legis_sub,14.06.26,gauche,Ouest lausannois,Bussigny,5624,5702,2955,277,7,2948,1327,45.0135685210312,1344,45.59023066485753,51.82392143107681
salaire_min_legis,14.06.26,gauche,Ouest lausannois,Chavannes-près-Renens,5627,3694,1502,79,2,1500,919,61.266666666666666,502,33.46666666666667,40.66053059014618
salaire_min_legis_cp,14.06.26,droite,Ouest lausannois,Chavannes-près-Renens,5627,3694,1502,101,2,1500,553,36.86666666666667,846,56.39999999999999,40.66053059014618
salaire_min_legis_sub,14.06.26,gauche,Ouest lausannois,Chavannes-près-Renens,5627,3694,1502,119,2,1500,880,58.666666666666664,501,33.4,40.66053059014618
salaire_min_legis,14.06.26,gauche,Ouest lausannois,Crissier,5583,4934,2281,174,5,2276,1159,50.92267135325132,943,41.432337434094904,46.230239156870695
salaire_min_legis_cp,14.06.26,droite,Ouest lausannois,Crissier,5583,4934,2281,178,5,2276,969,42.57469244288225,1129,49.60456942003515,46.230239156870695
salaire_min_legis_sub,14.06.26,gauche,Ouest lausannois,Crissier,5583,4934,2281,219,5,2276,1079,47.40773286467487,978,42.9701230228471,46.230239156870695
salaire_min_legis,14.06.26,gauche,Ouest lausannois,Ecublens VD,5635,5742,2940,222,5,2935,1459,49.71039182282794,1254,42.72572402044293,51.20167189132706
salaire_min_legis_cp,14.06.26,droite,Ouest lausannois,Ecublens VD,5635,5742,2940,227,5,2935,1259,42.89608177172061,1449,49.36967632027257,51.20167189132706
salaire_min_legis_sub,14.06.26,gauche,Ouest lausannois,Ecublens VD,5635,5742,2940,277,5,2935,1349,45.96252129471891,1309,44.59965928449744,51.20167189132706
salaire_min_legis,14.06.26,gauche,Ouest lausannois,Prilly,5589,6009,3066,209,5,3061,1685,55.04737014047697,1167,38.12479581836001,51.0234648027958
salaire_min_legis_cp,14.06.26,droite,Ouest lausannois,Prilly,5589,6009,3066,237,5,3061,1233,40.28095393662202,1591,51.976478275073504,51.0234648027958
salaire_min_legis_sub,14.06.26,gauche,Ouest lausannois,Prilly,5589,6009,3066,279,5,3061,1540,50.31035609278014,1242,40.5749754982032,51.0234648027958
salaire_min_legis,14.06.26,gauche,Ouest lausannois,Renens VD,5591,8827,3886,237,15,3871,2352,60.75949367088608,1282,33.11805734952209,44.02401721989351
salaire_min_legis_cp,14.06.26,droite,Ouest lausannois,Renens VD,5591,8827,3886,276,15,3871,1390,35.908034099715834,2205,56.9620253164557,44.02401721989351
salaire_min_legis_sub,14.06.26,gauche,Ouest lausannois,Renens VD,5591,8827,3886,312,15,3871,2204,56.93619219839835,1355,35.003874967708605,44.02401721989351
salaire_min_legis,14.06.26,gauche,Ouest lausannois,Saint-Sulpice,5648,2291,1511,91,2,1509,568,37.64082173624917,850,56.32869449966865,65.95373199476211
salaire_min_legis_cp,14.06.26,droite,Ouest lausannois,Saint-Sulpice,5648,2291,1511,96,2,1509,790,52.352551358515576,623,41.2856196156395,65.95373199476211
salaire_min_legis_sub,14.06.26,gauche,Ouest lausannois,Saint-Sulpice,5648,2291,1511,111,2,1509,545,36.11663353214049,853,56.52750165672631,65.95373199476211
salaire_min_legis,14.06.26,gauche,Ouest lausannois,Villars-Sainte-Croix,5651,554,278,12,0,278,117,42.086330935251794,149,53.597122302158276,50.18050541516246
salaire_min_legis_cp,14.06.26,droite,Ouest lausannois,Villars-Sainte-Croix,5651,554,278,16,0,278,157,56.4748201438849,105,37.76978417266187,50.18050541516246
salaire_min_legis_sub,14.06.26,gauche,Ouest lausannois,Villars-Sainte-Croix,5651,554,278,14,0,278,109,39.20863309352518,155,55.75539568345324,50.18050541516246
salaire_min_legis,14.06.26,gauche,Vevey,Blonay - Saint-Légier,5892,7789,4703,369,3,4700,1702,36.212765957446805,2629,55.93617021276596,60.38002310951342
salaire_min_legis_cp,14.06.26,droite,Vevey,Blonay - Saint-Légier,5892,7789,4703,379,3,4700,2513,53.46808510638298,1808,38.46808510638298,60.38002310951342
salaire_min_legis_sub,14.06.26,gauche,Vevey,Blonay - Saint-Légier,5892,7789,4703,431,3,4700,1617,34.40425531914894,2652,56.42553191489361,60.38002310951342
salaire_min_legis,14.06.26,gauche,Vevey,Chardonne,5882,2131,1327,99,2,1325,521,39.320754716981135,705,53.20754716981132,62.27123416236508
salaire_min_legis_cp,14.06.26,droite,Vevey,Chardonne,5882,2131,1327,107,2,1325,657,49.58490566037736,561,42.339622641509436,62.27123416236508
salaire_min_legis_sub,14.06.26,gauche,Vevey,Chardonne,5882,2131,1327,113,2,1325,483,36.45283018867925,729,55.0188679245283,62.27123416236508
salaire_min_legis,14.06.26,gauche,Pays-d'Enhaut,Château-d'Oex,5841,2051,1070,100,3,1067,307,28.772258669165886,660,61.855670103092784,52.16967333008289
salaire_min_legis_cp,14.06.26,droite,Pays-d'Enhaut,Château-d'Oex,5841,2051,1070,109,3,1067,584,54.73289597000937,374,35.051546391752574,52.16967333008289
salaire_min_legis_sub,14.06.26,gauche,Pays-d'Enhaut,Château-d'Oex,5841,2051,1070,123,3,1067,310,29.053420805998126,634,59.41893158388004,52.16967333008289
salaire_min_legis,14.06.26,gauche,Vevey,Corseaux,5883,1445,960,66,1,959,374,38.99895724713243,519,54.11887382690303,66.43598615916954
salaire_min_legis_cp,14.06.26,droite,Vevey,Corseaux,5883,1445,960,74,1,959,507,52.86757038581856,378,39.416058394160586,66.43598615916954
salaire_min_legis_sub,14.06.26,gauche,Vevey,Corseaux,5883,1445,960,92,1,959,350,36.496350364963504,517,53.910323253388945,66.43598615916954
salaire_min_legis,14.06.26,gauche,Vevey,Corsier-sur-Vevey,5884,1930,1096,95,1,1095,541,49.406392694063925,459,41.917808219178085,56.78756476683938
salaire_min_legis_cp,14.06.26,droite,Vevey,Corsier-sur-Vevey,5884,1930,1096,103,1,1095,458,41.82648401826484,534,48.76712328767123,56.78756476683938
salaire_min_legis_sub,14.06.26,gauche,Vevey,Corsier-sur-Vevey,5884,1930,1096,118,1,1095,494,45.114155251141554,483,44.109589041095894,56.78756476683938
salaire_min_legis,14.06.26,gauche,Vevey,Jongny,5885,1113,757,32,1,756,305,40.34391534391534,419,55.42328042328042,68.01437556154536
salaire_min_legis_cp,14.06.26,droite,Vevey,Jongny,5885,1113,757,34,1,756,379,50.132275132275126,343,45.370370370370374,68.01437556154536
salaire_min_legis_sub,14.06.26,gauche,Vevey,Jongny,5885,1113,757,45,1,756,291,38.492063492063494,420,55.55555555555556,68.01437556154536
salaire_min_legis,14.06.26,gauche,Vevey,La Tour-de-Peilz,5889,7493,4467,343,3,4464,2146,48.07347670250896,1975,44.242831541218635,59.61564126518084
salaire_min_legis_cp,14.06.26,droite,Vevey,La Tour-de-Peilz,5889,7493,4467,375,3,4464,1952,43.727598566308245,2137,47.871863799283155,59.61564126518084
salaire_min_legis_sub,14.06.26,gauche,Vevey,La Tour-de-Peilz,5889,7493,4467,422,3,4464,2036,45.60931899641577,2006,44.937275985663085,59.61564126518084
salaire_min_legis,14.06.26,gauche,Vevey,Montreux,5886,12331,6278,445,15,6263,2868,45.79275107775827,2950,47.102027782213,50.912334766036814
salaire_min_legis_cp,14.06.26,droite,Vevey,Montreux,5886,12331,6278,506,15,6263,2837,45.29778061631806,2920,46.62302410985151,50.912334766036814
salaire_min_legis_sub,14.06.26,gauche,Vevey,Montreux,5886,12331,6278,565,15,6263,2644,42.21619032412582,3054,48.76257384639949,50.912334766036814
salaire_min_legis,14.06.26,gauche,Pays-d'Enhaut,Rossinière,5842,331,162,2,0,162,47,29.01234567901235,113,69.75308641975309,48.94259818731118
salaire_min_legis_cp,14.06.26,droite,Pays-d'Enhaut,Rossinière,5842,331,162,7,0,162,86,53.086419753086425,69,42.592592592592595,48.94259818731118
salaire_min_legis_sub,14.06.26,gauche,Pays-d'Enhaut,Rossinière,5842,331,162,8,0,162,50,30.864197530864196,104,64.19753086419753,48.94259818731118
salaire_min_legis,14.06.26,gauche,Pays-d'Enhaut,Rougemont,5843,438,183,4,1,182,29,15.934065934065933,149,81.86813186813187,41.78082191780822
salaire_min_legis_cp,14.06.26,droite,Pays-d'Enhaut,Rougemont,5843,438,183,7,1,182,117,64.28571428571429,58,31.868131868131865,41.78082191780822
salaire_min_legis_sub,14.06.26,gauche,Pays-d'Enhaut,Rougemont,5843,438,183,14,1,182,30,16.483516483516482,138,75.82417582417582,41.78082191780822
salaire_min_legis,14.06.26,gauche,Vevey,Vevey,5890,10009,5209,305,3,5206,3220,61.851709565885514,1681,32.28966577026508,52.043161154960536
salaire_min_legis_cp,14.06.26,droite,Vevey,Vevey,5890,10009,5209,370,3,5206,1849,35.51671148674606,2987,57.376104494813674,52.043161154960536
salaire_min_legis_sub,14.06.26,gauche,Vevey,Vevey,5890,10009,5209,414,3,5206,3026,58.12524010756819,1766,33.922397233960815,52.043161154960536
salaire_min_legis,14.06.26,gauche,Vevey,Veytaux,5891,518,266,10,0,266,122,45.86466165413533,134,50.37593984962406,51.35135135135135
salaire_min_legis_cp,14.06.26,droite,Vevey,Veytaux,5891,518,266,13,0,266,132,49.62406015037594,121,45.48872180451128,51.35135135135135
salaire_min_legis_sub,14.06.26,gauche,Vevey,Veytaux,5891,518,266,16,0,266,131,49.24812030075188,119,44.73684210526316,51.35135135135135
