votation,date,positionnement_politique_oui,district,Communes,code_ofs,Electeurs_inscrits,Bulletins_rentres,Blancs,Nuls,Valables,OUI,OUI_perc,NON,NON_perc,particip_perc
gc_2022_PS,20.03.22,centre-gauche,Vevey,Blonay - Saint-Légier,5892,,2601,0,0,2601,432,16.61%,2169,83.39%,
gc_2022_Gauche,20.03.22,gauche,Vevey,Blonay - Saint-Légier,5892,,2601,0,0,2601,131,5.04%,2470,94.96%,
gc_2022_extreme-droite,20.03.22,extreme-droite,Vevey,Blonay - Saint-Légier,5892,,2601,0,0,2601,326,12.53%,2275,87.47%,
gc_2022_droite-bourgeoise,20.03.22,droite,Vevey,Blonay - Saint-Légier,5892,,2601,0,0,2601,1091,41.95%,1510,58.05%,
gc_2022_centre,20.03.22,centre,Vevey,Blonay - Saint-Légier,5892,,2601,0,0,2601,312,12.00%,2289,88.00%,
gc_2022_verts,20.03.22,centre-gauche,Vevey,Blonay - Saint-Légier,5892,,2601,0,0,2601,308,11.84%,2293,88.16%,
gc_2022_PS,20.03.22,centre-gauche,Vevey,Chardonne,5882,,727,0,0,727,85,11.69%,642,88.31%,
gc_2022_Gauche,20.03.22,gauche,Vevey,Chardonne,5882,,727,0,0,727,55,7.57%,672,92.43%,
gc_2022_extreme-droite,20.03.22,extreme-droite,Vevey,Chardonne,5882,,727,0,0,727,114,15.68%,613,84.32%,
gc_2022_droite-bourgeoise,20.03.22,droite,Vevey,Chardonne,5882,,727,0,0,727,315,43.33%,412,56.67%,
gc_2022_centre,20.03.22,centre,Vevey,Chardonne,5882,,727,0,0,727,73,10.04%,654,89.96%,
gc_2022_verts,20.03.22,centre-gauche,Vevey,Chardonne,5882,,727,0,0,727,85,11.69%,642,88.31%,
gc_2022_PS,20.03.22,centre-gauche,Vevey,Corseaux,5883,,610,0,0,610,77,12.62%,533,87.38%,
gc_2022_Gauche,20.03.22,gauche,Vevey,Corseaux,5883,,610,0,0,610,34,5.57%,576,94.43%,
gc_2022_extreme-droite,20.03.22,extreme-droite,Vevey,Corseaux,5883,,610,0,0,610,83,13.61%,527,86.39%,
gc_2022_droite-bourgeoise,20.03.22,droite,Vevey,Corseaux,5883,,610,0,0,610,280,45.90%,330,54.10%,
gc_2022_centre,20.03.22,centre,Vevey,Corseaux,5883,,610,0,0,610,78,12.79%,532,87.21%,
gc_2022_verts,20.03.22,centre-gauche,Vevey,Corseaux,5883,,610,0,0,610,59,9.67%,551,90.33%,
gc_2022_PS,20.03.22,centre-gauche,Vevey,Corsier-sur-Vevey,5884,,629,0,0,629,134,21.30%,495,78.70%,
gc_2022_Gauche,20.03.22,gauche,Vevey,Corsier-sur-Vevey,5884,,629,0,0,629,61,9.70%,568,90.30%,
gc_2022_extreme-droite,20.03.22,extreme-droite,Vevey,Corsier-sur-Vevey,5884,,629,0,0,629,110,17.49%,519,82.51%,
gc_2022_droite-bourgeoise,20.03.22,droite,Vevey,Corsier-sur-Vevey,5884,,629,0,0,629,201,31.96%,428,68.04%,
gc_2022_centre,20.03.22,centre,Vevey,Corsier-sur-Vevey,5884,,629,0,0,629,45,7.15%,584,92.85%,
gc_2022_verts,20.03.22,centre-gauche,Vevey,Corsier-sur-Vevey,5884,,629,0,0,629,78,12.40%,551,87.60%,
gc_2022_PS,20.03.22,centre-gauche,Vevey,Jongny,5885,,388,0,0,388,56,14.43%,332,85.57%,
gc_2022_Gauche,20.03.22,gauche,Vevey,Jongny,5885,,388,0,0,388,24,6.19%,364,93.81%,
gc_2022_extreme-droite,20.03.22,extreme-droite,Vevey,Jongny,5885,,388,0,0,388,61,15.72%,327,84.28%,
gc_2022_droite-bourgeoise,20.03.22,droite,Vevey,Jongny,5885,,388,0,0,388,143,36.86%,245,63.14%,
gc_2022_centre,20.03.22,centre,Vevey,Jongny,5885,,388,0,0,388,52,13.40%,336,86.60%,
gc_2022_verts,20.03.22,centre-gauche,Vevey,Jongny,5885,,388,0,0,388,52,13.40%,336,86.60%,
gc_2022_PS,20.03.22,centre-gauche,Vevey,La Tour-de-Peilz,5889,,2411,0,0,2411,503,20.86%,1908,79.14%,
gc_2022_Gauche,20.03.22,gauche,Vevey,La Tour-de-Peilz,5889,,2411,0,0,2411,205,8.50%,2206,91.50%,
gc_2022_extreme-droite,20.03.22,extreme-droite,Vevey,La Tour-de-Peilz,5889,,2411,0,0,2411,291,12.07%,2120,87.93%,
gc_2022_droite-bourgeoise,20.03.22,droite,Vevey,La Tour-de-Peilz,5889,,2411,0,0,2411,781,32.39%,1630,67.61%,
gc_2022_centre,20.03.22,centre,Vevey,La Tour-de-Peilz,5889,,2411,0,0,2411,282,11.70%,2129,88.30%,
gc_2022_verts,20.03.22,centre-gauche,Vevey,La Tour-de-Peilz,5889,,2411,0,0,2411,348,14.43%,2063,85.57%,
gc_2022_PS,20.03.22,centre-gauche,Vevey,Montreux,5886,,3456,0,0,3456,858,24.83%,2598,75.17%,
gc_2022_Gauche,20.03.22,gauche,Vevey,Montreux,5886,,3456,0,0,3456,243,7.03%,3213,92.97%,
gc_2022_extreme-droite,20.03.22,extreme-droite,Vevey,Montreux,5886,,3456,0,0,3456,465,13.45%,2991,86.55%,
gc_2022_droite-bourgeoise,20.03.22,droite,Vevey,Montreux,5886,,3456,0,0,3456,1344,38.89%,2112,61.11%,
gc_2022_centre,20.03.22,centre,Vevey,Montreux,5886,,3456,0,0,3456,209,6.05%,3247,93.95%,
gc_2022_verts,20.03.22,centre-gauche,Vevey,Montreux,5886,,3456,0,0,3456,337,9.75%,3119,90.25%,
gc_2022_PS,20.03.22,centre-gauche,Vevey,Vevey,5890,,2884,0,0,2884,513,17.79%,2371,82.21%,
gc_2022_Gauche,20.03.22,gauche,Vevey,Vevey,5890,,2884,0,0,2884,698,24.20%,2186,75.80%,
gc_2022_extreme-droite,20.03.22,extreme-droite,Vevey,Vevey,5890,,2884,0,0,2884,247,8.56%,2637,91.44%,
gc_2022_droite-bourgeoise,20.03.22,droite,Vevey,Vevey,5890,,2884,0,0,2884,816,28.29%,2068,71.71%,
gc_2022_centre,20.03.22,centre,Vevey,Vevey,5890,,2884,0,0,2884,216,7.49%,2668,92.51%,
gc_2022_verts,20.03.22,centre-gauche,Vevey,Vevey,5890,,2884,0,0,2884,394,13.66%,2490,86.34%,
gc_2022_PS,20.03.22,centre-gauche,Vevey,Veytaux,5891,,157,0,0,157,35,22.29%,122,77.71%,
gc_2022_Gauche,20.03.22,gauche,Vevey,Veytaux,5891,,157,0,0,157,14,8.92%,143,91.08%,
gc_2022_extreme-droite,20.03.22,extreme-droite,Vevey,Veytaux,5891,,157,0,0,157,20,12.74%,137,87.26%,
gc_2022_droite-bourgeoise,20.03.22,droite,Vevey,Veytaux,5891,,157,0,0,157,64,40.76%,93,59.24%,
gc_2022_centre,20.03.22,centre,Vevey,Veytaux,5891,,157,0,0,157,8,5.10%,149,94.90%,
gc_2022_verts,20.03.22,centre-gauche,Vevey,Veytaux,5891,,157,0,0,157,15,9.55%,142,90.45%,
gc_2022_PS,20.03.22,centre-gauche,La Vallée,L'Abbaye,5871,,396,0,0,396,104,26.26%,292,73.74%,
gc_2022_Gauche,20.03.22,gauche,La Vallée,L'Abbaye,5871,,396,0,0,396,,0.00%,396,100.00%,
gc_2022_extreme-droite,20.03.22,extreme-droite,La Vallée,L'Abbaye,5871,,396,0,0,396,46,11.62%,350,88.38%,
gc_2022_droite-bourgeoise,20.03.22,droite,La Vallée,L'Abbaye,5871,,396,0,0,396,198,50.00%,198,50.00%,
gc_2022_centre,20.03.22,centre,La Vallée,L'Abbaye,5871,,396,0,0,396,17,4.29%,379,95.71%,
gc_2022_verts,20.03.22,centre-gauche,La Vallée,L'Abbaye,5871,,396,0,0,396,32,8.08%,364,91.92%,
gc_2022_PS,20.03.22,centre-gauche,La Vallée,Le Chenit,5872,,971,0,0,971,354,36.46%,617,63.54%,
gc_2022_Gauche,20.03.22,gauche,La Vallée,Le Chenit,5872,,971,0,0,971,,0.00%,971,100.00%,
gc_2022_extreme-droite,20.03.22,extreme-droite,La Vallée,Le Chenit,5872,,971,0,0,971,90,9.27%,881,90.73%,
gc_2022_droite-bourgeoise,20.03.22,droite,La Vallée,Le Chenit,5872,,971,0,0,971,399,41.09%,572,58.91%,
gc_2022_centre,20.03.22,centre,La Vallée,Le Chenit,5872,,971,0,0,971,32,3.30%,939,96.70%,
gc_2022_verts,20.03.22,centre-gauche,La Vallée,Le Chenit,5872,,971,0,0,971,94,9.68%,877,90.32%,
gc_2022_PS,20.03.22,centre-gauche,La Vallée,Le Lieu,5873,,280,0,0,280,81,28.93%,199,71.07%,
gc_2022_Gauche,20.03.22,gauche,La Vallée,Le Lieu,5873,,280,0,0,280,,0.00%,280,100.00%,
gc_2022_extreme-droite,20.03.22,extreme-droite,La Vallée,Le Lieu,5873,,280,0,0,280,23,8.21%,257,91.79%,
gc_2022_droite-bourgeoise,20.03.22,droite,La Vallée,Le Lieu,5873,,280,0,0,280,129,46.07%,151,53.93%,
gc_2022_centre,20.03.22,centre,La Vallée,Le Lieu,5873,,280,0,0,280,8,2.86%,272,97.14%,
gc_2022_verts,20.03.22,centre-gauche,La Vallée,Le Lieu,5873,,280,0,0,280,40,14.29%,240,85.71%,
gc_2022_PS,20.03.22,centre-gauche,Yverdon,Agiez,5742,,72,0,0,72,9,12.50%,63,87.50%,
gc_2022_Gauche,20.03.22,gauche,Yverdon,Agiez,5742,,72,0,0,72,6,8.33%,66,91.67%,
gc_2022_extreme-droite,20.03.22,extreme-droite,Yverdon,Agiez,5742,,72,0,0,72,19,26.39%,53,73.61%,
gc_2022_droite-bourgeoise,20.03.22,droite,Yverdon,Agiez,5742,,72,0,0,72,32,44.44%,40,55.56%,
gc_2022_centre,20.03.22,centre,Yverdon,Agiez,5742,,72,0,0,72,3,4.17%,69,95.83%,
gc_2022_verts,20.03.22,centre-gauche,Yverdon,Agiez,5742,,72,0,0,72,3,4.17%,69,95.83%,
gc_2022_PS,20.03.22,centre-gauche,Yverdon,Arnex-sur-Orbe,5743,,182,0,0,182,27,14.84%,155,85.16%,
gc_2022_Gauche,20.03.22,gauche,Yverdon,Arnex-sur-Orbe,5743,,182,0,0,182,14,7.69%,168,92.31%,
gc_2022_extreme-droite,20.03.22,extreme-droite,Yverdon,Arnex-sur-Orbe,5743,,182,0,0,182,36,19.78%,146,80.22%,
gc_2022_droite-bourgeoise,20.03.22,droite,Yverdon,Arnex-sur-Orbe,5743,,182,0,0,182,62,34.07%,120,65.93%,
gc_2022_centre,20.03.22,centre,Yverdon,Arnex-sur-Orbe,5743,,182,0,0,182,13,7.14%,169,92.86%,
gc_2022_verts,20.03.22,centre-gauche,Yverdon,Arnex-sur-Orbe,5743,,182,0,0,182,30,16.48%,152,83.52%,
gc_2022_PS,20.03.22,centre-gauche,Yverdon,Ballaigues,5744,,237,0,0,237,46,19.41%,191,80.59%,
gc_2022_Gauche,20.03.22,gauche,Yverdon,Ballaigues,5744,,237,0,0,237,17,7.17%,220,92.83%,
gc_2022_extreme-droite,20.03.22,extreme-droite,Yverdon,Ballaigues,5744,,237,0,0,237,45,18.99%,192,81.01%,
gc_2022_droite-bourgeoise,20.03.22,droite,Yverdon,Ballaigues,5744,,237,0,0,237,76,32.07%,161,67.93%,
gc_2022_centre,20.03.22,centre,Yverdon,Ballaigues,5744,,237,0,0,237,27,11.39%,210,88.61%,
gc_2022_verts,20.03.22,centre-gauche,Yverdon,Ballaigues,5744,,237,0,0,237,26,10.97%,211,89.03%,
gc_2022_PS,20.03.22,centre-gauche,Yverdon,Baulmes,5745,,285,0,0,285,58,20.35%,227,79.65%,
gc_2022_Gauche,20.03.22,gauche,Yverdon,Baulmes,5745,,285,0,0,285,39,13.68%,246,86.32%,
gc_2022_extreme-droite,20.03.22,extreme-droite,Yverdon,Baulmes,5745,,285,0,0,285,74,25.96%,211,74.04%,
gc_2022_droite-bourgeoise,20.03.22,droite,Yverdon,Baulmes,5745,,285,0,0,285,50,17.54%,235,82.46%,
gc_2022_centre,20.03.22,centre,Yverdon,Baulmes,5745,,285,0,0,285,25,8.77%,260,91.23%,
gc_2022_verts,20.03.22,centre-gauche,Yverdon,Baulmes,5745,,285,0,0,285,39,13.68%,246,86.32%,
gc_2022_PS,20.03.22,centre-gauche,Yverdon,Bavois,5746,,197,0,0,197,40,20.30%,157,79.70%,
gc_2022_Gauche,20.03.22,gauche,Yverdon,Bavois,5746,,197,0,0,197,14,7.11%,183,92.89%,
gc_2022_extreme-droite,20.03.22,extreme-droite,Yverdon,Bavois,5746,,197,0,0,197,55,27.92%,142,72.08%,
gc_2022_droite-bourgeoise,20.03.22,droite,Yverdon,Bavois,5746,,197,0,0,197,46,23.35%,151,76.65%,
gc_2022_centre,20.03.22,centre,Yverdon,Bavois,5746,,197,0,0,197,17,8.63%,180,91.37%,
gc_2022_verts,20.03.22,centre-gauche,Yverdon,Bavois,5746,,197,0,0,197,24,12.18%,173,87.82%,
gc_2022_PS,20.03.22,centre-gauche,Yverdon,Belmont-sur-Yverdon,5902,,98,0,0,98,11,11.22%,87,88.78%,
gc_2022_Gauche,20.03.22,gauche,Yverdon,Belmont-sur-Yverdon,5902,,98,0,0,98,8,8.16%,90,91.84%,
gc_2022_extreme-droite,20.03.22,extreme-droite,Yverdon,Belmont-sur-Yverdon,5902,,98,0,0,98,35,35.71%,63,64.29%,
gc_2022_droite-bourgeoise,20.03.22,droite,Yverdon,Belmont-sur-Yverdon,5902,,98,0,0,98,29,29.59%,69,70.41%,
gc_2022_centre,20.03.22,centre,Yverdon,Belmont-sur-Yverdon,5902,,98,0,0,98,5,5.10%,93,94.90%,
gc_2022_verts,20.03.22,centre-gauche,Yverdon,Belmont-sur-Yverdon,5902,,98,0,0,98,9,9.18%,89,90.82%,
gc_2022_PS,20.03.22,centre-gauche,Yverdon,Bioley-Magnoux,5903,,72,0,0,72,8,11.11%,64,88.89%,
gc_2022_Gauche,20.03.22,gauche,Yverdon,Bioley-Magnoux,5903,,72,0,0,72,5,6.94%,67,93.06%,
gc_2022_extreme-droite,20.03.22,extreme-droite,Yverdon,Bioley-Magnoux,5903,,72,0,0,72,29,40.28%,43,59.72%,
gc_2022_droite-bourgeoise,20.03.22,droite,Yverdon,Bioley-Magnoux,5903,,72,0,0,72,19,26.39%,53,73.61%,
gc_2022_centre,20.03.22,centre,Yverdon,Bioley-Magnoux,5903,,72,0,0,72,5,6.94%,67,93.06%,
gc_2022_verts,20.03.22,centre-gauche,Yverdon,Bioley-Magnoux,5903,,72,0,0,72,7,9.72%,65,90.28%,
gc_2022_PS,20.03.22,centre-gauche,Yverdon,Bofflens,5747,,74,0,0,74,10,13.51%,64,86.49%,
gc_2022_Gauche,20.03.22,gauche,Yverdon,Bofflens,5747,,74,0,0,74,3,4.05%,71,95.95%,
gc_2022_extreme-droite,20.03.22,extreme-droite,Yverdon,Bofflens,5747,,74,0,0,74,22,29.73%,52,70.27%,
gc_2022_droite-bourgeoise,20.03.22,droite,Yverdon,Bofflens,5747,,74,0,0,74,17,22.97%,57,77.03%,
gc_2022_centre,20.03.22,centre,Yverdon,Bofflens,5747,,74,0,0,74,12,16.22%,62,83.78%,
gc_2022_verts,20.03.22,centre-gauche,Yverdon,Bofflens,5747,,74,0,0,74,10,13.51%,64,86.49%,
gc_2022_PS,20.03.22,centre-gauche,Yverdon,Bonvillars,5551,,132,0,0,132,13,9.85%,119,90.15%,
gc_2022_Gauche,20.03.22,gauche,Yverdon,Bonvillars,5551,,132,0,0,132,7,5.30%,125,94.70%,
gc_2022_extreme-droite,20.03.22,extreme-droite,Yverdon,Bonvillars,5551,,132,0,0,132,33,25.00%,99,75.00%,
gc_2022_droite-bourgeoise,20.03.22,droite,Yverdon,Bonvillars,5551,,132,0,0,132,51,38.64%,81,61.36%,
gc_2022_centre,20.03.22,centre,Yverdon,Bonvillars,5551,,132,0,0,132,11,8.33%,121,91.67%,
gc_2022_verts,20.03.22,centre-gauche,Yverdon,Bonvillars,5551,,132,0,0,132,16,12.12%,116,87.88%,
gc_2022_PS,20.03.22,centre-gauche,Yverdon,Bretonnières,5748,,82,0,0,82,8,9.76%,74,90.24%,
gc_2022_Gauche,20.03.22,gauche,Yverdon,Bretonnières,5748,,82,0,0,82,8,9.76%,74,90.24%,
gc_2022_extreme-droite,20.03.22,extreme-droite,Yverdon,Bretonnières,5748,,82,0,0,82,21,25.61%,61,74.39%,
gc_2022_droite-bourgeoise,20.03.22,droite,Yverdon,Bretonnières,5748,,82,0,0,82,15,18.29%,67,81.71%,
gc_2022_centre,20.03.22,centre,Yverdon,Bretonnières,5748,,82,0,0,82,18,21.95%,64,78.05%,
gc_2022_verts,20.03.22,centre-gauche,Yverdon,Bretonnières,5748,,82,0,0,82,12,14.63%,70,85.37%,
gc_2022_PS,20.03.22,centre-gauche,Yverdon,Bullet,5552,,211,0,0,211,44,20.85%,167,79.15%,
gc_2022_Gauche,20.03.22,gauche,Yverdon,Bullet,5552,,211,0,0,211,8,3.79%,203,96.21%,
gc_2022_extreme-droite,20.03.22,extreme-droite,Yverdon,Bullet,5552,,211,0,0,211,57,27.01%,154,72.99%,
gc_2022_droite-bourgeoise,20.03.22,droite,Yverdon,Bullet,5552,,211,0,0,211,77,36.49%,134,63.51%,
gc_2022_centre,20.03.22,centre,Yverdon,Bullet,5552,,211,0,0,211,13,6.16%,198,93.84%,
gc_2022_verts,20.03.22,centre-gauche,Yverdon,Bullet,5552,,211,0,0,211,13,6.16%,198,93.84%,
gc_2022_PS,20.03.22,centre-gauche,Yverdon,Chamblon,5904,,142,0,0,142,27,19.01%,115,80.99%,
gc_2022_Gauche,20.03.22,gauche,Yverdon,Chamblon,5904,,142,0,0,142,11,7.75%,131,92.25%,
gc_2022_extreme-droite,20.03.22,extreme-droite,Yverdon,Chamblon,5904,,142,0,0,142,22,15.49%,120,84.51%,
gc_2022_droite-bourgeoise,20.03.22,droite,Yverdon,Chamblon,5904,,142,0,0,142,59,41.55%,83,58.45%,
gc_2022_centre,20.03.22,centre,Yverdon,Chamblon,5904,,142,0,0,142,12,8.45%,130,91.55%,
gc_2022_verts,20.03.22,centre-gauche,Yverdon,Chamblon,5904,,142,0,0,142,11,7.75%,131,92.25%,
gc_2022_PS,20.03.22,centre-gauche,Yverdon,Champagne,5553,,205,0,0,205,26,12.68%,179,87.32%,
gc_2022_Gauche,20.03.22,gauche,Yverdon,Champagne,5553,,205,0,0,205,20,9.76%,185,90.24%,
gc_2022_extreme-droite,20.03.22,extreme-droite,Yverdon,Champagne,5553,,205,0,0,205,41,20.00%,164,80.00%,
gc_2022_droite-bourgeoise,20.03.22,droite,Yverdon,Champagne,5553,,205,0,0,205,67,32.68%,138,67.32%,
gc_2022_centre,20.03.22,centre,Yverdon,Champagne,5553,,205,0,0,205,20,9.76%,185,90.24%,
gc_2022_verts,20.03.22,centre-gauche,Yverdon,Champagne,5553,,205,0,0,205,31,15.12%,174,84.88%,
gc_2022_PS,20.03.22,centre-gauche,Yverdon,Champvent,5905,,152,0,0,152,21,13.82%,131,86.18%,
gc_2022_Gauche,20.03.22,gauche,Yverdon,Champvent,5905,,152,0,0,152,7,4.61%,145,95.39%,
gc_2022_extreme-droite,20.03.22,extreme-droite,Yverdon,Champvent,5905,,152,0,0,152,41,26.97%,111,73.03%,
gc_2022_droite-bourgeoise,20.03.22,droite,Yverdon,Champvent,5905,,152,0,0,152,50,32.89%,102,67.11%,
gc_2022_centre,20.03.22,centre,Yverdon,Champvent,5905,,152,0,0,152,18,11.84%,134,88.16%,
gc_2022_verts,20.03.22,centre-gauche,Yverdon,Champvent,5905,,152,0,0,152,16,10.53%,136,89.47%,
gc_2022_PS,20.03.22,centre-gauche,Yverdon,Chavannes-le-Chêne,5907,,82,0,0,82,10,12.20%,72,87.80%,
gc_2022_Gauche,20.03.22,gauche,Yverdon,Chavannes-le-Chêne,5907,,82,0,0,82,2,2.44%,80,97.56%,
gc_2022_extreme-droite,20.03.22,extreme-droite,Yverdon,Chavannes-le-Chêne,5907,,82,0,0,82,37,45.12%,45,54.88%,
gc_2022_droite-bourgeoise,20.03.22,droite,Yverdon,Chavannes-le-Chêne,5907,,82,0,0,82,20,24.39%,62,75.61%,
gc_2022_centre,20.03.22,centre,Yverdon,Chavannes-le-Chêne,5907,,82,0,0,82,4,4.88%,78,95.12%,
gc_2022_verts,20.03.22,centre-gauche,Yverdon,Chavannes-le-Chêne,5907,,82,0,0,82,9,10.98%,73,89.02%,
gc_2022_PS,20.03.22,centre-gauche,Yverdon,Chavornay,5749,,881,0,0,881,130,14.76%,751,85.24%,
gc_2022_Gauche,20.03.22,gauche,Yverdon,Chavornay,5749,,881,0,0,881,73,8.29%,808,91.71%,
gc_2022_extreme-droite,20.03.22,extreme-droite,Yverdon,Chavornay,5749,,881,0,0,881,140,15.89%,741,84.11%,
gc_2022_droite-bourgeoise,20.03.22,droite,Yverdon,Chavornay,5749,,881,0,0,881,328,37.23%,553,62.77%,
gc_2022_centre,20.03.22,centre,Yverdon,Chavornay,5749,,881,0,0,881,95,10.78%,786,89.22%,
gc_2022_verts,20.03.22,centre-gauche,Yverdon,Chavornay,5749,,881,0,0,881,114,12.94%,767,87.06%,
gc_2022_PS,20.03.22,centre-gauche,Yverdon,Chêne-Pâquier,5908,,44,0,0,44,2,4.55%,42,95.45%,
gc_2022_Gauche,20.03.22,gauche,Yverdon,Chêne-Pâquier,5908,,44,0,0,44,6,13.64%,38,86.36%,
gc_2022_extreme-droite,20.03.22,extreme-droite,Yverdon,Chêne-Pâquier,5908,,44,0,0,44,11,25.00%,33,75.00%,
gc_2022_droite-bourgeoise,20.03.22,droite,Yverdon,Chêne-Pâquier,5908,,44,0,0,44,13,29.55%,31,70.45%,
gc_2022_centre,20.03.22,centre,Yverdon,Chêne-Pâquier,5908,,44,0,0,44,3,6.82%,41,93.18%,
gc_2022_verts,20.03.22,centre-gauche,Yverdon,Chêne-Pâquier,5908,,44,0,0,44,10,22.73%,34,77.27%,
gc_2022_PS,20.03.22,centre-gauche,Yverdon,Cheseaux-Noréaz,5909,,224,0,0,224,31,13.84%,193,86.16%,
gc_2022_Gauche,20.03.22,gauche,Yverdon,Cheseaux-Noréaz,5909,,224,0,0,224,10,4.46%,214,95.54%,
gc_2022_extreme-droite,20.03.22,extreme-droite,Yverdon,Cheseaux-Noréaz,5909,,224,0,0,224,30,13.39%,194,86.61%,
gc_2022_droite-bourgeoise,20.03.22,droite,Yverdon,Cheseaux-Noréaz,5909,,224,0,0,224,93,41.52%,131,58.48%,
gc_2022_centre,20.03.22,centre,Yverdon,Cheseaux-Noréaz,5909,,224,0,0,224,22,9.82%,202,90.18%,
gc_2022_verts,20.03.22,centre-gauche,Yverdon,Cheseaux-Noréaz,5909,,224,0,0,224,37,16.52%,187,83.48%,
gc_2022_PS,20.03.22,centre-gauche,Yverdon,Concise,5554,,244,0,0,244,38,15.57%,206,84.43%,
gc_2022_Gauche,20.03.22,gauche,Yverdon,Concise,5554,,244,0,0,244,21,8.61%,223,91.39%,
gc_2022_extreme-droite,20.03.22,extreme-droite,Yverdon,Concise,5554,,244,0,0,244,40,16.39%,204,83.61%,
gc_2022_droite-bourgeoise,20.03.22,droite,Yverdon,Concise,5554,,244,0,0,244,105,43.03%,139,56.97%,
gc_2022_centre,20.03.22,centre,Yverdon,Concise,5554,,244,0,0,244,14,5.74%,230,94.26%,
gc_2022_verts,20.03.22,centre-gauche,Yverdon,Concise,5554,,244,0,0,244,25,10.25%,219,89.75%,
gc_2022_PS,20.03.22,centre-gauche,Yverdon,Corcelles-près-Concise,5555,,89,0,0,89,17,19.10%,72,80.90%,
gc_2022_Gauche,20.03.22,gauche,Yverdon,Corcelles-près-Concise,5555,,89,0,0,89,6,6.74%,83,93.26%,
gc_2022_extreme-droite,20.03.22,extreme-droite,Yverdon,Corcelles-près-Concise,5555,,89,0,0,89,21,23.60%,68,76.40%,
gc_2022_droite-bourgeoise,20.03.22,droite,Yverdon,Corcelles-près-Concise,5555,,89,0,0,89,26,29.21%,63,70.79%,
gc_2022_centre,20.03.22,centre,Yverdon,Corcelles-près-Concise,5555,,89,0,0,89,7,7.87%,82,92.13%,
gc_2022_verts,20.03.22,centre-gauche,Yverdon,Corcelles-près-Concise,5555,,89,0,0,89,13,14.61%,76,85.39%,
gc_2022_PS,20.03.22,centre-gauche,Yverdon,Cronay,5910,,128,0,0,128,24,18.75%,104,81.25%,
gc_2022_Gauche,20.03.22,gauche,Yverdon,Cronay,5910,,128,0,0,128,7,5.47%,121,94.53%,
gc_2022_extreme-droite,20.03.22,extreme-droite,Yverdon,Cronay,5910,,128,0,0,128,46,35.94%,82,64.06%,
gc_2022_droite-bourgeoise,20.03.22,droite,Yverdon,Cronay,5910,,128,0,0,128,30,23.44%,98,76.56%,
gc_2022_centre,20.03.22,centre,Yverdon,Cronay,5910,,128,0,0,128,8,6.25%,120,93.75%,
gc_2022_verts,20.03.22,centre-gauche,Yverdon,Cronay,5910,,128,0,0,128,14,10.94%,114,89.06%,
gc_2022_PS,20.03.22,centre-gauche,Yverdon,Croy,5752,,98,0,0,98,26,26.53%,72,73.47%,
gc_2022_Gauche,20.03.22,gauche,Yverdon,Croy,5752,,98,0,0,98,9,9.18%,89,90.82%,
gc_2022_extreme-droite,20.03.22,extreme-droite,Yverdon,Croy,5752,,98,0,0,98,12,12.24%,86,87.76%,
gc_2022_droite-bourgeoise,20.03.22,droite,Yverdon,Croy,5752,,98,0,0,98,24,24.49%,74,75.51%,
gc_2022_centre,20.03.22,centre,Yverdon,Croy,5752,,98,0,0,98,10,10.20%,88,89.80%,
gc_2022_verts,20.03.22,centre-gauche,Yverdon,Croy,5752,,98,0,0,98,16,16.33%,82,83.67%,
gc_2022_PS,20.03.22,centre-gauche,Yverdon,Cuarny,5911,,59,0,0,59,8,13.56%,51,86.44%,
gc_2022_Gauche,20.03.22,gauche,Yverdon,Cuarny,5911,,59,0,0,59,2,3.39%,57,96.61%,
gc_2022_extreme-droite,20.03.22,extreme-droite,Yverdon,Cuarny,5911,,59,0,0,59,26,44.07%,33,55.93%,
gc_2022_droite-bourgeoise,20.03.22,droite,Yverdon,Cuarny,5911,,59,0,0,59,17,28.81%,42,71.19%,
gc_2022_centre,20.03.22,centre,Yverdon,Cuarny,5911,,59,0,0,59,5,8.47%,54,91.53%,
gc_2022_verts,20.03.22,centre-gauche,Yverdon,Cuarny,5911,,59,0,0,59,1,1.69%,58,98.31%,
gc_2022_PS,20.03.22,centre-gauche,Yverdon,Démoret,5912,,57,0,0,57,2,3.51%,55,96.49%,
gc_2022_Gauche,20.03.22,gauche,Yverdon,Démoret,5912,,57,0,0,57,6,10.53%,51,89.47%,
gc_2022_extreme-droite,20.03.22,extreme-droite,Yverdon,Démoret,5912,,57,0,0,57,22,38.60%,35,61.40%,
gc_2022_droite-bourgeoise,20.03.22,droite,Yverdon,Démoret,5912,,57,0,0,57,19,33.33%,38,66.67%,
gc_2022_centre,20.03.22,centre,Yverdon,Démoret,5912,,57,0,0,57,4,7.02%,53,92.98%,
gc_2022_verts,20.03.22,centre-gauche,Yverdon,Démoret,5912,,57,0,0,57,6,10.53%,51,89.47%,
gc_2022_PS,20.03.22,centre-gauche,Yverdon,Donneloye,5913,,211,0,0,211,27,12.80%,184,87.20%,
gc_2022_Gauche,20.03.22,gauche,Yverdon,Donneloye,5913,,211,0,0,211,19,9.00%,192,91.00%,
gc_2022_extreme-droite,20.03.22,extreme-droite,Yverdon,Donneloye,5913,,211,0,0,211,66,31.28%,145,68.72%,
gc_2022_droite-bourgeoise,20.03.22,droite,Yverdon,Donneloye,5913,,211,0,0,211,55,26.07%,156,73.93%,
gc_2022_centre,20.03.22,centre,Yverdon,Donneloye,5913,,211,0,0,211,15,7.11%,196,92.89%,
gc_2022_verts,20.03.22,centre-gauche,Yverdon,Donneloye,5913,,211,0,0,211,29,13.74%,182,86.26%,
gc_2022_PS,20.03.22,centre-gauche,Yverdon,Ependes VD,5914,,100,0,0,100,15,15.00%,85,85.00%,
gc_2022_Gauche,20.03.22,gauche,Yverdon,Ependes VD,5914,,100,0,0,100,5,5.00%,95,95.00%,
gc_2022_extreme-droite,20.03.22,extreme-droite,Yverdon,Ependes VD,5914,,100,0,0,100,29,29.00%,71,71.00%,
gc_2022_droite-bourgeoise,20.03.22,droite,Yverdon,Ependes VD,5914,,100,0,0,100,24,24.00%,76,76.00%,
gc_2022_centre,20.03.22,centre,Yverdon,Ependes VD,5914,,100,0,0,100,8,8.00%,92,92.00%,
gc_2022_verts,20.03.22,centre-gauche,Yverdon,Ependes VD,5914,,100,0,0,100,18,18.00%,82,82.00%,
gc_2022_PS,20.03.22,centre-gauche,Yverdon,Fiez,5556,,122,0,0,122,22,18.03%,100,81.97%,
gc_2022_Gauche,20.03.22,gauche,Yverdon,Fiez,5556,,122,0,0,122,10,8.20%,112,91.80%,
gc_2022_extreme-droite,20.03.22,extreme-droite,Yverdon,Fiez,5556,,122,0,0,122,17,13.93%,105,86.07%,
gc_2022_droite-bourgeoise,20.03.22,droite,Yverdon,Fiez,5556,,122,0,0,122,35,28.69%,87,71.31%,
gc_2022_centre,20.03.22,centre,Yverdon,Fiez,5556,,122,0,0,122,11,9.02%,111,90.98%,
gc_2022_verts,20.03.22,centre-gauche,Yverdon,Fiez,5556,,122,0,0,122,26,21.31%,96,78.69%,
gc_2022_PS,20.03.22,centre-gauche,Yverdon,Fontaines-sur-Grandson,5557,,47,0,0,47,11,23.40%,36,76.60%,
gc_2022_Gauche,20.03.22,gauche,Yverdon,Fontaines-sur-Grandson,5557,,47,0,0,47,2,4.26%,45,95.74%,
gc_2022_extreme-droite,20.03.22,extreme-droite,Yverdon,Fontaines-sur-Grandson,5557,,47,0,0,47,13,27.66%,34,72.34%,
gc_2022_droite-bourgeoise,20.03.22,droite,Yverdon,Fontaines-sur-Grandson,5557,,47,0,0,47,12,25.53%,35,74.47%,
gc_2022_centre,20.03.22,centre,Yverdon,Fontaines-sur-Grandson,5557,,47,0,0,47,2,4.26%,45,95.74%,
gc_2022_verts,20.03.22,centre-gauche,Yverdon,Fontaines-sur-Grandson,5557,,47,0,0,47,8,17.02%,39,82.98%,
gc_2022_PS,20.03.22,centre-gauche,Yverdon,Giez,5559,,109,0,0,109,23,21.10%,86,78.90%,
gc_2022_Gauche,20.03.22,gauche,Yverdon,Giez,5559,,109,0,0,109,6,5.50%,103,94.50%,
gc_2022_extreme-droite,20.03.22,extreme-droite,Yverdon,Giez,5559,,109,0,0,109,17,15.60%,92,84.40%,
gc_2022_droite-bourgeoise,20.03.22,droite,Yverdon,Giez,5559,,109,0,0,109,33,30.28%,76,69.72%,
gc_2022_centre,20.03.22,centre,Yverdon,Giez,5559,,109,0,0,109,10,9.17%,99,90.83%,
gc_2022_verts,20.03.22,centre-gauche,Yverdon,Giez,5559,,109,0,0,109,20,18.35%,89,81.65%,
gc_2022_PS,20.03.22,centre-gauche,Yverdon,Grandevent,5560,,61,0,0,61,11,18.03%,50,81.97%,
gc_2022_Gauche,20.03.22,gauche,Yverdon,Grandevent,5560,,61,0,0,61,1,1.64%,60,98.36%,
gc_2022_extreme-droite,20.03.22,extreme-droite,Yverdon,Grandevent,5560,,61,0,0,61,17,27.87%,44,72.13%,
gc_2022_droite-bourgeoise,20.03.22,droite,Yverdon,Grandevent,5560,,61,0,0,61,13,21.31%,48,78.69%,
gc_2022_centre,20.03.22,centre,Yverdon,Grandevent,5560,,61,0,0,61,7,11.48%,54,88.52%,
gc_2022_verts,20.03.22,centre-gauche,Yverdon,Grandevent,5560,,61,0,0,61,12,19.67%,49,80.33%,
gc_2022_PS,20.03.22,centre-gauche,Yverdon,Grandson,5561,,733,0,0,733,137,18.69%,596,81.31%,
gc_2022_Gauche,20.03.22,gauche,Yverdon,Grandson,5561,,733,0,0,733,51,6.96%,682,93.04%,
gc_2022_extreme-droite,20.03.22,extreme-droite,Yverdon,Grandson,5561,,733,0,0,733,73,9.96%,660,90.04%,
gc_2022_droite-bourgeoise,20.03.22,droite,Yverdon,Grandson,5561,,733,0,0,733,300,40.93%,433,59.07%,
gc_2022_centre,20.03.22,centre,Yverdon,Grandson,5561,,733,0,0,733,61,8.32%,672,91.68%,
gc_2022_verts,20.03.22,centre-gauche,Yverdon,Grandson,5561,,733,0,0,733,111,15.14%,622,84.86%,
gc_2022_PS,20.03.22,centre-gauche,Yverdon,Juriens,5754,,90,0,0,90,16,17.78%,74,82.22%,
gc_2022_Gauche,20.03.22,gauche,Yverdon,Juriens,5754,,90,0,0,90,4,4.44%,86,95.56%,
gc_2022_extreme-droite,20.03.22,extreme-droite,Yverdon,Juriens,5754,,90,0,0,90,13,14.44%,77,85.56%,
gc_2022_droite-bourgeoise,20.03.22,droite,Yverdon,Juriens,5754,,90,0,0,90,38,42.22%,52,57.78%,
gc_2022_centre,20.03.22,centre,Yverdon,Juriens,5754,,90,0,0,90,6,6.67%,84,93.33%,
gc_2022_verts,20.03.22,centre-gauche,Yverdon,Juriens,5754,,90,0,0,90,12,13.33%,78,86.67%,
gc_2022_PS,20.03.22,centre-gauche,Yverdon,La Praz,5758,,50,0,0,50,12,24.00%,38,76.00%,
gc_2022_Gauche,20.03.22,gauche,Yverdon,La Praz,5758,,50,0,0,50,7,14.00%,43,86.00%,
gc_2022_extreme-droite,20.03.22,extreme-droite,Yverdon,La Praz,5758,,50,0,0,50,15,30.00%,35,70.00%,
gc_2022_droite-bourgeoise,20.03.22,droite,Yverdon,La Praz,5758,,50,0,0,50,8,16.00%,42,84.00%,
gc_2022_centre,20.03.22,centre,Yverdon,La Praz,5758,,50,0,0,50,4,8.00%,46,92.00%,
gc_2022_verts,20.03.22,centre-gauche,Yverdon,La Praz,5758,,50,0,0,50,3,6.00%,47,94.00%,
gc_2022_PS,20.03.22,centre-gauche,Yverdon,L'Abergement,5741,,88,0,0,88,17,19.32%,71,80.68%,
gc_2022_Gauche,20.03.22,gauche,Yverdon,L'Abergement,5741,,88,0,0,88,8,9.09%,80,90.91%,
gc_2022_extreme-droite,20.03.22,extreme-droite,Yverdon,L'Abergement,5741,,88,0,0,88,22,25.00%,66,75.00%,
gc_2022_droite-bourgeoise,20.03.22,droite,Yverdon,L'Abergement,5741,,88,0,0,88,24,27.27%,64,72.73%,
gc_2022_centre,20.03.22,centre,Yverdon,L'Abergement,5741,,88,0,0,88,7,7.95%,81,92.05%,
gc_2022_verts,20.03.22,centre-gauche,Yverdon,L'Abergement,5741,,88,0,0,88,10,11.36%,78,88.64%,
gc_2022_PS,20.03.22,centre-gauche,Yverdon,Les Clées,5750,,60,0,0,60,10,16.67%,50,83.33%,
gc_2022_Gauche,20.03.22,gauche,Yverdon,Les Clées,5750,,60,0,0,60,8,13.33%,52,86.67%,
gc_2022_extreme-droite,20.03.22,extreme-droite,Yverdon,Les Clées,5750,,60,0,0,60,11,18.33%,49,81.67%,
gc_2022_droite-bourgeoise,20.03.22,droite,Yverdon,Les Clées,5750,,60,0,0,60,18,30.00%,42,70.00%,
gc_2022_centre,20.03.22,centre,Yverdon,Les Clées,5750,,60,0,0,60,8,13.33%,52,86.67%,
gc_2022_verts,20.03.22,centre-gauche,Yverdon,Les Clées,5750,,60,0,0,60,5,8.33%,55,91.67%,
gc_2022_PS,20.03.22,centre-gauche,Yverdon,Lignerolle,5755,,123,0,0,123,12,9.76%,111,90.24%,
gc_2022_Gauche,20.03.22,gauche,Yverdon,Lignerolle,5755,,123,0,0,123,6,4.88%,117,95.12%,
gc_2022_extreme-droite,20.03.22,extreme-droite,Yverdon,Lignerolle,5755,,123,0,0,123,29,23.58%,94,76.42%,
gc_2022_droite-bourgeoise,20.03.22,droite,Yverdon,Lignerolle,5755,,123,0,0,123,49,39.84%,74,60.16%,
gc_2022_centre,20.03.22,centre,Yverdon,Lignerolle,5755,,123,0,0,123,10,8.13%,113,91.87%,
gc_2022_verts,20.03.22,centre-gauche,Yverdon,Lignerolle,5755,,123,0,0,123,17,13.82%,106,86.18%,
gc_2022_PS,20.03.22,centre-gauche,Yverdon,Mathod,5919,,142,0,0,142,16,11.27%,126,88.73%,
gc_2022_Gauche,20.03.22,gauche,Yverdon,Mathod,5919,,142,0,0,142,16,11.27%,126,88.73%,
gc_2022_extreme-droite,20.03.22,extreme-droite,Yverdon,Mathod,5919,,142,0,0,142,39,27.46%,103,72.54%,
gc_2022_droite-bourgeoise,20.03.22,droite,Yverdon,Mathod,5919,,142,0,0,142,40,28.17%,102,71.83%,
gc_2022_centre,20.03.22,centre,Yverdon,Mathod,5919,,142,0,0,142,9,6.34%,133,93.66%,
gc_2022_verts,20.03.22,centre-gauche,Yverdon,Mathod,5919,,142,0,0,142,22,15.49%,120,84.51%,
gc_2022_PS,20.03.22,centre-gauche,Yverdon,Mauborget,5562,,49,0,0,49,6,12.24%,43,87.76%,
gc_2022_Gauche,20.03.22,gauche,Yverdon,Mauborget,5562,,49,0,0,49,4,8.16%,45,91.84%,
gc_2022_extreme-droite,20.03.22,extreme-droite,Yverdon,Mauborget,5562,,49,0,0,49,17,34.69%,32,65.31%,
gc_2022_droite-bourgeoise,20.03.22,droite,Yverdon,Mauborget,5562,,49,0,0,49,10,20.41%,39,79.59%,
gc_2022_centre,20.03.22,centre,Yverdon,Mauborget,5562,,49,0,0,49,1,2.04%,48,97.96%,
gc_2022_verts,20.03.22,centre-gauche,Yverdon,Mauborget,5562,,49,0,0,49,11,22.45%,38,77.55%,
gc_2022_PS,20.03.22,centre-gauche,Yverdon,Molondin,5921,,64,0,0,64,4,6.25%,60,93.75%,
gc_2022_Gauche,20.03.22,gauche,Yverdon,Molondin,5921,,64,0,0,64,1,1.56%,63,98.44%,
gc_2022_extreme-droite,20.03.22,extreme-droite,Yverdon,Molondin,5921,,64,0,0,64,23,35.94%,41,64.06%,
gc_2022_droite-bourgeoise,20.03.22,droite,Yverdon,Molondin,5921,,64,0,0,64,22,34.38%,42,65.62%,
gc_2022_centre,20.03.22,centre,Yverdon,Molondin,5921,,64,0,0,64,3,4.69%,61,95.31%,
gc_2022_verts,20.03.22,centre-gauche,Yverdon,Molondin,5921,,64,0,0,64,10,15.62%,54,84.38%,
gc_2022_PS,20.03.22,centre-gauche,Yverdon,Montagny-près-Yverdon,5922,,154,0,0,154,31,20.13%,123,79.87%,
gc_2022_Gauche,20.03.22,gauche,Yverdon,Montagny-près-Yverdon,5922,,154,0,0,154,8,5.19%,146,94.81%,
gc_2022_extreme-droite,20.03.22,extreme-droite,Yverdon,Montagny-près-Yverdon,5922,,154,0,0,154,29,18.83%,125,81.17%,
gc_2022_droite-bourgeoise,20.03.22,droite,Yverdon,Montagny-près-Yverdon,5922,,154,0,0,154,50,32.47%,104,67.53%,
gc_2022_centre,20.03.22,centre,Yverdon,Montagny-près-Yverdon,5922,,154,0,0,154,17,11.04%,137,88.96%,
gc_2022_verts,20.03.22,centre-gauche,Yverdon,Montagny-près-Yverdon,5922,,154,0,0,154,17,11.04%,137,88.96%,
gc_2022_PS,20.03.22,centre-gauche,Yverdon,Montcherand,5756,,120,0,0,120,13,10.83%,107,89.17%,
gc_2022_Gauche,20.03.22,gauche,Yverdon,Montcherand,5756,,120,0,0,120,10,8.33%,110,91.67%,
gc_2022_extreme-droite,20.03.22,extreme-droite,Yverdon,Montcherand,5756,,120,0,0,120,26,21.67%,94,78.33%,
gc_2022_droite-bourgeoise,20.03.22,droite,Yverdon,Montcherand,5756,,120,0,0,120,43,35.83%,77,64.17%,
gc_2022_centre,20.03.22,centre,Yverdon,Montcherand,5756,,120,0,0,120,10,8.33%,110,91.67%,
gc_2022_verts,20.03.22,centre-gauche,Yverdon,Montcherand,5756,,120,0,0,120,18,15.00%,102,85.00%,
gc_2022_PS,20.03.22,centre-gauche,Yverdon,Mutrux,5563,,40,0,0,40,7,17.50%,33,82.50%,
gc_2022_Gauche,20.03.22,gauche,Yverdon,Mutrux,5563,,40,0,0,40,2,5.00%,38,95.00%,
gc_2022_extreme-droite,20.03.22,extreme-droite,Yverdon,Mutrux,5563,,40,0,0,40,13,32.50%,27,67.50%,
gc_2022_droite-bourgeoise,20.03.22,droite,Yverdon,Mutrux,5563,,40,0,0,40,10,25.00%,30,75.00%,
gc_2022_centre,20.03.22,centre,Yverdon,Mutrux,5563,,40,0,0,40,1,2.50%,39,97.50%,
gc_2022_verts,20.03.22,centre-gauche,Yverdon,Mutrux,5563,,40,0,0,40,7,17.50%,33,82.50%,
gc_2022_PS,20.03.22,centre-gauche,Yverdon,Novalles,5564,,33,0,0,33,4,12.12%,29,87.88%,
gc_2022_Gauche,20.03.22,gauche,Yverdon,Novalles,5564,,33,0,0,33,,0.00%,33,100.00%,
gc_2022_extreme-droite,20.03.22,extreme-droite,Yverdon,Novalles,5564,,33,0,0,33,12,36.36%,21,63.64%,
gc_2022_droite-bourgeoise,20.03.22,droite,Yverdon,Novalles,5564,,33,0,0,33,11,33.33%,22,66.67%,
gc_2022_centre,20.03.22,centre,Yverdon,Novalles,5564,,33,0,0,33,1,3.03%,32,96.97%,
gc_2022_verts,20.03.22,centre-gauche,Yverdon,Novalles,5564,,33,0,0,33,5,15.15%,28,84.85%,
gc_2022_PS,20.03.22,centre-gauche,Yverdon,Onnens VD,5565,,110,0,0,110,27,24.55%,83,75.45%,
gc_2022_Gauche,20.03.22,gauche,Yverdon,Onnens VD,5565,,110,0,0,110,3,2.73%,107,97.27%,
gc_2022_extreme-droite,20.03.22,extreme-droite,Yverdon,Onnens VD,5565,,110,0,0,110,16,14.55%,94,85.45%,
gc_2022_droite-bourgeoise,20.03.22,droite,Yverdon,Onnens VD,5565,,110,0,0,110,33,30.00%,77,70.00%,
gc_2022_centre,20.03.22,centre,Yverdon,Onnens VD,5565,,110,0,0,110,12,10.91%,98,89.09%,
gc_2022_verts,20.03.22,centre-gauche,Yverdon,Onnens VD,5565,,110,0,0,110,19,17.27%,91,82.73%,
gc_2022_PS,20.03.22,centre-gauche,Yverdon,Orbe,5757,,1019,0,0,1019,247,24.24%,772,75.76%,
gc_2022_Gauche,20.03.22,gauche,Yverdon,Orbe,5757,,1019,0,0,1019,56,5.50%,963,94.50%,
gc_2022_extreme-droite,20.03.22,extreme-droite,Yverdon,Orbe,5757,,1019,0,0,1019,159,15.60%,860,84.40%,
gc_2022_droite-bourgeoise,20.03.22,droite,Yverdon,Orbe,5757,,1019,0,0,1019,316,31.01%,703,68.99%,
gc_2022_centre,20.03.22,centre,Yverdon,Orbe,5757,,1019,0,0,1019,87,8.54%,932,91.46%,
gc_2022_verts,20.03.22,centre-gauche,Yverdon,Orbe,5757,,1019,0,0,1019,154,15.11%,865,84.89%,
gc_2022_PS,20.03.22,centre-gauche,Yverdon,Orges,5924,,74,0,0,74,17,22.97%,57,77.03%,
gc_2022_Gauche,20.03.22,gauche,Yverdon,Orges,5924,,74,0,0,74,2,2.70%,72,97.30%,
gc_2022_extreme-droite,20.03.22,extreme-droite,Yverdon,Orges,5924,,74,0,0,74,27,36.49%,47,63.51%,
gc_2022_droite-bourgeoise,20.03.22,droite,Yverdon,Orges,5924,,74,0,0,74,17,22.97%,57,77.03%,
gc_2022_centre,20.03.22,centre,Yverdon,Orges,5924,,74,0,0,74,4,5.41%,70,94.59%,
gc_2022_verts,20.03.22,centre-gauche,Yverdon,Orges,5924,,74,0,0,74,7,9.46%,67,90.54%,
gc_2022_PS,20.03.22,centre-gauche,Yverdon,Orzens,5925,,70,0,0,70,8,11.43%,62,88.57%,
gc_2022_Gauche,20.03.22,gauche,Yverdon,Orzens,5925,,70,0,0,70,8,11.43%,62,88.57%,
gc_2022_extreme-droite,20.03.22,extreme-droite,Yverdon,Orzens,5925,,70,0,0,70,26,37.14%,44,62.86%,
gc_2022_droite-bourgeoise,20.03.22,droite,Yverdon,Orzens,5925,,70,0,0,70,18,25.71%,52,74.29%,
gc_2022_centre,20.03.22,centre,Yverdon,Orzens,5925,,70,0,0,70,3,4.29%,67,95.71%,
gc_2022_verts,20.03.22,centre-gauche,Yverdon,Orzens,5925,,70,0,0,70,8,11.43%,62,88.57%,
gc_2022_PS,20.03.22,centre-gauche,Yverdon,Pomy,5926,,221,0,0,221,24,10.86%,197,89.14%,
gc_2022_Gauche,20.03.22,gauche,Yverdon,Pomy,5926,,221,0,0,221,19,8.60%,202,91.40%,
gc_2022_extreme-droite,20.03.22,extreme-droite,Yverdon,Pomy,5926,,221,0,0,221,79,35.75%,142,64.25%,
gc_2022_droite-bourgeoise,20.03.22,droite,Yverdon,Pomy,5926,,221,0,0,221,54,24.43%,167,75.57%,
gc_2022_centre,20.03.22,centre,Yverdon,Pomy,5926,,221,0,0,221,21,9.50%,200,90.50%,
gc_2022_verts,20.03.22,centre-gauche,Yverdon,Pomy,5926,,221,0,0,221,26,11.76%,195,88.24%,
gc_2022_PS,20.03.22,centre-gauche,Yverdon,Premier,5759,,73,0,0,73,13,17.81%,60,82.19%,
gc_2022_Gauche,20.03.22,gauche,Yverdon,Premier,5759,,73,0,0,73,8,10.96%,65,89.04%,
gc_2022_extreme-droite,20.03.22,extreme-droite,Yverdon,Premier,5759,,73,0,0,73,24,32.88%,49,67.12%,
gc_2022_droite-bourgeoise,20.03.22,droite,Yverdon,Premier,5759,,73,0,0,73,17,23.29%,56,76.71%,
gc_2022_centre,20.03.22,centre,Yverdon,Premier,5759,,73,0,0,73,6,8.22%,67,91.78%,
gc_2022_verts,20.03.22,centre-gauche,Yverdon,Premier,5759,,73,0,0,73,5,6.85%,68,93.15%,
gc_2022_PS,20.03.22,centre-gauche,Yverdon,Provence,5566,,92,0,0,92,14,15.22%,78,84.78%,
gc_2022_Gauche,20.03.22,gauche,Yverdon,Provence,5566,,92,0,0,92,4,4.35%,88,95.65%,
gc_2022_extreme-droite,20.03.22,extreme-droite,Yverdon,Provence,5566,,92,0,0,92,39,42.39%,53,57.61%,
gc_2022_droite-bourgeoise,20.03.22,droite,Yverdon,Provence,5566,,92,0,0,92,20,21.74%,72,78.26%,
gc_2022_centre,20.03.22,centre,Yverdon,Provence,5566,,92,0,0,92,4,4.35%,88,95.65%,
gc_2022_verts,20.03.22,centre-gauche,Yverdon,Provence,5566,,92,0,0,92,11,11.96%,81,88.04%,
gc_2022_PS,20.03.22,centre-gauche,Yverdon,Rances,5760,,150,0,0,150,18,12.00%,132,88.00%,
gc_2022_Gauche,20.03.22,gauche,Yverdon,Rances,5760,,150,0,0,150,9,6.00%,141,94.00%,
gc_2022_extreme-droite,20.03.22,extreme-droite,Yverdon,Rances,5760,,150,0,0,150,41,27.33%,109,72.67%,
gc_2022_droite-bourgeoise,20.03.22,droite,Yverdon,Rances,5760,,150,0,0,150,43,28.67%,107,71.33%,
gc_2022_centre,20.03.22,centre,Yverdon,Rances,5760,,150,0,0,150,23,15.33%,127,84.67%,
gc_2022_verts,20.03.22,centre-gauche,Yverdon,Rances,5760,,150,0,0,150,17,11.33%,133,88.67%,
gc_2022_PS,20.03.22,centre-gauche,Yverdon,Romainmôtier-Envy,5761,,153,0,0,153,45,29.41%,108,70.59%,
gc_2022_Gauche,20.03.22,gauche,Yverdon,Romainmôtier-Envy,5761,,153,0,0,153,15,9.80%,138,90.20%,
gc_2022_extreme-droite,20.03.22,extreme-droite,Yverdon,Romainmôtier-Envy,5761,,153,0,0,153,23,15.03%,130,84.97%,
gc_2022_droite-bourgeoise,20.03.22,droite,Yverdon,Romainmôtier-Envy,5761,,153,0,0,153,18,11.76%,135,88.24%,
gc_2022_centre,20.03.22,centre,Yverdon,Romainmôtier-Envy,5761,,153,0,0,153,6,3.92%,147,96.08%,
gc_2022_verts,20.03.22,centre-gauche,Yverdon,Romainmôtier-Envy,5761,,153,0,0,153,46,30.07%,107,69.93%,
gc_2022_PS,20.03.22,centre-gauche,Yverdon,Rovray,5928,,71,0,0,71,6,8.45%,65,91.55%,
gc_2022_Gauche,20.03.22,gauche,Yverdon,Rovray,5928,,71,0,0,71,1,1.41%,70,98.59%,
gc_2022_extreme-droite,20.03.22,extreme-droite,Yverdon,Rovray,5928,,71,0,0,71,41,57.75%,30,42.25%,
gc_2022_droite-bourgeoise,20.03.22,droite,Yverdon,Rovray,5928,,71,0,0,71,17,23.94%,54,76.06%,
gc_2022_centre,20.03.22,centre,Yverdon,Rovray,5928,,71,0,0,71,4,5.63%,67,94.37%,
gc_2022_verts,20.03.22,centre-gauche,Yverdon,Rovray,5928,,71,0,0,71,3,4.23%,68,95.77%,
gc_2022_PS,20.03.22,centre-gauche,Yverdon,Sainte-Croix,5568,,1053,0,0,1053,317,30.10%,736,69.90%,
gc_2022_Gauche,20.03.22,gauche,Yverdon,Sainte-Croix,5568,,1053,0,0,1053,64,6.08%,989,93.92%,
gc_2022_extreme-droite,20.03.22,extreme-droite,Yverdon,Sainte-Croix,5568,,1053,0,0,1053,268,25.45%,785,74.55%,
gc_2022_droite-bourgeoise,20.03.22,droite,Yverdon,Sainte-Croix,5568,,1053,0,0,1053,260,24.69%,793,75.31%,
gc_2022_centre,20.03.22,centre,Yverdon,Sainte-Croix,5568,,1053,0,0,1053,46,4.37%,1007,95.63%,
gc_2022_verts,20.03.22,centre-gauche,Yverdon,Sainte-Croix,5568,,1053,0,0,1053,98,9.31%,955,90.69%,
gc_2022_PS,20.03.22,centre-gauche,Yverdon,Sergey,5762,,42,0,0,42,6,14.29%,36,85.71%,
gc_2022_Gauche,20.03.22,gauche,Yverdon,Sergey,5762,,42,0,0,42,5,11.90%,37,88.10%,
gc_2022_extreme-droite,20.03.22,extreme-droite,Yverdon,Sergey,5762,,42,0,0,42,16,38.10%,26,61.90%,
gc_2022_droite-bourgeoise,20.03.22,droite,Yverdon,Sergey,5762,,42,0,0,42,10,23.81%,32,76.19%,
gc_2022_centre,20.03.22,centre,Yverdon,Sergey,5762,,42,0,0,42,2,4.76%,40,95.24%,
gc_2022_verts,20.03.22,centre-gauche,Yverdon,Sergey,5762,,42,0,0,42,4,9.52%,38,90.48%,
gc_2022_PS,20.03.22,centre-gauche,Yverdon,Suchy,5929,,145,0,0,145,16,11.03%,129,88.97%,
gc_2022_Gauche,20.03.22,gauche,Yverdon,Suchy,5929,,145,0,0,145,5,3.45%,140,96.55%,
gc_2022_extreme-droite,20.03.22,extreme-droite,Yverdon,Suchy,5929,,145,0,0,145,48,33.10%,97,66.90%,
gc_2022_droite-bourgeoise,20.03.22,droite,Yverdon,Suchy,5929,,145,0,0,145,50,34.48%,95,65.52%,
gc_2022_centre,20.03.22,centre,Yverdon,Suchy,5929,,145,0,0,145,9,6.21%,136,93.79%,
gc_2022_verts,20.03.22,centre-gauche,Yverdon,Suchy,5929,,145,0,0,145,17,11.72%,128,88.28%,
gc_2022_PS,20.03.22,centre-gauche,Yverdon,Suscévaz,5930,,58,0,0,58,10,17.24%,48,82.76%,
gc_2022_Gauche,20.03.22,gauche,Yverdon,Suscévaz,5930,,58,0,0,58,1,1.72%,57,98.28%,
gc_2022_extreme-droite,20.03.22,extreme-droite,Yverdon,Suscévaz,5930,,58,0,0,58,17,29.31%,41,70.69%,
gc_2022_droite-bourgeoise,20.03.22,droite,Yverdon,Suscévaz,5930,,58,0,0,58,18,31.03%,40,68.97%,
gc_2022_centre,20.03.22,centre,Yverdon,Suscévaz,5930,,58,0,0,58,4,6.90%,54,93.10%,
gc_2022_verts,20.03.22,centre-gauche,Yverdon,Suscévaz,5930,,58,0,0,58,9,15.52%,49,84.48%,
gc_2022_PS,20.03.22,centre-gauche,Yverdon,Tévenon,5571,,179,0,0,179,35,19.55%,144,80.45%,
gc_2022_Gauche,20.03.22,gauche,Yverdon,Tévenon,5571,,179,0,0,179,17,9.50%,162,90.50%,
gc_2022_extreme-droite,20.03.22,extreme-droite,Yverdon,Tévenon,5571,,179,0,0,179,44,24.58%,135,75.42%,
gc_2022_droite-bourgeoise,20.03.22,droite,Yverdon,Tévenon,5571,,179,0,0,179,37,20.67%,142,79.33%,
gc_2022_centre,20.03.22,centre,Yverdon,Tévenon,5571,,179,0,0,179,15,8.38%,164,91.62%,
gc_2022_verts,20.03.22,centre-gauche,Yverdon,Tévenon,5571,,179,0,0,179,32,17.88%,147,82.12%,
gc_2022_PS,20.03.22,centre-gauche,Yverdon,Treycovagnes,5931,,83,0,0,83,27,32.53%,56,67.47%,
gc_2022_Gauche,20.03.22,gauche,Yverdon,Treycovagnes,5931,,83,0,0,83,4,4.82%,79,95.18%,
gc_2022_extreme-droite,20.03.22,extreme-droite,Yverdon,Treycovagnes,5931,,83,0,0,83,10,12.05%,73,87.95%,
gc_2022_droite-bourgeoise,20.03.22,droite,Yverdon,Treycovagnes,5931,,83,0,0,83,17,20.48%,66,79.52%,
gc_2022_centre,20.03.22,centre,Yverdon,Treycovagnes,5931,,83,0,0,83,13,15.66%,70,84.34%,
gc_2022_verts,20.03.22,centre-gauche,Yverdon,Treycovagnes,5931,,83,0,0,83,11,13.25%,72,86.75%,
gc_2022_PS,20.03.22,centre-gauche,Yverdon,Ursins,5932,,53,0,0,53,3,5.66%,50,94.34%,
gc_2022_Gauche,20.03.22,gauche,Yverdon,Ursins,5932,,53,0,0,53,2,3.77%,51,96.23%,
gc_2022_extreme-droite,20.03.22,extreme-droite,Yverdon,Ursins,5932,,53,0,0,53,21,39.62%,32,60.38%,
gc_2022_droite-bourgeoise,20.03.22,droite,Yverdon,Ursins,5932,,53,0,0,53,18,33.96%,35,66.04%,
gc_2022_centre,20.03.22,centre,Yverdon,Ursins,5932,,53,0,0,53,5,9.43%,48,90.57%,
gc_2022_verts,20.03.22,centre-gauche,Yverdon,Ursins,5932,,53,0,0,53,5,9.43%,48,90.57%,
gc_2022_PS,20.03.22,centre-gauche,Yverdon,Valeyres-sous-Montagny,5933,,169,0,0,169,32,18.93%,137,81.07%,
gc_2022_Gauche,20.03.22,gauche,Yverdon,Valeyres-sous-Montagny,5933,,169,0,0,169,11,6.51%,158,93.49%,
gc_2022_extreme-droite,20.03.22,extreme-droite,Yverdon,Valeyres-sous-Montagny,5933,,169,0,0,169,28,16.57%,141,83.43%,
gc_2022_droite-bourgeoise,20.03.22,droite,Yverdon,Valeyres-sous-Montagny,5933,,169,0,0,169,54,31.95%,115,68.05%,
gc_2022_centre,20.03.22,centre,Yverdon,Valeyres-sous-Montagny,5933,,169,0,0,169,19,11.24%,150,88.76%,
gc_2022_verts,20.03.22,centre-gauche,Yverdon,Valeyres-sous-Montagny,5933,,169,0,0,169,25,14.79%,144,85.21%,
gc_2022_PS,20.03.22,centre-gauche,Yverdon,Valeyres-sous-Rances,5763,,148,0,0,148,23,15.54%,125,84.46%,
gc_2022_Gauche,20.03.22,gauche,Yverdon,Valeyres-sous-Rances,5763,,148,0,0,148,8,5.41%,140,94.59%,
gc_2022_extreme-droite,20.03.22,extreme-droite,Yverdon,Valeyres-sous-Rances,5763,,148,0,0,148,39,26.35%,109,73.65%,
gc_2022_droite-bourgeoise,20.03.22,droite,Yverdon,Valeyres-sous-Rances,5763,,148,0,0,148,48,32.43%,100,67.57%,
gc_2022_centre,20.03.22,centre,Yverdon,Valeyres-sous-Rances,5763,,148,0,0,148,13,8.78%,135,91.22%,
gc_2022_verts,20.03.22,centre-gauche,Yverdon,Valeyres-sous-Rances,5763,,148,0,0,148,17,11.49%,131,88.51%,
gc_2022_PS,20.03.22,centre-gauche,Yverdon,Valeyres-sous-Ursins,5934,,94,0,0,94,12,12.77%,82,87.23%,
gc_2022_Gauche,20.03.22,gauche,Yverdon,Valeyres-sous-Ursins,5934,,94,0,0,94,11,11.70%,83,88.30%,
gc_2022_extreme-droite,20.03.22,extreme-droite,Yverdon,Valeyres-sous-Ursins,5934,,94,0,0,94,30,31.91%,64,68.09%,
gc_2022_droite-bourgeoise,20.03.22,droite,Yverdon,Valeyres-sous-Ursins,5934,,94,0,0,94,19,20.21%,75,79.79%,
gc_2022_centre,20.03.22,centre,Yverdon,Valeyres-sous-Ursins,5934,,94,0,0,94,10,10.64%,84,89.36%,
gc_2022_verts,20.03.22,centre-gauche,Yverdon,Valeyres-sous-Ursins,5934,,94,0,0,94,13,13.83%,81,86.17%,
gc_2022_PS,20.03.22,centre-gauche,Yverdon,Vallorbe,5764,,573,0,0,573,108,18.85%,465,81.15%,
gc_2022_Gauche,20.03.22,gauche,Yverdon,Vallorbe,5764,,573,0,0,573,23,4.01%,550,95.99%,
gc_2022_extreme-droite,20.03.22,extreme-droite,Yverdon,Vallorbe,5764,,573,0,0,573,102,17.80%,471,82.20%,
gc_2022_droite-bourgeoise,20.03.22,droite,Yverdon,Vallorbe,5764,,573,0,0,573,264,46.07%,309,53.93%,
gc_2022_centre,20.03.22,centre,Yverdon,Vallorbe,5764,,573,0,0,573,31,5.41%,542,94.59%,
gc_2022_verts,20.03.22,centre-gauche,Yverdon,Vallorbe,5764,,573,0,0,573,46,8.03%,527,91.97%,
gc_2022_PS,20.03.22,centre-gauche,Yverdon,Vaulion,5765,,138,0,0,138,14,10.14%,124,89.86%,
gc_2022_Gauche,20.03.22,gauche,Yverdon,Vaulion,5765,,138,0,0,138,9,6.52%,129,93.48%,
gc_2022_extreme-droite,20.03.22,extreme-droite,Yverdon,Vaulion,5765,,138,0,0,138,34,24.64%,104,75.36%,
gc_2022_droite-bourgeoise,20.03.22,droite,Yverdon,Vaulion,5765,,138,0,0,138,57,41.30%,81,58.70%,
gc_2022_centre,20.03.22,centre,Yverdon,Vaulion,5765,,138,0,0,138,11,7.97%,127,92.03%,
gc_2022_verts,20.03.22,centre-gauche,Yverdon,Vaulion,5765,,138,0,0,138,12,8.70%,126,91.30%,
gc_2022_PS,20.03.22,centre-gauche,Yverdon,Villars-Epeney,5935,,23,0,0,23,4,17.39%,19,82.61%,
gc_2022_Gauche,20.03.22,gauche,Yverdon,Villars-Epeney,5935,,23,0,0,23,1,4.35%,22,95.65%,
gc_2022_extreme-droite,20.03.22,extreme-droite,Yverdon,Villars-Epeney,5935,,23,0,0,23,12,52.17%,11,47.83%,
gc_2022_droite-bourgeoise,20.03.22,droite,Yverdon,Villars-Epeney,5935,,23,0,0,23,3,13.04%,20,86.96%,
gc_2022_centre,20.03.22,centre,Yverdon,Villars-Epeney,5935,,23,0,0,23,,0.00%,23,100.00%,
gc_2022_verts,20.03.22,centre-gauche,Yverdon,Villars-Epeney,5935,,23,0,0,23,2,8.70%,21,91.30%,
gc_2022_PS,20.03.22,centre-gauche,Yverdon,Vugelles-La Mothe,5937,,38,0,0,38,4,10.53%,34,89.47%,
gc_2022_Gauche,20.03.22,gauche,Yverdon,Vugelles-La Mothe,5937,,38,0,0,38,2,5.26%,36,94.74%,
gc_2022_extreme-droite,20.03.22,extreme-droite,Yverdon,Vugelles-La Mothe,5937,,38,0,0,38,21,55.26%,17,44.74%,
gc_2022_droite-bourgeoise,20.03.22,droite,Yverdon,Vugelles-La Mothe,5937,,38,0,0,38,5,13.16%,33,86.84%,
gc_2022_centre,20.03.22,centre,Yverdon,Vugelles-La Mothe,5937,,38,0,0,38,2,5.26%,36,94.74%,
gc_2022_verts,20.03.22,centre-gauche,Yverdon,Vugelles-La Mothe,5937,,38,0,0,38,4,10.53%,34,89.47%,
gc_2022_PS,20.03.22,centre-gauche,Yverdon,Vuiteboeuf,5766,,115,0,0,115,16,13.91%,99,86.09%,
gc_2022_Gauche,20.03.22,gauche,Yverdon,Vuiteboeuf,5766,,115,0,0,115,8,6.96%,107,93.04%,
gc_2022_extreme-droite,20.03.22,extreme-droite,Yverdon,Vuiteboeuf,5766,,115,0,0,115,33,28.70%,82,71.30%,
gc_2022_droite-bourgeoise,20.03.22,droite,Yverdon,Vuiteboeuf,5766,,115,0,0,115,37,32.17%,78,67.83%,
gc_2022_centre,20.03.22,centre,Yverdon,Vuiteboeuf,5766,,115,0,0,115,10,8.70%,105,91.30%,
gc_2022_verts,20.03.22,centre-gauche,Yverdon,Vuiteboeuf,5766,,115,0,0,115,12,10.43%,103,89.57%,
gc_2022_PS,20.03.22,centre-gauche,Yverdon,Yverdon-les-Bains,5938,,4321,0,0,4321,1110,25.69%,3211,74.31%,
gc_2022_Gauche,20.03.22,gauche,Yverdon,Yverdon-les-Bains,5938,,4321,0,0,4321,408,9.44%,3913,90.56%,
gc_2022_extreme-droite,20.03.22,extreme-droite,Yverdon,Yverdon-les-Bains,5938,,4321,0,0,4321,535,12.38%,3786,87.62%,
gc_2022_droite-bourgeoise,20.03.22,droite,Yverdon,Yverdon-les-Bains,5938,,4321,0,0,4321,1217,28.16%,3104,71.84%,
gc_2022_centre,20.03.22,centre,Yverdon,Yverdon-les-Bains,5938,,4321,0,0,4321,310,7.17%,4011,92.83%,
gc_2022_verts,20.03.22,centre-gauche,Yverdon,Yverdon-les-Bains,5938,,4321,0,0,4321,739,17.10%,3582,82.90%,
gc_2022_PS,20.03.22,centre-gauche,Yverdon,Yvonand,5939,,768,0,0,768,199,25.91%,569,74.09%,
gc_2022_Gauche,20.03.22,gauche,Yverdon,Yvonand,5939,,768,0,0,768,61,7.94%,707,92.06%,
gc_2022_extreme-droite,20.03.22,extreme-droite,Yverdon,Yvonand,5939,,768,0,0,768,179,23.31%,589,76.69%,
gc_2022_droite-bourgeoise,20.03.22,droite,Yverdon,Yvonand,5939,,768,0,0,768,180,23.44%,588,76.56%,
gc_2022_centre,20.03.22,centre,Yverdon,Yvonand,5939,,768,0,0,768,45,5.86%,723,94.14%,
gc_2022_verts,20.03.22,centre-gauche,Yverdon,Yvonand,5939,,768,0,0,768,103,13.41%,665,86.59%,
gc_2022_PS,20.03.22,centre-gauche,Lausanne-Ville,Lausanne,5586,,18616,0,0,18616,5426,29.15%,13190,70.85%,
gc_2022_Gauche,20.03.22,gauche,Lausanne-Ville,Lausanne,5586,,18616,0,0,18616,2310,12.41%,16306,87.59%,
gc_2022_extreme-droite,20.03.22,extreme-droite,Lausanne-Ville,Lausanne,5586,,18616,0,0,18616,1174,6.31%,17442,93.69%,
gc_2022_droite-bourgeoise,20.03.22,droite,Lausanne-Ville,Lausanne,5586,,18616,0,0,18616,4151,22.30%,14465,77.70%,
gc_2022_centre,20.03.22,centre,Lausanne-Ville,Lausanne,5586,,18616,0,0,18616,1846,9.92%,16770,90.08%,
gc_2022_verts,20.03.22,centre-gauche,Lausanne-Ville,Lausanne,5586,,18616,0,0,18616,3709,19.92%,14907,80.08%,
gc_2022_PS,20.03.22,centre-gauche,Romanel,Cheseaux-sur-Lausanne,5582,,812,0,0,812,180,22.17%,632,77.83%,
gc_2022_Gauche,20.03.22,gauche,Romanel,Cheseaux-sur-Lausanne,5582,,812,0,0,812,10,1.23%,802,98.77%,
gc_2022_extreme-droite,20.03.22,extreme-droite,Romanel,Cheseaux-sur-Lausanne,5582,,812,0,0,812,195,24.01%,617,75.99%,
gc_2022_droite-bourgeoise,20.03.22,droite,Romanel,Cheseaux-sur-Lausanne,5582,,812,0,0,812,219,26.97%,593,73.03%,
gc_2022_centre,20.03.22,centre,Romanel,Cheseaux-sur-Lausanne,5582,,812,0,0,812,72,8.87%,740,91.13%,
gc_2022_verts,20.03.22,centre-gauche,Romanel,Cheseaux-sur-Lausanne,5582,,812,0,0,812,135,16.63%,677,83.37%,
gc_2022_PS,20.03.22,centre-gauche,Romanel,Epalinges,5584,,2033,0,0,2033,408,20.07%,1625,79.93%,
gc_2022_Gauche,20.03.22,gauche,Romanel,Epalinges,5584,,2033,0,0,2033,27,1.33%,2006,98.67%,
gc_2022_extreme-droite,20.03.22,extreme-droite,Romanel,Epalinges,5584,,2033,0,0,2033,241,11.85%,1792,88.15%,
gc_2022_droite-bourgeoise,20.03.22,droite,Romanel,Epalinges,5584,,2033,0,0,2033,722,35.51%,1311,64.49%,
gc_2022_centre,20.03.22,centre,Romanel,Epalinges,5584,,2033,0,0,2033,237,11.66%,1796,88.34%,
gc_2022_verts,20.03.22,centre-gauche,Romanel,Epalinges,5584,,2033,0,0,2033,399,19.63%,1634,80.37%,
gc_2022_PS,20.03.22,centre-gauche,Romanel,Jouxtens-Mézery,5585,,382,0,0,382,58,15.18%,324,84.82%,
gc_2022_Gauche,20.03.22,gauche,Romanel,Jouxtens-Mézery,5585,,382,0,0,382,7,1.83%,375,98.17%,
gc_2022_extreme-droite,20.03.22,extreme-droite,Romanel,Jouxtens-Mézery,5585,,382,0,0,382,69,18.06%,313,81.94%,
gc_2022_droite-bourgeoise,20.03.22,droite,Romanel,Jouxtens-Mézery,5585,,382,0,0,382,152,39.79%,230,60.21%,
gc_2022_centre,20.03.22,centre,Romanel,Jouxtens-Mézery,5585,,382,0,0,382,43,11.26%,339,88.74%,
gc_2022_verts,20.03.22,centre-gauche,Romanel,Jouxtens-Mézery,5585,,382,0,0,382,52,13.61%,330,86.39%,
gc_2022_PS,20.03.22,centre-gauche,Romanel,Le Mont-sur-Lausanne,5587,,1559,0,0,1559,209,13.41%,1350,86.59%,
gc_2022_Gauche,20.03.22,gauche,Romanel,Le Mont-sur-Lausanne,5587,,1559,0,0,1559,36,2.31%,1523,97.69%,
gc_2022_extreme-droite,20.03.22,extreme-droite,Romanel,Le Mont-sur-Lausanne,5587,,1559,0,0,1559,211,13.53%,1348,86.47%,
gc_2022_droite-bourgeoise,20.03.22,droite,Romanel,Le Mont-sur-Lausanne,5587,,1559,0,0,1559,636,40.80%,923,59.20%,
gc_2022_centre,20.03.22,centre,Romanel,Le Mont-sur-Lausanne,5587,,1559,0,0,1559,144,9.24%,1415,90.76%,
gc_2022_verts,20.03.22,centre-gauche,Romanel,Le Mont-sur-Lausanne,5587,,1559,0,0,1559,322,20.65%,1237,79.35%,
gc_2022_PS,20.03.22,centre-gauche,Romanel,Romanel-sur-Lausanne,5592,,646,0,0,646,142,21.98%,504,78.02%,
gc_2022_Gauche,20.03.22,gauche,Romanel,Romanel-sur-Lausanne,5592,,646,0,0,646,12,1.86%,634,98.14%,
gc_2022_extreme-droite,20.03.22,extreme-droite,Romanel,Romanel-sur-Lausanne,5592,,646,0,0,646,124,19.20%,522,80.80%,
gc_2022_droite-bourgeoise,20.03.22,droite,Romanel,Romanel-sur-Lausanne,5592,,646,0,0,646,239,37.00%,407,63.00%,
gc_2022_centre,20.03.22,centre,Romanel,Romanel-sur-Lausanne,5592,,646,0,0,646,39,6.04%,607,93.96%,
gc_2022_verts,20.03.22,centre-gauche,Romanel,Romanel-sur-Lausanne,5592,,646,0,0,646,90,13.93%,556,86.07%,
gc_2022_PS,20.03.22,centre-gauche,Aigle,Aigle,5401,,1562,0,0,1562,326,20.87%,1236,79.13%,
gc_2022_Gauche,20.03.22,gauche,Aigle,Aigle,5401,,1562,0,0,1562,62,3.97%,1500,96.03%,
gc_2022_extreme-droite,20.03.22,extreme-droite,Aigle,Aigle,5401,,1562,0,0,1562,178,11.40%,1384,88.60%,
gc_2022_droite-bourgeoise,20.03.22,droite,Aigle,Aigle,5401,,1562,0,0,1562,663,42.45%,899,57.55%,
gc_2022_centre,20.03.22,centre,Aigle,Aigle,5401,,1562,0,0,1562,117,7.49%,1445,92.51%,
gc_2022_verts,20.03.22,centre-gauche,Aigle,Aigle,5401,,1562,0,0,1562,216,13.83%,1346,86.17%,
gc_2022_PS,20.03.22,centre-gauche,Aigle,Bex,5402,,1239,0,0,1239,359,28.97%,880,71.03%,
gc_2022_Gauche,20.03.22,gauche,Aigle,Bex,5402,,1239,0,0,1239,39,3.15%,1200,96.85%,
gc_2022_extreme-droite,20.03.22,extreme-droite,Aigle,Bex,5402,,1239,0,0,1239,195,15.74%,1044,84.26%,
gc_2022_droite-bourgeoise,20.03.22,droite,Aigle,Bex,5402,,1239,0,0,1239,277,22.36%,962,77.64%,
gc_2022_centre,20.03.22,centre,Aigle,Bex,5402,,1239,0,0,1239,213,17.19%,1026,82.81%,
gc_2022_verts,20.03.22,centre-gauche,Aigle,Bex,5402,,1239,0,0,1239,156,12.59%,1083,87.41%,
gc_2022_PS,20.03.22,centre-gauche,Aigle,Chessel,5403,,97,0,0,97,8,8.25%,89,91.75%,
gc_2022_Gauche,20.03.22,gauche,Aigle,Chessel,5403,,97,0,0,97,1,1.03%,96,98.97%,
gc_2022_extreme-droite,20.03.22,extreme-droite,Aigle,Chessel,5403,,97,0,0,97,24,24.74%,73,75.26%,
gc_2022_droite-bourgeoise,20.03.22,droite,Aigle,Chessel,5403,,97,0,0,97,43,44.33%,54,55.67%,
gc_2022_centre,20.03.22,centre,Aigle,Chessel,5403,,97,0,0,97,3,3.09%,94,96.91%,
gc_2022_verts,20.03.22,centre-gauche,Aigle,Chessel,5403,,97,0,0,97,18,18.56%,79,81.44%,
gc_2022_PS,20.03.22,centre-gauche,Aigle,Corbeyrier,5404,,130,0,0,130,25,19.23%,105,80.77%,
gc_2022_Gauche,20.03.22,gauche,Aigle,Corbeyrier,5404,,130,0,0,130,5,3.85%,125,96.15%,
gc_2022_extreme-droite,20.03.22,extreme-droite,Aigle,Corbeyrier,5404,,130,0,0,130,37,28.46%,93,71.54%,
gc_2022_droite-bourgeoise,20.03.22,droite,Aigle,Corbeyrier,5404,,130,0,0,130,34,26.15%,96,73.85%,
gc_2022_centre,20.03.22,centre,Aigle,Corbeyrier,5404,,130,0,0,130,10,7.69%,120,92.31%,
gc_2022_verts,20.03.22,centre-gauche,Aigle,Corbeyrier,5404,,130,0,0,130,18,13.85%,112,86.15%,
gc_2022_PS,20.03.22,centre-gauche,Aigle,Gryon,5405,,267,0,0,267,38,14.23%,229,85.77%,
gc_2022_Gauche,20.03.22,gauche,Aigle,Gryon,5405,,267,0,0,267,13,4.87%,254,95.13%,
gc_2022_extreme-droite,20.03.22,extreme-droite,Aigle,Gryon,5405,,267,0,0,267,44,16.48%,223,83.52%,
gc_2022_droite-bourgeoise,20.03.22,droite,Aigle,Gryon,5405,,267,0,0,267,92,34.46%,175,65.54%,
gc_2022_centre,20.03.22,centre,Aigle,Gryon,5405,,267,0,0,267,24,8.99%,243,91.01%,
gc_2022_verts,20.03.22,centre-gauche,Aigle,Gryon,5405,,267,0,0,267,56,20.97%,211,79.03%,
gc_2022_PS,20.03.22,centre-gauche,Aigle,Lavey-Morcles,5406,,164,0,0,164,31,18.90%,133,81.10%,
gc_2022_Gauche,20.03.22,gauche,Aigle,Lavey-Morcles,5406,,164,0,0,164,6,3.66%,158,96.34%,
gc_2022_extreme-droite,20.03.22,extreme-droite,Aigle,Lavey-Morcles,5406,,164,0,0,164,35,21.34%,129,78.66%,
gc_2022_droite-bourgeoise,20.03.22,droite,Aigle,Lavey-Morcles,5406,,164,0,0,164,55,33.54%,109,66.46%,
gc_2022_centre,20.03.22,centre,Aigle,Lavey-Morcles,5406,,164,0,0,164,20,12.20%,144,87.80%,
gc_2022_verts,20.03.22,centre-gauche,Aigle,Lavey-Morcles,5406,,164,0,0,164,17,10.37%,147,89.63%,
gc_2022_PS,20.03.22,centre-gauche,Aigle,Leysin,5407,,500,0,0,500,94,18.80%,406,81.20%,
gc_2022_Gauche,20.03.22,gauche,Aigle,Leysin,5407,,500,0,0,500,10,2.00%,490,98.00%,
gc_2022_extreme-droite,20.03.22,extreme-droite,Aigle,Leysin,5407,,500,0,0,500,40,8.00%,460,92.00%,
gc_2022_droite-bourgeoise,20.03.22,droite,Aigle,Leysin,5407,,500,0,0,500,245,49.00%,255,51.00%,
gc_2022_centre,20.03.22,centre,Aigle,Leysin,5407,,500,0,0,500,28,5.60%,472,94.40%,
gc_2022_verts,20.03.22,centre-gauche,Aigle,Leysin,5407,,500,0,0,500,82,16.40%,418,83.60%,
gc_2022_PS,20.03.22,centre-gauche,Aigle,Noville,5408,,199,0,0,199,38,19.10%,161,80.90%,
gc_2022_Gauche,20.03.22,gauche,Aigle,Noville,5408,,199,0,0,199,5,2.51%,194,97.49%,
gc_2022_extreme-droite,20.03.22,extreme-droite,Aigle,Noville,5408,,199,0,0,199,60,30.15%,139,69.85%,
gc_2022_droite-bourgeoise,20.03.22,droite,Aigle,Noville,5408,,199,0,0,199,61,30.65%,138,69.35%,
gc_2022_centre,20.03.22,centre,Aigle,Noville,5408,,199,0,0,199,8,4.02%,191,95.98%,
gc_2022_verts,20.03.22,centre-gauche,Aigle,Noville,5408,,199,0,0,199,28,14.07%,171,85.93%,
gc_2022_PS,20.03.22,centre-gauche,Aigle,Ollon VD,5409,,1543,0,0,1543,238,15.42%,1305,84.58%,
gc_2022_Gauche,20.03.22,gauche,Aigle,Ollon VD,5409,,1543,0,0,1543,42,2.72%,1501,97.28%,
gc_2022_extreme-droite,20.03.22,extreme-droite,Aigle,Ollon VD,5409,,1543,0,0,1543,233,15.10%,1310,84.90%,
gc_2022_droite-bourgeoise,20.03.22,droite,Aigle,Ollon VD,5409,,1543,0,0,1543,635,41.15%,908,58.85%,
gc_2022_centre,20.03.22,centre,Aigle,Ollon VD,5409,,1543,0,0,1543,94,6.09%,1449,93.91%,
gc_2022_verts,20.03.22,centre-gauche,Aigle,Ollon VD,5409,,1543,0,0,1543,301,19.51%,1242,80.49%,
gc_2022_PS,20.03.22,centre-gauche,Aigle,Ormont-Dessous,5410,,244,0,0,244,34,13.93%,210,86.07%,
gc_2022_Gauche,20.03.22,gauche,Aigle,Ormont-Dessous,5410,,244,0,0,244,5,2.05%,239,97.95%,
gc_2022_extreme-droite,20.03.22,extreme-droite,Aigle,Ormont-Dessous,5410,,244,0,0,244,51,20.90%,193,79.10%,
gc_2022_droite-bourgeoise,20.03.22,droite,Aigle,Ormont-Dessous,5410,,244,0,0,244,111,45.49%,133,54.51%,
gc_2022_centre,20.03.22,centre,Aigle,Ormont-Dessous,5410,,244,0,0,244,16,6.56%,228,93.44%,
gc_2022_verts,20.03.22,centre-gauche,Aigle,Ormont-Dessous,5410,,244,0,0,244,28,11.48%,216,88.52%,
gc_2022_PS,20.03.22,centre-gauche,Aigle,Ormont-Dessus,5411,,335,0,0,335,33,9.85%,302,90.15%,
gc_2022_Gauche,20.03.22,gauche,Aigle,Ormont-Dessus,5411,,335,0,0,335,8,2.39%,327,97.61%,
gc_2022_extreme-droite,20.03.22,extreme-droite,Aigle,Ormont-Dessus,5411,,335,0,0,335,41,12.24%,294,87.76%,
gc_2022_droite-bourgeoise,20.03.22,droite,Aigle,Ormont-Dessus,5411,,335,0,0,335,216,64.48%,119,35.52%,
gc_2022_centre,20.03.22,centre,Aigle,Ormont-Dessus,5411,,335,0,0,335,11,3.28%,324,96.72%,
gc_2022_verts,20.03.22,centre-gauche,Aigle,Ormont-Dessus,5411,,335,0,0,335,27,8.06%,308,91.94%,
gc_2022_PS,20.03.22,centre-gauche,Aigle,Rennaz,5412,,98,0,0,98,20,20.41%,78,79.59%,
gc_2022_Gauche,20.03.22,gauche,Aigle,Rennaz,5412,,98,0,0,98,4,4.08%,94,95.92%,
gc_2022_extreme-droite,20.03.22,extreme-droite,Aigle,Rennaz,5412,,98,0,0,98,13,13.27%,85,86.73%,
gc_2022_droite-bourgeoise,20.03.22,droite,Aigle,Rennaz,5412,,98,0,0,98,40,40.82%,58,59.18%,
gc_2022_centre,20.03.22,centre,Aigle,Rennaz,5412,,98,0,0,98,4,4.08%,94,95.92%,
gc_2022_verts,20.03.22,centre-gauche,Aigle,Rennaz,5412,,98,0,0,98,16,16.33%,82,83.67%,
gc_2022_PS,20.03.22,centre-gauche,Aigle,Roche VD,5413,,202,0,0,202,42,20.79%,160,79.21%,
gc_2022_Gauche,20.03.22,gauche,Aigle,Roche VD,5413,,202,0,0,202,3,1.49%,199,98.51%,
gc_2022_extreme-droite,20.03.22,extreme-droite,Aigle,Roche VD,5413,,202,0,0,202,50,24.75%,152,75.25%,
gc_2022_droite-bourgeoise,20.03.22,droite,Aigle,Roche VD,5413,,202,0,0,202,60,29.70%,142,70.30%,
gc_2022_centre,20.03.22,centre,Aigle,Roche VD,5413,,202,0,0,202,18,8.91%,184,91.09%,
gc_2022_verts,20.03.22,centre-gauche,Aigle,Roche VD,5413,,202,0,0,202,29,14.36%,173,85.64%,
gc_2022_PS,20.03.22,centre-gauche,Aigle,Villeneuve VD,5414,,758,0,0,758,139,18.34%,619,81.66%,
gc_2022_Gauche,20.03.22,gauche,Aigle,Villeneuve VD,5414,,758,0,0,758,14,1.85%,744,98.15%,
gc_2022_extreme-droite,20.03.22,extreme-droite,Aigle,Villeneuve VD,5414,,758,0,0,758,151,19.92%,607,80.08%,
gc_2022_droite-bourgeoise,20.03.22,droite,Aigle,Villeneuve VD,5414,,758,0,0,758,279,36.81%,479,63.19%,
gc_2022_centre,20.03.22,centre,Aigle,Villeneuve VD,5414,,758,0,0,758,32,4.22%,726,95.78%,
gc_2022_verts,20.03.22,centre-gauche,Aigle,Villeneuve VD,5414,,758,0,0,758,142,18.73%,616,81.27%,
gc_2022_PS,20.03.22,centre-gauche,Aigle,Yvorne,5415,,264,0,0,264,33,12.50%,231,87.50%,
gc_2022_Gauche,20.03.22,gauche,Aigle,Yvorne,5415,,264,0,0,264,3,1.14%,261,98.86%,
gc_2022_extreme-droite,20.03.22,extreme-droite,Aigle,Yvorne,5415,,264,0,0,264,29,10.98%,235,89.02%,
gc_2022_droite-bourgeoise,20.03.22,droite,Aigle,Yvorne,5415,,264,0,0,264,148,56.06%,116,43.94%,
gc_2022_centre,20.03.22,centre,Aigle,Yvorne,5415,,264,0,0,264,15,5.68%,249,94.32%,
gc_2022_verts,20.03.22,centre-gauche,Aigle,Yvorne,5415,,264,0,0,264,36,13.64%,228,86.36%,
gc_2022_PS,20.03.22,centre-gauche,Broye - Vully,Avenches,5451,,573,0,0,573,115,20.07%,458,79.93%,
gc_2022_Gauche,20.03.22,gauche,Broye - Vully,Avenches,5451,,573,0,0,573,,0.00%,573,100.00%,
gc_2022_extreme-droite,20.03.22,extreme-droite,Broye - Vully,Avenches,5451,,573,0,0,573,95,16.58%,478,83.42%,
gc_2022_droite-bourgeoise,20.03.22,droite,Broye - Vully,Avenches,5451,,573,0,0,573,234,40.84%,339,59.16%,
gc_2022_centre,20.03.22,centre,Broye - Vully,Avenches,5451,,573,0,0,573,39,6.81%,534,93.19%,
gc_2022_verts,20.03.22,centre-gauche,Broye - Vully,Avenches,5451,,573,0,0,573,89,15.53%,484,84.47%,
gc_2022_PS,20.03.22,centre-gauche,Broye - Vully,Bussy-sur-Moudon,5663,,64,0,0,64,9,14.06%,55,85.94%,
gc_2022_Gauche,20.03.22,gauche,Broye - Vully,Bussy-sur-Moudon,5663,,64,0,0,64,,0.00%,64,100.00%,
gc_2022_extreme-droite,20.03.22,extreme-droite,Broye - Vully,Bussy-sur-Moudon,5663,,64,0,0,64,20,31.25%,44,68.75%,
gc_2022_droite-bourgeoise,20.03.22,droite,Broye - Vully,Bussy-sur-Moudon,5663,,64,0,0,64,24,37.50%,40,62.50%,
gc_2022_centre,20.03.22,centre,Broye - Vully,Bussy-sur-Moudon,5663,,64,0,0,64,2,3.12%,62,96.88%,
gc_2022_verts,20.03.22,centre-gauche,Broye - Vully,Bussy-sur-Moudon,5663,,64,0,0,64,9,14.06%,55,85.94%,
gc_2022_PS,20.03.22,centre-gauche,Broye - Vully,Champtauroz,5812,,44,0,0,44,13,29.55%,31,70.45%,
gc_2022_Gauche,20.03.22,gauche,Broye - Vully,Champtauroz,5812,,44,0,0,44,,0.00%,44,100.00%,
gc_2022_extreme-droite,20.03.22,extreme-droite,Broye - Vully,Champtauroz,5812,,44,0,0,44,6,13.64%,38,86.36%,
gc_2022_droite-bourgeoise,20.03.22,droite,Broye - Vully,Champtauroz,5812,,44,0,0,44,14,31.82%,30,68.18%,
gc_2022_centre,20.03.22,centre,Broye - Vully,Champtauroz,5812,,44,0,0,44,4,9.09%,40,90.91%,
gc_2022_verts,20.03.22,centre-gauche,Broye - Vully,Champtauroz,5812,,44,0,0,44,7,15.91%,37,84.09%,
gc_2022_PS,20.03.22,centre-gauche,Broye - Vully,Chavannes-sur-Moudon,5665,,67,0,0,67,6,8.96%,61,91.04%,
gc_2022_Gauche,20.03.22,gauche,Broye - Vully,Chavannes-sur-Moudon,5665,,67,0,0,67,,0.00%,67,100.00%,
gc_2022_extreme-droite,20.03.22,extreme-droite,Broye - Vully,Chavannes-sur-Moudon,5665,,67,0,0,67,33,49.25%,34,50.75%,
gc_2022_droite-bourgeoise,20.03.22,droite,Broye - Vully,Chavannes-sur-Moudon,5665,,67,0,0,67,23,34.33%,44,65.67%,
gc_2022_centre,20.03.22,centre,Broye - Vully,Chavannes-sur-Moudon,5665,,67,0,0,67,2,2.99%,65,97.01%,
gc_2022_verts,20.03.22,centre-gauche,Broye - Vully,Chavannes-sur-Moudon,5665,,67,0,0,67,3,4.48%,64,95.52%,
gc_2022_PS,20.03.22,centre-gauche,Broye - Vully,Chevroux,5813,,114,0,0,114,13,11.40%,101,88.60%,
gc_2022_Gauche,20.03.22,gauche,Broye - Vully,Chevroux,5813,,114,0,0,114,,0.00%,114,100.00%,
gc_2022_extreme-droite,20.03.22,extreme-droite,Broye - Vully,Chevroux,5813,,114,0,0,114,18,15.79%,96,84.21%,
gc_2022_droite-bourgeoise,20.03.22,droite,Broye - Vully,Chevroux,5813,,114,0,0,114,60,52.63%,54,47.37%,
gc_2022_centre,20.03.22,centre,Broye - Vully,Chevroux,5813,,114,0,0,114,11,9.65%,103,90.35%,
gc_2022_verts,20.03.22,centre-gauche,Broye - Vully,Chevroux,5813,,114,0,0,114,12,10.53%,102,89.47%,
gc_2022_PS,20.03.22,centre-gauche,Broye - Vully,Corcelles-le-Jorat,5785,,154,0,0,154,8,5.19%,146,94.81%,
gc_2022_Gauche,20.03.22,gauche,Broye - Vully,Corcelles-le-Jorat,5785,,154,0,0,154,,0.00%,154,100.00%,
gc_2022_extreme-droite,20.03.22,extreme-droite,Broye - Vully,Corcelles-le-Jorat,5785,,154,0,0,154,25,16.23%,129,83.77%,
gc_2022_droite-bourgeoise,20.03.22,droite,Broye - Vully,Corcelles-le-Jorat,5785,,154,0,0,154,91,59.09%,63,40.91%,
gc_2022_centre,20.03.22,centre,Broye - Vully,Corcelles-le-Jorat,5785,,154,0,0,154,8,5.19%,146,94.81%,
gc_2022_verts,20.03.22,centre-gauche,Broye - Vully,Corcelles-le-Jorat,5785,,154,0,0,154,23,14.94%,131,85.06%,
gc_2022_PS,20.03.22,centre-gauche,Broye - Vully,Corcelles-près-Payerne,5816,,542,0,0,542,73,13.47%,469,86.53%,
gc_2022_Gauche,20.03.22,gauche,Broye - Vully,Corcelles-près-Payerne,5816,,542,0,0,542,,0.00%,542,100.00%,
gc_2022_extreme-droite,20.03.22,extreme-droite,Broye - Vully,Corcelles-près-Payerne,5816,,542,0,0,542,56,10.33%,486,89.67%,
gc_2022_droite-bourgeoise,20.03.22,droite,Broye - Vully,Corcelles-près-Payerne,5816,,542,0,0,542,356,65.68%,186,34.32%,
gc_2022_centre,20.03.22,centre,Broye - Vully,Corcelles-près-Payerne,5816,,542,0,0,542,20,3.69%,522,96.31%,
gc_2022_verts,20.03.22,centre-gauche,Broye - Vully,Corcelles-près-Payerne,5816,,542,0,0,542,35,6.46%,507,93.54%,
gc_2022_PS,20.03.22,centre-gauche,Broye - Vully,Cudrefin,5456,,290,0,0,290,59,20.34%,231,79.66%,
gc_2022_Gauche,20.03.22,gauche,Broye - Vully,Cudrefin,5456,,290,0,0,290,,0.00%,290,100.00%,
gc_2022_extreme-droite,20.03.22,extreme-droite,Broye - Vully,Cudrefin,5456,,290,0,0,290,35,12.07%,255,87.93%,
gc_2022_droite-bourgeoise,20.03.22,droite,Broye - Vully,Cudrefin,5456,,290,0,0,290,145,50.00%,145,50.00%,
gc_2022_centre,20.03.22,centre,Broye - Vully,Cudrefin,5456,,290,0,0,290,18,6.21%,272,93.79%,
gc_2022_verts,20.03.22,centre-gauche,Broye - Vully,Cudrefin,5456,,290,0,0,290,31,10.69%,259,89.31%,
gc_2022_PS,20.03.22,centre-gauche,Broye - Vully,Curtilles,5669,,81,0,0,81,17,20.99%,64,79.01%,
gc_2022_Gauche,20.03.22,gauche,Broye - Vully,Curtilles,5669,,81,0,0,81,,0.00%,81,100.00%,
gc_2022_extreme-droite,20.03.22,extreme-droite,Broye - Vully,Curtilles,5669,,81,0,0,81,21,25.93%,60,74.07%,
gc_2022_droite-bourgeoise,20.03.22,droite,Broye - Vully,Curtilles,5669,,81,0,0,81,23,28.40%,58,71.60%,
gc_2022_centre,20.03.22,centre,Broye - Vully,Curtilles,5669,,81,0,0,81,5,6.17%,76,93.83%,
gc_2022_verts,20.03.22,centre-gauche,Broye - Vully,Curtilles,5669,,81,0,0,81,16,19.75%,65,80.25%,
gc_2022_PS,20.03.22,centre-gauche,Broye - Vully,Dompierre VD,5671,,77,0,0,77,7,9.09%,70,90.91%,
gc_2022_Gauche,20.03.22,gauche,Broye - Vully,Dompierre VD,5671,,77,0,0,77,,0.00%,77,100.00%,
gc_2022_extreme-droite,20.03.22,extreme-droite,Broye - Vully,Dompierre VD,5671,,77,0,0,77,27,35.06%,50,64.94%,
gc_2022_droite-bourgeoise,20.03.22,droite,Broye - Vully,Dompierre VD,5671,,77,0,0,77,27,35.06%,50,64.94%,
gc_2022_centre,20.03.22,centre,Broye - Vully,Dompierre VD,5671,,77,0,0,77,4,5.19%,73,94.81%,
gc_2022_verts,20.03.22,centre-gauche,Broye - Vully,Dompierre VD,5671,,77,0,0,77,12,15.58%,65,84.42%,
gc_2022_PS,20.03.22,centre-gauche,Broye - Vully,Faoug,5458,,114,0,0,114,26,22.81%,88,77.19%,
gc_2022_Gauche,20.03.22,gauche,Broye - Vully,Faoug,5458,,114,0,0,114,,0.00%,114,100.00%,
gc_2022_extreme-droite,20.03.22,extreme-droite,Broye - Vully,Faoug,5458,,114,0,0,114,14,12.28%,100,87.72%,
gc_2022_droite-bourgeoise,20.03.22,droite,Broye - Vully,Faoug,5458,,114,0,0,114,45,39.47%,69,60.53%,
gc_2022_centre,20.03.22,centre,Broye - Vully,Faoug,5458,,114,0,0,114,10,8.77%,104,91.23%,
gc_2022_verts,20.03.22,centre-gauche,Broye - Vully,Faoug,5458,,114,0,0,114,19,16.67%,95,83.33%,
gc_2022_PS,20.03.22,centre-gauche,Broye - Vully,Grandcour,5817,,198,0,0,198,32,16.16%,166,83.84%,
gc_2022_Gauche,20.03.22,gauche,Broye - Vully,Grandcour,5817,,198,0,0,198,,0.00%,198,100.00%,
gc_2022_extreme-droite,20.03.22,extreme-droite,Broye - Vully,Grandcour,5817,,198,0,0,198,30,15.15%,168,84.85%,
gc_2022_droite-bourgeoise,20.03.22,droite,Broye - Vully,Grandcour,5817,,198,0,0,198,112,56.57%,86,43.43%,
gc_2022_centre,20.03.22,centre,Broye - Vully,Grandcour,5817,,198,0,0,198,12,6.06%,186,93.94%,
gc_2022_verts,20.03.22,centre-gauche,Broye - Vully,Grandcour,5817,,198,0,0,198,12,6.06%,186,93.94%,
gc_2022_PS,20.03.22,centre-gauche,Broye - Vully,Henniez,5819,,46,0,0,46,8,17.39%,38,82.61%,
gc_2022_Gauche,20.03.22,gauche,Broye - Vully,Henniez,5819,,46,0,0,46,,0.00%,46,100.00%,
gc_2022_extreme-droite,20.03.22,extreme-droite,Broye - Vully,Henniez,5819,,46,0,0,46,14,30.43%,32,69.57%,
gc_2022_droite-bourgeoise,20.03.22,droite,Broye - Vully,Henniez,5819,,46,0,0,46,21,45.65%,25,54.35%,
gc_2022_centre,20.03.22,centre,Broye - Vully,Henniez,5819,,46,0,0,46,3,6.52%,43,93.48%,
gc_2022_verts,20.03.22,centre-gauche,Broye - Vully,Henniez,5819,,46,0,0,46,,0.00%,46,100.00%,
gc_2022_PS,20.03.22,centre-gauche,Broye - Vully,Hermenches,5673,,93,0,0,93,10,10.75%,83,89.25%,
gc_2022_Gauche,20.03.22,gauche,Broye - Vully,Hermenches,5673,,93,0,0,93,,0.00%,93,100.00%,
gc_2022_extreme-droite,20.03.22,extreme-droite,Broye - Vully,Hermenches,5673,,93,0,0,93,33,35.48%,60,64.52%,
gc_2022_droite-bourgeoise,20.03.22,droite,Broye - Vully,Hermenches,5673,,93,0,0,93,37,39.78%,56,60.22%,
gc_2022_centre,20.03.22,centre,Broye - Vully,Hermenches,5673,,93,0,0,93,6,6.45%,87,93.55%,
gc_2022_verts,20.03.22,centre-gauche,Broye - Vully,Hermenches,5673,,93,0,0,93,7,7.53%,86,92.47%,
gc_2022_PS,20.03.22,centre-gauche,Broye - Vully,Lovatens,5674,,37,0,0,37,6,16.22%,31,83.78%,
gc_2022_Gauche,20.03.22,gauche,Broye - Vully,Lovatens,5674,,37,0,0,37,,0.00%,37,100.00%,
gc_2022_extreme-droite,20.03.22,extreme-droite,Broye - Vully,Lovatens,5674,,37,0,0,37,12,32.43%,25,67.57%,
gc_2022_droite-bourgeoise,20.03.22,droite,Broye - Vully,Lovatens,5674,,37,0,0,37,10,27.03%,27,72.97%,
gc_2022_centre,20.03.22,centre,Broye - Vully,Lovatens,5674,,37,0,0,37,,0.00%,37,100.00%,
gc_2022_verts,20.03.22,centre-gauche,Broye - Vully,Lovatens,5674,,37,0,0,37,8,21.62%,29,78.38%,
gc_2022_PS,20.03.22,centre-gauche,Broye - Vully,Lucens,5675,,574,0,0,574,161,28.05%,413,71.95%,
gc_2022_Gauche,20.03.22,gauche,Broye - Vully,Lucens,5675,,574,0,0,574,,0.00%,574,100.00%,
gc_2022_extreme-droite,20.03.22,extreme-droite,Broye - Vully,Lucens,5675,,574,0,0,574,160,27.87%,414,72.13%,
gc_2022_droite-bourgeoise,20.03.22,droite,Broye - Vully,Lucens,5675,,574,0,0,574,145,25.26%,429,74.74%,
gc_2022_centre,20.03.22,centre,Broye - Vully,Lucens,5675,,574,0,0,574,24,4.18%,550,95.82%,
gc_2022_verts,20.03.22,centre-gauche,Broye - Vully,Lucens,5675,,574,0,0,574,85,14.81%,489,85.19%,
gc_2022_PS,20.03.22,centre-gauche,Broye - Vully,Missy,5821,,92,0,0,92,13,14.13%,79,85.87%,
gc_2022_Gauche,20.03.22,gauche,Broye - Vully,Missy,5821,,92,0,0,92,,0.00%,92,100.00%,
gc_2022_extreme-droite,20.03.22,extreme-droite,Broye - Vully,Missy,5821,,92,0,0,92,15,16.30%,77,83.70%,
gc_2022_droite-bourgeoise,20.03.22,droite,Broye - Vully,Missy,5821,,92,0,0,92,42,45.65%,50,54.35%,
gc_2022_centre,20.03.22,centre,Broye - Vully,Missy,5821,,92,0,0,92,11,11.96%,81,88.04%,
gc_2022_verts,20.03.22,centre-gauche,Broye - Vully,Missy,5821,,92,0,0,92,11,11.96%,81,88.04%,
gc_2022_PS,20.03.22,centre-gauche,Broye - Vully,Moudon,5678,,647,0,0,647,168,25.97%,479,74.03%,
gc_2022_Gauche,20.03.22,gauche,Broye - Vully,Moudon,5678,,647,0,0,647,,0.00%,647,100.00%,
gc_2022_extreme-droite,20.03.22,extreme-droite,Broye - Vully,Moudon,5678,,647,0,0,647,123,19.01%,524,80.99%,
gc_2022_droite-bourgeoise,20.03.22,droite,Broye - Vully,Moudon,5678,,647,0,0,647,182,28.13%,465,71.87%,
gc_2022_centre,20.03.22,centre,Broye - Vully,Moudon,5678,,647,0,0,647,56,8.66%,591,91.34%,
gc_2022_verts,20.03.22,centre-gauche,Broye - Vully,Moudon,5678,,647,0,0,647,118,18.24%,529,81.76%,
gc_2022_PS,20.03.22,centre-gauche,Broye - Vully,Payerne,5822,,1412,0,0,1412,294,20.82%,1118,79.18%,
gc_2022_Gauche,20.03.22,gauche,Broye - Vully,Payerne,5822,,1412,0,0,1412,,0.00%,1412,100.00%,
gc_2022_extreme-droite,20.03.22,extreme-droite,Broye - Vully,Payerne,5822,,1412,0,0,1412,160,11.33%,1252,88.67%,
gc_2022_droite-bourgeoise,20.03.22,droite,Broye - Vully,Payerne,5822,,1412,0,0,1412,765,54.18%,647,45.82%,
gc_2022_centre,20.03.22,centre,Broye - Vully,Payerne,5822,,1412,0,0,1412,86,6.09%,1326,93.91%,
gc_2022_verts,20.03.22,centre-gauche,Broye - Vully,Payerne,5822,,1412,0,0,1412,108,7.65%,1304,92.35%,
gc_2022_PS,20.03.22,centre-gauche,Broye - Vully,Prévonloup,5683,,55,0,0,55,10,18.18%,45,81.82%,
gc_2022_Gauche,20.03.22,gauche,Broye - Vully,Prévonloup,5683,,55,0,0,55,,0.00%,55,100.00%,
gc_2022_extreme-droite,20.03.22,extreme-droite,Broye - Vully,Prévonloup,5683,,55,0,0,55,23,41.82%,32,58.18%,
gc_2022_droite-bourgeoise,20.03.22,droite,Broye - Vully,Prévonloup,5683,,55,0,0,55,11,20.00%,44,80.00%,
gc_2022_centre,20.03.22,centre,Broye - Vully,Prévonloup,5683,,55,0,0,55,3,5.45%,52,94.55%,
gc_2022_verts,20.03.22,centre-gauche,Broye - Vully,Prévonloup,5683,,55,0,0,55,8,14.55%,47,85.45%,
gc_2022_PS,20.03.22,centre-gauche,Broye - Vully,Ropraz,5798,,110,0,0,110,7,6.36%,103,93.64%,
gc_2022_Gauche,20.03.22,gauche,Broye - Vully,Ropraz,5798,,110,0,0,110,,0.00%,110,100.00%,
gc_2022_extreme-droite,20.03.22,extreme-droite,Broye - Vully,Ropraz,5798,,110,0,0,110,29,26.36%,81,73.64%,
gc_2022_droite-bourgeoise,20.03.22,droite,Broye - Vully,Ropraz,5798,,110,0,0,110,50,45.45%,60,54.55%,
gc_2022_centre,20.03.22,centre,Broye - Vully,Ropraz,5798,,110,0,0,110,10,9.09%,100,90.91%,
gc_2022_verts,20.03.22,centre-gauche,Broye - Vully,Ropraz,5798,,110,0,0,110,15,13.64%,95,86.36%,
gc_2022_PS,20.03.22,centre-gauche,Broye - Vully,Rossenges,5684,,23,0,0,23,1,4.35%,22,95.65%,
gc_2022_Gauche,20.03.22,gauche,Broye - Vully,Rossenges,5684,,23,0,0,23,,0.00%,23,100.00%,
gc_2022_extreme-droite,20.03.22,extreme-droite,Broye - Vully,Rossenges,5684,,23,0,0,23,6,26.09%,17,73.91%,
gc_2022_droite-bourgeoise,20.03.22,droite,Broye - Vully,Rossenges,5684,,23,0,0,23,14,60.87%,9,39.13%,
gc_2022_centre,20.03.22,centre,Broye - Vully,Rossenges,5684,,23,0,0,23,1,4.35%,22,95.65%,
gc_2022_verts,20.03.22,centre-gauche,Broye - Vully,Rossenges,5684,,23,0,0,23,2,8.70%,21,91.30%,
gc_2022_PS,20.03.22,centre-gauche,Broye - Vully,Syens,5688,,33,0,0,33,4,12.12%,29,87.88%,
gc_2022_Gauche,20.03.22,gauche,Broye - Vully,Syens,5688,,33,0,0,33,,0.00%,33,100.00%,
gc_2022_extreme-droite,20.03.22,extreme-droite,Broye - Vully,Syens,5688,,33,0,0,33,11,33.33%,22,66.67%,
gc_2022_droite-bourgeoise,20.03.22,droite,Broye - Vully,Syens,5688,,33,0,0,33,10,30.30%,23,69.70%,
gc_2022_centre,20.03.22,centre,Broye - Vully,Syens,5688,,33,0,0,33,1,3.03%,32,96.97%,
gc_2022_verts,20.03.22,centre-gauche,Broye - Vully,Syens,5688,,33,0,0,33,7,21.21%,26,78.79%,
gc_2022_PS,20.03.22,centre-gauche,Broye - Vully,Trey,5827,,92,0,0,92,8,8.70%,84,91.30%,
gc_2022_Gauche,20.03.22,gauche,Broye - Vully,Trey,5827,,92,0,0,92,,0.00%,92,100.00%,
gc_2022_extreme-droite,20.03.22,extreme-droite,Broye - Vully,Trey,5827,,92,0,0,92,17,18.48%,75,81.52%,
gc_2022_droite-bourgeoise,20.03.22,droite,Broye - Vully,Trey,5827,,92,0,0,92,48,52.17%,44,47.83%,
gc_2022_centre,20.03.22,centre,Broye - Vully,Trey,5827,,92,0,0,92,2,2.17%,90,97.83%,
gc_2022_verts,20.03.22,centre-gauche,Broye - Vully,Trey,5827,,92,0,0,92,17,18.48%,75,81.52%,
gc_2022_PS,20.03.22,centre-gauche,Broye - Vully,Treytorrens (Payerne),5828,,36,0,0,36,1,2.78%,35,97.22%,
gc_2022_Gauche,20.03.22,gauche,Broye - Vully,Treytorrens (Payerne),5828,,36,0,0,36,,0.00%,36,100.00%,
gc_2022_extreme-droite,20.03.22,extreme-droite,Broye - Vully,Treytorrens (Payerne),5828,,36,0,0,36,14,38.89%,22,61.11%,
gc_2022_droite-bourgeoise,20.03.22,droite,Broye - Vully,Treytorrens (Payerne),5828,,36,0,0,36,19,52.78%,17,47.22%,
gc_2022_centre,20.03.22,centre,Broye - Vully,Treytorrens (Payerne),5828,,36,0,0,36,1,2.78%,35,97.22%,
gc_2022_verts,20.03.22,centre-gauche,Broye - Vully,Treytorrens (Payerne),5828,,36,0,0,36,1,2.78%,35,97.22%,
gc_2022_PS,20.03.22,centre-gauche,Broye - Vully,Valbroye,5831,,690,0,0,690,86,12.46%,604,87.54%,
gc_2022_Gauche,20.03.22,gauche,Broye - Vully,Valbroye,5831,,690,0,0,690,,0.00%,690,100.00%,
gc_2022_extreme-droite,20.03.22,extreme-droite,Broye - Vully,Valbroye,5831,,690,0,0,690,140,20.29%,550,79.71%,
gc_2022_droite-bourgeoise,20.03.22,droite,Broye - Vully,Valbroye,5831,,690,0,0,690,363,52.61%,327,47.39%,
gc_2022_centre,20.03.22,centre,Broye - Vully,Valbroye,5831,,690,0,0,690,36,5.22%,654,94.78%,
gc_2022_verts,20.03.22,centre-gauche,Broye - Vully,Valbroye,5831,,690,0,0,690,65,9.42%,625,90.58%,
gc_2022_PS,20.03.22,centre-gauche,Broye - Vully,Villars-le-Comte,5690,,35,0,0,35,4,11.43%,31,88.57%,
gc_2022_Gauche,20.03.22,gauche,Broye - Vully,Villars-le-Comte,5690,,35,0,0,35,,0.00%,35,100.00%,
gc_2022_extreme-droite,20.03.22,extreme-droite,Broye - Vully,Villars-le-Comte,5690,,35,0,0,35,15,42.86%,20,57.14%,
gc_2022_droite-bourgeoise,20.03.22,droite,Broye - Vully,Villars-le-Comte,5690,,35,0,0,35,12,34.29%,23,65.71%,
gc_2022_centre,20.03.22,centre,Broye - Vully,Villars-le-Comte,5690,,35,0,0,35,2,5.71%,33,94.29%,
gc_2022_verts,20.03.22,centre-gauche,Broye - Vully,Villars-le-Comte,5690,,35,0,0,35,3,8.57%,32,91.43%,
gc_2022_PS,20.03.22,centre-gauche,Broye - Vully,Villarzel,5830,,114,0,0,114,17,14.91%,97,85.09%,
gc_2022_Gauche,20.03.22,gauche,Broye - Vully,Villarzel,5830,,114,0,0,114,,0.00%,114,100.00%,
gc_2022_extreme-droite,20.03.22,extreme-droite,Broye - Vully,Villarzel,5830,,114,0,0,114,30,26.32%,84,73.68%,
gc_2022_droite-bourgeoise,20.03.22,droite,Broye - Vully,Villarzel,5830,,114,0,0,114,45,39.47%,69,60.53%,
gc_2022_centre,20.03.22,centre,Broye - Vully,Villarzel,5830,,114,0,0,114,3,2.63%,111,97.37%,
gc_2022_verts,20.03.22,centre-gauche,Broye - Vully,Villarzel,5830,,114,0,0,114,20,17.54%,94,82.46%,
gc_2022_PS,20.03.22,centre-gauche,Broye - Vully,Vucherens,5692,,164,0,0,164,26,15.85%,138,84.15%,
gc_2022_Gauche,20.03.22,gauche,Broye - Vully,Vucherens,5692,,164,0,0,164,,0.00%,164,100.00%,
gc_2022_extreme-droite,20.03.22,extreme-droite,Broye - Vully,Vucherens,5692,,164,0,0,164,32,19.51%,132,80.49%,
gc_2022_droite-bourgeoise,20.03.22,droite,Broye - Vully,Vucherens,5692,,164,0,0,164,60,36.59%,104,63.41%,
gc_2022_centre,20.03.22,centre,Broye - Vully,Vucherens,5692,,164,0,0,164,16,9.76%,148,90.24%,
gc_2022_verts,20.03.22,centre-gauche,Broye - Vully,Vucherens,5692,,164,0,0,164,30,18.29%,134,81.71%,
gc_2022_PS,20.03.22,centre-gauche,Broye - Vully,Vulliens,5803,,171,0,0,171,19,11.11%,152,88.89%,
gc_2022_Gauche,20.03.22,gauche,Broye - Vully,Vulliens,5803,,171,0,0,171,,0.00%,171,100.00%,
gc_2022_extreme-droite,20.03.22,extreme-droite,Broye - Vully,Vulliens,5803,,171,0,0,171,28,16.37%,143,83.63%,
gc_2022_droite-bourgeoise,20.03.22,droite,Broye - Vully,Vulliens,5803,,171,0,0,171,87,50.88%,84,49.12%,
gc_2022_centre,20.03.22,centre,Broye - Vully,Vulliens,5803,,171,0,0,171,16,9.36%,155,90.64%,
gc_2022_verts,20.03.22,centre-gauche,Broye - Vully,Vulliens,5803,,171,0,0,171,21,12.28%,150,87.72%,
gc_2022_PS,20.03.22,centre-gauche,Broye - Vully,Vully-les-Lacs,5464,,634,0,0,634,85,13.41%,549,86.59%,
gc_2022_Gauche,20.03.22,gauche,Broye - Vully,Vully-les-Lacs,5464,,634,0,0,634,,0.00%,634,100.00%,
gc_2022_extreme-droite,20.03.22,extreme-droite,Broye - Vully,Vully-les-Lacs,5464,,634,0,0,634,116,18.30%,518,81.70%,
gc_2022_droite-bourgeoise,20.03.22,droite,Broye - Vully,Vully-les-Lacs,5464,,634,0,0,634,322,50.79%,312,49.21%,
gc_2022_centre,20.03.22,centre,Broye - Vully,Vully-les-Lacs,5464,,634,0,0,634,48,7.57%,586,92.43%,
gc_2022_verts,20.03.22,centre-gauche,Broye - Vully,Vully-les-Lacs,5464,,634,0,0,634,63,9.94%,571,90.06%,
gc_2022_PS,20.03.22,centre-gauche,Gros-de-Vaud,Assens,5511,,428,0,0,428,43,10.05%,385,89.95%,
gc_2022_Gauche,20.03.22,gauche,Gros-de-Vaud,Assens,5511,,428,0,0,428,,0.00%,428,100.00%,
gc_2022_extreme-droite,20.03.22,extreme-droite,Gros-de-Vaud,Assens,5511,,428,0,0,428,128,29.91%,300,70.09%,
gc_2022_droite-bourgeoise,20.03.22,droite,Gros-de-Vaud,Assens,5511,,428,0,0,428,144,33.64%,284,66.36%,
gc_2022_centre,20.03.22,centre,Gros-de-Vaud,Assens,5511,,428,0,0,428,70,16.36%,358,83.64%,
gc_2022_verts,20.03.22,centre-gauche,Gros-de-Vaud,Assens,5511,,428,0,0,428,43,10.05%,385,89.95%,
gc_2022_PS,20.03.22,centre-gauche,Gros-de-Vaud,Bercher,5512,,303,0,0,303,48,15.84%,255,84.16%,
gc_2022_Gauche,20.03.22,gauche,Gros-de-Vaud,Bercher,5512,,303,0,0,303,,0.00%,303,100.00%,
gc_2022_extreme-droite,20.03.22,extreme-droite,Gros-de-Vaud,Bercher,5512,,303,0,0,303,72,23.76%,231,76.24%,
gc_2022_droite-bourgeoise,20.03.22,droite,Gros-de-Vaud,Bercher,5512,,303,0,0,303,77,25.41%,226,74.59%,
gc_2022_centre,20.03.22,centre,Gros-de-Vaud,Bercher,5512,,303,0,0,303,58,19.14%,245,80.86%,
gc_2022_verts,20.03.22,centre-gauche,Gros-de-Vaud,Bercher,5512,,303,0,0,303,48,15.84%,255,84.16%,
gc_2022_PS,20.03.22,centre-gauche,Gros-de-Vaud,Bettens,5471,,122,0,0,122,14,11.48%,108,88.52%,
gc_2022_Gauche,20.03.22,gauche,Gros-de-Vaud,Bettens,5471,,122,0,0,122,,0.00%,122,100.00%,
gc_2022_extreme-droite,20.03.22,extreme-droite,Gros-de-Vaud,Bettens,5471,,122,0,0,122,41,33.61%,81,66.39%,
gc_2022_droite-bourgeoise,20.03.22,droite,Gros-de-Vaud,Bettens,5471,,122,0,0,122,32,26.23%,90,73.77%,
gc_2022_centre,20.03.22,centre,Gros-de-Vaud,Bettens,5471,,122,0,0,122,16,13.11%,106,86.89%,
gc_2022_verts,20.03.22,centre-gauche,Gros-de-Vaud,Bettens,5471,,122,0,0,122,18,14.75%,104,85.25%,
gc_2022_PS,20.03.22,centre-gauche,Gros-de-Vaud,Bottens,5514,,268,0,0,268,13,4.85%,255,95.15%,
gc_2022_Gauche,20.03.22,gauche,Gros-de-Vaud,Bottens,5514,,268,0,0,268,,0.00%,268,100.00%,
gc_2022_extreme-droite,20.03.22,extreme-droite,Gros-de-Vaud,Bottens,5514,,268,0,0,268,90,33.58%,178,66.42%,
gc_2022_droite-bourgeoise,20.03.22,droite,Gros-de-Vaud,Bottens,5514,,268,0,0,268,85,31.72%,183,68.28%,
gc_2022_centre,20.03.22,centre,Gros-de-Vaud,Bottens,5514,,268,0,0,268,41,15.30%,227,84.70%,
gc_2022_verts,20.03.22,centre-gauche,Gros-de-Vaud,Bottens,5514,,268,0,0,268,38,14.18%,230,85.82%,
gc_2022_PS,20.03.22,centre-gauche,Gros-de-Vaud,Boulens,5661,,110,0,0,110,22,20.00%,88,80.00%,
gc_2022_Gauche,20.03.22,gauche,Gros-de-Vaud,Boulens,5661,,110,0,0,110,,0.00%,110,100.00%,
gc_2022_extreme-droite,20.03.22,extreme-droite,Gros-de-Vaud,Boulens,5661,,110,0,0,110,29,26.36%,81,73.64%,
gc_2022_droite-bourgeoise,20.03.22,droite,Gros-de-Vaud,Boulens,5661,,110,0,0,110,23,20.91%,87,79.09%,
gc_2022_centre,20.03.22,centre,Gros-de-Vaud,Boulens,5661,,110,0,0,110,11,10.00%,99,90.00%,
gc_2022_verts,20.03.22,centre-gauche,Gros-de-Vaud,Boulens,5661,,110,0,0,110,25,22.73%,85,77.27%,
gc_2022_PS,20.03.22,centre-gauche,Gros-de-Vaud,Bournens,5472,,103,0,0,103,9,8.74%,94,91.26%,
gc_2022_Gauche,20.03.22,gauche,Gros-de-Vaud,Bournens,5472,,103,0,0,103,,0.00%,103,100.00%,
gc_2022_extreme-droite,20.03.22,extreme-droite,Gros-de-Vaud,Bournens,5472,,103,0,0,103,26,25.24%,77,74.76%,
gc_2022_droite-bourgeoise,20.03.22,droite,Gros-de-Vaud,Bournens,5472,,103,0,0,103,46,44.66%,57,55.34%,
gc_2022_centre,20.03.22,centre,Gros-de-Vaud,Bournens,5472,,103,0,0,103,11,10.68%,92,89.32%,
gc_2022_verts,20.03.22,centre-gauche,Gros-de-Vaud,Bournens,5472,,103,0,0,103,10,9.71%,93,90.29%,
gc_2022_PS,20.03.22,centre-gauche,Gros-de-Vaud,Boussens,5473,,192,0,0,192,41,21.35%,151,78.65%,
gc_2022_Gauche,20.03.22,gauche,Gros-de-Vaud,Boussens,5473,,192,0,0,192,,0.00%,192,100.00%,
gc_2022_extreme-droite,20.03.22,extreme-droite,Gros-de-Vaud,Boussens,5473,,192,0,0,192,56,29.17%,136,70.83%,
gc_2022_droite-bourgeoise,20.03.22,droite,Gros-de-Vaud,Boussens,5473,,192,0,0,192,42,21.88%,150,78.12%,
gc_2022_centre,20.03.22,centre,Gros-de-Vaud,Boussens,5473,,192,0,0,192,23,11.98%,169,88.02%,
gc_2022_verts,20.03.22,centre-gauche,Gros-de-Vaud,Boussens,5473,,192,0,0,192,29,15.10%,163,84.90%,
gc_2022_PS,20.03.22,centre-gauche,Gros-de-Vaud,Bretigny-sur-Morrens,5515,,173,0,0,173,27,15.61%,146,84.39%,
gc_2022_Gauche,20.03.22,gauche,Gros-de-Vaud,Bretigny-sur-Morrens,5515,,173,0,0,173,,0.00%,173,100.00%,
gc_2022_extreme-droite,20.03.22,extreme-droite,Gros-de-Vaud,Bretigny-sur-Morrens,5515,,173,0,0,173,30,17.34%,143,82.66%,
gc_2022_droite-bourgeoise,20.03.22,droite,Gros-de-Vaud,Bretigny-sur-Morrens,5515,,173,0,0,173,54,31.21%,119,68.79%,
gc_2022_centre,20.03.22,centre,Gros-de-Vaud,Bretigny-sur-Morrens,5515,,173,0,0,173,20,11.56%,153,88.44%,
gc_2022_verts,20.03.22,centre-gauche,Gros-de-Vaud,Bretigny-sur-Morrens,5515,,173,0,0,173,42,24.28%,131,75.72%,
gc_2022_PS,20.03.22,centre-gauche,Gros-de-Vaud,Cugy VD,5516,,496,0,0,496,104,20.97%,392,79.03%,
gc_2022_Gauche,20.03.22,gauche,Gros-de-Vaud,Cugy VD,5516,,496,0,0,496,,0.00%,496,100.00%,
gc_2022_extreme-droite,20.03.22,extreme-droite,Gros-de-Vaud,Cugy VD,5516,,496,0,0,496,73,14.72%,423,85.28%,
gc_2022_droite-bourgeoise,20.03.22,droite,Gros-de-Vaud,Cugy VD,5516,,496,0,0,496,198,39.92%,298,60.08%,
gc_2022_centre,20.03.22,centre,Gros-de-Vaud,Cugy VD,5516,,496,0,0,496,52,10.48%,444,89.52%,
gc_2022_verts,20.03.22,centre-gauche,Gros-de-Vaud,Cugy VD,5516,,496,0,0,496,69,13.91%,427,86.09%,
gc_2022_PS,20.03.22,centre-gauche,Gros-de-Vaud,Daillens,5480,,236,0,0,236,25,10.59%,211,89.41%,
gc_2022_Gauche,20.03.22,gauche,Gros-de-Vaud,Daillens,5480,,236,0,0,236,,0.00%,236,100.00%,
gc_2022_extreme-droite,20.03.22,extreme-droite,Gros-de-Vaud,Daillens,5480,,236,0,0,236,44,18.64%,192,81.36%,
gc_2022_droite-bourgeoise,20.03.22,droite,Gros-de-Vaud,Daillens,5480,,236,0,0,236,82,34.75%,154,65.25%,
gc_2022_centre,20.03.22,centre,Gros-de-Vaud,Daillens,5480,,236,0,0,236,15,6.36%,221,93.64%,
gc_2022_verts,20.03.22,centre-gauche,Gros-de-Vaud,Daillens,5480,,236,0,0,236,70,29.66%,166,70.34%,
gc_2022_PS,20.03.22,centre-gauche,Gros-de-Vaud,Echallens,5518,,1134,0,0,1134,182,16.05%,952,83.95%,
gc_2022_Gauche,20.03.22,gauche,Gros-de-Vaud,Echallens,5518,,1134,0,0,1134,,0.00%,1134,100.00%,
gc_2022_extreme-droite,20.03.22,extreme-droite,Gros-de-Vaud,Echallens,5518,,1134,0,0,1134,193,17.02%,941,82.98%,
gc_2022_droite-bourgeoise,20.03.22,droite,Gros-de-Vaud,Echallens,5518,,1134,0,0,1134,337,29.72%,797,70.28%,
gc_2022_centre,20.03.22,centre,Gros-de-Vaud,Echallens,5518,,1134,0,0,1134,233,20.55%,901,79.45%,
gc_2022_verts,20.03.22,centre-gauche,Gros-de-Vaud,Echallens,5518,,1134,0,0,1134,190,16.75%,944,83.25%,
gc_2022_PS,20.03.22,centre-gauche,Gros-de-Vaud,Essertines-sur-Yverdon,5520,,209,0,0,209,30,14.35%,179,85.65%,
gc_2022_Gauche,20.03.22,gauche,Gros-de-Vaud,Essertines-sur-Yverdon,5520,,209,0,0,209,,0.00%,209,100.00%,
gc_2022_extreme-droite,20.03.22,extreme-droite,Gros-de-Vaud,Essertines-sur-Yverdon,5520,,209,0,0,209,63,30.14%,146,69.86%,
gc_2022_droite-bourgeoise,20.03.22,droite,Gros-de-Vaud,Essertines-sur-Yverdon,5520,,209,0,0,209,55,26.32%,154,73.68%,
gc_2022_centre,20.03.22,centre,Gros-de-Vaud,Essertines-sur-Yverdon,5520,,209,0,0,209,29,13.88%,180,86.12%,
gc_2022_verts,20.03.22,centre-gauche,Gros-de-Vaud,Essertines-sur-Yverdon,5520,,209,0,0,209,31,14.83%,178,85.17%,
gc_2022_PS,20.03.22,centre-gauche,Gros-de-Vaud,Etagnières,5521,,246,0,0,246,38,15.45%,208,84.55%,
gc_2022_Gauche,20.03.22,gauche,Gros-de-Vaud,Etagnières,5521,,246,0,0,246,,0.00%,246,100.00%,
gc_2022_extreme-droite,20.03.22,extreme-droite,Gros-de-Vaud,Etagnières,5521,,246,0,0,246,28,11.38%,218,88.62%,
gc_2022_droite-bourgeoise,20.03.22,droite,Gros-de-Vaud,Etagnières,5521,,246,0,0,246,77,31.30%,169,68.70%,
gc_2022_centre,20.03.22,centre,Gros-de-Vaud,Etagnières,5521,,246,0,0,246,51,20.73%,195,79.27%,
gc_2022_verts,20.03.22,centre-gauche,Gros-de-Vaud,Etagnières,5521,,246,0,0,246,52,21.14%,194,78.86%,
gc_2022_PS,20.03.22,centre-gauche,Gros-de-Vaud,Fey,5522,,154,0,0,154,16,10.39%,138,89.61%,
gc_2022_Gauche,20.03.22,gauche,Gros-de-Vaud,Fey,5522,,154,0,0,154,,0.00%,154,100.00%,
gc_2022_extreme-droite,20.03.22,extreme-droite,Gros-de-Vaud,Fey,5522,,154,0,0,154,44,28.57%,110,71.43%,
gc_2022_droite-bourgeoise,20.03.22,droite,Gros-de-Vaud,Fey,5522,,154,0,0,154,41,26.62%,113,73.38%,
gc_2022_centre,20.03.22,centre,Gros-de-Vaud,Fey,5522,,154,0,0,154,26,16.88%,128,83.12%,
gc_2022_verts,20.03.22,centre-gauche,Gros-de-Vaud,Fey,5522,,154,0,0,154,27,17.53%,127,82.47%,
gc_2022_PS,20.03.22,centre-gauche,Gros-de-Vaud,Froideville,5523,,550,0,0,550,86,15.64%,464,84.36%,
gc_2022_Gauche,20.03.22,gauche,Gros-de-Vaud,Froideville,5523,,550,0,0,550,,0.00%,550,100.00%,
gc_2022_extreme-droite,20.03.22,extreme-droite,Gros-de-Vaud,Froideville,5523,,550,0,0,550,211,38.36%,339,61.64%,
gc_2022_droite-bourgeoise,20.03.22,droite,Gros-de-Vaud,Froideville,5523,,550,0,0,550,125,22.73%,425,77.27%,
gc_2022_centre,20.03.22,centre,Gros-de-Vaud,Froideville,5523,,550,0,0,550,57,10.36%,493,89.64%,
gc_2022_verts,20.03.22,centre-gauche,Gros-de-Vaud,Froideville,5523,,550,0,0,550,71,12.91%,479,87.09%,
gc_2022_PS,20.03.22,centre-gauche,Gros-de-Vaud,Goumoëns,5541,,300,0,0,300,30,10.00%,270,90.00%,
gc_2022_Gauche,20.03.22,gauche,Gros-de-Vaud,Goumoëns,5541,,300,0,0,300,,0.00%,300,100.00%,
gc_2022_extreme-droite,20.03.22,extreme-droite,Gros-de-Vaud,Goumoëns,5541,,300,0,0,300,74,24.67%,226,75.33%,
gc_2022_droite-bourgeoise,20.03.22,droite,Gros-de-Vaud,Goumoëns,5541,,300,0,0,300,118,39.33%,182,60.67%,
gc_2022_centre,20.03.22,centre,Gros-de-Vaud,Goumoëns,5541,,300,0,0,300,49,16.33%,251,83.67%,
gc_2022_verts,20.03.22,centre-gauche,Gros-de-Vaud,Goumoëns,5541,,300,0,0,300,29,9.67%,271,90.33%,
gc_2022_PS,20.03.22,centre-gauche,Gros-de-Vaud,Jorat-Menthue,5804,,355,0,0,355,56,15.77%,299,84.23%,
gc_2022_Gauche,20.03.22,gauche,Gros-de-Vaud,Jorat-Menthue,5804,,355,0,0,355,,0.00%,355,100.00%,
gc_2022_extreme-droite,20.03.22,extreme-droite,Gros-de-Vaud,Jorat-Menthue,5804,,355,0,0,355,94,26.48%,261,73.52%,
gc_2022_droite-bourgeoise,20.03.22,droite,Gros-de-Vaud,Jorat-Menthue,5804,,355,0,0,355,119,33.52%,236,66.48%,
gc_2022_centre,20.03.22,centre,Gros-de-Vaud,Jorat-Menthue,5804,,355,0,0,355,33,9.30%,322,90.70%,
gc_2022_verts,20.03.22,centre-gauche,Gros-de-Vaud,Jorat-Menthue,5804,,355,0,0,355,52,14.65%,303,85.35%,
gc_2022_PS,20.03.22,centre-gauche,Gros-de-Vaud,Lussery-Villars,5487,,103,0,0,103,22,21.36%,81,78.64%,
gc_2022_Gauche,20.03.22,gauche,Gros-de-Vaud,Lussery-Villars,5487,,103,0,0,103,,0.00%,103,100.00%,
gc_2022_extreme-droite,20.03.22,extreme-droite,Gros-de-Vaud,Lussery-Villars,5487,,103,0,0,103,26,25.24%,77,74.76%,
gc_2022_droite-bourgeoise,20.03.22,droite,Gros-de-Vaud,Lussery-Villars,5487,,103,0,0,103,24,23.30%,79,76.70%,
gc_2022_centre,20.03.22,centre,Gros-de-Vaud,Lussery-Villars,5487,,103,0,0,103,10,9.71%,93,90.29%,
gc_2022_verts,20.03.22,centre-gauche,Gros-de-Vaud,Lussery-Villars,5487,,103,0,0,103,22,21.36%,81,78.64%,
gc_2022_PS,20.03.22,centre-gauche,Gros-de-Vaud,Mex VD,5489,,146,0,0,146,17,11.64%,129,88.36%,
gc_2022_Gauche,20.03.22,gauche,Gros-de-Vaud,Mex VD,5489,,146,0,0,146,,0.00%,146,100.00%,
gc_2022_extreme-droite,20.03.22,extreme-droite,Gros-de-Vaud,Mex VD,5489,,146,0,0,146,32,21.92%,114,78.08%,
gc_2022_droite-bourgeoise,20.03.22,droite,Gros-de-Vaud,Mex VD,5489,,146,0,0,146,64,43.84%,82,56.16%,
gc_2022_centre,20.03.22,centre,Gros-de-Vaud,Mex VD,5489,,146,0,0,146,22,15.07%,124,84.93%,
gc_2022_verts,20.03.22,centre-gauche,Gros-de-Vaud,Mex VD,5489,,146,0,0,146,12,8.22%,134,91.78%,
gc_2022_PS,20.03.22,centre-gauche,Gros-de-Vaud,Montanaire,5693,,694,0,0,694,74,10.66%,620,89.34%,
gc_2022_Gauche,20.03.22,gauche,Gros-de-Vaud,Montanaire,5693,,694,0,0,694,,0.00%,694,100.00%,
gc_2022_extreme-droite,20.03.22,extreme-droite,Gros-de-Vaud,Montanaire,5693,,694,0,0,694,188,27.09%,506,72.91%,
gc_2022_droite-bourgeoise,20.03.22,droite,Gros-de-Vaud,Montanaire,5693,,694,0,0,694,252,36.31%,442,63.69%,
gc_2022_centre,20.03.22,centre,Gros-de-Vaud,Montanaire,5693,,694,0,0,694,60,8.65%,634,91.35%,
gc_2022_verts,20.03.22,centre-gauche,Gros-de-Vaud,Montanaire,5693,,694,0,0,694,119,17.15%,575,82.85%,
gc_2022_PS,20.03.22,centre-gauche,Gros-de-Vaud,Montilliez,5540,,425,0,0,425,48,11.29%,377,88.71%,
gc_2022_Gauche,20.03.22,gauche,Gros-de-Vaud,Montilliez,5540,,425,0,0,425,,0.00%,425,100.00%,
gc_2022_extreme-droite,20.03.22,extreme-droite,Gros-de-Vaud,Montilliez,5540,,425,0,0,425,121,28.47%,304,71.53%,
gc_2022_droite-bourgeoise,20.03.22,droite,Gros-de-Vaud,Montilliez,5540,,425,0,0,425,142,33.41%,283,66.59%,
gc_2022_centre,20.03.22,centre,Gros-de-Vaud,Montilliez,5540,,425,0,0,425,51,12.00%,374,88.00%,
gc_2022_verts,20.03.22,centre-gauche,Gros-de-Vaud,Montilliez,5540,,425,0,0,425,62,14.59%,363,85.41%,
gc_2022_PS,20.03.22,centre-gauche,Gros-de-Vaud,Morrens VD,5527,,218,0,0,218,54,24.77%,164,75.23%,
gc_2022_Gauche,20.03.22,gauche,Gros-de-Vaud,Morrens VD,5527,,218,0,0,218,,0.00%,218,100.00%,
gc_2022_extreme-droite,20.03.22,extreme-droite,Gros-de-Vaud,Morrens VD,5527,,218,0,0,218,40,18.35%,178,81.65%,
gc_2022_droite-bourgeoise,20.03.22,droite,Gros-de-Vaud,Morrens VD,5527,,218,0,0,218,44,20.18%,174,79.82%,
gc_2022_centre,20.03.22,centre,Gros-de-Vaud,Morrens VD,5527,,218,0,0,218,39,17.89%,179,82.11%,
gc_2022_verts,20.03.22,centre-gauche,Gros-de-Vaud,Morrens VD,5527,,218,0,0,218,41,18.81%,177,81.19%,
gc_2022_PS,20.03.22,centre-gauche,Gros-de-Vaud,Ogens,5680,,81,0,0,81,9,11.11%,72,88.89%,
gc_2022_Gauche,20.03.22,gauche,Gros-de-Vaud,Ogens,5680,,81,0,0,81,,0.00%,81,100.00%,
gc_2022_extreme-droite,20.03.22,extreme-droite,Gros-de-Vaud,Ogens,5680,,81,0,0,81,18,22.22%,63,77.78%,
gc_2022_droite-bourgeoise,20.03.22,droite,Gros-de-Vaud,Ogens,5680,,81,0,0,81,26,32.10%,55,67.90%,
gc_2022_centre,20.03.22,centre,Gros-de-Vaud,Ogens,5680,,81,0,0,81,9,11.11%,72,88.89%,
gc_2022_verts,20.03.22,centre-gauche,Gros-de-Vaud,Ogens,5680,,81,0,0,81,20,24.69%,61,75.31%,
gc_2022_PS,20.03.22,centre-gauche,Gros-de-Vaud,Oppens,5923,,52,0,0,52,6,11.54%,46,88.46%,
gc_2022_Gauche,20.03.22,gauche,Gros-de-Vaud,Oppens,5923,,52,0,0,52,,0.00%,52,100.00%,
gc_2022_extreme-droite,20.03.22,extreme-droite,Gros-de-Vaud,Oppens,5923,,52,0,0,52,21,40.38%,31,59.62%,
gc_2022_droite-bourgeoise,20.03.22,droite,Gros-de-Vaud,Oppens,5923,,52,0,0,52,12,23.08%,40,76.92%,
gc_2022_centre,20.03.22,centre,Gros-de-Vaud,Oppens,5923,,52,0,0,52,5,9.62%,47,90.38%,
gc_2022_verts,20.03.22,centre-gauche,Gros-de-Vaud,Oppens,5923,,52,0,0,52,7,13.46%,45,86.54%,
gc_2022_PS,20.03.22,centre-gauche,Gros-de-Vaud,Oulens-sous-Echallens,5529,,168,0,0,168,22,13.10%,146,86.90%,
gc_2022_Gauche,20.03.22,gauche,Gros-de-Vaud,Oulens-sous-Echallens,5529,,168,0,0,168,,0.00%,168,100.00%,
gc_2022_extreme-droite,20.03.22,extreme-droite,Gros-de-Vaud,Oulens-sous-Echallens,5529,,168,0,0,168,34,20.24%,134,79.76%,
gc_2022_droite-bourgeoise,20.03.22,droite,Gros-de-Vaud,Oulens-sous-Echallens,5529,,168,0,0,168,59,35.12%,109,64.88%,
gc_2022_centre,20.03.22,centre,Gros-de-Vaud,Oulens-sous-Echallens,5529,,168,0,0,168,31,18.45%,137,81.55%,
gc_2022_verts,20.03.22,centre-gauche,Gros-de-Vaud,Oulens-sous-Echallens,5529,,168,0,0,168,21,12.50%,147,87.50%,
gc_2022_PS,20.03.22,centre-gauche,Gros-de-Vaud,Pailly,5530,,140,0,0,140,7,5.00%,133,95.00%,
gc_2022_Gauche,20.03.22,gauche,Gros-de-Vaud,Pailly,5530,,140,0,0,140,,0.00%,140,100.00%,
gc_2022_extreme-droite,20.03.22,extreme-droite,Gros-de-Vaud,Pailly,5530,,140,0,0,140,51,36.43%,89,63.57%,
gc_2022_droite-bourgeoise,20.03.22,droite,Gros-de-Vaud,Pailly,5530,,140,0,0,140,48,34.29%,92,65.71%,
gc_2022_centre,20.03.22,centre,Gros-de-Vaud,Pailly,5530,,140,0,0,140,23,16.43%,117,83.57%,
gc_2022_verts,20.03.22,centre-gauche,Gros-de-Vaud,Pailly,5530,,140,0,0,140,10,7.14%,130,92.86%,
gc_2022_PS,20.03.22,centre-gauche,Gros-de-Vaud,Penthalaz,5495,,556,0,0,556,119,21.40%,437,78.60%,
gc_2022_Gauche,20.03.22,gauche,Gros-de-Vaud,Penthalaz,5495,,556,0,0,556,,0.00%,556,100.00%,
gc_2022_extreme-droite,20.03.22,extreme-droite,Gros-de-Vaud,Penthalaz,5495,,556,0,0,556,103,18.53%,453,81.47%,
gc_2022_droite-bourgeoise,20.03.22,droite,Gros-de-Vaud,Penthalaz,5495,,556,0,0,556,163,29.32%,393,70.68%,
gc_2022_centre,20.03.22,centre,Gros-de-Vaud,Penthalaz,5495,,556,0,0,556,52,9.35%,504,90.65%,
gc_2022_verts,20.03.22,centre-gauche,Gros-de-Vaud,Penthalaz,5495,,556,0,0,556,118,21.22%,438,78.78%,
gc_2022_PS,20.03.22,centre-gauche,Gros-de-Vaud,Penthaz,5496,,283,0,0,283,57,20.14%,226,79.86%,
gc_2022_Gauche,20.03.22,gauche,Gros-de-Vaud,Penthaz,5496,,283,0,0,283,,0.00%,283,100.00%,
gc_2022_extreme-droite,20.03.22,extreme-droite,Gros-de-Vaud,Penthaz,5496,,283,0,0,283,44,15.55%,239,84.45%,
gc_2022_droite-bourgeoise,20.03.22,droite,Gros-de-Vaud,Penthaz,5496,,283,0,0,283,94,33.22%,189,66.78%,
gc_2022_centre,20.03.22,centre,Gros-de-Vaud,Penthaz,5496,,283,0,0,283,40,14.13%,243,85.87%,
gc_2022_verts,20.03.22,centre-gauche,Gros-de-Vaud,Penthaz,5496,,283,0,0,283,48,16.96%,235,83.04%,
gc_2022_PS,20.03.22,centre-gauche,Gros-de-Vaud,Penthéréaz,5531,,107,0,0,107,15,14.02%,92,85.98%,
gc_2022_Gauche,20.03.22,gauche,Gros-de-Vaud,Penthéréaz,5531,,107,0,0,107,,0.00%,107,100.00%,
gc_2022_extreme-droite,20.03.22,extreme-droite,Gros-de-Vaud,Penthéréaz,5531,,107,0,0,107,13,12.15%,94,87.85%,
gc_2022_droite-bourgeoise,20.03.22,droite,Gros-de-Vaud,Penthéréaz,5531,,107,0,0,107,57,53.27%,50,46.73%,
gc_2022_centre,20.03.22,centre,Gros-de-Vaud,Penthéréaz,5531,,107,0,0,107,12,11.21%,95,88.79%,
gc_2022_verts,20.03.22,centre-gauche,Gros-de-Vaud,Penthéréaz,5531,,107,0,0,107,10,9.35%,97,90.65%,
gc_2022_PS,20.03.22,centre-gauche,Gros-de-Vaud,Poliez-Pittet,5533,,191,0,0,191,17,8.90%,174,91.10%,
gc_2022_Gauche,20.03.22,gauche,Gros-de-Vaud,Poliez-Pittet,5533,,191,0,0,191,,0.00%,191,100.00%,
gc_2022_extreme-droite,20.03.22,extreme-droite,Gros-de-Vaud,Poliez-Pittet,5533,,191,0,0,191,54,28.27%,137,71.73%,
gc_2022_droite-bourgeoise,20.03.22,droite,Gros-de-Vaud,Poliez-Pittet,5533,,191,0,0,191,69,36.13%,122,63.87%,
gc_2022_centre,20.03.22,centre,Gros-de-Vaud,Poliez-Pittet,5533,,191,0,0,191,31,16.23%,160,83.77%,
gc_2022_verts,20.03.22,centre-gauche,Gros-de-Vaud,Poliez-Pittet,5533,,191,0,0,191,20,10.47%,171,89.53%,
gc_2022_PS,20.03.22,centre-gauche,Gros-de-Vaud,Rueyres,5534,,109,0,0,109,9,8.26%,100,91.74%,
gc_2022_Gauche,20.03.22,gauche,Gros-de-Vaud,Rueyres,5534,,109,0,0,109,,0.00%,109,100.00%,
gc_2022_extreme-droite,20.03.22,extreme-droite,Gros-de-Vaud,Rueyres,5534,,109,0,0,109,51,46.79%,58,53.21%,
gc_2022_droite-bourgeoise,20.03.22,droite,Gros-de-Vaud,Rueyres,5534,,109,0,0,109,21,19.27%,88,80.73%,
gc_2022_centre,20.03.22,centre,Gros-de-Vaud,Rueyres,5534,,109,0,0,109,17,15.60%,92,84.40%,
gc_2022_verts,20.03.22,centre-gauche,Gros-de-Vaud,Rueyres,5534,,109,0,0,109,10,9.17%,99,90.83%,
gc_2022_PS,20.03.22,centre-gauche,Gros-de-Vaud,Saint-Barthélemy VD,5535,,172,0,0,172,23,13.37%,149,86.63%,
gc_2022_Gauche,20.03.22,gauche,Gros-de-Vaud,Saint-Barthélemy VD,5535,,172,0,0,172,,0.00%,172,100.00%,
gc_2022_extreme-droite,20.03.22,extreme-droite,Gros-de-Vaud,Saint-Barthélemy VD,5535,,172,0,0,172,52,30.23%,120,69.77%,
gc_2022_droite-bourgeoise,20.03.22,droite,Gros-de-Vaud,Saint-Barthélemy VD,5535,,172,0,0,172,55,31.98%,117,68.02%,
gc_2022_centre,20.03.22,centre,Gros-de-Vaud,Saint-Barthélemy VD,5535,,172,0,0,172,28,16.28%,144,83.72%,
gc_2022_verts,20.03.22,centre-gauche,Gros-de-Vaud,Saint-Barthélemy VD,5535,,172,0,0,172,14,8.14%,158,91.86%,
gc_2022_PS,20.03.22,centre-gauche,Gros-de-Vaud,Sullens,5501,,192,0,0,192,15,7.81%,177,92.19%,
gc_2022_Gauche,20.03.22,gauche,Gros-de-Vaud,Sullens,5501,,192,0,0,192,,0.00%,192,100.00%,
gc_2022_extreme-droite,20.03.22,extreme-droite,Gros-de-Vaud,Sullens,5501,,192,0,0,192,45,23.44%,147,76.56%,
gc_2022_droite-bourgeoise,20.03.22,droite,Gros-de-Vaud,Sullens,5501,,192,0,0,192,82,42.71%,110,57.29%,
gc_2022_centre,20.03.22,centre,Gros-de-Vaud,Sullens,5501,,192,0,0,192,26,13.54%,166,86.46%,
gc_2022_verts,20.03.22,centre-gauche,Gros-de-Vaud,Sullens,5501,,192,0,0,192,23,11.98%,169,88.02%,
gc_2022_PS,20.03.22,centre-gauche,Gros-de-Vaud,Villars-le-Terroir,5537,,302,0,0,302,28,9.27%,274,90.73%,
gc_2022_Gauche,20.03.22,gauche,Gros-de-Vaud,Villars-le-Terroir,5537,,302,0,0,302,,0.00%,302,100.00%,
gc_2022_extreme-droite,20.03.22,extreme-droite,Gros-de-Vaud,Villars-le-Terroir,5537,,302,0,0,302,62,20.53%,240,79.47%,
gc_2022_droite-bourgeoise,20.03.22,droite,Gros-de-Vaud,Villars-le-Terroir,5537,,302,0,0,302,91,30.13%,211,69.87%,
gc_2022_centre,20.03.22,centre,Gros-de-Vaud,Villars-le-Terroir,5537,,302,0,0,302,83,27.48%,219,72.52%,
gc_2022_verts,20.03.22,centre-gauche,Gros-de-Vaud,Villars-le-Terroir,5537,,302,0,0,302,38,12.58%,264,87.42%,
gc_2022_PS,20.03.22,centre-gauche,Gros-de-Vaud,Vuarrens,5539,,246,0,0,246,19,7.72%,227,92.28%,
gc_2022_Gauche,20.03.22,gauche,Gros-de-Vaud,Vuarrens,5539,,246,0,0,246,,0.00%,246,100.00%,
gc_2022_extreme-droite,20.03.22,extreme-droite,Gros-de-Vaud,Vuarrens,5539,,246,0,0,246,97,39.43%,149,60.57%,
gc_2022_droite-bourgeoise,20.03.22,droite,Gros-de-Vaud,Vuarrens,5539,,246,0,0,246,71,28.86%,175,71.14%,
gc_2022_centre,20.03.22,centre,Gros-de-Vaud,Vuarrens,5539,,246,0,0,246,26,10.57%,220,89.43%,
gc_2022_verts,20.03.22,centre-gauche,Gros-de-Vaud,Vuarrens,5539,,246,0,0,246,33,13.41%,213,86.59%,
gc_2022_PS,20.03.22,centre-gauche,Gros-de-Vaud,Vufflens-la-Ville,5503,,320,0,0,320,68,21.25%,252,78.75%,
gc_2022_Gauche,20.03.22,gauche,Gros-de-Vaud,Vufflens-la-Ville,5503,,320,0,0,320,,0.00%,320,100.00%,
gc_2022_extreme-droite,20.03.22,extreme-droite,Gros-de-Vaud,Vufflens-la-Ville,5503,,320,0,0,320,61,19.06%,259,80.94%,
gc_2022_droite-bourgeoise,20.03.22,droite,Gros-de-Vaud,Vufflens-la-Ville,5503,,320,0,0,320,78,24.38%,242,75.62%,
gc_2022_centre,20.03.22,centre,Gros-de-Vaud,Vufflens-la-Ville,5503,,320,0,0,320,47,14.69%,273,85.31%,
gc_2022_verts,20.03.22,centre-gauche,Gros-de-Vaud,Vufflens-la-Ville,5503,,320,0,0,320,66,20.62%,254,79.38%,
gc_2022_PS,20.03.22,centre-gauche,Lavaux - Oron,Belmont-sur-Lausanne,5581,,754,0,0,754,119,15.78%,635,84.22%,
gc_2022_Gauche,20.03.22,gauche,Lavaux - Oron,Belmont-sur-Lausanne,5581,,754,0,0,754,2,0.27%,752,99.73%,
gc_2022_extreme-droite,20.03.22,extreme-droite,Lavaux - Oron,Belmont-sur-Lausanne,5581,,754,0,0,754,90,11.94%,664,88.06%,
gc_2022_droite-bourgeoise,20.03.22,droite,Lavaux - Oron,Belmont-sur-Lausanne,5581,,754,0,0,754,239,31.70%,515,68.30%,
gc_2022_centre,20.03.22,centre,Lavaux - Oron,Belmont-sur-Lausanne,5581,,754,0,0,754,155,20.56%,599,79.44%,
gc_2022_verts,20.03.22,centre-gauche,Lavaux - Oron,Belmont-sur-Lausanne,5581,,754,0,0,754,149,19.76%,605,80.24%,
gc_2022_PS,20.03.22,centre-gauche,Lavaux - Oron,Bourg-en-Lavaux,5613,,1419,0,0,1419,229,16.14%,1190,83.86%,
gc_2022_Gauche,20.03.22,gauche,Lavaux - Oron,Bourg-en-Lavaux,5613,,1419,0,0,1419,3,0.21%,1416,99.79%,
gc_2022_extreme-droite,20.03.22,extreme-droite,Lavaux - Oron,Bourg-en-Lavaux,5613,,1419,0,0,1419,153,10.78%,1266,89.22%,
gc_2022_droite-bourgeoise,20.03.22,droite,Lavaux - Oron,Bourg-en-Lavaux,5613,,1419,0,0,1419,522,36.79%,897,63.21%,
gc_2022_centre,20.03.22,centre,Lavaux - Oron,Bourg-en-Lavaux,5613,,1419,0,0,1419,210,14.80%,1209,85.20%,
gc_2022_verts,20.03.22,centre-gauche,Lavaux - Oron,Bourg-en-Lavaux,5613,,1419,0,0,1419,303,21.35%,1116,78.65%,
gc_2022_PS,20.03.22,centre-gauche,Lavaux - Oron,Chexbres,5601,,506,0,0,506,89,17.59%,417,82.41%,
gc_2022_Gauche,20.03.22,gauche,Lavaux - Oron,Chexbres,5601,,506,0,0,506,2,0.40%,504,99.60%,
gc_2022_extreme-droite,20.03.22,extreme-droite,Lavaux - Oron,Chexbres,5601,,506,0,0,506,66,13.04%,440,86.96%,
gc_2022_droite-bourgeoise,20.03.22,droite,Lavaux - Oron,Chexbres,5601,,506,0,0,506,201,39.72%,305,60.28%,
gc_2022_centre,20.03.22,centre,Lavaux - Oron,Chexbres,5601,,506,0,0,506,46,9.09%,460,90.91%,
gc_2022_verts,20.03.22,centre-gauche,Lavaux - Oron,Chexbres,5601,,506,0,0,506,102,20.16%,404,79.84%,
gc_2022_PS,20.03.22,centre-gauche,Lavaux - Oron,Forel (Lavaux),5604,,468,0,0,468,62,13.25%,406,86.75%,
gc_2022_Gauche,20.03.22,gauche,Lavaux - Oron,Forel (Lavaux),5604,,468,0,0,468,2,0.43%,466,99.57%,
gc_2022_extreme-droite,20.03.22,extreme-droite,Lavaux - Oron,Forel (Lavaux),5604,,468,0,0,468,106,22.65%,362,77.35%,
gc_2022_droite-bourgeoise,20.03.22,droite,Lavaux - Oron,Forel (Lavaux),5604,,468,0,0,468,186,39.74%,282,60.26%,
gc_2022_centre,20.03.22,centre,Lavaux - Oron,Forel (Lavaux),5604,,468,0,0,468,47,10.04%,421,89.96%,
gc_2022_verts,20.03.22,centre-gauche,Lavaux - Oron,Forel (Lavaux),5604,,468,0,0,468,66,14.10%,402,85.90%,
gc_2022_PS,20.03.22,centre-gauche,Lavaux - Oron,Jorat-Mézières,5806,,606,0,0,606,108,17.82%,498,82.18%,
gc_2022_Gauche,20.03.22,gauche,Lavaux - Oron,Jorat-Mézières,5806,,606,0,0,606,2,0.33%,604,99.67%,
gc_2022_extreme-droite,20.03.22,extreme-droite,Lavaux - Oron,Jorat-Mézières,5806,,606,0,0,606,148,24.42%,458,75.58%,
gc_2022_droite-bourgeoise,20.03.22,droite,Lavaux - Oron,Jorat-Mézières,5806,,606,0,0,606,180,29.70%,426,70.30%,
gc_2022_centre,20.03.22,centre,Lavaux - Oron,Jorat-Mézières,5806,,606,0,0,606,52,8.58%,554,91.42%,
gc_2022_verts,20.03.22,centre-gauche,Lavaux - Oron,Jorat-Mézières,5806,,606,0,0,606,116,19.14%,490,80.86%,
gc_2022_PS,20.03.22,centre-gauche,Lavaux - Oron,Lutry,5606,,2440,0,0,2440,340,13.93%,2100,86.07%,
gc_2022_Gauche,20.03.22,gauche,Lavaux - Oron,Lutry,5606,,2440,0,0,2440,8,0.33%,2432,99.67%,
gc_2022_extreme-droite,20.03.22,extreme-droite,Lavaux - Oron,Lutry,5606,,2440,0,0,2440,284,11.64%,2156,88.36%,
gc_2022_droite-bourgeoise,20.03.22,droite,Lavaux - Oron,Lutry,5606,,2440,0,0,2440,1062,43.52%,1378,56.48%,
gc_2022_centre,20.03.22,centre,Lavaux - Oron,Lutry,5606,,2440,0,0,2440,352,14.43%,2088,85.57%,
gc_2022_verts,20.03.22,centre-gauche,Lavaux - Oron,Lutry,5606,,2440,0,0,2440,394,16.15%,2046,83.85%,
gc_2022_PS,20.03.22,centre-gauche,Lavaux - Oron,Maracon,5790,,140,0,0,140,21,15.00%,119,85.00%,
gc_2022_Gauche,20.03.22,gauche,Lavaux - Oron,Maracon,5790,,140,0,0,140,1,0.71%,139,99.29%,
gc_2022_extreme-droite,20.03.22,extreme-droite,Lavaux - Oron,Maracon,5790,,140,0,0,140,43,30.71%,97,69.29%,
gc_2022_droite-bourgeoise,20.03.22,droite,Lavaux - Oron,Maracon,5790,,140,0,0,140,20,14.29%,120,85.71%,
gc_2022_centre,20.03.22,centre,Lavaux - Oron,Maracon,5790,,140,0,0,140,17,12.14%,123,87.86%,
gc_2022_verts,20.03.22,centre-gauche,Lavaux - Oron,Maracon,5790,,140,0,0,140,37,26.43%,103,73.57%,
gc_2022_PS,20.03.22,centre-gauche,Lavaux - Oron,Montpreveyres,5792,,115,0,0,115,20,17.39%,95,82.61%,
gc_2022_Gauche,20.03.22,gauche,Lavaux - Oron,Montpreveyres,5792,,115,0,0,115,1,0.87%,114,99.13%,
gc_2022_extreme-droite,20.03.22,extreme-droite,Lavaux - Oron,Montpreveyres,5792,,115,0,0,115,18,15.65%,97,84.35%,
gc_2022_droite-bourgeoise,20.03.22,droite,Lavaux - Oron,Montpreveyres,5792,,115,0,0,115,21,18.26%,94,81.74%,
gc_2022_centre,20.03.22,centre,Lavaux - Oron,Montpreveyres,5792,,115,0,0,115,15,13.04%,100,86.96%,
gc_2022_verts,20.03.22,centre-gauche,Lavaux - Oron,Montpreveyres,5792,,115,0,0,115,39,33.91%,76,66.09%,
gc_2022_PS,20.03.22,centre-gauche,Lavaux - Oron,Oron,5805,,1169,0,0,1169,265,22.67%,904,77.33%,
gc_2022_Gauche,20.03.22,gauche,Lavaux - Oron,Oron,5805,,1169,0,0,1169,2,0.17%,1167,99.83%,
gc_2022_extreme-droite,20.03.22,extreme-droite,Lavaux - Oron,Oron,5805,,1169,0,0,1169,293,25.06%,876,74.94%,
gc_2022_droite-bourgeoise,20.03.22,droite,Lavaux - Oron,Oron,5805,,1169,0,0,1169,292,24.98%,877,75.02%,
gc_2022_centre,20.03.22,centre,Lavaux - Oron,Oron,5805,,1169,0,0,1169,107,9.15%,1062,90.85%,
gc_2022_verts,20.03.22,centre-gauche,Lavaux - Oron,Oron,5805,,1169,0,0,1169,210,17.96%,959,82.04%,
gc_2022_PS,20.03.22,centre-gauche,Lavaux - Oron,Paudex,5588,,294,0,0,294,46,15.65%,248,84.35%,
gc_2022_Gauche,20.03.22,gauche,Lavaux - Oron,Paudex,5588,,294,0,0,294,1,0.34%,293,99.66%,
gc_2022_extreme-droite,20.03.22,extreme-droite,Lavaux - Oron,Paudex,5588,,294,0,0,294,38,12.93%,256,87.07%,
gc_2022_droite-bourgeoise,20.03.22,droite,Lavaux - Oron,Paudex,5588,,294,0,0,294,129,43.88%,165,56.12%,
gc_2022_centre,20.03.22,centre,Lavaux - Oron,Paudex,5588,,294,0,0,294,40,13.61%,254,86.39%,
gc_2022_verts,20.03.22,centre-gauche,Lavaux - Oron,Paudex,5588,,294,0,0,294,40,13.61%,254,86.39%,
gc_2022_PS,20.03.22,centre-gauche,Lavaux - Oron,Puidoux,5607,,552,0,0,552,72,13.04%,480,86.96%,
gc_2022_Gauche,20.03.22,gauche,Lavaux - Oron,Puidoux,5607,,552,0,0,552,1,0.18%,551,99.82%,
gc_2022_extreme-droite,20.03.22,extreme-droite,Lavaux - Oron,Puidoux,5607,,552,0,0,552,128,23.19%,424,76.81%,
gc_2022_droite-bourgeoise,20.03.22,droite,Lavaux - Oron,Puidoux,5607,,552,0,0,552,191,34.60%,361,65.40%,
gc_2022_centre,20.03.22,centre,Lavaux - Oron,Puidoux,5607,,552,0,0,552,56,10.14%,496,89.86%,
gc_2022_verts,20.03.22,centre-gauche,Lavaux - Oron,Puidoux,5607,,552,0,0,552,104,18.84%,448,81.16%,
gc_2022_PS,20.03.22,centre-gauche,Lavaux - Oron,Pully,5590,,3788,0,0,3788,703,18.56%,3085,81.44%,
gc_2022_Gauche,20.03.22,gauche,Lavaux - Oron,Pully,5590,,3788,0,0,3788,8,0.21%,3780,99.79%,
gc_2022_extreme-droite,20.03.22,extreme-droite,Lavaux - Oron,Pully,5590,,3788,0,0,3788,480,12.67%,3308,87.33%,
gc_2022_droite-bourgeoise,20.03.22,droite,Lavaux - Oron,Pully,5590,,3788,0,0,3788,1435,37.88%,2353,62.12%,
gc_2022_centre,20.03.22,centre,Lavaux - Oron,Pully,5590,,3788,0,0,3788,464,12.25%,3324,87.75%,
gc_2022_verts,20.03.22,centre-gauche,Lavaux - Oron,Pully,5590,,3788,0,0,3788,698,18.43%,3090,81.57%,
gc_2022_PS,20.03.22,centre-gauche,Lavaux - Oron,Rivaz,5609,,107,0,0,107,12,11.21%,95,88.79%,
gc_2022_Gauche,20.03.22,gauche,Lavaux - Oron,Rivaz,5609,,107,0,0,107,1,0.93%,106,99.07%,
gc_2022_extreme-droite,20.03.22,extreme-droite,Lavaux - Oron,Rivaz,5609,,107,0,0,107,16,14.95%,91,85.05%,
gc_2022_droite-bourgeoise,20.03.22,droite,Lavaux - Oron,Rivaz,5609,,107,0,0,107,46,42.99%,61,57.01%,
gc_2022_centre,20.03.22,centre,Lavaux - Oron,Rivaz,5609,,107,0,0,107,11,10.28%,96,89.72%,
gc_2022_verts,20.03.22,centre-gauche,Lavaux - Oron,Rivaz,5609,,107,0,0,107,22,20.56%,85,79.44%,
gc_2022_PS,20.03.22,centre-gauche,Lavaux - Oron,Saint-Saphorin (Lavaux),5610,,105,0,0,105,21,20.00%,84,80.00%,
gc_2022_Gauche,20.03.22,gauche,Lavaux - Oron,Saint-Saphorin (Lavaux),5610,,105,0,0,105,1,0.95%,104,99.05%,
gc_2022_extreme-droite,20.03.22,extreme-droite,Lavaux - Oron,Saint-Saphorin (Lavaux),5610,,105,0,0,105,12,11.43%,93,88.57%,
gc_2022_droite-bourgeoise,20.03.22,droite,Lavaux - Oron,Saint-Saphorin (Lavaux),5610,,105,0,0,105,33,31.43%,72,68.57%,
gc_2022_centre,20.03.22,centre,Lavaux - Oron,Saint-Saphorin (Lavaux),5610,,105,0,0,105,15,14.29%,90,85.71%,
gc_2022_verts,20.03.22,centre-gauche,Lavaux - Oron,Saint-Saphorin (Lavaux),5610,,105,0,0,105,23,21.90%,82,78.10%,
gc_2022_PS,20.03.22,centre-gauche,Lavaux - Oron,Savigny,5611,,828,0,0,828,136,16.43%,692,83.57%,
gc_2022_Gauche,20.03.22,gauche,Lavaux - Oron,Savigny,5611,,828,0,0,828,2,0.24%,826,99.76%,
gc_2022_extreme-droite,20.03.22,extreme-droite,Lavaux - Oron,Savigny,5611,,828,0,0,828,135,16.30%,693,83.70%,
gc_2022_droite-bourgeoise,20.03.22,droite,Lavaux - Oron,Savigny,5611,,828,0,0,828,340,41.06%,488,58.94%,
gc_2022_centre,20.03.22,centre,Lavaux - Oron,Savigny,5611,,828,0,0,828,62,7.49%,766,92.51%,
gc_2022_verts,20.03.22,centre-gauche,Lavaux - Oron,Savigny,5611,,828,0,0,828,152,18.36%,676,81.64%,
gc_2022_PS,20.03.22,centre-gauche,Lavaux - Oron,Servion,5799,,409,0,0,409,86,21.03%,323,78.97%,
gc_2022_Gauche,20.03.22,gauche,Lavaux - Oron,Servion,5799,,409,0,0,409,1,0.24%,408,99.76%,
gc_2022_extreme-droite,20.03.22,extreme-droite,Lavaux - Oron,Servion,5799,,409,0,0,409,68,16.63%,341,83.37%,
gc_2022_droite-bourgeoise,20.03.22,droite,Lavaux - Oron,Servion,5799,,409,0,0,409,122,29.83%,287,70.17%,
gc_2022_centre,20.03.22,centre,Lavaux - Oron,Servion,5799,,409,0,0,409,40,9.78%,369,90.22%,
gc_2022_verts,20.03.22,centre-gauche,Lavaux - Oron,Servion,5799,,409,0,0,409,92,22.49%,317,77.51%,
gc_2022_PS,20.03.22,centre-gauche,Morges,Aclens,5621,,117,0,0,117,28,23.93%,89,76.07%,
gc_2022_Gauche,20.03.22,gauche,Morges,Aclens,5621,,117,0,0,117,,0.00%,117,100.00%,
gc_2022_extreme-droite,20.03.22,extreme-droite,Morges,Aclens,5621,,117,0,0,117,26,22.22%,91,77.78%,
gc_2022_droite-bourgeoise,20.03.22,droite,Morges,Aclens,5621,,117,0,0,117,37,31.62%,80,68.38%,
gc_2022_centre,20.03.22,centre,Morges,Aclens,5621,,117,0,0,117,14,11.97%,103,88.03%,
gc_2022_verts,20.03.22,centre-gauche,Morges,Aclens,5621,,117,0,0,117,13,11.11%,104,88.89%,
gc_2022_PS,20.03.22,centre-gauche,Morges,Allaman,5851,,98,0,0,98,13,13.27%,85,86.73%,
gc_2022_Gauche,20.03.22,gauche,Morges,Allaman,5851,,98,0,0,98,,0.00%,98,100.00%,
gc_2022_extreme-droite,20.03.22,extreme-droite,Morges,Allaman,5851,,98,0,0,98,14,14.29%,84,85.71%,
gc_2022_droite-bourgeoise,20.03.22,droite,Morges,Allaman,5851,,98,0,0,98,28,28.57%,70,71.43%,
gc_2022_centre,20.03.22,centre,Morges,Allaman,5851,,98,0,0,98,28,28.57%,70,71.43%,
gc_2022_verts,20.03.22,centre-gauche,Morges,Allaman,5851,,98,0,0,98,16,16.33%,82,83.67%,
gc_2022_PS,20.03.22,centre-gauche,Morges,Aubonne,5422,,719,0,0,719,139,19.33%,580,80.67%,
gc_2022_Gauche,20.03.22,gauche,Morges,Aubonne,5422,,719,0,0,719,,0.00%,719,100.00%,
gc_2022_extreme-droite,20.03.22,extreme-droite,Morges,Aubonne,5422,,719,0,0,719,89,12.38%,630,87.62%,
gc_2022_droite-bourgeoise,20.03.22,droite,Morges,Aubonne,5422,,719,0,0,719,272,37.83%,447,62.17%,
gc_2022_centre,20.03.22,centre,Morges,Aubonne,5422,,719,0,0,719,76,10.57%,643,89.43%,
gc_2022_verts,20.03.22,centre-gauche,Morges,Aubonne,5422,,719,0,0,719,142,19.75%,577,80.25%,
gc_2022_PS,20.03.22,centre-gauche,Morges,Ballens,5423,,148,0,0,148,23,15.54%,125,84.46%,
gc_2022_Gauche,20.03.22,gauche,Morges,Ballens,5423,,148,0,0,148,,0.00%,148,100.00%,
gc_2022_extreme-droite,20.03.22,extreme-droite,Morges,Ballens,5423,,148,0,0,148,37,25.00%,111,75.00%,
gc_2022_droite-bourgeoise,20.03.22,droite,Morges,Ballens,5423,,148,0,0,148,55,37.16%,93,62.84%,
gc_2022_centre,20.03.22,centre,Morges,Ballens,5423,,148,0,0,148,16,10.81%,132,89.19%,
gc_2022_verts,20.03.22,centre-gauche,Morges,Ballens,5423,,148,0,0,148,17,11.49%,131,88.51%,
gc_2022_PS,20.03.22,centre-gauche,Morges,Berolle,5424,,73,0,0,73,16,21.92%,57,78.08%,
gc_2022_Gauche,20.03.22,gauche,Morges,Berolle,5424,,73,0,0,73,,0.00%,73,100.00%,
gc_2022_extreme-droite,20.03.22,extreme-droite,Morges,Berolle,5424,,73,0,0,73,28,38.36%,45,61.64%,
gc_2022_droite-bourgeoise,20.03.22,droite,Morges,Berolle,5424,,73,0,0,73,19,26.03%,54,73.97%,
gc_2022_centre,20.03.22,centre,Morges,Berolle,5424,,73,0,0,73,3,4.11%,70,95.89%,
gc_2022_verts,20.03.22,centre-gauche,Morges,Berolle,5424,,73,0,0,73,6,8.22%,67,91.78%,
gc_2022_PS,20.03.22,centre-gauche,Morges,Bière,5425,,298,0,0,298,60,20.13%,238,79.87%,
gc_2022_Gauche,20.03.22,gauche,Morges,Bière,5425,,298,0,0,298,,0.00%,298,100.00%,
gc_2022_extreme-droite,20.03.22,extreme-droite,Morges,Bière,5425,,298,0,0,298,89,29.87%,209,70.13%,
gc_2022_droite-bourgeoise,20.03.22,droite,Morges,Bière,5425,,298,0,0,298,101,33.89%,197,66.11%,
gc_2022_centre,20.03.22,centre,Morges,Bière,5425,,298,0,0,298,12,4.03%,286,95.97%,
gc_2022_verts,20.03.22,centre-gauche,Morges,Bière,5425,,298,0,0,298,36,12.08%,262,87.92%,
gc_2022_PS,20.03.22,centre-gauche,Morges,Bougy-Villars,5426,,98,0,0,98,14,14.29%,84,85.71%,
gc_2022_Gauche,20.03.22,gauche,Morges,Bougy-Villars,5426,,98,0,0,98,,0.00%,98,100.00%,
gc_2022_extreme-droite,20.03.22,extreme-droite,Morges,Bougy-Villars,5426,,98,0,0,98,18,18.37%,80,81.63%,
gc_2022_droite-bourgeoise,20.03.22,droite,Morges,Bougy-Villars,5426,,98,0,0,98,38,38.78%,60,61.22%,
gc_2022_centre,20.03.22,centre,Morges,Bougy-Villars,5426,,98,0,0,98,19,19.39%,79,80.61%,
gc_2022_verts,20.03.22,centre-gauche,Morges,Bougy-Villars,5426,,98,0,0,98,9,9.18%,89,90.82%,
gc_2022_PS,20.03.22,centre-gauche,Morges,Bremblens,5622,,140,0,0,140,17,12.14%,123,87.86%,
gc_2022_Gauche,20.03.22,gauche,Morges,Bremblens,5622,,140,0,0,140,,0.00%,140,100.00%,
gc_2022_extreme-droite,20.03.22,extreme-droite,Morges,Bremblens,5622,,140,0,0,140,35,25.00%,105,75.00%,
gc_2022_droite-bourgeoise,20.03.22,droite,Morges,Bremblens,5622,,140,0,0,140,46,32.86%,94,67.14%,
gc_2022_centre,20.03.22,centre,Morges,Bremblens,5622,,140,0,0,140,24,17.14%,116,82.86%,
gc_2022_verts,20.03.22,centre-gauche,Morges,Bremblens,5622,,140,0,0,140,18,12.86%,122,87.14%,
gc_2022_PS,20.03.22,centre-gauche,Morges,Buchillon,5623,,172,0,0,172,18,10.47%,154,89.53%,
gc_2022_Gauche,20.03.22,gauche,Morges,Buchillon,5623,,172,0,0,172,,0.00%,172,100.00%,
gc_2022_extreme-droite,20.03.22,extreme-droite,Morges,Buchillon,5623,,172,0,0,172,28,16.28%,144,83.72%,
gc_2022_droite-bourgeoise,20.03.22,droite,Morges,Buchillon,5623,,172,0,0,172,82,47.67%,90,52.33%,
gc_2022_centre,20.03.22,centre,Morges,Buchillon,5623,,172,0,0,172,19,11.05%,153,88.95%,
gc_2022_verts,20.03.22,centre-gauche,Morges,Buchillon,5623,,172,0,0,172,24,13.95%,148,86.05%,
gc_2022_PS,20.03.22,centre-gauche,Morges,Chavannes-le-Veyron,5475,,56,0,0,56,9,16.07%,47,83.93%,
gc_2022_Gauche,20.03.22,gauche,Morges,Chavannes-le-Veyron,5475,,56,0,0,56,,0.00%,56,100.00%,
gc_2022_extreme-droite,20.03.22,extreme-droite,Morges,Chavannes-le-Veyron,5475,,56,0,0,56,17,30.36%,39,69.64%,
gc_2022_droite-bourgeoise,20.03.22,droite,Morges,Chavannes-le-Veyron,5475,,56,0,0,56,17,30.36%,39,69.64%,
gc_2022_centre,20.03.22,centre,Morges,Chavannes-le-Veyron,5475,,56,0,0,56,6,10.71%,50,89.29%,
gc_2022_verts,20.03.22,centre-gauche,Morges,Chavannes-le-Veyron,5475,,56,0,0,56,7,12.50%,49,87.50%,
gc_2022_PS,20.03.22,centre-gauche,Morges,Chevilly,5476,,82,0,0,82,12,14.63%,70,85.37%,
gc_2022_Gauche,20.03.22,gauche,Morges,Chevilly,5476,,82,0,0,82,,0.00%,82,100.00%,
gc_2022_extreme-droite,20.03.22,extreme-droite,Morges,Chevilly,5476,,82,0,0,82,15,18.29%,67,81.71%,
gc_2022_droite-bourgeoise,20.03.22,droite,Morges,Chevilly,5476,,82,0,0,82,26,31.71%,56,68.29%,
gc_2022_centre,20.03.22,centre,Morges,Chevilly,5476,,82,0,0,82,12,14.63%,70,85.37%,
gc_2022_verts,20.03.22,centre-gauche,Morges,Chevilly,5476,,82,0,0,82,18,21.95%,64,78.05%,
gc_2022_PS,20.03.22,centre-gauche,Morges,Chigny,5628,,86,0,0,86,12,13.95%,74,86.05%,
gc_2022_Gauche,20.03.22,gauche,Morges,Chigny,5628,,86,0,0,86,,0.00%,86,100.00%,
gc_2022_extreme-droite,20.03.22,extreme-droite,Morges,Chigny,5628,,86,0,0,86,7,8.14%,79,91.86%,
gc_2022_droite-bourgeoise,20.03.22,droite,Morges,Chigny,5628,,86,0,0,86,44,51.16%,42,48.84%,
gc_2022_centre,20.03.22,centre,Morges,Chigny,5628,,86,0,0,86,8,9.30%,78,90.70%,
gc_2022_verts,20.03.22,centre-gauche,Morges,Chigny,5628,,86,0,0,86,15,17.44%,71,82.56%,
gc_2022_PS,20.03.22,centre-gauche,Morges,Clarmont,5629,,46,0,0,46,12,26.09%,34,73.91%,
gc_2022_Gauche,20.03.22,gauche,Morges,Clarmont,5629,,46,0,0,46,,0.00%,46,100.00%,
gc_2022_extreme-droite,20.03.22,extreme-droite,Morges,Clarmont,5629,,46,0,0,46,11,23.91%,35,76.09%,
gc_2022_droite-bourgeoise,20.03.22,droite,Morges,Clarmont,5629,,46,0,0,46,10,21.74%,36,78.26%,
gc_2022_centre,20.03.22,centre,Morges,Clarmont,5629,,46,0,0,46,6,13.04%,40,86.96%,
gc_2022_verts,20.03.22,centre-gauche,Morges,Clarmont,5629,,46,0,0,46,7,15.22%,39,84.78%,
gc_2022_PS,20.03.22,centre-gauche,Morges,Cossonay,5477,,829,0,0,829,263,31.72%,566,68.28%,
gc_2022_Gauche,20.03.22,gauche,Morges,Cossonay,5477,,829,0,0,829,,0.00%,829,100.00%,
gc_2022_extreme-droite,20.03.22,extreme-droite,Morges,Cossonay,5477,,829,0,0,829,118,14.23%,711,85.77%,
gc_2022_droite-bourgeoise,20.03.22,droite,Morges,Cossonay,5477,,829,0,0,829,225,27.14%,604,72.86%,
gc_2022_centre,20.03.22,centre,Morges,Cossonay,5477,,829,0,0,829,86,10.37%,743,89.63%,
gc_2022_verts,20.03.22,centre-gauche,Morges,Cossonay,5477,,829,0,0,829,137,16.53%,692,83.47%,
gc_2022_PS,20.03.22,centre-gauche,Morges,Cuarnens,5479,,121,0,0,121,24,19.83%,97,80.17%,
gc_2022_Gauche,20.03.22,gauche,Morges,Cuarnens,5479,,121,0,0,121,,0.00%,121,100.00%,
gc_2022_extreme-droite,20.03.22,extreme-droite,Morges,Cuarnens,5479,,121,0,0,121,31,25.62%,90,74.38%,
gc_2022_droite-bourgeoise,20.03.22,droite,Morges,Cuarnens,5479,,121,0,0,121,47,38.84%,74,61.16%,
gc_2022_centre,20.03.22,centre,Morges,Cuarnens,5479,,121,0,0,121,7,5.79%,114,94.21%,
gc_2022_verts,20.03.22,centre-gauche,Morges,Cuarnens,5479,,121,0,0,121,12,9.92%,109,90.08%,
gc_2022_PS,20.03.22,centre-gauche,Morges,Denens,5631,,200,0,0,200,35,17.50%,165,82.50%,
gc_2022_Gauche,20.03.22,gauche,Morges,Denens,5631,,200,0,0,200,,0.00%,200,100.00%,
gc_2022_extreme-droite,20.03.22,extreme-droite,Morges,Denens,5631,,200,0,0,200,35,17.50%,165,82.50%,
gc_2022_droite-bourgeoise,20.03.22,droite,Morges,Denens,5631,,200,0,0,200,74,37.00%,126,63.00%,
gc_2022_centre,20.03.22,centre,Morges,Denens,5631,,200,0,0,200,32,16.00%,168,84.00%,
gc_2022_verts,20.03.22,centre-gauche,Morges,Denens,5631,,200,0,0,200,25,12.50%,175,87.50%,
gc_2022_PS,20.03.22,centre-gauche,Morges,Denges,5632,,318,0,0,318,75,23.58%,243,76.42%,
gc_2022_Gauche,20.03.22,gauche,Morges,Denges,5632,,318,0,0,318,,0.00%,318,100.00%,
gc_2022_extreme-droite,20.03.22,extreme-droite,Morges,Denges,5632,,318,0,0,318,34,10.69%,284,89.31%,
gc_2022_droite-bourgeoise,20.03.22,droite,Morges,Denges,5632,,318,0,0,318,90,28.30%,228,71.70%,
gc_2022_centre,20.03.22,centre,Morges,Denges,5632,,318,0,0,318,52,16.35%,266,83.65%,
gc_2022_verts,20.03.22,centre-gauche,Morges,Denges,5632,,318,0,0,318,68,21.38%,250,78.62%,
gc_2022_PS,20.03.22,centre-gauche,Morges,Dizy,5481,,65,0,0,65,17,26.15%,48,73.85%,
gc_2022_Gauche,20.03.22,gauche,Morges,Dizy,5481,,65,0,0,65,,0.00%,65,100.00%,
gc_2022_extreme-droite,20.03.22,extreme-droite,Morges,Dizy,5481,,65,0,0,65,11,16.92%,54,83.08%,
gc_2022_droite-bourgeoise,20.03.22,droite,Morges,Dizy,5481,,65,0,0,65,12,18.46%,53,81.54%,
gc_2022_centre,20.03.22,centre,Morges,Dizy,5481,,65,0,0,65,9,13.85%,56,86.15%,
gc_2022_verts,20.03.22,centre-gauche,Morges,Dizy,5481,,65,0,0,65,16,24.62%,49,75.38%,
gc_2022_PS,20.03.22,centre-gauche,Morges,Echandens,5633,,585,0,0,585,105,17.95%,480,82.05%,
gc_2022_Gauche,20.03.22,gauche,Morges,Echandens,5633,,585,0,0,585,,0.00%,585,100.00%,
gc_2022_extreme-droite,20.03.22,extreme-droite,Morges,Echandens,5633,,585,0,0,585,84,14.36%,501,85.64%,
gc_2022_droite-bourgeoise,20.03.22,droite,Morges,Echandens,5633,,585,0,0,585,207,35.38%,378,64.62%,
gc_2022_centre,20.03.22,centre,Morges,Echandens,5633,,585,0,0,585,109,18.63%,476,81.37%,
gc_2022_verts,20.03.22,centre-gauche,Morges,Echandens,5633,,585,0,0,585,80,13.68%,505,86.32%,
gc_2022_PS,20.03.22,centre-gauche,Morges,Echichens,5634,,716,0,0,716,126,17.60%,590,82.40%,
gc_2022_Gauche,20.03.22,gauche,Morges,Echichens,5634,,716,0,0,716,,0.00%,716,100.00%,
gc_2022_extreme-droite,20.03.22,extreme-droite,Morges,Echichens,5634,,716,0,0,716,141,19.69%,575,80.31%,
gc_2022_droite-bourgeoise,20.03.22,droite,Morges,Echichens,5634,,716,0,0,716,216,30.17%,500,69.83%,
gc_2022_centre,20.03.22,centre,Morges,Echichens,5634,,716,0,0,716,121,16.90%,595,83.10%,
gc_2022_verts,20.03.22,centre-gauche,Morges,Echichens,5634,,716,0,0,716,113,15.78%,603,84.22%,
gc_2022_PS,20.03.22,centre-gauche,Morges,Eclépens,5482,,252,0,0,252,61,24.21%,191,75.79%,
gc_2022_Gauche,20.03.22,gauche,Morges,Eclépens,5482,,252,0,0,252,,0.00%,252,100.00%,
gc_2022_extreme-droite,20.03.22,extreme-droite,Morges,Eclépens,5482,,252,0,0,252,48,19.05%,204,80.95%,
gc_2022_droite-bourgeoise,20.03.22,droite,Morges,Eclépens,5482,,252,0,0,252,78,30.95%,174,69.05%,
gc_2022_centre,20.03.22,centre,Morges,Eclépens,5482,,252,0,0,252,18,7.14%,234,92.86%,
gc_2022_verts,20.03.22,centre-gauche,Morges,Eclépens,5482,,252,0,0,252,46,18.25%,206,81.75%,
gc_2022_PS,20.03.22,centre-gauche,Morges,Etoy,5636,,464,0,0,464,105,22.63%,359,77.37%,
gc_2022_Gauche,20.03.22,gauche,Morges,Etoy,5636,,464,0,0,464,,0.00%,464,100.00%,
gc_2022_extreme-droite,20.03.22,extreme-droite,Morges,Etoy,5636,,464,0,0,464,50,10.78%,414,89.22%,
gc_2022_droite-bourgeoise,20.03.22,droite,Morges,Etoy,5636,,464,0,0,464,170,36.64%,294,63.36%,
gc_2022_centre,20.03.22,centre,Morges,Etoy,5636,,464,0,0,464,67,14.44%,397,85.56%,
gc_2022_verts,20.03.22,centre-gauche,Morges,Etoy,5636,,464,0,0,464,71,15.30%,393,84.70%,
gc_2022_PS,20.03.22,centre-gauche,Morges,Féchy,5427,,225,0,0,225,30,13.33%,195,86.67%,
gc_2022_Gauche,20.03.22,gauche,Morges,Féchy,5427,,225,0,0,225,,0.00%,225,100.00%,
gc_2022_extreme-droite,20.03.22,extreme-droite,Morges,Féchy,5427,,225,0,0,225,30,13.33%,195,86.67%,
gc_2022_droite-bourgeoise,20.03.22,droite,Morges,Féchy,5427,,225,0,0,225,119,52.89%,106,47.11%,
gc_2022_centre,20.03.22,centre,Morges,Féchy,5427,,225,0,0,225,25,11.11%,200,88.89%,
gc_2022_verts,20.03.22,centre-gauche,Morges,Féchy,5427,,225,0,0,225,20,8.89%,205,91.11%,
gc_2022_PS,20.03.22,centre-gauche,Morges,Ferreyres,5483,,94,0,0,94,19,20.21%,75,79.79%,
gc_2022_Gauche,20.03.22,gauche,Morges,Ferreyres,5483,,94,0,0,94,,0.00%,94,100.00%,
gc_2022_extreme-droite,20.03.22,extreme-droite,Morges,Ferreyres,5483,,94,0,0,94,18,19.15%,76,80.85%,
gc_2022_droite-bourgeoise,20.03.22,droite,Morges,Ferreyres,5483,,94,0,0,94,24,25.53%,70,74.47%,
gc_2022_centre,20.03.22,centre,Morges,Ferreyres,5483,,94,0,0,94,11,11.70%,83,88.30%,
gc_2022_verts,20.03.22,centre-gauche,Morges,Ferreyres,5483,,94,0,0,94,21,22.34%,73,77.66%,
gc_2022_PS,20.03.22,centre-gauche,Morges,Gimel,5428,,356,0,0,356,71,19.94%,285,80.06%,
gc_2022_Gauche,20.03.22,gauche,Morges,Gimel,5428,,356,0,0,356,,0.00%,356,100.00%,
gc_2022_extreme-droite,20.03.22,extreme-droite,Morges,Gimel,5428,,356,0,0,356,72,20.22%,284,79.78%,
gc_2022_droite-bourgeoise,20.03.22,droite,Morges,Gimel,5428,,356,0,0,356,118,33.15%,238,66.85%,
gc_2022_centre,20.03.22,centre,Morges,Gimel,5428,,356,0,0,356,38,10.67%,318,89.33%,
gc_2022_verts,20.03.22,centre-gauche,Morges,Gimel,5428,,356,0,0,356,58,16.29%,298,83.71%,
gc_2022_PS,20.03.22,centre-gauche,Morges,Gollion,5484,,232,0,0,232,40,17.24%,192,82.76%,
gc_2022_Gauche,20.03.22,gauche,Morges,Gollion,5484,,232,0,0,232,,0.00%,232,100.00%,
gc_2022_extreme-droite,20.03.22,extreme-droite,Morges,Gollion,5484,,232,0,0,232,70,30.17%,162,69.83%,
gc_2022_droite-bourgeoise,20.03.22,droite,Morges,Gollion,5484,,232,0,0,232,41,17.67%,191,82.33%,
gc_2022_centre,20.03.22,centre,Morges,Gollion,5484,,232,0,0,232,45,19.40%,187,80.60%,
gc_2022_verts,20.03.22,centre-gauche,Morges,Gollion,5484,,232,0,0,232,36,15.52%,196,84.48%,
gc_2022_PS,20.03.22,centre-gauche,Morges,Grancy,5485,,118,0,0,118,18,15.25%,100,84.75%,
gc_2022_Gauche,20.03.22,gauche,Morges,Grancy,5485,,118,0,0,118,,0.00%,118,100.00%,
gc_2022_extreme-droite,20.03.22,extreme-droite,Morges,Grancy,5485,,118,0,0,118,22,18.64%,96,81.36%,
gc_2022_droite-bourgeoise,20.03.22,droite,Morges,Grancy,5485,,118,0,0,118,42,35.59%,76,64.41%,
gc_2022_centre,20.03.22,centre,Morges,Grancy,5485,,118,0,0,118,13,11.02%,105,88.98%,
gc_2022_verts,20.03.22,centre-gauche,Morges,Grancy,5485,,118,0,0,118,23,19.49%,95,80.51%,
gc_2022_PS,20.03.22,centre-gauche,Morges,Hautemorges,5656,,955,0,0,955,201,21.05%,754,78.95%,
gc_2022_Gauche,20.03.22,gauche,Morges,Hautemorges,5656,,955,0,0,955,,0.00%,955,100.00%,
gc_2022_extreme-droite,20.03.22,extreme-droite,Morges,Hautemorges,5656,,955,0,0,955,160,16.75%,795,83.25%,
gc_2022_droite-bourgeoise,20.03.22,droite,Morges,Hautemorges,5656,,955,0,0,955,322,33.72%,633,66.28%,
gc_2022_centre,20.03.22,centre,Morges,Hautemorges,5656,,955,0,0,955,114,11.94%,841,88.06%,
gc_2022_verts,20.03.22,centre-gauche,Morges,Hautemorges,5656,,955,0,0,955,158,16.54%,797,83.46%,
gc_2022_PS,20.03.22,centre-gauche,Morges,La Chaux (Cossonay),5474,,100,0,0,100,22,22.00%,78,78.00%,
gc_2022_Gauche,20.03.22,gauche,Morges,La Chaux (Cossonay),5474,,100,0,0,100,,0.00%,100,100.00%,
gc_2022_extreme-droite,20.03.22,extreme-droite,Morges,La Chaux (Cossonay),5474,,100,0,0,100,24,24.00%,76,76.00%,
gc_2022_droite-bourgeoise,20.03.22,droite,Morges,La Chaux (Cossonay),5474,,100,0,0,100,25,25.00%,75,75.00%,
gc_2022_centre,20.03.22,centre,Morges,La Chaux (Cossonay),5474,,100,0,0,100,10,10.00%,90,90.00%,
gc_2022_verts,20.03.22,centre-gauche,Morges,La Chaux (Cossonay),5474,,100,0,0,100,19,19.00%,81,81.00%,
gc_2022_PS,20.03.22,centre-gauche,Morges,La Sarraz,5498,,422,0,0,422,105,24.88%,317,75.12%,
gc_2022_Gauche,20.03.22,gauche,Morges,La Sarraz,5498,,422,0,0,422,,0.00%,422,100.00%,
gc_2022_extreme-droite,20.03.22,extreme-droite,Morges,La Sarraz,5498,,422,0,0,422,64,15.17%,358,84.83%,
gc_2022_droite-bourgeoise,20.03.22,droite,Morges,La Sarraz,5498,,422,0,0,422,122,28.91%,300,71.09%,
gc_2022_centre,20.03.22,centre,Morges,La Sarraz,5498,,422,0,0,422,47,11.14%,375,88.86%,
gc_2022_verts,20.03.22,centre-gauche,Morges,La Sarraz,5498,,422,0,0,422,84,19.91%,338,80.09%,
gc_2022_PS,20.03.22,centre-gauche,Morges,Lavigny,5637,,196,0,0,196,37,18.88%,159,81.12%,
gc_2022_Gauche,20.03.22,gauche,Morges,Lavigny,5637,,196,0,0,196,,0.00%,196,100.00%,
gc_2022_extreme-droite,20.03.22,extreme-droite,Morges,Lavigny,5637,,196,0,0,196,24,12.24%,172,87.76%,
gc_2022_droite-bourgeoise,20.03.22,droite,Morges,Lavigny,5637,,196,0,0,196,80,40.82%,116,59.18%,
gc_2022_centre,20.03.22,centre,Morges,Lavigny,5637,,196,0,0,196,32,16.33%,164,83.67%,
gc_2022_verts,20.03.22,centre-gauche,Morges,Lavigny,5637,,196,0,0,196,23,11.73%,173,88.27%,
gc_2022_PS,20.03.22,centre-gauche,Morges,L'Isle,5486,,227,0,0,227,43,18.94%,184,81.06%,
gc_2022_Gauche,20.03.22,gauche,Morges,L'Isle,5486,,227,0,0,227,,0.00%,227,100.00%,
gc_2022_extreme-droite,20.03.22,extreme-droite,Morges,L'Isle,5486,,227,0,0,227,57,25.11%,170,74.89%,
gc_2022_droite-bourgeoise,20.03.22,droite,Morges,L'Isle,5486,,227,0,0,227,78,34.36%,149,65.64%,
gc_2022_centre,20.03.22,centre,Morges,L'Isle,5486,,227,0,0,227,17,7.49%,210,92.51%,
gc_2022_verts,20.03.22,centre-gauche,Morges,L'Isle,5486,,227,0,0,227,32,14.10%,195,85.90%,
gc_2022_PS,20.03.22,centre-gauche,Morges,Lonay,5638,,553,0,0,553,128,23.15%,425,76.85%,
gc_2022_Gauche,20.03.22,gauche,Morges,Lonay,5638,,553,0,0,553,,0.00%,553,100.00%,
gc_2022_extreme-droite,20.03.22,extreme-droite,Morges,Lonay,5638,,553,0,0,553,63,11.39%,490,88.61%,
gc_2022_droite-bourgeoise,20.03.22,droite,Morges,Lonay,5638,,553,0,0,553,189,34.18%,364,65.82%,
gc_2022_centre,20.03.22,centre,Morges,Lonay,5638,,553,0,0,553,79,14.29%,474,85.71%,
gc_2022_verts,20.03.22,centre-gauche,Morges,Lonay,5638,,553,0,0,553,95,17.18%,458,82.82%,
gc_2022_PS,20.03.22,centre-gauche,Morges,Lully VD,5639,,187,0,0,187,46,24.60%,141,75.40%,
gc_2022_Gauche,20.03.22,gauche,Morges,Lully VD,5639,,187,0,0,187,,0.00%,187,100.00%,
gc_2022_extreme-droite,20.03.22,extreme-droite,Morges,Lully VD,5639,,187,0,0,187,19,10.16%,168,89.84%,
gc_2022_droite-bourgeoise,20.03.22,droite,Morges,Lully VD,5639,,187,0,0,187,69,36.90%,118,63.10%,
gc_2022_centre,20.03.22,centre,Morges,Lully VD,5639,,187,0,0,187,23,12.30%,164,87.70%,
gc_2022_verts,20.03.22,centre-gauche,Morges,Lully VD,5639,,187,0,0,187,30,16.04%,157,83.96%,
gc_2022_PS,20.03.22,centre-gauche,Morges,Lussy-sur-Morges,5640,,183,0,0,183,31,16.94%,152,83.06%,
gc_2022_Gauche,20.03.22,gauche,Morges,Lussy-sur-Morges,5640,,183,0,0,183,,0.00%,183,100.00%,
gc_2022_extreme-droite,20.03.22,extreme-droite,Morges,Lussy-sur-Morges,5640,,183,0,0,183,17,9.29%,166,90.71%,
gc_2022_droite-bourgeoise,20.03.22,droite,Morges,Lussy-sur-Morges,5640,,183,0,0,183,64,34.97%,119,65.03%,
gc_2022_centre,20.03.22,centre,Morges,Lussy-sur-Morges,5640,,183,0,0,183,30,16.39%,153,83.61%,
gc_2022_verts,20.03.22,centre-gauche,Morges,Lussy-sur-Morges,5640,,183,0,0,183,41,22.40%,142,77.60%,
gc_2022_PS,20.03.22,centre-gauche,Morges,Mauraz,5488,,20,0,0,20,6,30.00%,14,70.00%,
gc_2022_Gauche,20.03.22,gauche,Morges,Mauraz,5488,,20,0,0,20,,0.00%,20,100.00%,
gc_2022_extreme-droite,20.03.22,extreme-droite,Morges,Mauraz,5488,,20,0,0,20,3,15.00%,17,85.00%,
gc_2022_droite-bourgeoise,20.03.22,droite,Morges,Mauraz,5488,,20,0,0,20,3,15.00%,17,85.00%,
gc_2022_centre,20.03.22,centre,Morges,Mauraz,5488,,20,0,0,20,3,15.00%,17,85.00%,
gc_2022_verts,20.03.22,centre-gauche,Morges,Mauraz,5488,,20,0,0,20,5,25.00%,15,75.00%,
gc_2022_PS,20.03.22,centre-gauche,Morges,Moiry VD,5490,,104,0,0,104,22,21.15%,82,78.85%,
gc_2022_Gauche,20.03.22,gauche,Morges,Moiry VD,5490,,104,0,0,104,,0.00%,104,100.00%,
gc_2022_extreme-droite,20.03.22,extreme-droite,Morges,Moiry VD,5490,,104,0,0,104,27,25.96%,77,74.04%,
gc_2022_droite-bourgeoise,20.03.22,droite,Morges,Moiry VD,5490,,104,0,0,104,20,19.23%,84,80.77%,
gc_2022_centre,20.03.22,centre,Morges,Moiry VD,5490,,104,0,0,104,6,5.77%,98,94.23%,
gc_2022_verts,20.03.22,centre-gauche,Morges,Moiry VD,5490,,104,0,0,104,29,27.88%,75,72.12%,
gc_2022_PS,20.03.22,centre-gauche,Morges,Mollens VD,5431,,73,0,0,73,16,21.92%,57,78.08%,
gc_2022_Gauche,20.03.22,gauche,Morges,Mollens VD,5431,,73,0,0,73,,0.00%,73,100.00%,
gc_2022_extreme-droite,20.03.22,extreme-droite,Morges,Mollens VD,5431,,73,0,0,73,21,28.77%,52,71.23%,
gc_2022_droite-bourgeoise,20.03.22,droite,Morges,Mollens VD,5431,,73,0,0,73,21,28.77%,52,71.23%,
gc_2022_centre,20.03.22,centre,Morges,Mollens VD,5431,,73,0,0,73,4,5.48%,69,94.52%,
gc_2022_verts,20.03.22,centre-gauche,Morges,Mollens VD,5431,,73,0,0,73,10,13.70%,63,86.30%,
gc_2022_PS,20.03.22,centre-gauche,Morges,Mont-la-Ville,5491,,113,0,0,113,24,21.24%,89,78.76%,
gc_2022_Gauche,20.03.22,gauche,Morges,Mont-la-Ville,5491,,113,0,0,113,,0.00%,113,100.00%,
gc_2022_extreme-droite,20.03.22,extreme-droite,Morges,Mont-la-Ville,5491,,113,0,0,113,27,23.89%,86,76.11%,
gc_2022_droite-bourgeoise,20.03.22,droite,Morges,Mont-la-Ville,5491,,113,0,0,113,28,24.78%,85,75.22%,
gc_2022_centre,20.03.22,centre,Morges,Mont-la-Ville,5491,,113,0,0,113,13,11.50%,100,88.50%,
gc_2022_verts,20.03.22,centre-gauche,Morges,Mont-la-Ville,5491,,113,0,0,113,22,19.47%,91,80.53%,
gc_2022_PS,20.03.22,centre-gauche,Morges,Montricher,5492,,249,0,0,249,42,16.87%,207,83.13%,
gc_2022_Gauche,20.03.22,gauche,Morges,Montricher,5492,,249,0,0,249,,0.00%,249,100.00%,
gc_2022_extreme-droite,20.03.22,extreme-droite,Morges,Montricher,5492,,249,0,0,249,74,29.72%,175,70.28%,
gc_2022_droite-bourgeoise,20.03.22,droite,Morges,Montricher,5492,,249,0,0,249,76,30.52%,173,69.48%,
gc_2022_centre,20.03.22,centre,Morges,Montricher,5492,,249,0,0,249,16,6.43%,233,93.57%,
gc_2022_verts,20.03.22,centre-gauche,Morges,Montricher,5492,,249,0,0,249,40,16.06%,209,83.94%,
gc_2022_PS,20.03.22,centre-gauche,Morges,Morges,5642,,2943,0,0,2943,915,31.09%,2028,68.91%,
gc_2022_Gauche,20.03.22,gauche,Morges,Morges,5642,,2943,0,0,2943,,0.00%,2943,100.00%,
gc_2022_extreme-droite,20.03.22,extreme-droite,Morges,Morges,5642,,2943,0,0,2943,338,11.48%,2605,88.52%,
gc_2022_droite-bourgeoise,20.03.22,droite,Morges,Morges,5642,,2943,0,0,2943,888,30.17%,2055,69.83%,
gc_2022_centre,20.03.22,centre,Morges,Morges,5642,,2943,0,0,2943,299,10.16%,2644,89.84%,
gc_2022_verts,20.03.22,centre-gauche,Morges,Morges,5642,,2943,0,0,2943,502,17.06%,2441,82.94%,
gc_2022_PS,20.03.22,centre-gauche,Morges,Orny,5493,,98,0,0,98,10,10.20%,88,89.80%,
gc_2022_Gauche,20.03.22,gauche,Morges,Orny,5493,,98,0,0,98,,0.00%,98,100.00%,
gc_2022_extreme-droite,20.03.22,extreme-droite,Morges,Orny,5493,,98,0,0,98,28,28.57%,70,71.43%,
gc_2022_droite-bourgeoise,20.03.22,droite,Morges,Orny,5493,,98,0,0,98,25,25.51%,73,74.49%,
gc_2022_centre,20.03.22,centre,Morges,Orny,5493,,98,0,0,98,12,12.24%,86,87.76%,
gc_2022_verts,20.03.22,centre-gauche,Morges,Orny,5493,,98,0,0,98,23,23.47%,75,76.53%,
gc_2022_PS,20.03.22,centre-gauche,Morges,Pompaples,5497,,148,0,0,148,34,22.97%,114,77.03%,
gc_2022_Gauche,20.03.22,gauche,Morges,Pompaples,5497,,148,0,0,148,,0.00%,148,100.00%,
gc_2022_extreme-droite,20.03.22,extreme-droite,Morges,Pompaples,5497,,148,0,0,148,34,22.97%,114,77.03%,
gc_2022_droite-bourgeoise,20.03.22,droite,Morges,Pompaples,5497,,148,0,0,148,40,27.03%,108,72.97%,
gc_2022_centre,20.03.22,centre,Morges,Pompaples,5497,,148,0,0,148,12,8.11%,136,91.89%,
gc_2022_verts,20.03.22,centre-gauche,Morges,Pompaples,5497,,148,0,0,148,28,18.92%,120,81.08%,
gc_2022_PS,20.03.22,centre-gauche,Morges,Préverenges,5643,,895,0,0,895,236,26.37%,659,73.63%,
gc_2022_Gauche,20.03.22,gauche,Morges,Préverenges,5643,,895,0,0,895,,0.00%,895,100.00%,
gc_2022_extreme-droite,20.03.22,extreme-droite,Morges,Préverenges,5643,,895,0,0,895,100,11.17%,795,88.83%,
gc_2022_droite-bourgeoise,20.03.22,droite,Morges,Préverenges,5643,,895,0,0,895,288,32.18%,607,67.82%,
gc_2022_centre,20.03.22,centre,Morges,Préverenges,5643,,895,0,0,895,111,12.40%,784,87.60%,
gc_2022_verts,20.03.22,centre-gauche,Morges,Préverenges,5643,,895,0,0,895,160,17.88%,735,82.12%,
gc_2022_PS,20.03.22,centre-gauche,Morges,Romanel-sur-Morges,5645,,135,0,0,135,21,15.56%,114,84.44%,
gc_2022_Gauche,20.03.22,gauche,Morges,Romanel-sur-Morges,5645,,135,0,0,135,,0.00%,135,100.00%,
gc_2022_extreme-droite,20.03.22,extreme-droite,Morges,Romanel-sur-Morges,5645,,135,0,0,135,18,13.33%,117,86.67%,
gc_2022_droite-bourgeoise,20.03.22,droite,Morges,Romanel-sur-Morges,5645,,135,0,0,135,61,45.19%,74,54.81%,
gc_2022_centre,20.03.22,centre,Morges,Romanel-sur-Morges,5645,,135,0,0,135,21,15.56%,114,84.44%,
gc_2022_verts,20.03.22,centre-gauche,Morges,Romanel-sur-Morges,5645,,135,0,0,135,13,9.63%,122,90.37%,
gc_2022_PS,20.03.22,centre-gauche,Morges,Saint-Livres,5435,,160,0,0,160,35,21.88%,125,78.12%,
gc_2022_Gauche,20.03.22,gauche,Morges,Saint-Livres,5435,,160,0,0,160,,0.00%,160,100.00%,
gc_2022_extreme-droite,20.03.22,extreme-droite,Morges,Saint-Livres,5435,,160,0,0,160,38,23.75%,122,76.25%,
gc_2022_droite-bourgeoise,20.03.22,droite,Morges,Saint-Livres,5435,,160,0,0,160,42,26.25%,118,73.75%,
gc_2022_centre,20.03.22,centre,Morges,Saint-Livres,5435,,160,0,0,160,16,10.00%,144,90.00%,
gc_2022_verts,20.03.22,centre-gauche,Morges,Saint-Livres,5435,,160,0,0,160,30,18.75%,130,81.25%,
gc_2022_PS,20.03.22,centre-gauche,Morges,Saint-Oyens,5436,,91,0,0,91,10,10.99%,81,89.01%,
gc_2022_Gauche,20.03.22,gauche,Morges,Saint-Oyens,5436,,91,0,0,91,,0.00%,91,100.00%,
gc_2022_extreme-droite,20.03.22,extreme-droite,Morges,Saint-Oyens,5436,,91,0,0,91,17,18.68%,74,81.32%,
gc_2022_droite-bourgeoise,20.03.22,droite,Morges,Saint-Oyens,5436,,91,0,0,91,35,38.46%,56,61.54%,
gc_2022_centre,20.03.22,centre,Morges,Saint-Oyens,5436,,91,0,0,91,13,14.29%,78,85.71%,
gc_2022_verts,20.03.22,centre-gauche,Morges,Saint-Oyens,5436,,91,0,0,91,15,16.48%,76,83.52%,
gc_2022_PS,20.03.22,centre-gauche,Morges,Saint-Prex,5646,,927,0,0,927,186,20.06%,741,79.94%,
gc_2022_Gauche,20.03.22,gauche,Morges,Saint-Prex,5646,,927,0,0,927,,0.00%,927,100.00%,
gc_2022_extreme-droite,20.03.22,extreme-droite,Morges,Saint-Prex,5646,,927,0,0,927,124,13.38%,803,86.62%,
gc_2022_droite-bourgeoise,20.03.22,droite,Morges,Saint-Prex,5646,,927,0,0,927,328,35.38%,599,64.62%,
gc_2022_centre,20.03.22,centre,Morges,Saint-Prex,5646,,927,0,0,927,158,17.04%,769,82.96%,
gc_2022_verts,20.03.22,centre-gauche,Morges,Saint-Prex,5646,,927,0,0,927,131,14.13%,796,85.87%,
gc_2022_PS,20.03.22,centre-gauche,Morges,Saubraz,5437,,84,0,0,84,25,29.76%,59,70.24%,
gc_2022_Gauche,20.03.22,gauche,Morges,Saubraz,5437,,84,0,0,84,,0.00%,84,100.00%,
gc_2022_extreme-droite,20.03.22,extreme-droite,Morges,Saubraz,5437,,84,0,0,84,23,27.38%,61,72.62%,
gc_2022_droite-bourgeoise,20.03.22,droite,Morges,Saubraz,5437,,84,0,0,84,19,22.62%,65,77.38%,
gc_2022_centre,20.03.22,centre,Morges,Saubraz,5437,,84,0,0,84,6,7.14%,78,92.86%,
gc_2022_verts,20.03.22,centre-gauche,Morges,Saubraz,5437,,84,0,0,84,10,11.90%,74,88.10%,
gc_2022_PS,20.03.22,centre-gauche,Morges,Senarclens,5499,,115,0,0,115,14,12.17%,101,87.83%,
gc_2022_Gauche,20.03.22,gauche,Morges,Senarclens,5499,,115,0,0,115,,0.00%,115,100.00%,
gc_2022_extreme-droite,20.03.22,extreme-droite,Morges,Senarclens,5499,,115,0,0,115,25,21.74%,90,78.26%,
gc_2022_droite-bourgeoise,20.03.22,droite,Morges,Senarclens,5499,,115,0,0,115,51,44.35%,64,55.65%,
gc_2022_centre,20.03.22,centre,Morges,Senarclens,5499,,115,0,0,115,16,13.91%,99,86.09%,
gc_2022_verts,20.03.22,centre-gauche,Morges,Senarclens,5499,,115,0,0,115,9,7.83%,106,92.17%,
gc_2022_PS,20.03.22,centre-gauche,Morges,Tolochenaz,5649,,350,0,0,350,88,25.14%,262,74.86%,
gc_2022_Gauche,20.03.22,gauche,Morges,Tolochenaz,5649,,350,0,0,350,,0.00%,350,100.00%,
gc_2022_extreme-droite,20.03.22,extreme-droite,Morges,Tolochenaz,5649,,350,0,0,350,56,16.00%,294,84.00%,
gc_2022_droite-bourgeoise,20.03.22,droite,Morges,Tolochenaz,5649,,350,0,0,350,101,28.86%,249,71.14%,
gc_2022_centre,20.03.22,centre,Morges,Tolochenaz,5649,,350,0,0,350,43,12.29%,307,87.71%,
gc_2022_verts,20.03.22,centre-gauche,Morges,Tolochenaz,5649,,350,0,0,350,61,17.43%,289,82.57%,
gc_2022_PS,20.03.22,centre-gauche,Morges,Vaux-sur-Morges,5650,,60,0,0,60,6,10.00%,54,90.00%,
gc_2022_Gauche,20.03.22,gauche,Morges,Vaux-sur-Morges,5650,,60,0,0,60,,0.00%,60,100.00%,
gc_2022_extreme-droite,20.03.22,extreme-droite,Morges,Vaux-sur-Morges,5650,,60,0,0,60,13,21.67%,47,78.33%,
gc_2022_droite-bourgeoise,20.03.22,droite,Morges,Vaux-sur-Morges,5650,,60,0,0,60,19,31.67%,41,68.33%,
gc_2022_centre,20.03.22,centre,Morges,Vaux-sur-Morges,5650,,60,0,0,60,16,26.67%,44,73.33%,
gc_2022_verts,20.03.22,centre-gauche,Morges,Vaux-sur-Morges,5650,,60,0,0,60,6,10.00%,54,90.00%,
gc_2022_PS,20.03.22,centre-gauche,Morges,Villars-sous-Yens,5652,,130,0,0,130,30,23.08%,100,76.92%,
gc_2022_Gauche,20.03.22,gauche,Morges,Villars-sous-Yens,5652,,130,0,0,130,,0.00%,130,100.00%,
gc_2022_extreme-droite,20.03.22,extreme-droite,Morges,Villars-sous-Yens,5652,,130,0,0,130,32,24.62%,98,75.38%,
gc_2022_droite-bourgeoise,20.03.22,droite,Morges,Villars-sous-Yens,5652,,130,0,0,130,32,24.62%,98,75.38%,
gc_2022_centre,20.03.22,centre,Morges,Villars-sous-Yens,5652,,130,0,0,130,10,7.69%,120,92.31%,
gc_2022_verts,20.03.22,centre-gauche,Morges,Villars-sous-Yens,5652,,130,0,0,130,25,19.23%,105,80.77%,
gc_2022_PS,20.03.22,centre-gauche,Morges,Vufflens-le-Château,5653,,238,0,0,238,37,15.55%,201,84.45%,
gc_2022_Gauche,20.03.22,gauche,Morges,Vufflens-le-Château,5653,,238,0,0,238,,0.00%,238,100.00%,
gc_2022_extreme-droite,20.03.22,extreme-droite,Morges,Vufflens-le-Château,5653,,238,0,0,238,28,11.76%,210,88.24%,
gc_2022_droite-bourgeoise,20.03.22,droite,Morges,Vufflens-le-Château,5653,,238,0,0,238,110,46.22%,128,53.78%,
gc_2022_centre,20.03.22,centre,Morges,Vufflens-le-Château,5653,,238,0,0,238,41,17.23%,197,82.77%,
gc_2022_verts,20.03.22,centre-gauche,Morges,Vufflens-le-Château,5653,,238,0,0,238,23,9.66%,215,90.34%,
gc_2022_PS,20.03.22,centre-gauche,Morges,Vullierens,5654,,139,0,0,139,25,17.99%,114,82.01%,
gc_2022_Gauche,20.03.22,gauche,Morges,Vullierens,5654,,139,0,0,139,,0.00%,139,100.00%,
gc_2022_extreme-droite,20.03.22,extreme-droite,Morges,Vullierens,5654,,139,0,0,139,37,26.62%,102,73.38%,
gc_2022_droite-bourgeoise,20.03.22,droite,Morges,Vullierens,5654,,139,0,0,139,39,28.06%,100,71.94%,
gc_2022_centre,20.03.22,centre,Morges,Vullierens,5654,,139,0,0,139,19,13.67%,120,86.33%,
gc_2022_verts,20.03.22,centre-gauche,Morges,Vullierens,5654,,139,0,0,139,19,13.67%,120,86.33%,
gc_2022_PS,20.03.22,centre-gauche,Morges,Yens,5655,,326,0,0,326,50,15.34%,276,84.66%,
gc_2022_Gauche,20.03.22,gauche,Morges,Yens,5655,,326,0,0,326,,0.00%,326,100.00%,
gc_2022_extreme-droite,20.03.22,extreme-droite,Morges,Yens,5655,,326,0,0,326,49,15.03%,277,84.97%,
gc_2022_droite-bourgeoise,20.03.22,droite,Morges,Yens,5655,,326,0,0,326,145,44.48%,181,55.52%,
gc_2022_centre,20.03.22,centre,Morges,Yens,5655,,326,0,0,326,37,11.35%,289,88.65%,
gc_2022_verts,20.03.22,centre-gauche,Morges,Yens,5655,,326,0,0,326,45,13.80%,281,86.20%,
gc_2022_PS,20.03.22,centre-gauche,Nyon,Arnex-sur-Nyon,5701,,38,0,0,38,3,7.89%,35,92.11%,
gc_2022_Gauche,20.03.22,gauche,Nyon,Arnex-sur-Nyon,5701,,38,0,0,38,,0.00%,38,100.00%,
gc_2022_extreme-droite,20.03.22,extreme-droite,Nyon,Arnex-sur-Nyon,5701,,38,0,0,38,3,7.89%,35,92.11%,
gc_2022_droite-bourgeoise,20.03.22,droite,Nyon,Arnex-sur-Nyon,5701,,38,0,0,38,22,57.89%,16,42.11%,
gc_2022_centre,20.03.22,centre,Nyon,Arnex-sur-Nyon,5701,,38,0,0,38,5,13.16%,33,86.84%,
gc_2022_verts,20.03.22,centre-gauche,Nyon,Arnex-sur-Nyon,5701,,38,0,0,38,5,13.16%,33,86.84%,
gc_2022_PS,20.03.22,centre-gauche,Nyon,Arzier - Le Muids,5702,,498,0,0,498,48,9.64%,450,90.36%,
gc_2022_Gauche,20.03.22,gauche,Nyon,Arzier - Le Muids,5702,,498,0,0,498,,0.00%,498,100.00%,
gc_2022_extreme-droite,20.03.22,extreme-droite,Nyon,Arzier - Le Muids,5702,,498,0,0,498,102,20.48%,396,79.52%,
gc_2022_droite-bourgeoise,20.03.22,droite,Nyon,Arzier - Le Muids,5702,,498,0,0,498,157,31.53%,341,68.47%,
gc_2022_centre,20.03.22,centre,Nyon,Arzier - Le Muids,5702,,498,0,0,498,122,24.50%,376,75.50%,
gc_2022_verts,20.03.22,centre-gauche,Nyon,Arzier - Le Muids,5702,,498,0,0,498,68,13.65%,430,86.35%,
gc_2022_PS,20.03.22,centre-gauche,Nyon,Bassins,5703,,313,0,0,313,44,14.06%,269,85.94%,
gc_2022_Gauche,20.03.22,gauche,Nyon,Bassins,5703,,313,0,0,313,,0.00%,313,100.00%,
gc_2022_extreme-droite,20.03.22,extreme-droite,Nyon,Bassins,5703,,313,0,0,313,78,24.92%,235,75.08%,
gc_2022_droite-bourgeoise,20.03.22,droite,Nyon,Bassins,5703,,313,0,0,313,70,22.36%,243,77.64%,
gc_2022_centre,20.03.22,centre,Nyon,Bassins,5703,,313,0,0,313,53,16.93%,260,83.07%,
gc_2022_verts,20.03.22,centre-gauche,Nyon,Bassins,5703,,313,0,0,313,69,22.04%,244,77.96%,
gc_2022_PS,20.03.22,centre-gauche,Nyon,Begnins,5704,,314,0,0,314,59,18.79%,255,81.21%,
gc_2022_Gauche,20.03.22,gauche,Nyon,Begnins,5704,,314,0,0,314,,0.00%,314,100.00%,
gc_2022_extreme-droite,20.03.22,extreme-droite,Nyon,Begnins,5704,,314,0,0,314,63,20.06%,251,79.94%,
gc_2022_droite-bourgeoise,20.03.22,droite,Nyon,Begnins,5704,,314,0,0,314,99,31.53%,215,68.47%,
gc_2022_centre,20.03.22,centre,Nyon,Begnins,5704,,314,0,0,314,47,14.97%,267,85.03%,
gc_2022_verts,20.03.22,centre-gauche,Nyon,Begnins,5704,,314,0,0,314,46,14.65%,268,85.35%,
gc_2022_PS,20.03.22,centre-gauche,Nyon,Bogis-Bossey,5705,,128,0,0,128,17,13.28%,111,86.72%,
gc_2022_Gauche,20.03.22,gauche,Nyon,Bogis-Bossey,5705,,128,0,0,128,,0.00%,128,100.00%,
gc_2022_extreme-droite,20.03.22,extreme-droite,Nyon,Bogis-Bossey,5705,,128,0,0,128,21,16.41%,107,83.59%,
gc_2022_droite-bourgeoise,20.03.22,droite,Nyon,Bogis-Bossey,5705,,128,0,0,128,46,35.94%,82,64.06%,
gc_2022_centre,20.03.22,centre,Nyon,Bogis-Bossey,5705,,128,0,0,128,26,20.31%,102,79.69%,
gc_2022_verts,20.03.22,centre-gauche,Nyon,Bogis-Bossey,5705,,128,0,0,128,18,14.06%,110,85.94%,
gc_2022_PS,20.03.22,centre-gauche,Nyon,Borex,5706,,224,0,0,224,31,13.84%,193,86.16%,
gc_2022_Gauche,20.03.22,gauche,Nyon,Borex,5706,,224,0,0,224,,0.00%,224,100.00%,
gc_2022_extreme-droite,20.03.22,extreme-droite,Nyon,Borex,5706,,224,0,0,224,40,17.86%,184,82.14%,
gc_2022_droite-bourgeoise,20.03.22,droite,Nyon,Borex,5706,,224,0,0,224,93,41.52%,131,58.48%,
gc_2022_centre,20.03.22,centre,Nyon,Borex,5706,,224,0,0,224,42,18.75%,182,81.25%,
gc_2022_verts,20.03.22,centre-gauche,Nyon,Borex,5706,,224,0,0,224,18,8.04%,206,91.96%,
gc_2022_PS,20.03.22,centre-gauche,Nyon,Bursinel,5852,,84,0,0,84,5,5.95%,79,94.05%,
gc_2022_Gauche,20.03.22,gauche,Nyon,Bursinel,5852,,84,0,0,84,,0.00%,84,100.00%,
gc_2022_extreme-droite,20.03.22,extreme-droite,Nyon,Bursinel,5852,,84,0,0,84,17,20.24%,67,79.76%,
gc_2022_droite-bourgeoise,20.03.22,droite,Nyon,Bursinel,5852,,84,0,0,84,43,51.19%,41,48.81%,
gc_2022_centre,20.03.22,centre,Nyon,Bursinel,5852,,84,0,0,84,11,13.10%,73,86.90%,
gc_2022_verts,20.03.22,centre-gauche,Nyon,Bursinel,5852,,84,0,0,84,8,9.52%,76,90.48%,
gc_2022_PS,20.03.22,centre-gauche,Nyon,Bursins,5853,,176,0,0,176,34,19.32%,142,80.68%,
gc_2022_Gauche,20.03.22,gauche,Nyon,Bursins,5853,,176,0,0,176,,0.00%,176,100.00%,
gc_2022_extreme-droite,20.03.22,extreme-droite,Nyon,Bursins,5853,,176,0,0,176,35,19.89%,141,80.11%,
gc_2022_droite-bourgeoise,20.03.22,droite,Nyon,Bursins,5853,,176,0,0,176,60,34.09%,116,65.91%,
gc_2022_centre,20.03.22,centre,Nyon,Bursins,5853,,176,0,0,176,18,10.23%,158,89.77%,
gc_2022_verts,20.03.22,centre-gauche,Nyon,Bursins,5853,,176,0,0,176,28,15.91%,148,84.09%,
gc_2022_PS,20.03.22,centre-gauche,Nyon,Burtigny,5854,,90,0,0,90,9,10.00%,81,90.00%,
gc_2022_Gauche,20.03.22,gauche,Nyon,Burtigny,5854,,90,0,0,90,,0.00%,90,100.00%,
gc_2022_extreme-droite,20.03.22,extreme-droite,Nyon,Burtigny,5854,,90,0,0,90,32,35.56%,58,64.44%,
gc_2022_droite-bourgeoise,20.03.22,droite,Nyon,Burtigny,5854,,90,0,0,90,32,35.56%,58,64.44%,
gc_2022_centre,20.03.22,centre,Nyon,Burtigny,5854,,90,0,0,90,12,13.33%,78,86.67%,
gc_2022_verts,20.03.22,centre-gauche,Nyon,Burtigny,5854,,90,0,0,90,6,6.67%,84,93.33%,
gc_2022_PS,20.03.22,centre-gauche,Nyon,Chavannes-de-Bogis,5707,,183,0,0,183,22,12.02%,161,87.98%,
gc_2022_Gauche,20.03.22,gauche,Nyon,Chavannes-de-Bogis,5707,,183,0,0,183,,0.00%,183,100.00%,
gc_2022_extreme-droite,20.03.22,extreme-droite,Nyon,Chavannes-de-Bogis,5707,,183,0,0,183,46,25.14%,137,74.86%,
gc_2022_droite-bourgeoise,20.03.22,droite,Nyon,Chavannes-de-Bogis,5707,,183,0,0,183,74,40.44%,109,59.56%,
gc_2022_centre,20.03.22,centre,Nyon,Chavannes-de-Bogis,5707,,183,0,0,183,25,13.66%,158,86.34%,
gc_2022_verts,20.03.22,centre-gauche,Nyon,Chavannes-de-Bogis,5707,,183,0,0,183,16,8.74%,167,91.26%,
gc_2022_PS,20.03.22,centre-gauche,Nyon,Chavannes-des-Bois,5708,,140,0,0,140,17,12.14%,123,87.86%,
gc_2022_Gauche,20.03.22,gauche,Nyon,Chavannes-des-Bois,5708,,140,0,0,140,,0.00%,140,100.00%,
gc_2022_extreme-droite,20.03.22,extreme-droite,Nyon,Chavannes-des-Bois,5708,,140,0,0,140,20,14.29%,120,85.71%,
gc_2022_droite-bourgeoise,20.03.22,droite,Nyon,Chavannes-des-Bois,5708,,140,0,0,140,69,49.29%,71,50.71%,
gc_2022_centre,20.03.22,centre,Nyon,Chavannes-des-Bois,5708,,140,0,0,140,20,14.29%,120,85.71%,
gc_2022_verts,20.03.22,centre-gauche,Nyon,Chavannes-des-Bois,5708,,140,0,0,140,14,10.00%,126,90.00%,
gc_2022_PS,20.03.22,centre-gauche,Nyon,Chéserex,5709,,268,0,0,268,37,13.81%,231,86.19%,
gc_2022_Gauche,20.03.22,gauche,Nyon,Chéserex,5709,,268,0,0,268,,0.00%,268,100.00%,
gc_2022_extreme-droite,20.03.22,extreme-droite,Nyon,Chéserex,5709,,268,0,0,268,54,20.15%,214,79.85%,
gc_2022_droite-bourgeoise,20.03.22,droite,Nyon,Chéserex,5709,,268,0,0,268,103,38.43%,165,61.57%,
gc_2022_centre,20.03.22,centre,Nyon,Chéserex,5709,,268,0,0,268,42,15.67%,226,84.33%,
gc_2022_verts,20.03.22,centre-gauche,Nyon,Chéserex,5709,,268,0,0,268,33,12.31%,235,87.69%,
gc_2022_PS,20.03.22,centre-gauche,Nyon,Coinsins,5710,,109,0,0,109,18,16.51%,91,83.49%,
gc_2022_Gauche,20.03.22,gauche,Nyon,Coinsins,5710,,109,0,0,109,,0.00%,109,100.00%,
gc_2022_extreme-droite,20.03.22,extreme-droite,Nyon,Coinsins,5710,,109,0,0,109,19,17.43%,90,82.57%,
gc_2022_droite-bourgeoise,20.03.22,droite,Nyon,Coinsins,5710,,109,0,0,109,42,38.53%,67,61.47%,
gc_2022_centre,20.03.22,centre,Nyon,Coinsins,5710,,109,0,0,109,16,14.68%,93,85.32%,
gc_2022_verts,20.03.22,centre-gauche,Nyon,Coinsins,5710,,109,0,0,109,15,13.76%,94,86.24%,
gc_2022_PS,20.03.22,centre-gauche,Nyon,Commugny,5711,,396,0,0,396,36,9.09%,360,90.91%,
gc_2022_Gauche,20.03.22,gauche,Nyon,Commugny,5711,,396,0,0,396,,0.00%,396,100.00%,
gc_2022_extreme-droite,20.03.22,extreme-droite,Nyon,Commugny,5711,,396,0,0,396,81,20.45%,315,79.55%,
gc_2022_droite-bourgeoise,20.03.22,droite,Nyon,Commugny,5711,,396,0,0,396,142,35.86%,254,64.14%,
gc_2022_centre,20.03.22,centre,Nyon,Commugny,5711,,396,0,0,396,86,21.72%,310,78.28%,
gc_2022_verts,20.03.22,centre-gauche,Nyon,Commugny,5711,,396,0,0,396,52,13.13%,344,86.87%,
gc_2022_PS,20.03.22,centre-gauche,Nyon,Coppet,5712,,510,0,0,510,78,15.29%,432,84.71%,
gc_2022_Gauche,20.03.22,gauche,Nyon,Coppet,5712,,510,0,0,510,,0.00%,510,100.00%,
gc_2022_extreme-droite,20.03.22,extreme-droite,Nyon,Coppet,5712,,510,0,0,510,83,16.27%,427,83.73%,
gc_2022_droite-bourgeoise,20.03.22,droite,Nyon,Coppet,5712,,510,0,0,510,202,39.61%,308,60.39%,
gc_2022_centre,20.03.22,centre,Nyon,Coppet,5712,,510,0,0,510,86,16.86%,424,83.14%,
gc_2022_verts,20.03.22,centre-gauche,Nyon,Coppet,5712,,510,0,0,510,61,11.96%,449,88.04%,
gc_2022_PS,20.03.22,centre-gauche,Nyon,Crans,5713,,417,0,0,417,49,11.75%,368,88.25%,
gc_2022_Gauche,20.03.22,gauche,Nyon,Crans,5713,,417,0,0,417,,0.00%,417,100.00%,
gc_2022_extreme-droite,20.03.22,extreme-droite,Nyon,Crans,5713,,417,0,0,417,64,15.35%,353,84.65%,
gc_2022_droite-bourgeoise,20.03.22,droite,Nyon,Crans,5713,,417,0,0,417,187,44.84%,230,55.16%,
gc_2022_centre,20.03.22,centre,Nyon,Crans,5713,,417,0,0,417,85,20.38%,332,79.62%,
gc_2022_verts,20.03.22,centre-gauche,Nyon,Crans,5713,,417,0,0,417,32,7.67%,385,92.33%,
gc_2022_PS,20.03.22,centre-gauche,Nyon,Crassier,5714,,253,0,0,253,19,7.51%,234,92.49%,
gc_2022_Gauche,20.03.22,gauche,Nyon,Crassier,5714,,253,0,0,253,,0.00%,253,100.00%,
gc_2022_extreme-droite,20.03.22,extreme-droite,Nyon,Crassier,5714,,253,0,0,253,28,11.07%,225,88.93%,
gc_2022_droite-bourgeoise,20.03.22,droite,Nyon,Crassier,5714,,253,0,0,253,149,58.89%,104,41.11%,
gc_2022_centre,20.03.22,centre,Nyon,Crassier,5714,,253,0,0,253,38,15.02%,215,84.98%,
gc_2022_verts,20.03.22,centre-gauche,Nyon,Crassier,5714,,253,0,0,253,19,7.51%,234,92.49%,
gc_2022_PS,20.03.22,centre-gauche,Nyon,Duillier,5715,,204,0,0,204,18,8.82%,186,91.18%,
gc_2022_Gauche,20.03.22,gauche,Nyon,Duillier,5715,,204,0,0,204,,0.00%,204,100.00%,
gc_2022_extreme-droite,20.03.22,extreme-droite,Nyon,Duillier,5715,,204,0,0,204,25,12.25%,179,87.75%,
gc_2022_droite-bourgeoise,20.03.22,droite,Nyon,Duillier,5715,,204,0,0,204,92,45.10%,112,54.90%,
gc_2022_centre,20.03.22,centre,Nyon,Duillier,5715,,204,0,0,204,42,20.59%,162,79.41%,
gc_2022_verts,20.03.22,centre-gauche,Nyon,Duillier,5715,,204,0,0,204,26,12.75%,178,87.25%,
gc_2022_PS,20.03.22,centre-gauche,Nyon,Dully,5855,,130,0,0,130,12,9.23%,118,90.77%,
gc_2022_Gauche,20.03.22,gauche,Nyon,Dully,5855,,130,0,0,130,,0.00%,130,100.00%,
gc_2022_extreme-droite,20.03.22,extreme-droite,Nyon,Dully,5855,,130,0,0,130,33,25.38%,97,74.62%,
gc_2022_droite-bourgeoise,20.03.22,droite,Nyon,Dully,5855,,130,0,0,130,55,42.31%,75,57.69%,
gc_2022_centre,20.03.22,centre,Nyon,Dully,5855,,130,0,0,130,15,11.54%,115,88.46%,
gc_2022_verts,20.03.22,centre-gauche,Nyon,Dully,5855,,130,0,0,130,15,11.54%,115,88.46%,
gc_2022_PS,20.03.22,centre-gauche,Nyon,Essertines-sur-Rolle,5856,,154,0,0,154,17,11.04%,137,88.96%,
gc_2022_Gauche,20.03.22,gauche,Nyon,Essertines-sur-Rolle,5856,,154,0,0,154,,0.00%,154,100.00%,
gc_2022_extreme-droite,20.03.22,extreme-droite,Nyon,Essertines-sur-Rolle,5856,,154,0,0,154,36,23.38%,118,76.62%,
gc_2022_droite-bourgeoise,20.03.22,droite,Nyon,Essertines-sur-Rolle,5856,,154,0,0,154,61,39.61%,93,60.39%,
gc_2022_centre,20.03.22,centre,Nyon,Essertines-sur-Rolle,5856,,154,0,0,154,20,12.99%,134,87.01%,
gc_2022_verts,20.03.22,centre-gauche,Nyon,Essertines-sur-Rolle,5856,,154,0,0,154,21,13.64%,133,86.36%,
gc_2022_PS,20.03.22,centre-gauche,Nyon,Eysins,5716,,257,0,0,257,47,18.29%,210,81.71%,
gc_2022_Gauche,20.03.22,gauche,Nyon,Eysins,5716,,257,0,0,257,,0.00%,257,100.00%,
gc_2022_extreme-droite,20.03.22,extreme-droite,Nyon,Eysins,5716,,257,0,0,257,41,15.95%,216,84.05%,
gc_2022_droite-bourgeoise,20.03.22,droite,Nyon,Eysins,5716,,257,0,0,257,86,33.46%,171,66.54%,
gc_2022_centre,20.03.22,centre,Nyon,Eysins,5716,,257,0,0,257,50,19.46%,207,80.54%,
gc_2022_verts,20.03.22,centre-gauche,Nyon,Eysins,5716,,257,0,0,257,33,12.84%,224,87.16%,
gc_2022_PS,20.03.22,centre-gauche,Nyon,Founex,5717,,517,0,0,517,66,12.77%,451,87.23%,
gc_2022_Gauche,20.03.22,gauche,Nyon,Founex,5717,,517,0,0,517,,0.00%,517,100.00%,
gc_2022_extreme-droite,20.03.22,extreme-droite,Nyon,Founex,5717,,517,0,0,517,95,18.38%,422,81.62%,
gc_2022_droite-bourgeoise,20.03.22,droite,Nyon,Founex,5717,,517,0,0,517,216,41.78%,301,58.22%,
gc_2022_centre,20.03.22,centre,Nyon,Founex,5717,,517,0,0,517,79,15.28%,438,84.72%,
gc_2022_verts,20.03.22,centre-gauche,Nyon,Founex,5717,,517,0,0,517,62,11.99%,455,88.01%,
gc_2022_PS,20.03.22,centre-gauche,Nyon,Genolier,5718,,416,0,0,416,41,9.86%,375,90.14%,
gc_2022_Gauche,20.03.22,gauche,Nyon,Genolier,5718,,416,0,0,416,,0.00%,416,100.00%,
gc_2022_extreme-droite,20.03.22,extreme-droite,Nyon,Genolier,5718,,416,0,0,416,93,22.36%,323,77.64%,
gc_2022_droite-bourgeoise,20.03.22,droite,Nyon,Genolier,5718,,416,0,0,416,147,35.34%,269,64.66%,
gc_2022_centre,20.03.22,centre,Nyon,Genolier,5718,,416,0,0,416,86,20.67%,330,79.33%,
gc_2022_verts,20.03.22,centre-gauche,Nyon,Genolier,5718,,416,0,0,416,49,11.78%,367,88.22%,
gc_2022_PS,20.03.22,centre-gauche,Nyon,Gilly,5857,,277,0,0,277,33,11.91%,244,88.09%,
gc_2022_Gauche,20.03.22,gauche,Nyon,Gilly,5857,,277,0,0,277,,0.00%,277,100.00%,
gc_2022_extreme-droite,20.03.22,extreme-droite,Nyon,Gilly,5857,,277,0,0,277,85,30.69%,192,69.31%,
gc_2022_droite-bourgeoise,20.03.22,droite,Nyon,Gilly,5857,,277,0,0,277,80,28.88%,197,71.12%,
gc_2022_centre,20.03.22,centre,Nyon,Gilly,5857,,277,0,0,277,42,15.16%,235,84.84%,
gc_2022_verts,20.03.22,centre-gauche,Nyon,Gilly,5857,,277,0,0,277,37,13.36%,240,86.64%,
gc_2022_PS,20.03.22,centre-gauche,Nyon,Gingins,5719,,240,0,0,240,36,15.00%,204,85.00%,
gc_2022_Gauche,20.03.22,gauche,Nyon,Gingins,5719,,240,0,0,240,,0.00%,240,100.00%,
gc_2022_extreme-droite,20.03.22,extreme-droite,Nyon,Gingins,5719,,240,0,0,240,44,18.33%,196,81.67%,
gc_2022_droite-bourgeoise,20.03.22,droite,Nyon,Gingins,5719,,240,0,0,240,87,36.25%,153,63.75%,
gc_2022_centre,20.03.22,centre,Nyon,Gingins,5719,,240,0,0,240,47,19.58%,193,80.42%,
gc_2022_verts,20.03.22,centre-gauche,Nyon,Gingins,5719,,240,0,0,240,26,10.83%,214,89.17%,
gc_2022_PS,20.03.22,centre-gauche,Nyon,Givrins,5720,,267,0,0,267,25,9.36%,242,90.64%,
gc_2022_Gauche,20.03.22,gauche,Nyon,Givrins,5720,,267,0,0,267,,0.00%,267,100.00%,
gc_2022_extreme-droite,20.03.22,extreme-droite,Nyon,Givrins,5720,,267,0,0,267,31,11.61%,236,88.39%,
gc_2022_droite-bourgeoise,20.03.22,droite,Nyon,Givrins,5720,,267,0,0,267,120,44.94%,147,55.06%,
gc_2022_centre,20.03.22,centre,Nyon,Givrins,5720,,267,0,0,267,39,14.61%,228,85.39%,
gc_2022_verts,20.03.22,centre-gauche,Nyon,Givrins,5720,,267,0,0,267,52,19.48%,215,80.52%,
gc_2022_PS,20.03.22,centre-gauche,Nyon,Gland,5721,,1783,0,0,1783,349,19.57%,1434,80.43%,
gc_2022_Gauche,20.03.22,gauche,Nyon,Gland,5721,,1783,0,0,1783,,0.00%,1783,100.00%,
gc_2022_extreme-droite,20.03.22,extreme-droite,Nyon,Gland,5721,,1783,0,0,1783,279,15.65%,1504,84.35%,
gc_2022_droite-bourgeoise,20.03.22,droite,Nyon,Gland,5721,,1783,0,0,1783,530,29.73%,1253,70.27%,
gc_2022_centre,20.03.22,centre,Nyon,Gland,5721,,1783,0,0,1783,363,20.36%,1420,79.64%,
gc_2022_verts,20.03.22,centre-gauche,Nyon,Gland,5721,,1783,0,0,1783,263,14.75%,1520,85.25%,
gc_2022_PS,20.03.22,centre-gauche,Nyon,Grens,5722,,88,0,0,88,15,17.05%,73,82.95%,
gc_2022_Gauche,20.03.22,gauche,Nyon,Grens,5722,,88,0,0,88,,0.00%,88,100.00%,
gc_2022_extreme-droite,20.03.22,extreme-droite,Nyon,Grens,5722,,88,0,0,88,18,20.45%,70,79.55%,
gc_2022_droite-bourgeoise,20.03.22,droite,Nyon,Grens,5722,,88,0,0,88,28,31.82%,60,68.18%,
gc_2022_centre,20.03.22,centre,Nyon,Grens,5722,,88,0,0,88,12,13.64%,76,86.36%,
gc_2022_verts,20.03.22,centre-gauche,Nyon,Grens,5722,,88,0,0,88,15,17.05%,73,82.95%,
gc_2022_PS,20.03.22,centre-gauche,Nyon,La Rippe,5726,,199,0,0,199,24,12.06%,175,87.94%,
gc_2022_Gauche,20.03.22,gauche,Nyon,La Rippe,5726,,199,0,0,199,,0.00%,199,100.00%,
gc_2022_extreme-droite,20.03.22,extreme-droite,Nyon,La Rippe,5726,,199,0,0,199,15,7.54%,184,92.46%,
gc_2022_droite-bourgeoise,20.03.22,droite,Nyon,La Rippe,5726,,199,0,0,199,82,41.21%,117,58.79%,
gc_2022_centre,20.03.22,centre,Nyon,La Rippe,5726,,199,0,0,199,48,24.12%,151,75.88%,
gc_2022_verts,20.03.22,centre-gauche,Nyon,La Rippe,5726,,199,0,0,199,30,15.08%,169,84.92%,
gc_2022_PS,20.03.22,centre-gauche,Nyon,Le Vaud,5731,,301,0,0,301,45,14.95%,256,85.05%,
gc_2022_Gauche,20.03.22,gauche,Nyon,Le Vaud,5731,,301,0,0,301,,0.00%,301,100.00%,
gc_2022_extreme-droite,20.03.22,extreme-droite,Nyon,Le Vaud,5731,,301,0,0,301,50,16.61%,251,83.39%,
gc_2022_droite-bourgeoise,20.03.22,droite,Nyon,Le Vaud,5731,,301,0,0,301,82,27.24%,219,72.76%,
gc_2022_centre,20.03.22,centre,Nyon,Le Vaud,5731,,301,0,0,301,88,29.24%,213,70.76%,
gc_2022_verts,20.03.22,centre-gauche,Nyon,Le Vaud,5731,,301,0,0,301,35,11.63%,266,88.37%,
gc_2022_PS,20.03.22,centre-gauche,Nyon,Longirod,5429,,114,0,0,114,11,9.65%,103,90.35%,
gc_2022_Gauche,20.03.22,gauche,Nyon,Longirod,5429,,114,0,0,114,,0.00%,114,100.00%,
gc_2022_extreme-droite,20.03.22,extreme-droite,Nyon,Longirod,5429,,114,0,0,114,20,17.54%,94,82.46%,
gc_2022_droite-bourgeoise,20.03.22,droite,Nyon,Longirod,5429,,114,0,0,114,45,39.47%,69,60.53%,
gc_2022_centre,20.03.22,centre,Nyon,Longirod,5429,,114,0,0,114,15,13.16%,99,86.84%,
gc_2022_verts,20.03.22,centre-gauche,Nyon,Longirod,5429,,114,0,0,114,23,20.18%,91,79.82%,
gc_2022_PS,20.03.22,centre-gauche,Nyon,Luins,5858,,106,0,0,106,13,12.26%,93,87.74%,
gc_2022_Gauche,20.03.22,gauche,Nyon,Luins,5858,,106,0,0,106,,0.00%,106,100.00%,
gc_2022_extreme-droite,20.03.22,extreme-droite,Nyon,Luins,5858,,106,0,0,106,35,33.02%,71,66.98%,
gc_2022_droite-bourgeoise,20.03.22,droite,Nyon,Luins,5858,,106,0,0,106,31,29.25%,75,70.75%,
gc_2022_centre,20.03.22,centre,Nyon,Luins,5858,,106,0,0,106,15,14.15%,91,85.85%,
gc_2022_verts,20.03.22,centre-gauche,Nyon,Luins,5858,,106,0,0,106,12,11.32%,94,88.68%,
gc_2022_PS,20.03.22,centre-gauche,Nyon,Marchissy,5430,,112,0,0,112,6,5.36%,106,94.64%,
gc_2022_Gauche,20.03.22,gauche,Nyon,Marchissy,5430,,112,0,0,112,,0.00%,112,100.00%,
gc_2022_extreme-droite,20.03.22,extreme-droite,Nyon,Marchissy,5430,,112,0,0,112,22,19.64%,90,80.36%,
gc_2022_droite-bourgeoise,20.03.22,droite,Nyon,Marchissy,5430,,112,0,0,112,49,43.75%,63,56.25%,
gc_2022_centre,20.03.22,centre,Nyon,Marchissy,5430,,112,0,0,112,21,18.75%,91,81.25%,
gc_2022_verts,20.03.22,centre-gauche,Nyon,Marchissy,5430,,112,0,0,112,13,11.61%,99,88.39%,
gc_2022_PS,20.03.22,centre-gauche,Nyon,Mies,5723,,291,0,0,291,30,10.31%,261,89.69%,
gc_2022_Gauche,20.03.22,gauche,Nyon,Mies,5723,,291,0,0,291,,0.00%,291,100.00%,
gc_2022_extreme-droite,20.03.22,extreme-droite,Nyon,Mies,5723,,291,0,0,291,41,14.09%,250,85.91%,
gc_2022_droite-bourgeoise,20.03.22,droite,Nyon,Mies,5723,,291,0,0,291,111,38.14%,180,61.86%,
gc_2022_centre,20.03.22,centre,Nyon,Mies,5723,,291,0,0,291,48,16.49%,243,83.51%,
gc_2022_verts,20.03.22,centre-gauche,Nyon,Mies,5723,,291,0,0,291,61,20.96%,230,79.04%,
gc_2022_PS,20.03.22,centre-gauche,Nyon,Mont-sur-Rolle,5859,,429,0,0,429,61,14.22%,368,85.78%,
gc_2022_Gauche,20.03.22,gauche,Nyon,Mont-sur-Rolle,5859,,429,0,0,429,,0.00%,429,100.00%,
gc_2022_extreme-droite,20.03.22,extreme-droite,Nyon,Mont-sur-Rolle,5859,,429,0,0,429,94,21.91%,335,78.09%,
gc_2022_droite-bourgeoise,20.03.22,droite,Nyon,Mont-sur-Rolle,5859,,429,0,0,429,159,37.06%,270,62.94%,
gc_2022_centre,20.03.22,centre,Nyon,Mont-sur-Rolle,5859,,429,0,0,429,63,14.69%,366,85.31%,
gc_2022_verts,20.03.22,centre-gauche,Nyon,Mont-sur-Rolle,5859,,429,0,0,429,52,12.12%,377,87.88%,
gc_2022_PS,20.03.22,centre-gauche,Nyon,Nyon,5724,,2918,0,0,2918,686,23.51%,2232,76.49%,
gc_2022_Gauche,20.03.22,gauche,Nyon,Nyon,5724,,2918,0,0,2918,,0.00%,2918,100.00%,
gc_2022_extreme-droite,20.03.22,extreme-droite,Nyon,Nyon,5724,,2918,0,0,2918,372,12.75%,2546,87.25%,
gc_2022_droite-bourgeoise,20.03.22,droite,Nyon,Nyon,5724,,2918,0,0,2918,813,27.86%,2105,72.14%,
gc_2022_centre,20.03.22,centre,Nyon,Nyon,5724,,2918,0,0,2918,481,16.48%,2437,83.52%,
gc_2022_verts,20.03.22,centre-gauche,Nyon,Nyon,5724,,2918,0,0,2918,566,19.40%,2352,80.60%,
gc_2022_PS,20.03.22,centre-gauche,Nyon,Perroy,5860,,273,0,0,273,41,15.02%,232,84.98%,
gc_2022_Gauche,20.03.22,gauche,Nyon,Perroy,5860,,273,0,0,273,,0.00%,273,100.00%,
gc_2022_extreme-droite,20.03.22,extreme-droite,Nyon,Perroy,5860,,273,0,0,273,58,21.25%,215,78.75%,
gc_2022_droite-bourgeoise,20.03.22,droite,Nyon,Perroy,5860,,273,0,0,273,104,38.10%,169,61.90%,
gc_2022_centre,20.03.22,centre,Nyon,Perroy,5860,,273,0,0,273,41,15.02%,232,84.98%,
gc_2022_verts,20.03.22,centre-gauche,Nyon,Perroy,5860,,273,0,0,273,30,10.99%,243,89.01%,
gc_2022_PS,20.03.22,centre-gauche,Nyon,Prangins,5725,,711,0,0,711,125,17.58%,586,82.42%,
gc_2022_Gauche,20.03.22,gauche,Nyon,Prangins,5725,,711,0,0,711,,0.00%,711,100.00%,
gc_2022_extreme-droite,20.03.22,extreme-droite,Nyon,Prangins,5725,,711,0,0,711,92,12.94%,619,87.06%,
gc_2022_droite-bourgeoise,20.03.22,droite,Nyon,Prangins,5725,,711,0,0,711,227,31.93%,484,68.07%,
gc_2022_centre,20.03.22,centre,Nyon,Prangins,5725,,711,0,0,711,140,19.69%,571,80.31%,
gc_2022_verts,20.03.22,centre-gauche,Nyon,Prangins,5725,,711,0,0,711,126,17.72%,585,82.28%,
gc_2022_PS,20.03.22,centre-gauche,Nyon,Rolle,5861,,891,0,0,891,206,23.12%,685,76.88%,
gc_2022_Gauche,20.03.22,gauche,Nyon,Rolle,5861,,891,0,0,891,,0.00%,891,100.00%,
gc_2022_extreme-droite,20.03.22,extreme-droite,Nyon,Rolle,5861,,891,0,0,891,82,9.20%,809,90.80%,
gc_2022_droite-bourgeoise,20.03.22,droite,Nyon,Rolle,5861,,891,0,0,891,337,37.82%,554,62.18%,
gc_2022_centre,20.03.22,centre,Nyon,Rolle,5861,,891,0,0,891,128,14.37%,763,85.63%,
gc_2022_verts,20.03.22,centre-gauche,Nyon,Rolle,5861,,891,0,0,891,138,15.49%,753,84.51%,
gc_2022_PS,20.03.22,centre-gauche,Nyon,Saint-Cergue,5727,,316,0,0,316,47,14.87%,269,85.13%,
gc_2022_Gauche,20.03.22,gauche,Nyon,Saint-Cergue,5727,,316,0,0,316,,0.00%,316,100.00%,
gc_2022_extreme-droite,20.03.22,extreme-droite,Nyon,Saint-Cergue,5727,,316,0,0,316,61,19.30%,255,80.70%,
gc_2022_droite-bourgeoise,20.03.22,droite,Nyon,Saint-Cergue,5727,,316,0,0,316,76,24.05%,240,75.95%,
gc_2022_centre,20.03.22,centre,Nyon,Saint-Cergue,5727,,316,0,0,316,65,20.57%,251,79.43%,
gc_2022_verts,20.03.22,centre-gauche,Nyon,Saint-Cergue,5727,,316,0,0,316,66,20.89%,250,79.11%,
gc_2022_PS,20.03.22,centre-gauche,Nyon,Saint-George,5434,,233,0,0,233,29,12.45%,204,87.55%,
gc_2022_Gauche,20.03.22,gauche,Nyon,Saint-George,5434,,233,0,0,233,,0.00%,233,100.00%,
gc_2022_extreme-droite,20.03.22,extreme-droite,Nyon,Saint-George,5434,,233,0,0,233,39,16.74%,194,83.26%,
gc_2022_droite-bourgeoise,20.03.22,droite,Nyon,Saint-George,5434,,233,0,0,233,77,33.05%,156,66.95%,
gc_2022_centre,20.03.22,centre,Nyon,Saint-George,5434,,233,0,0,233,35,15.02%,198,84.98%,
gc_2022_verts,20.03.22,centre-gauche,Nyon,Saint-George,5434,,233,0,0,233,51,21.89%,182,78.11%,
gc_2022_PS,20.03.22,centre-gauche,Nyon,Signy-Avenex,5728,,112,0,0,112,14,12.50%,98,87.50%,
gc_2022_Gauche,20.03.22,gauche,Nyon,Signy-Avenex,5728,,112,0,0,112,,0.00%,112,100.00%,
gc_2022_extreme-droite,20.03.22,extreme-droite,Nyon,Signy-Avenex,5728,,112,0,0,112,30,26.79%,82,73.21%,
gc_2022_droite-bourgeoise,20.03.22,droite,Nyon,Signy-Avenex,5728,,112,0,0,112,37,33.04%,75,66.96%,
gc_2022_centre,20.03.22,centre,Nyon,Signy-Avenex,5728,,112,0,0,112,24,21.43%,88,78.57%,
gc_2022_verts,20.03.22,centre-gauche,Nyon,Signy-Avenex,5728,,112,0,0,112,7,6.25%,105,93.75%,
gc_2022_PS,20.03.22,centre-gauche,Nyon,Tannay,5729,,290,0,0,290,31,10.69%,259,89.31%,
gc_2022_Gauche,20.03.22,gauche,Nyon,Tannay,5729,,290,0,0,290,,0.00%,290,100.00%,
gc_2022_extreme-droite,20.03.22,extreme-droite,Nyon,Tannay,5729,,290,0,0,290,34,11.72%,256,88.28%,
gc_2022_droite-bourgeoise,20.03.22,droite,Nyon,Tannay,5729,,290,0,0,290,114,39.31%,176,60.69%,
gc_2022_centre,20.03.22,centre,Nyon,Tannay,5729,,290,0,0,290,67,23.10%,223,76.90%,
gc_2022_verts,20.03.22,centre-gauche,Nyon,Tannay,5729,,290,0,0,290,45,15.52%,245,84.48%,
gc_2022_PS,20.03.22,centre-gauche,Nyon,Tartegnin,5862,,61,0,0,61,13,21.31%,48,78.69%,
gc_2022_Gauche,20.03.22,gauche,Nyon,Tartegnin,5862,,61,0,0,61,,0.00%,61,100.00%,
gc_2022_extreme-droite,20.03.22,extreme-droite,Nyon,Tartegnin,5862,,61,0,0,61,8,13.11%,53,86.89%,
gc_2022_droite-bourgeoise,20.03.22,droite,Nyon,Tartegnin,5862,,61,0,0,61,32,52.46%,29,47.54%,
gc_2022_centre,20.03.22,centre,Nyon,Tartegnin,5862,,61,0,0,61,1,1.64%,60,98.36%,
gc_2022_verts,20.03.22,centre-gauche,Nyon,Tartegnin,5862,,61,0,0,61,6,9.84%,55,90.16%,
gc_2022_PS,20.03.22,centre-gauche,Nyon,Trélex,5730,,352,0,0,352,50,14.20%,302,85.80%,
gc_2022_Gauche,20.03.22,gauche,Nyon,Trélex,5730,,352,0,0,352,,0.00%,352,100.00%,
gc_2022_extreme-droite,20.03.22,extreme-droite,Nyon,Trélex,5730,,352,0,0,352,40,11.36%,312,88.64%,
gc_2022_droite-bourgeoise,20.03.22,droite,Nyon,Trélex,5730,,352,0,0,352,99,28.12%,253,71.88%,
gc_2022_centre,20.03.22,centre,Nyon,Trélex,5730,,352,0,0,352,109,30.97%,243,69.03%,
gc_2022_verts,20.03.22,centre-gauche,Nyon,Trélex,5730,,352,0,0,352,53,15.06%,299,84.94%,
gc_2022_PS,20.03.22,centre-gauche,Nyon,Vich,5732,,166,0,0,166,22,13.25%,144,86.75%,
gc_2022_Gauche,20.03.22,gauche,Nyon,Vich,5732,,166,0,0,166,,0.00%,166,100.00%,
gc_2022_extreme-droite,20.03.22,extreme-droite,Nyon,Vich,5732,,166,0,0,166,33,19.88%,133,80.12%,
gc_2022_droite-bourgeoise,20.03.22,droite,Nyon,Vich,5732,,166,0,0,166,49,29.52%,117,70.48%,
gc_2022_centre,20.03.22,centre,Nyon,Vich,5732,,166,0,0,166,35,21.08%,131,78.92%,
gc_2022_verts,20.03.22,centre-gauche,Nyon,Vich,5732,,166,0,0,166,26,15.66%,140,84.34%,
gc_2022_PS,20.03.22,centre-gauche,Nyon,Vinzel,5863,,101,0,0,101,18,17.82%,83,82.18%,
gc_2022_Gauche,20.03.22,gauche,Nyon,Vinzel,5863,,101,0,0,101,,0.00%,101,100.00%,
gc_2022_extreme-droite,20.03.22,extreme-droite,Nyon,Vinzel,5863,,101,0,0,101,17,16.83%,84,83.17%,
gc_2022_droite-bourgeoise,20.03.22,droite,Nyon,Vinzel,5863,,101,0,0,101,38,37.62%,63,62.38%,
gc_2022_centre,20.03.22,centre,Nyon,Vinzel,5863,,101,0,0,101,15,14.85%,86,85.15%,
gc_2022_verts,20.03.22,centre-gauche,Nyon,Vinzel,5863,,101,0,0,101,14,13.86%,87,86.14%,
gc_2022_PS,20.03.22,centre-gauche,Ouest lausannois,Bussigny,5624,,1401,0,0,1401,379,27.05%,1022,72.95%,
gc_2022_Gauche,20.03.22,gauche,Ouest lausannois,Bussigny,5624,,1401,0,0,1401,68,4.85%,1333,95.15%,
gc_2022_extreme-droite,20.03.22,extreme-droite,Ouest lausannois,Bussigny,5624,,1401,0,0,1401,212,15.13%,1189,84.87%,
gc_2022_droite-bourgeoise,20.03.22,droite,Ouest lausannois,Bussigny,5624,,1401,0,0,1401,364,25.98%,1037,74.02%,
gc_2022_centre,20.03.22,centre,Ouest lausannois,Bussigny,5624,,1401,0,0,1401,187,13.35%,1214,86.65%,
gc_2022_verts,20.03.22,centre-gauche,Ouest lausannois,Bussigny,5624,,1401,0,0,1401,190,13.56%,1211,86.44%,
gc_2022_PS,20.03.22,centre-gauche,Ouest lausannois,Chavannes-près-Renens,5627,,700,0,0,700,232,33.14%,468,66.86%,
gc_2022_Gauche,20.03.22,gauche,Ouest lausannois,Chavannes-près-Renens,5627,,700,0,0,700,75,10.71%,625,89.29%,
gc_2022_extreme-droite,20.03.22,extreme-droite,Ouest lausannois,Chavannes-près-Renens,5627,,700,0,0,700,81,11.57%,619,88.43%,
gc_2022_droite-bourgeoise,20.03.22,droite,Ouest lausannois,Chavannes-près-Renens,5627,,700,0,0,700,131,18.71%,569,81.29%,
gc_2022_centre,20.03.22,centre,Ouest lausannois,Chavannes-près-Renens,5627,,700,0,0,700,49,7.00%,651,93.00%,
gc_2022_verts,20.03.22,centre-gauche,Ouest lausannois,Chavannes-près-Renens,5627,,700,0,0,700,132,18.86%,568,81.14%,
gc_2022_PS,20.03.22,centre-gauche,Ouest lausannois,Crissier,5583,,971,0,0,971,215,22.14%,756,77.86%,
gc_2022_Gauche,20.03.22,gauche,Ouest lausannois,Crissier,5583,,971,0,0,971,69,7.11%,902,92.89%,
gc_2022_extreme-droite,20.03.22,extreme-droite,Ouest lausannois,Crissier,5583,,971,0,0,971,147,15.14%,824,84.86%,
gc_2022_droite-bourgeoise,20.03.22,droite,Ouest lausannois,Crissier,5583,,971,0,0,971,259,26.67%,712,73.33%,
gc_2022_centre,20.03.22,centre,Ouest lausannois,Crissier,5583,,971,0,0,971,161,16.58%,810,83.42%,
gc_2022_verts,20.03.22,centre-gauche,Ouest lausannois,Crissier,5583,,971,0,0,971,120,12.36%,851,87.64%,
gc_2022_PS,20.03.22,centre-gauche,Ouest lausannois,Ecublens VD,5635,,1631,0,0,1631,329,20.17%,1302,79.83%,
gc_2022_Gauche,20.03.22,gauche,Ouest lausannois,Ecublens VD,5635,,1631,0,0,1631,64,3.92%,1567,96.08%,
gc_2022_extreme-droite,20.03.22,extreme-droite,Ouest lausannois,Ecublens VD,5635,,1631,0,0,1631,172,10.55%,1459,89.45%,
gc_2022_droite-bourgeoise,20.03.22,droite,Ouest lausannois,Ecublens VD,5635,,1631,0,0,1631,419,25.69%,1212,74.31%,
gc_2022_centre,20.03.22,centre,Ouest lausannois,Ecublens VD,5635,,1631,0,0,1631,375,22.99%,1256,77.01%,
gc_2022_verts,20.03.22,centre-gauche,Ouest lausannois,Ecublens VD,5635,,1631,0,0,1631,272,16.68%,1359,83.32%,
gc_2022_PS,20.03.22,centre-gauche,Ouest lausannois,Prilly,5589,,1674,0,0,1674,412,24.61%,1262,75.39%,
gc_2022_Gauche,20.03.22,gauche,Ouest lausannois,Prilly,5589,,1674,0,0,1674,112,6.69%,1562,93.31%,
gc_2022_extreme-droite,20.03.22,extreme-droite,Ouest lausannois,Prilly,5589,,1674,0,0,1674,187,11.17%,1487,88.83%,
gc_2022_droite-bourgeoise,20.03.22,droite,Ouest lausannois,Prilly,5589,,1674,0,0,1674,437,26.11%,1237,73.89%,
gc_2022_centre,20.03.22,centre,Ouest lausannois,Prilly,5589,,1674,0,0,1674,182,10.87%,1492,89.13%,
gc_2022_verts,20.03.22,centre-gauche,Ouest lausannois,Prilly,5589,,1674,0,0,1674,344,20.55%,1330,79.45%,
gc_2022_PS,20.03.22,centre-gauche,Ouest lausannois,Renens VD,5591,,2154,0,0,2154,624,28.97%,1530,71.03%,
gc_2022_Gauche,20.03.22,gauche,Ouest lausannois,Renens VD,5591,,2154,0,0,2154,384,17.83%,1770,82.17%,
gc_2022_extreme-droite,20.03.22,extreme-droite,Ouest lausannois,Renens VD,5591,,2154,0,0,2154,241,11.19%,1913,88.81%,
gc_2022_droite-bourgeoise,20.03.22,droite,Ouest lausannois,Renens VD,5591,,2154,0,0,2154,384,17.83%,1770,82.17%,
gc_2022_centre,20.03.22,centre,Ouest lausannois,Renens VD,5591,,2154,0,0,2154,182,8.45%,1972,91.55%,
gc_2022_verts,20.03.22,centre-gauche,Ouest lausannois,Renens VD,5591,,2154,0,0,2154,339,15.74%,1815,84.26%,
gc_2022_PS,20.03.22,centre-gauche,Ouest lausannois,Saint-Sulpice,5648,,853,0,0,853,103,12.08%,750,87.92%,
gc_2022_Gauche,20.03.22,gauche,Ouest lausannois,Saint-Sulpice,5648,,853,0,0,853,29,3.40%,824,96.60%,
gc_2022_extreme-droite,20.03.22,extreme-droite,Ouest lausannois,Saint-Sulpice,5648,,853,0,0,853,116,13.60%,737,86.40%,
gc_2022_droite-bourgeoise,20.03.22,droite,Ouest lausannois,Saint-Sulpice,5648,,853,0,0,853,304,35.64%,549,64.36%,
gc_2022_centre,20.03.22,centre,Ouest lausannois,Saint-Sulpice,5648,,853,0,0,853,161,18.87%,692,81.13%,
gc_2022_verts,20.03.22,centre-gauche,Ouest lausannois,Saint-Sulpice,5648,,853,0,0,853,140,16.41%,713,83.59%,
gc_2022_PS,20.03.22,centre-gauche,Ouest lausannois,Villars-Sainte-Croix,5651,,169,0,0,169,26,15.38%,143,84.62%,
gc_2022_Gauche,20.03.22,gauche,Ouest lausannois,Villars-Sainte-Croix,5651,,169,0,0,169,11,6.51%,158,93.49%,
gc_2022_extreme-droite,20.03.22,extreme-droite,Ouest lausannois,Villars-Sainte-Croix,5651,,169,0,0,169,40,23.67%,129,76.33%,
gc_2022_droite-bourgeoise,20.03.22,droite,Ouest lausannois,Villars-Sainte-Croix,5651,,169,0,0,169,55,32.54%,114,67.46%,
gc_2022_centre,20.03.22,centre,Ouest lausannois,Villars-Sainte-Croix,5651,,169,0,0,169,16,9.47%,153,90.53%,
gc_2022_verts,20.03.22,centre-gauche,Ouest lausannois,Villars-Sainte-Croix,5651,,169,0,0,169,21,12.43%,148,87.57%,
gc_2022_PS,20.03.22,centre-gauche,Pays-d'Enhaut,Château-d'Oex,5841,,819,0,0,819,142,17.34%,677,82.66%,
gc_2022_Gauche,20.03.22,gauche,Pays-d'Enhaut,Château-d'Oex,5841,,819,0,0,819,,0.00%,819,100.00%,
gc_2022_extreme-droite,20.03.22,extreme-droite,Pays-d'Enhaut,Château-d'Oex,5841,,819,0,0,819,302,36.87%,517,63.13%,
gc_2022_droite-bourgeoise,20.03.22,droite,Pays-d'Enhaut,Château-d'Oex,5841,,819,0,0,819,354,43.22%,465,56.78%,
gc_2022_centre,20.03.22,centre,Pays-d'Enhaut,Château-d'Oex,5841,,819,0,0,819,,0.00%,819,100.00%,
gc_2022_verts,20.03.22,centre-gauche,Pays-d'Enhaut,Château-d'Oex,5841,,819,0,0,819,20,2.44%,799,97.56%,
gc_2022_PS,20.03.22,centre-gauche,Pays-d'Enhaut,Rossinière,5842,,132,0,0,132,28,21.21%,104,78.79%,
gc_2022_Gauche,20.03.22,gauche,Pays-d'Enhaut,Rossinière,5842,,132,0,0,132,,0.00%,132,100.00%,
gc_2022_extreme-droite,20.03.22,extreme-droite,Pays-d'Enhaut,Rossinière,5842,,132,0,0,132,38,28.79%,94,71.21%,
gc_2022_droite-bourgeoise,20.03.22,droite,Pays-d'Enhaut,Rossinière,5842,,132,0,0,132,61,46.21%,71,53.79%,
gc_2022_centre,20.03.22,centre,Pays-d'Enhaut,Rossinière,5842,,132,0,0,132,,0.00%,132,100.00%,
gc_2022_verts,20.03.22,centre-gauche,Pays-d'Enhaut,Rossinière,5842,,132,0,0,132,6,4.55%,126,95.45%,
gc_2022_PS,20.03.22,centre-gauche,Pays-d'Enhaut,Rougemont,5843,,142,0,0,142,17,11.97%,125,88.03%,
gc_2022_Gauche,20.03.22,gauche,Pays-d'Enhaut,Rougemont,5843,,142,0,0,142,,0.00%,142,100.00%,
gc_2022_extreme-droite,20.03.22,extreme-droite,Pays-d'Enhaut,Rougemont,5843,,142,0,0,142,64,45.07%,78,54.93%,
gc_2022_droite-bourgeoise,20.03.22,droite,Pays-d'Enhaut,Rougemont,5843,,142,0,0,142,56,39.44%,86,60.56%,
gc_2022_centre,20.03.22,centre,Pays-d'Enhaut,Rougemont,5843,,142,0,0,142,,0.00%,142,100.00%,
gc_2022_verts,20.03.22,centre-gauche,Pays-d'Enhaut,Rougemont,5843,,142,0,0,142,6,4.23%,136,95.77%,
mormont,28.09.25,gauche,Aigle,Aigle,5401,5453,2053,42,7,1901,743,39.08%,1158,60.92%,37.65%
mormont_cp,28.09.25,droite,Aigle,Aigle,5401,5453,2053,73,7,1870,1293,69.14%,577,30.86%,37.65%
mormont_sub,28.09.25,gauche,Aigle,Aigle,5401,5453,2053,155,7,1891,394,20.84%,1497,79.16%,37.65%
mormont,28.09.25,gauche,Aigle,Bex,5402,4627,2273,45,2,2073,945,45.59%,1128,54.41%,49.12%
mormont_cp,28.09.25,droite,Aigle,Bex,5402,4627,2273,105,2,2013,1395,69.30%,618,30.70%,49.12%
mormont_sub,28.09.25,gauche,Aigle,Bex,5402,4627,2273,166,2,2105,505,23.99%,1600,76.01%,49.12%
mormont,28.09.25,gauche,Aigle,Chessel,5403,307,139,10,0,129,46,35.66%,83,64.34%,45.28%
mormont_cp,28.09.25,droite,Aigle,Chessel,5403,307,139,16,0,123,75,60.98%,48,39.02%,45.28%
mormont_sub,28.09.25,gauche,Aigle,Chessel,5403,307,139,54,0,85,17,20.00%,68,80.00%,45.28%
mormont,28.09.25,gauche,Aigle,Corbeyrier,5404,350,199,25,0,174,86,49.43%,88,50.57%,56.86%
mormont_cp,28.09.25,droite,Aigle,Corbeyrier,5404,350,199,23,0,176,115,65.34%,61,34.66%,56.86%
mormont_sub,28.09.25,gauche,Aigle,Corbeyrier,5404,350,199,84,0,115,45,39.13%,70,60.87%,56.86%
mormont,28.09.25,gauche,Aigle,Gryon,5405,884,455,13,1,410,147,35.85%,263,64.15%,51.47%
mormont_cp,28.09.25,droite,Aigle,Gryon,5405,884,455,14,1,409,307,75.06%,102,24.94%,51.47%
mormont_sub,28.09.25,gauche,Aigle,Gryon,5405,884,455,32,1,422,78,18.48%,344,81.52%,51.47%
mormont,28.09.25,gauche,Aigle,Lavey-Morcles,5406,623,270,11,0,259,93,35.91%,166,64.09%,43.34%
mormont_cp,28.09.25,droite,Aigle,Lavey-Morcles,5406,623,270,16,0,254,158,62.20%,96,37.80%,43.34%
mormont_sub,28.09.25,gauche,Aigle,Lavey-Morcles,5406,623,270,82,0,188,27,14.36%,161,85.64%,43.34%
mormont,28.09.25,gauche,Aigle,Leysin,5407,1498,681,16,0,614,241,39.25%,373,60.75%,45.46%
mormont_cp,28.09.25,droite,Aigle,Leysin,5407,1498,681,19,0,611,423,69.23%,188,30.77%,45.46%
mormont_sub,28.09.25,gauche,Aigle,Leysin,5407,1498,681,35,0,646,114,17.65%,532,82.35%,45.46%
mormont,28.09.25,gauche,Aigle,Noville,5408,722,288,15,0,273,86,31.50%,187,68.50%,39.89%
mormont_cp,28.09.25,droite,Aigle,Noville,5408,722,288,16,0,272,175,64.34%,97,35.66%,39.89%
mormont_sub,28.09.25,gauche,Aigle,Noville,5408,722,288,92,0,196,24,12.24%,172,87.76%,39.89%
mormont,28.09.25,gauche,Aigle,Ollon VD,5409,4344,2409,61,2,2207,853,38.65%,1354,61.35%,55.46%
mormont_cp,28.09.25,droite,Aigle,Ollon VD,5409,4344,2409,78,2,2190,1528,69.77%,662,30.23%,55.46%
mormont_sub,28.09.25,gauche,Aigle,Ollon VD,5409,4344,2409,185,2,2222,445,20.03%,1777,79.97%,55.46%
mormont,28.09.25,gauche,Aigle,Ormont-Dessous,5410,819,399,2,2,373,125,33.51%,248,66.49%,48.72%
mormont_cp,28.09.25,droite,Aigle,Ormont-Dessous,5410,819,399,19,2,356,216,60.67%,140,39.33%,48.72%
mormont_sub,28.09.25,gauche,Aigle,Ormont-Dessous,5410,819,399,29,2,368,74,20.11%,294,79.89%,48.72%
mormont,28.09.25,gauche,Aigle,Ormont-Dessus,5411,915,451,8,72,357,81,22.69%,276,77.31%,49.29%
mormont_cp,28.09.25,droite,Aigle,Ormont-Dessus,5411,915,451,15,72,350,235,67.14%,115,32.86%,49.29%
mormont_sub,28.09.25,gauche,Aigle,Ormont-Dessus,5411,915,451,71,72,308,23,7.47%,285,92.53%,49.29%
mormont,28.09.25,gauche,Aigle,Rennaz,5412,499,205,0,1,185,83,44.86%,102,55.14%,41.08%
mormont_cp,28.09.25,droite,Aigle,Rennaz,5412,499,205,6,1,179,113,63.13%,66,36.87%,41.08%
mormont_sub,28.09.25,gauche,Aigle,Rennaz,5412,499,205,11,1,193,43,22.28%,150,77.72%,41.08%
mormont,28.09.25,gauche,Aigle,Roche VD,5413,978,379,9,3,342,113,33.04%,229,66.96%,38.75%
mormont_cp,28.09.25,droite,Aigle,Roche VD,5413,978,379,20,3,331,206,62.24%,125,37.76%,38.75%
mormont_sub,28.09.25,gauche,Aigle,Roche VD,5413,978,379,35,3,341,60,17.60%,281,82.40%,38.75%
mormont,28.09.25,gauche,Aigle,Villeneuve VD,5414,2799,1106,33,0,1014,444,43.79%,570,56.21%,39.51%
mormont_cp,28.09.25,droite,Aigle,Villeneuve VD,5414,2799,1106,34,0,1013,693,68.41%,320,31.59%,39.51%
mormont_sub,28.09.25,gauche,Aigle,Villeneuve VD,5414,2799,1106,82,0,1024,196,19.14%,828,80.86%,39.51%
mormont,28.09.25,gauche,Aigle,Yvorne,5415,695,331,8,0,302,99,32.78%,203,67.22%,47.63%
mormont_cp,28.09.25,droite,Aigle,Yvorne,5415,695,331,11,0,299,200,66.89%,99,33.11%,47.63%
mormont_sub,28.09.25,gauche,Aigle,Yvorne,5415,695,331,21,0,310,48,15.48%,262,84.52%,47.63%
mormont,28.09.25,gauche,Broye - Vully,Avenches,5451,2286,859,18,1,792,309,39.02%,483,60.98%,37.58%
mormont_cp,28.09.25,droite,Broye - Vully,Avenches,5451,2286,859,25,1,785,502,63.95%,283,36.05%,37.58%
mormont_sub,28.09.25,gauche,Broye - Vully,Avenches,5451,2286,859,53,1,805,158,19.63%,647,80.37%,37.58%
mormont,28.09.25,gauche,Broye - Vully,Bussy-sur-Moudon,5663,178,89,6,0,83,16,19.28%,67,80.72%,50.00%
mormont_cp,28.09.25,droite,Broye - Vully,Bussy-sur-Moudon,5663,178,89,5,0,84,53,63.10%,31,36.90%,50.00%
mormont_sub,28.09.25,gauche,Broye - Vully,Bussy-sur-Moudon,5663,178,89,32,0,57,4,7.02%,53,92.98%,50.00%
mormont,28.09.25,gauche,Broye - Vully,Champtauroz,5812,126,64,5,3,56,27,48.21%,29,51.79%,50.79%
mormont_cp,28.09.25,droite,Broye - Vully,Champtauroz,5812,126,64,7,3,54,28,51.85%,26,48.15%,50.79%
mormont_sub,28.09.25,gauche,Broye - Vully,Champtauroz,5812,126,64,22,3,39,9,23.08%,30,76.92%,50.79%
mormont,28.09.25,gauche,Broye - Vully,Chavannes-sur-Moudon,5665,170,76,5,0,71,23,32.39%,48,67.61%,44.71%
mormont_cp,28.09.25,droite,Broye - Vully,Chavannes-sur-Moudon,5665,170,76,5,0,71,48,67.61%,23,32.39%,44.71%
mormont_sub,28.09.25,gauche,Broye - Vully,Chavannes-sur-Moudon,5665,170,76,18,0,58,13,22.41%,45,77.59%,44.71%
mormont,28.09.25,gauche,Broye - Vully,Chevroux,5813,348,153,5,0,148,41,27.70%,107,72.30%,43.97%
mormont_cp,28.09.25,droite,Broye - Vully,Chevroux,5813,348,153,7,0,146,95,65.07%,51,34.93%,43.97%
mormont_sub,28.09.25,gauche,Broye - Vully,Chevroux,5813,348,153,60,0,93,11,11.83%,82,88.17%,43.97%
mormont,28.09.25,gauche,Broye - Vully,Corcelles-le-Jorat,5785,320,172,8,0,156,44,28.21%,112,71.79%,53.75%
mormont_cp,28.09.25,droite,Broye - Vully,Corcelles-le-Jorat,5785,320,172,18,0,146,98,67.12%,48,32.88%,53.75%
mormont_sub,28.09.25,gauche,Broye - Vully,Corcelles-le-Jorat,5785,320,172,41,0,131,24,18.32%,107,81.68%,53.75%
mormont,28.09.25,gauche,Broye - Vully,Corcelles-près-Payerne,5816,1575,702,16,0,635,175,27.56%,460,72.44%,44.57%
mormont_cp,28.09.25,droite,Broye - Vully,Corcelles-près-Payerne,5816,1575,702,23,0,628,416,66.24%,212,33.76%,44.57%
mormont_sub,28.09.25,gauche,Broye - Vully,Corcelles-près-Payerne,5816,1575,702,37,0,665,99,14.89%,566,85.11%,44.57%
mormont,28.09.25,gauche,Broye - Vully,Cudrefin,5456,1280,538,43,0,495,200,40.40%,295,59.60%,42.03%
mormont_cp,28.09.25,droite,Broye - Vully,Cudrefin,5456,1280,538,48,0,490,334,68.16%,156,31.84%,42.03%
mormont_sub,28.09.25,gauche,Broye - Vully,Cudrefin,5456,1280,538,183,0,355,67,18.87%,288,81.13%,42.03%
mormont,28.09.25,gauche,Broye - Vully,Curtilles,5669,213,111,9,0,102,40,39.22%,62,60.78%,52.11%
mormont_cp,28.09.25,droite,Broye - Vully,Curtilles,5669,213,111,11,0,100,58,58.00%,42,42.00%,52.11%
mormont_sub,28.09.25,gauche,Broye - Vully,Curtilles,5669,213,111,39,0,72,15,20.83%,57,79.17%,52.11%
mormont,28.09.25,gauche,Broye - Vully,Dompierre VD,5671,160,88,0,0,87,29,33.33%,58,66.67%,55.00%
mormont_cp,28.09.25,droite,Broye - Vully,Dompierre VD,5671,160,88,2,0,85,53,62.35%,32,37.65%,55.00%
mormont_sub,28.09.25,gauche,Broye - Vully,Dompierre VD,5671,160,88,24,0,64,13,20.31%,51,79.69%,55.00%
mormont,28.09.25,gauche,Broye - Vully,Faoug,5458,568,199,18,0,181,68,37.57%,113,62.43%,35.04%
mormont_cp,28.09.25,droite,Broye - Vully,Faoug,5458,568,199,13,0,186,126,67.74%,60,32.26%,35.04%
mormont_sub,28.09.25,gauche,Broye - Vully,Faoug,5458,568,199,68,0,131,21,16.03%,110,83.97%,35.04%
mormont,28.09.25,gauche,Broye - Vully,Grandcour,5817,622,260,0,0,244,79,32.38%,165,67.62%,41.80%
mormont_cp,28.09.25,droite,Broye - Vully,Grandcour,5817,622,260,0,0,244,146,59.84%,98,40.16%,41.80%
mormont_sub,28.09.25,gauche,Broye - Vully,Grandcour,5817,622,260,70,0,190,19,10.00%,171,90.00%,41.80%
mormont,28.09.25,gauche,Broye - Vully,Henniez,5819,262,81,0,0,77,22,28.57%,55,71.43%,30.92%
mormont_cp,28.09.25,droite,Broye - Vully,Henniez,5819,262,81,4,0,73,47,64.38%,26,35.62%,30.92%
mormont_sub,28.09.25,gauche,Broye - Vully,Henniez,5819,262,81,23,0,58,14,24.14%,44,75.86%,30.92%
mormont,28.09.25,gauche,Broye - Vully,Hermenches,5673,248,118,2,0,116,23,19.83%,93,80.17%,47.58%
mormont_cp,28.09.25,droite,Broye - Vully,Hermenches,5673,248,118,5,0,113,71,62.83%,42,37.17%,47.58%
mormont_sub,28.09.25,gauche,Broye - Vully,Hermenches,5673,248,118,34,0,84,7,8.33%,77,91.67%,47.58%
mormont,28.09.25,gauche,Broye - Vully,Lovatens,5674,117,58,2,0,56,32,57.14%,24,42.86%,49.57%
mormont_cp,28.09.25,droite,Broye - Vully,Lovatens,5674,117,58,2,0,56,42,75.00%,14,25.00%,49.57%
mormont_sub,28.09.25,gauche,Broye - Vully,Lovatens,5674,117,58,18,0,40,14,35.00%,26,65.00%,49.57%
mormont,28.09.25,gauche,Broye - Vully,Lucens,5675,2222,900,18,3,824,323,39.20%,501,60.80%,40.50%
mormont_cp,28.09.25,droite,Broye - Vully,Lucens,5675,2222,900,29,3,813,552,67.90%,261,32.10%,40.50%
mormont_sub,28.09.25,gauche,Broye - Vully,Lucens,5675,2222,900,60,3,837,159,19.00%,678,81.00%,40.50%
mormont,28.09.25,gauche,Broye - Vully,Missy,5821,243,109,9,0,100,33,33.00%,67,67.00%,44.86%
mormont_cp,28.09.25,droite,Broye - Vully,Missy,5821,243,109,6,0,103,74,71.84%,29,28.16%,44.86%
mormont_sub,28.09.25,gauche,Broye - Vully,Missy,5821,243,109,37,0,72,6,8.33%,66,91.67%,44.86%
mormont,28.09.25,gauche,Broye - Vully,Moudon,5678,2740,934,20,1,874,341,39.02%,533,60.98%,34.09%
mormont_cp,28.09.25,droite,Broye - Vully,Moudon,5678,2740,934,29,1,865,618,71.45%,247,28.55%,34.09%
mormont_sub,28.09.25,gauche,Broye - Vully,Moudon,5678,2740,934,68,1,865,187,21.62%,678,78.38%,34.09%
mormont,28.09.25,gauche,Broye - Vully,Payerne,5822,4856,1888,36,6,1721,576,33.47%,1145,66.53%,38.88%
mormont_cp,28.09.25,droite,Broye - Vully,Payerne,5822,4856,1888,66,6,1691,1138,67.30%,553,32.70%,38.88%
mormont_sub,28.09.25,gauche,Broye - Vully,Payerne,5822,4856,1888,134,6,1748,280,16.02%,1468,83.98%,38.88%
mormont,28.09.25,gauche,Broye - Vully,Prévonloup,5683,167,65,3,0,62,16,25.81%,46,74.19%,38.92%
mormont_cp,28.09.25,droite,Broye - Vully,Prévonloup,5683,167,65,2,0,63,43,68.25%,20,31.75%,38.92%
mormont_sub,28.09.25,gauche,Broye - Vully,Prévonloup,5683,167,65,14,0,51,3,5.88%,48,94.12%,38.92%
mormont,28.09.25,gauche,Broye - Vully,Ropraz,5798,318,158,1,0,154,52,33.77%,102,66.23%,49.69%
mormont_cp,28.09.25,droite,Broye - Vully,Ropraz,5798,318,158,4,0,151,104,68.87%,47,31.13%,49.69%
mormont_sub,28.09.25,gauche,Broye - Vully,Ropraz,5798,318,158,45,0,113,11,9.73%,102,90.27%,49.69%
mormont,28.09.25,gauche,Broye - Vully,Rossenges,5684,54,26,2,0,24,5,20.83%,19,79.17%,48.15%
mormont_cp,28.09.25,droite,Broye - Vully,Rossenges,5684,54,26,4,0,22,12,54.55%,10,45.45%,48.15%
mormont_sub,28.09.25,gauche,Broye - Vully,Rossenges,5684,54,26,11,0,15,1,6.67%,14,93.33%,48.15%
mormont,28.09.25,gauche,Broye - Vully,Syens,5688,91,47,5,0,42,10,23.81%,32,76.19%,51.65%
mormont_cp,28.09.25,droite,Broye - Vully,Syens,5688,91,47,4,0,43,28,65.12%,15,34.88%,51.65%
mormont_sub,28.09.25,gauche,Broye - Vully,Syens,5688,91,47,16,0,31,2,6.45%,29,93.55%,51.65%
mormont,28.09.25,gauche,Broye - Vully,Trey,5827,204,86,0,0,82,20,24.39%,62,75.61%,42.16%
mormont_cp,28.09.25,droite,Broye - Vully,Trey,5827,204,86,1,0,81,61,75.31%,20,24.69%,42.16%
mormont_sub,28.09.25,gauche,Broye - Vully,Trey,5827,204,86,17,0,69,6,8.70%,63,91.30%,42.16%
mormont,28.09.25,gauche,Broye - Vully,Treytorrens (Payerne),5828,83,46,0,0,45,16,35.56%,29,64.44%,55.42%
mormont_cp,28.09.25,droite,Broye - Vully,Treytorrens (Payerne),5828,83,46,0,0,45,26,57.78%,19,42.22%,55.42%
mormont_sub,28.09.25,gauche,Broye - Vully,Treytorrens (Payerne),5828,83,46,29,0,17,1,5.88%,16,94.12%,55.42%
mormont,28.09.25,gauche,Broye - Vully,Valbroye,5831,2021,898,16,2,828,228,27.54%,600,72.46%,44.43%
mormont_cp,28.09.25,droite,Broye - Vully,Valbroye,5831,2021,898,31,2,813,492,60.52%,321,39.48%,44.43%
mormont_sub,28.09.25,gauche,Broye - Vully,Valbroye,5831,2021,898,66,2,830,129,15.54%,701,84.46%,44.43%
mormont,28.09.25,gauche,Broye - Vully,Villars-le-Comte,5690,96,51,1,0,50,11,22.00%,39,78.00%,53.12%
mormont_cp,28.09.25,droite,Broye - Vully,Villars-le-Comte,5690,96,51,3,0,48,30,62.50%,18,37.50%,53.12%
mormont_sub,28.09.25,gauche,Broye - Vully,Villars-le-Comte,5690,96,51,13,0,38,6,15.79%,32,84.21%,53.12%
mormont,28.09.25,gauche,Broye - Vully,Villarzel,5830,322,147,6,1,140,55,39.29%,85,60.71%,45.65%
mormont_cp,28.09.25,droite,Broye - Vully,Villarzel,5830,322,147,9,1,137,100,72.99%,37,27.01%,45.65%
mormont_sub,28.09.25,gauche,Broye - Vully,Villarzel,5830,322,147,39,1,107,26,24.30%,81,75.70%,45.65%
mormont,28.09.25,gauche,Broye - Vully,Vucherens,5692,390,200,6,0,194,81,41.75%,113,58.25%,51.28%
mormont_cp,28.09.25,droite,Broye - Vully,Vucherens,5692,390,200,8,0,192,137,71.35%,55,28.65%,51.28%
mormont_sub,28.09.25,gauche,Broye - Vully,Vucherens,5692,390,200,52,0,148,37,25.00%,111,75.00%,51.28%
mormont,28.09.25,gauche,Broye - Vully,Vulliens,5803,418,222,22,0,200,64,32.00%,136,68.00%,53.11%
mormont_cp,28.09.25,droite,Broye - Vully,Vulliens,5803,418,222,24,0,198,140,70.71%,58,29.29%,53.11%
mormont_sub,28.09.25,gauche,Broye - Vully,Vulliens,5803,418,222,62,0,160,15,9.38%,145,90.62%,53.11%
mormont,28.09.25,gauche,Broye - Vully,Vully-les-Lacs,5464,2408,1114,19,2,975,281,28.82%,694,71.18%,46.26%
mormont_cp,28.09.25,droite,Broye - Vully,Vully-les-Lacs,5464,2408,1114,36,2,958,604,63.05%,354,36.95%,46.26%
mormont_sub,28.09.25,gauche,Broye - Vully,Vully-les-Lacs,5464,2408,1114,70,2,1042,169,16.22%,873,83.78%,46.26%
mormont,28.09.25,gauche,Gros-de-Vaud,Assens,5511,1136,583,13,0,554,139,25.09%,415,74.91%,51.32%
mormont_cp,28.09.25,droite,Gros-de-Vaud,Assens,5511,1136,583,28,0,539,381,70.69%,158,29.31%,51.32%
mormont_sub,28.09.25,gauche,Gros-de-Vaud,Assens,5511,1136,583,153,0,430,58,13.49%,372,86.51%,51.32%
mormont,28.09.25,gauche,Gros-de-Vaud,Bercher,5512,886,446,11,0,409,144,35.21%,265,64.79%,50.34%
mormont_cp,28.09.25,droite,Gros-de-Vaud,Bercher,5512,886,446,20,0,400,271,67.75%,129,32.25%,50.34%
mormont_sub,28.09.25,gauche,Gros-de-Vaud,Bercher,5512,886,446,36,0,410,59,14.39%,351,85.61%,50.34%
mormont,28.09.25,gauche,Gros-de-Vaud,Bettens,5471,412,208,1,0,198,63,31.82%,135,68.18%,50.49%
mormont_cp,28.09.25,droite,Gros-de-Vaud,Bettens,5471,412,208,4,0,195,137,70.26%,58,29.74%,50.49%
mormont_sub,28.09.25,gauche,Gros-de-Vaud,Bettens,5471,412,208,56,0,152,29,19.08%,123,80.92%,50.49%
mormont,28.09.25,gauche,Gros-de-Vaud,Bottens,5514,861,398,21,0,377,126,33.42%,251,66.58%,46.23%
mormont_cp,28.09.25,droite,Gros-de-Vaud,Bottens,5514,861,398,41,0,357,242,67.79%,115,32.21%,46.23%
mormont_sub,28.09.25,gauche,Gros-de-Vaud,Bottens,5514,861,398,131,0,267,32,11.99%,235,88.01%,46.23%
mormont,28.09.25,gauche,Gros-de-Vaud,Boulens,5661,266,150,4,0,140,40,28.57%,100,71.43%,56.39%
mormont_cp,28.09.25,droite,Gros-de-Vaud,Boulens,5661,266,150,3,0,141,93,65.96%,48,34.04%,56.39%
mormont_sub,28.09.25,gauche,Gros-de-Vaud,Boulens,5661,266,150,20,0,130,17,13.08%,113,86.92%,56.39%
mormont,28.09.25,gauche,Gros-de-Vaud,Bournens,5472,373,183,0,0,175,53,30.29%,122,69.71%,49.06%
mormont_cp,28.09.25,droite,Gros-de-Vaud,Bournens,5472,373,183,11,0,164,105,64.02%,59,35.98%,49.06%
mormont_sub,28.09.25,gauche,Gros-de-Vaud,Bournens,5472,373,183,43,0,140,19,13.57%,121,86.43%,49.06%
mormont,28.09.25,gauche,Gros-de-Vaud,Boussens,5473,650,346,0,0,334,111,33.23%,223,66.77%,53.23%
mormont_cp,28.09.25,droite,Gros-de-Vaud,Boussens,5473,650,346,12,0,322,243,75.47%,79,24.53%,53.23%
mormont_sub,28.09.25,gauche,Gros-de-Vaud,Boussens,5473,650,346,89,0,257,41,15.95%,216,84.05%,53.23%
mormont,28.09.25,gauche,Gros-de-Vaud,Bretigny-sur-Morrens,5515,552,241,0,14,227,109,48.02%,118,51.98%,43.66%
mormont_cp,28.09.25,droite,Gros-de-Vaud,Bretigny-sur-Morrens,5515,552,241,1,14,226,151,66.81%,75,33.19%,43.66%
mormont_sub,28.09.25,gauche,Gros-de-Vaud,Bretigny-sur-Morrens,5515,552,241,56,14,171,43,25.15%,128,74.85%,43.66%
mormont,28.09.25,gauche,Gros-de-Vaud,Cugy VD,5516,1678,843,20,11,771,310,40.21%,461,59.79%,50.24%
mormont_cp,28.09.25,droite,Gros-de-Vaud,Cugy VD,5516,1678,843,27,11,764,554,72.51%,210,27.49%,50.24%
mormont_sub,28.09.25,gauche,Gros-de-Vaud,Cugy VD,5516,1678,843,35,11,797,159,19.95%,638,80.05%,50.24%
mormont,28.09.25,gauche,Gros-de-Vaud,Daillens,5480,696,389,12,0,377,136,36.07%,241,63.93%,55.89%
mormont_cp,28.09.25,droite,Gros-de-Vaud,Daillens,5480,696,389,17,0,372,278,74.73%,94,25.27%,55.89%
mormont_sub,28.09.25,gauche,Gros-de-Vaud,Daillens,5480,696,389,80,0,309,64,20.71%,245,79.29%,55.89%
mormont,28.09.25,gauche,Gros-de-Vaud,Echallens,5518,4056,1823,34,2,1700,628,36.94%,1072,63.06%,44.95%
mormont_cp,28.09.25,droite,Gros-de-Vaud,Echallens,5518,4056,1823,68,2,1666,1200,72.03%,466,27.97%,44.95%
mormont_sub,28.09.25,gauche,Gros-de-Vaud,Echallens,5518,4056,1823,116,2,1705,316,18.53%,1389,81.47%,44.95%
mormont,28.09.25,gauche,Gros-de-Vaud,Essertines-sur-Yverdon,5520,738,345,7,0,317,104,32.81%,213,67.19%,46.75%
mormont_cp,28.09.25,droite,Gros-de-Vaud,Essertines-sur-Yverdon,5520,738,345,9,0,315,208,66.03%,107,33.97%,46.75%
mormont_sub,28.09.25,gauche,Gros-de-Vaud,Essertines-sur-Yverdon,5520,738,345,15,0,330,51,15.45%,279,84.55%,46.75%
mormont,28.09.25,gauche,Gros-de-Vaud,Etagnières,5521,729,378,8,1,348,115,33.05%,233,66.95%,51.85%
mormont_cp,28.09.25,droite,Gros-de-Vaud,Etagnières,5521,729,378,14,1,342,256,74.85%,86,25.15%,51.85%
mormont_sub,28.09.25,gauche,Gros-de-Vaud,Etagnières,5521,729,378,23,1,354,53,14.97%,301,85.03%,51.85%
mormont,28.09.25,gauche,Gros-de-Vaud,Fey,5522,540,243,16,0,227,70,30.84%,157,69.16%,45.00%
mormont_cp,28.09.25,droite,Gros-de-Vaud,Fey,5522,540,243,23,0,220,170,77.27%,50,22.73%,45.00%
mormont_sub,28.09.25,gauche,Gros-de-Vaud,Fey,5522,540,243,75,0,168,29,17.26%,139,82.74%,45.00%
mormont,28.09.25,gauche,Gros-de-Vaud,Froideville,5523,1726,905,22,1,831,277,33.33%,554,66.67%,52.43%
mormont_cp,28.09.25,droite,Gros-de-Vaud,Froideville,5523,1726,905,36,1,817,548,67.07%,269,32.93%,52.43%
mormont_sub,28.09.25,gauche,Gros-de-Vaud,Froideville,5523,1726,905,70,1,834,137,16.43%,697,83.57%,52.43%
mormont,28.09.25,gauche,Gros-de-Vaud,Goumoëns,5541,792,416,6,0,388,105,27.06%,283,72.94%,52.53%
mormont_cp,28.09.25,droite,Gros-de-Vaud,Goumoëns,5541,792,416,16,0,378,248,65.61%,130,34.39%,52.53%
mormont_sub,28.09.25,gauche,Gros-de-Vaud,Goumoëns,5541,792,416,26,0,390,51,13.08%,339,86.92%,52.53%
mormont,28.09.25,gauche,Gros-de-Vaud,Jorat-Menthue,5804,1021,505,9,1,482,139,28.84%,343,71.16%,49.46%
mormont_cp,28.09.25,droite,Gros-de-Vaud,Jorat-Menthue,5804,1021,505,23,1,468,325,69.44%,143,30.56%,49.46%
mormont_sub,28.09.25,gauche,Gros-de-Vaud,Jorat-Menthue,5804,1021,505,128,1,376,48,12.77%,328,87.23%,49.46%
mormont,28.09.25,gauche,Gros-de-Vaud,Lussery-Villars,5487,323,166,4,0,162,70,43.21%,92,56.79%,51.39%
mormont_cp,28.09.25,droite,Gros-de-Vaud,Lussery-Villars,5487,323,166,14,0,152,109,71.71%,43,28.29%,51.39%
mormont_sub,28.09.25,gauche,Gros-de-Vaud,Lussery-Villars,5487,323,166,56,0,110,22,20.00%,88,80.00%,51.39%
mormont,28.09.25,gauche,Gros-de-Vaud,Mex VD,5489,494,226,6,1,219,56,25.57%,163,74.43%,45.75%
mormont_cp,28.09.25,droite,Gros-de-Vaud,Mex VD,5489,494,226,13,1,212,152,71.70%,60,28.30%,45.75%
mormont_sub,28.09.25,gauche,Gros-de-Vaud,Mex VD,5489,494,226,67,1,158,19,12.03%,139,87.97%,45.75%
mormont,28.09.25,gauche,Gros-de-Vaud,Montanaire,5693,1934,945,25,1,895,269,30.06%,626,69.94%,48.86%
mormont_cp,28.09.25,droite,Gros-de-Vaud,Montanaire,5693,1934,945,36,1,884,610,69.00%,274,31.00%,48.86%
mormont_sub,28.09.25,gauche,Gros-de-Vaud,Montanaire,5693,1934,945,255,1,689,94,13.64%,595,86.36%,48.86%
mormont,28.09.25,gauche,Gros-de-Vaud,Montilliez,5540,1266,596,34,2,560,152,27.14%,408,72.86%,47.08%
mormont_cp,28.09.25,droite,Gros-de-Vaud,Montilliez,5540,1266,596,41,2,553,369,66.73%,184,33.27%,47.08%
mormont_sub,28.09.25,gauche,Gros-de-Vaud,Montilliez,5540,1266,596,199,2,395,48,12.15%,347,87.85%,47.08%
mormont,28.09.25,gauche,Gros-de-Vaud,Morrens VD,5527,766,420,23,0,397,150,37.78%,247,62.22%,54.83%
mormont_cp,28.09.25,droite,Gros-de-Vaud,Morrens VD,5527,766,420,34,0,386,293,75.91%,93,24.09%,54.83%
mormont_sub,28.09.25,gauche,Gros-de-Vaud,Morrens VD,5527,766,420,123,0,297,41,13.80%,256,86.20%,54.83%
mormont,28.09.25,gauche,Gros-de-Vaud,Ogens,5680,223,114,15,0,99,36,36.36%,63,63.64%,51.12%
mormont_cp,28.09.25,droite,Gros-de-Vaud,Ogens,5680,223,114,15,0,99,66,66.67%,33,33.33%,51.12%
mormont_sub,28.09.25,gauche,Gros-de-Vaud,Ogens,5680,223,114,44,0,70,17,24.29%,53,75.71%,51.12%
mormont,28.09.25,gauche,Gros-de-Vaud,Oppens,5923,127,65,0,0,65,24,36.92%,41,63.08%,51.18%
mormont_cp,28.09.25,droite,Gros-de-Vaud,Oppens,5923,127,65,6,0,59,34,57.63%,25,42.37%,51.18%
mormont_sub,28.09.25,gauche,Gros-de-Vaud,Oppens,5923,127,65,15,0,50,15,30.00%,35,70.00%,51.18%
mormont,28.09.25,gauche,Gros-de-Vaud,Oulens-sous-Echallens,5529,416,239,3,2,230,70,30.43%,160,69.57%,57.45%
mormont_cp,28.09.25,droite,Gros-de-Vaud,Oulens-sous-Echallens,5529,416,239,12,2,221,157,71.04%,64,28.96%,57.45%
mormont_sub,28.09.25,gauche,Gros-de-Vaud,Oulens-sous-Echallens,5529,416,239,41,2,196,31,15.82%,165,84.18%,57.45%
mormont,28.09.25,gauche,Gros-de-Vaud,Pailly,5530,389,183,11,0,172,44,25.58%,128,74.42%,47.04%
mormont_cp,28.09.25,droite,Gros-de-Vaud,Pailly,5530,389,183,17,0,166,98,59.04%,68,40.96%,47.04%
mormont_sub,28.09.25,gauche,Gros-de-Vaud,Pailly,5530,389,183,68,0,115,19,16.52%,96,83.48%,47.04%
mormont,28.09.25,gauche,Gros-de-Vaud,Penthalaz,5495,1837,844,13,4,792,296,37.37%,496,62.63%,45.94%
mormont_cp,28.09.25,droite,Gros-de-Vaud,Penthalaz,5495,1837,844,32,4,773,546,70.63%,227,29.37%,45.94%
mormont_sub,28.09.25,gauche,Gros-de-Vaud,Penthalaz,5495,1837,844,81,4,759,143,18.84%,616,81.16%,45.94%
mormont,28.09.25,gauche,Gros-de-Vaud,Penthaz,5496,1120,553,11,0,516,185,35.85%,331,64.15%,49.38%
mormont_cp,28.09.25,droite,Gros-de-Vaud,Penthaz,5496,1120,553,25,0,502,351,69.92%,151,30.08%,49.38%
mormont_sub,28.09.25,gauche,Gros-de-Vaud,Penthaz,5496,1120,553,39,0,514,107,20.82%,407,79.18%,49.38%
mormont,28.09.25,gauche,Gros-de-Vaud,Penthéréaz,5531,321,178,8,0,170,54,31.76%,116,68.24%,55.45%
mormont_cp,28.09.25,droite,Gros-de-Vaud,Penthéréaz,5531,321,178,5,0,173,125,72.25%,48,27.75%,55.45%
mormont_sub,28.09.25,gauche,Gros-de-Vaud,Penthéréaz,5531,321,178,42,0,136,16,11.76%,120,88.24%,55.45%
mormont,28.09.25,gauche,Gros-de-Vaud,Poliez-Pittet,5533,543,274,9,0,265,71,26.79%,194,73.21%,50.46%
mormont_cp,28.09.25,droite,Gros-de-Vaud,Poliez-Pittet,5533,543,274,15,0,259,178,68.73%,81,31.27%,50.46%
mormont_sub,28.09.25,gauche,Gros-de-Vaud,Poliez-Pittet,5533,543,274,84,0,190,25,13.16%,165,86.84%,50.46%
mormont,28.09.25,gauche,Gros-de-Vaud,Rueyres,5534,216,134,3,0,131,27,20.61%,104,79.39%,62.04%
mormont_cp,28.09.25,droite,Gros-de-Vaud,Rueyres,5534,216,134,11,0,123,85,69.11%,38,30.89%,62.04%
mormont_sub,28.09.25,gauche,Gros-de-Vaud,Rueyres,5534,216,134,33,0,101,5,4.95%,96,95.05%,62.04%
mormont,28.09.25,gauche,Gros-de-Vaud,Saint-Barthélemy VD,5535,538,275,0,0,270,62,22.96%,208,77.04%,51.12%
mormont_cp,28.09.25,droite,Gros-de-Vaud,Saint-Barthélemy VD,5535,538,275,5,0,265,165,62.26%,100,37.74%,51.12%
mormont_sub,28.09.25,gauche,Gros-de-Vaud,Saint-Barthélemy VD,5535,538,275,59,0,216,12,5.56%,204,94.44%,51.12%
mormont,28.09.25,gauche,Gros-de-Vaud,Sullens,5501,748,379,7,0,359,111,30.92%,248,69.08%,50.67%
mormont_cp,28.09.25,droite,Gros-de-Vaud,Sullens,5501,748,379,21,0,345,259,75.07%,86,24.93%,50.67%
mormont_sub,28.09.25,gauche,Gros-de-Vaud,Sullens,5501,748,379,96,0,283,33,11.66%,250,88.34%,50.67%
mormont,28.09.25,gauche,Gros-de-Vaud,Villars-le-Terroir,5537,901,412,36,0,376,107,28.46%,269,71.54%,45.73%
mormont_cp,28.09.25,droite,Gros-de-Vaud,Villars-le-Terroir,5537,901,412,34,0,378,235,62.17%,143,37.83%,45.73%
mormont_sub,28.09.25,gauche,Gros-de-Vaud,Villars-le-Terroir,5537,901,412,137,0,275,37,13.45%,238,86.55%,45.73%
mormont,28.09.25,gauche,Gros-de-Vaud,Vuarrens,5539,703,337,14,0,323,73,22.60%,250,77.40%,47.94%
mormont_cp,28.09.25,droite,Gros-de-Vaud,Vuarrens,5539,703,337,20,0,317,205,64.67%,112,35.33%,47.94%
mormont_sub,28.09.25,gauche,Gros-de-Vaud,Vuarrens,5539,703,337,94,0,243,18,7.41%,225,92.59%,47.94%
mormont,28.09.25,gauche,Gros-de-Vaud,Vufflens-la-Ville,5503,911,468,18,0,450,189,42.00%,261,58.00%,51.37%
mormont_cp,28.09.25,droite,Gros-de-Vaud,Vufflens-la-Ville,5503,911,468,24,0,444,350,78.83%,94,21.17%,51.37%
mormont_sub,28.09.25,gauche,Gros-de-Vaud,Vufflens-la-Ville,5503,911,468,94,0,374,72,19.25%,302,80.75%,51.37%
mormont,28.09.25,gauche,Yverdon,Agiez,5742,232,114,5,0,109,32,29.36%,77,70.64%,49.14%
mormont_cp,28.09.25,droite,Yverdon,Agiez,5742,232,114,11,0,103,63,61.17%,40,38.83%,49.14%
mormont_sub,28.09.25,gauche,Yverdon,Agiez,5742,232,114,35,0,79,17,21.52%,62,78.48%,49.14%
mormont,28.09.25,gauche,Yverdon,Arnex-sur-Orbe,5743,525,230,5,0,220,89,40.45%,131,59.55%,43.81%
mormont_cp,28.09.25,droite,Yverdon,Arnex-sur-Orbe,5743,525,230,12,0,213,164,77.00%,49,23.00%,43.81%
mormont_sub,28.09.25,gauche,Yverdon,Arnex-sur-Orbe,5743,525,230,51,0,179,39,21.79%,140,78.21%,43.81%
mormont,28.09.25,gauche,Yverdon,Ballaigues,5744,719,346,4,0,329,114,34.65%,215,65.35%,48.12%
mormont_cp,28.09.25,droite,Yverdon,Ballaigues,5744,719,346,11,0,322,234,72.67%,88,27.33%,48.12%
mormont_sub,28.09.25,gauche,Yverdon,Ballaigues,5744,719,346,28,0,318,55,17.30%,263,82.70%,48.12%
mormont,28.09.25,gauche,Yverdon,Baulmes,5745,762,359,6,0,348,140,40.23%,208,59.77%,47.11%
mormont_cp,28.09.25,droite,Yverdon,Baulmes,5745,762,359,19,0,335,220,65.67%,115,34.33%,47.11%
mormont_sub,28.09.25,gauche,Yverdon,Baulmes,5745,762,359,117,0,242,47,19.42%,195,80.58%,47.11%
mormont,28.09.25,gauche,Yverdon,Bavois,5746,701,325,10,0,315,131,41.59%,184,58.41%,46.36%
mormont_cp,28.09.25,droite,Yverdon,Bavois,5746,701,325,19,0,306,218,71.24%,88,28.76%,46.36%
mormont_sub,28.09.25,gauche,Yverdon,Bavois,5746,701,325,86,0,239,47,19.67%,192,80.33%,46.36%
mormont,28.09.25,gauche,Yverdon,Belmont-sur-Yverdon,5902,303,163,6,0,157,43,27.39%,114,72.61%,53.80%
mormont_cp,28.09.25,droite,Yverdon,Belmont-sur-Yverdon,5902,303,163,9,0,154,94,61.04%,60,38.96%,53.80%
mormont_sub,28.09.25,gauche,Yverdon,Belmont-sur-Yverdon,5902,303,163,39,0,124,16,12.90%,108,87.10%,53.80%
mormont,28.09.25,gauche,Yverdon,Bioley-Magnoux,5903,187,89,5,0,84,19,22.62%,65,77.38%,47.59%
mormont_cp,28.09.25,droite,Yverdon,Bioley-Magnoux,5903,187,89,5,0,84,49,58.33%,35,41.67%,47.59%
mormont_sub,28.09.25,gauche,Yverdon,Bioley-Magnoux,5903,187,89,31,0,58,8,13.79%,50,86.21%,47.59%
mormont,28.09.25,gauche,Yverdon,Bofflens,5747,154,96,3,0,93,35,37.63%,58,62.37%,62.34%
mormont_cp,28.09.25,droite,Yverdon,Bofflens,5747,154,96,4,0,92,61,66.30%,31,33.70%,62.34%
mormont_sub,28.09.25,gauche,Yverdon,Bofflens,5747,154,96,23,0,73,17,23.29%,56,76.71%,62.34%
mormont,28.09.25,gauche,Yverdon,Bonvillars,5551,375,202,7,0,195,75,38.46%,120,61.54%,53.87%
mormont_cp,28.09.25,droite,Yverdon,Bonvillars,5551,375,202,10,0,192,146,76.04%,46,23.96%,53.87%
mormont_sub,28.09.25,gauche,Yverdon,Bonvillars,5551,375,202,57,0,145,25,17.24%,120,82.76%,53.87%
mormont,28.09.25,gauche,Yverdon,Bretonnières,5748,191,113,1,0,110,40,36.36%,70,63.64%,59.16%
mormont_cp,28.09.25,droite,Yverdon,Bretonnières,5748,191,113,3,0,108,82,75.93%,26,24.07%,59.16%
mormont_sub,28.09.25,gauche,Yverdon,Bretonnières,5748,191,113,28,0,85,22,25.88%,63,74.12%,59.16%
mormont,28.09.25,gauche,Yverdon,Bullet,5552,521,292,10,4,254,69,27.17%,185,72.83%,56.05%
mormont_cp,28.09.25,droite,Yverdon,Bullet,5552,521,292,15,4,249,140,56.22%,109,43.78%,56.05%
mormont_sub,28.09.25,gauche,Yverdon,Bullet,5552,521,292,21,4,267,45,16.85%,222,83.15%,56.05%
mormont,28.09.25,gauche,Yverdon,Chamblon,5904,388,211,6,0,205,57,27.80%,148,72.20%,54.38%
mormont_cp,28.09.25,droite,Yverdon,Chamblon,5904,388,211,13,0,198,142,71.72%,56,28.28%,54.38%
mormont_sub,28.09.25,gauche,Yverdon,Chamblon,5904,388,211,63,0,148,18,12.16%,130,87.84%,54.38%
mormont,28.09.25,gauche,Yverdon,Champagne,5553,715,313,3,0,295,92,31.19%,203,68.81%,43.78%
mormont_cp,28.09.25,droite,Yverdon,Champagne,5553,715,313,0,0,298,221,74.16%,77,25.84%,43.78%
mormont_sub,28.09.25,gauche,Yverdon,Champagne,5553,715,313,80,0,233,35,15.02%,198,84.98%,43.78%
mormont,28.09.25,gauche,Yverdon,Champvent,5905,461,227,9,0,218,59,27.06%,159,72.94%,49.24%
mormont_cp,28.09.25,droite,Yverdon,Champvent,5905,461,227,6,0,221,158,71.49%,63,28.51%,49.24%
mormont_sub,28.09.25,gauche,Yverdon,Champvent,5905,461,227,69,0,158,19,12.03%,139,87.97%,49.24%
mormont,28.09.25,gauche,Yverdon,Chavannes-le-Chêne,5907,235,108,5,0,103,31,30.10%,72,69.90%,45.96%
mormont_cp,28.09.25,droite,Yverdon,Chavannes-le-Chêne,5907,235,108,9,0,99,58,58.59%,41,41.41%,45.96%
mormont_sub,28.09.25,gauche,Yverdon,Chavannes-le-Chêne,5907,235,108,38,0,70,18,25.71%,52,74.29%,45.96%
mormont,28.09.25,gauche,Yverdon,Chavornay,5749,3091,1342,17,1,1257,496,39.46%,761,60.54%,43.42%
mormont_cp,28.09.25,droite,Yverdon,Chavornay,5749,3091,1342,44,1,1230,885,71.95%,345,28.05%,43.42%
mormont_sub,28.09.25,gauche,Yverdon,Chavornay,5749,3091,1342,89,1,1252,238,19.01%,1014,80.99%,43.42%
mormont,28.09.25,gauche,Yverdon,Cheseaux-Noréaz,5909,500,263,12,0,251,68,27.09%,183,72.91%,52.60%
mormont_cp,28.09.25,droite,Yverdon,Cheseaux-Noréaz,5909,500,263,17,0,246,183,74.39%,63,25.61%,52.60%
mormont_sub,28.09.25,gauche,Yverdon,Cheseaux-Noréaz,5909,500,263,57,0,206,25,12.14%,181,87.86%,52.60%
mormont,28.09.25,gauche,Yverdon,Chêne-Pâquier,5908,107,57,1,0,56,18,32.14%,38,67.86%,53.27%
mormont_cp,28.09.25,droite,Yverdon,Chêne-Pâquier,5908,107,57,0,0,57,47,82.46%,10,17.54%,53.27%
mormont_sub,28.09.25,gauche,Yverdon,Chêne-Pâquier,5908,107,57,10,0,47,13,27.66%,34,72.34%,53.27%
mormont,28.09.25,gauche,Yverdon,Concise,5554,677,331,17,0,314,123,39.17%,191,60.83%,48.89%
mormont_cp,28.09.25,droite,Yverdon,Concise,5554,677,331,34,0,297,219,73.74%,78,26.26%,48.89%
mormont_sub,28.09.25,gauche,Yverdon,Concise,5554,677,331,99,0,232,40,17.24%,192,82.76%,48.89%
mormont,28.09.25,gauche,Yverdon,Corcelles-près-Concise,5555,295,137,0,0,137,52,37.96%,85,62.04%,46.44%
mormont_cp,28.09.25,droite,Yverdon,Corcelles-près-Concise,5555,295,137,3,0,134,89,66.42%,45,33.58%,46.44%
mormont_sub,28.09.25,gauche,Yverdon,Corcelles-près-Concise,5555,295,137,35,0,102,25,24.51%,77,75.49%,46.44%
mormont,28.09.25,gauche,Yverdon,Cronay,5910,317,170,10,0,160,47,29.38%,113,70.62%,53.63%
mormont_cp,28.09.25,droite,Yverdon,Cronay,5910,317,170,15,0,155,104,67.10%,51,32.90%,53.63%
mormont_sub,28.09.25,gauche,Yverdon,Cronay,5910,317,170,44,0,126,16,12.70%,110,87.30%,53.63%
mormont,28.09.25,gauche,Yverdon,Croy,5752,299,156,2,1,153,70,45.75%,83,54.25%,52.17%
mormont_cp,28.09.25,droite,Yverdon,Croy,5752,299,156,7,1,148,104,70.27%,44,29.73%,52.17%
mormont_sub,28.09.25,gauche,Yverdon,Croy,5752,299,156,50,1,105,33,31.43%,72,68.57%,52.17%
mormont,28.09.25,gauche,Yverdon,Cuarny,5911,169,102,5,0,97,27,27.84%,70,72.16%,60.36%
mormont_cp,28.09.25,droite,Yverdon,Cuarny,5911,169,102,8,0,94,57,60.64%,37,39.36%,60.36%
mormont_sub,28.09.25,gauche,Yverdon,Cuarny,5911,169,102,25,0,77,15,19.48%,62,80.52%,60.36%
mormont,28.09.25,gauche,Yverdon,Donneloye,5913,600,324,15,0,300,94,31.33%,206,68.67%,54.00%
mormont_cp,28.09.25,droite,Yverdon,Donneloye,5913,600,324,21,0,294,206,70.07%,88,29.93%,54.00%
mormont_sub,28.09.25,gauche,Yverdon,Donneloye,5913,600,324,84,0,240,40,16.67%,200,83.33%,54.00%
mormont,28.09.25,gauche,Yverdon,Démoret,5912,128,73,0,0,73,16,21.92%,57,78.08%,57.03%
mormont_cp,28.09.25,droite,Yverdon,Démoret,5912,128,73,1,0,72,46,63.89%,26,36.11%,57.03%
mormont_sub,28.09.25,gauche,Yverdon,Démoret,5912,128,73,20,0,53,9,16.98%,44,83.02%,57.03%
mormont,28.09.25,gauche,Yverdon,Ependes VD,5914,237,117,2,0,115,26,22.61%,89,77.39%,49.37%
mormont_cp,28.09.25,droite,Yverdon,Ependes VD,5914,237,117,4,0,113,75,66.37%,38,33.63%,49.37%
mormont_sub,28.09.25,gauche,Yverdon,Ependes VD,5914,237,117,28,0,89,7,7.87%,82,92.13%,49.37%
mormont,28.09.25,gauche,Yverdon,Fiez,5556,307,155,3,0,152,61,40.13%,91,59.87%,50.49%
mormont_cp,28.09.25,droite,Yverdon,Fiez,5556,307,155,5,0,150,120,80.00%,30,20.00%,50.49%
mormont_sub,28.09.25,gauche,Yverdon,Fiez,5556,307,155,30,0,125,22,17.60%,103,82.40%,50.49%
mormont,28.09.25,gauche,Yverdon,Fontaines-sur-Grandson,5557,156,70,2,0,68,24,35.29%,44,64.71%,44.87%
mormont_cp,28.09.25,droite,Yverdon,Fontaines-sur-Grandson,5557,156,70,3,0,67,48,71.64%,19,28.36%,44.87%
mormont_sub,28.09.25,gauche,Yverdon,Fontaines-sur-Grandson,5557,156,70,17,0,53,12,22.64%,41,77.36%,44.87%
mormont,28.09.25,gauche,Yverdon,Giez,5559,314,149,10,0,139,46,33.09%,93,66.91%,47.45%
mormont_cp,28.09.25,droite,Yverdon,Giez,5559,314,149,13,0,136,100,73.53%,36,26.47%,47.45%
mormont_sub,28.09.25,gauche,Yverdon,Giez,5559,314,149,51,0,98,17,17.35%,81,82.65%,47.45%
mormont,28.09.25,gauche,Yverdon,Grandevent,5560,161,94,6,0,88,36,40.91%,52,59.09%,58.39%
mormont_cp,28.09.25,droite,Yverdon,Grandevent,5560,161,94,6,0,88,73,82.95%,15,17.05%,58.39%
mormont_sub,28.09.25,gauche,Yverdon,Grandevent,5560,161,94,17,0,77,14,18.18%,63,81.82%,58.39%
mormont,28.09.25,gauche,Yverdon,Grandson,5561,2221,1022,28,0,946,366,38.69%,580,61.31%,46.02%
mormont_cp,28.09.25,droite,Yverdon,Grandson,5561,2221,1022,30,0,944,677,71.72%,267,28.28%,46.02%
mormont_sub,28.09.25,gauche,Yverdon,Grandson,5561,2221,1022,59,0,963,195,20.25%,768,79.75%,46.02%
mormont,28.09.25,gauche,Yverdon,Juriens,5754,256,145,15,0,130,33,25.38%,97,74.62%,56.64%
mormont_cp,28.09.25,droite,Yverdon,Juriens,5754,256,145,16,0,129,79,61.24%,50,38.76%,56.64%
mormont_sub,28.09.25,gauche,Yverdon,Juriens,5754,256,145,59,0,86,12,13.95%,74,86.05%,56.64%
mormont,28.09.25,gauche,La Vallée,L'Abbaye,5871,1066,542,8,0,512,176,34.38%,336,65.62%,50.84%
mormont_cp,28.09.25,droite,La Vallée,L'Abbaye,5871,1066,542,19,0,501,331,66.07%,170,33.93%,50.84%
mormont_sub,28.09.25,gauche,La Vallée,L'Abbaye,5871,1066,542,160,0,382,71,18.59%,311,81.41%,50.84%
mormont,28.09.25,gauche,Yverdon,L'Abergement,5741,197,127,5,1,118,48,40.68%,70,59.32%,64.47%
mormont_cp,28.09.25,droite,Yverdon,L'Abergement,5741,197,127,3,1,120,76,63.33%,44,36.67%,64.47%
mormont_sub,28.09.25,gauche,Yverdon,L'Abergement,5741,197,127,32,1,94,23,24.47%,71,75.53%,64.47%
mormont,28.09.25,gauche,Yverdon,La Praz,5758,141,88,3,0,85,31,36.47%,54,63.53%,62.41%
mormont_cp,28.09.25,droite,Yverdon,La Praz,5758,141,88,5,0,83,61,73.49%,22,26.51%,62.41%
mormont_sub,28.09.25,gauche,Yverdon,La Praz,5758,141,88,30,0,58,16,27.59%,42,72.41%,62.41%
mormont,28.09.25,gauche,La Vallée,Le Chenit,5872,2815,1687,49,5,1520,613,40.33%,907,59.67%,59.93%
mormont_cp,28.09.25,droite,La Vallée,Le Chenit,5872,2815,1687,89,5,1480,968,65.41%,512,34.59%,59.93%
mormont_sub,28.09.25,gauche,La Vallée,Le Chenit,5872,2815,1687,156,5,1526,331,21.69%,1195,78.31%,59.93%
mormont,28.09.25,gauche,La Vallée,Le Lieu,5873,644,350,19,0,331,151,45.62%,180,54.38%,54.35%
mormont_cp,28.09.25,droite,La Vallée,Le Lieu,5873,644,350,25,0,325,222,68.31%,103,31.69%,54.35%
mormont_sub,28.09.25,gauche,La Vallée,Le Lieu,5873,644,350,101,0,249,63,25.30%,186,74.70%,54.35%
mormont,28.09.25,gauche,Yverdon,Les Clées,5750,137,77,2,0,75,32,42.67%,43,57.33%,56.20%
mormont_cp,28.09.25,droite,Yverdon,Les Clées,5750,137,77,5,0,72,52,72.22%,20,27.78%,56.20%
mormont_sub,28.09.25,gauche,Yverdon,Les Clées,5750,137,77,23,0,54,13,24.07%,41,75.93%,56.20%
mormont,28.09.25,gauche,Yverdon,Lignerolle,5755,275,129,0,0,124,45,36.29%,79,63.71%,46.91%
mormont_cp,28.09.25,droite,Yverdon,Lignerolle,5755,275,129,0,0,124,87,70.16%,37,29.84%,46.91%
mormont_sub,28.09.25,gauche,Yverdon,Lignerolle,5755,275,129,26,0,103,12,11.65%,91,88.35%,46.91%
mormont,28.09.25,gauche,Yverdon,Mathod,5919,471,255,3,0,236,97,41.10%,139,58.90%,54.14%
mormont_cp,28.09.25,droite,Yverdon,Mathod,5919,471,255,6,0,233,159,68.24%,74,31.76%,54.14%
mormont_sub,28.09.25,gauche,Yverdon,Mathod,5919,471,255,66,0,189,40,21.16%,149,78.84%,54.14%
mormont,28.09.25,gauche,Yverdon,Mauborget,5562,96,55,0,0,55,21,38.18%,34,61.82%,57.29%
mormont_cp,28.09.25,droite,Yverdon,Mauborget,5562,96,55,5,0,50,30,60.00%,20,40.00%,57.29%
mormont_sub,28.09.25,gauche,Yverdon,Mauborget,5562,96,55,17,0,38,8,21.05%,30,78.95%,57.29%
mormont,28.09.25,gauche,Yverdon,Molondin,5921,169,93,1,0,92,23,25.00%,69,75.00%,55.03%
mormont_cp,28.09.25,droite,Yverdon,Molondin,5921,169,93,5,0,88,57,64.77%,31,35.23%,55.03%
mormont_sub,28.09.25,gauche,Yverdon,Molondin,5921,169,93,38,0,55,8,14.55%,47,85.45%,55.03%
mormont,28.09.25,gauche,Yverdon,Montagny-près-Yverdon,5922,519,224,7,0,217,71,32.72%,146,67.28%,43.16%
mormont_cp,28.09.25,droite,Yverdon,Montagny-près-Yverdon,5922,519,224,7,0,217,155,71.43%,62,28.57%,43.16%
mormont_sub,28.09.25,gauche,Yverdon,Montagny-près-Yverdon,5922,519,224,44,0,180,30,16.67%,150,83.33%,43.16%
mormont,28.09.25,gauche,Yverdon,Montcherand,5756,336,168,10,0,158,39,24.68%,119,75.32%,50.00%
mormont_cp,28.09.25,droite,Yverdon,Montcherand,5756,336,168,13,0,155,115,74.19%,40,25.81%,50.00%
mormont_sub,28.09.25,gauche,Yverdon,Montcherand,5756,336,168,43,0,125,15,12.00%,110,88.00%,50.00%
mormont,28.09.25,gauche,Yverdon,Mutrux,5563,94,27,2,0,25,12,48.00%,13,52.00%,28.72%
mormont_cp,28.09.25,droite,Yverdon,Mutrux,5563,94,27,2,0,25,14,56.00%,11,44.00%,28.72%
mormont_sub,28.09.25,gauche,Yverdon,Mutrux,5563,94,27,13,0,14,3,21.43%,11,78.57%,28.72%
mormont,28.09.25,gauche,Yverdon,Novalles,5564,74,40,0,0,37,11,29.73%,26,70.27%,54.05%
mormont_cp,28.09.25,droite,Yverdon,Novalles,5564,74,40,0,0,37,21,56.76%,16,43.24%,54.05%
mormont_sub,28.09.25,gauche,Yverdon,Novalles,5564,74,40,9,0,31,8,25.81%,23,74.19%,54.05%
mormont,28.09.25,gauche,Yverdon,Onnens VD,5565,363,169,1,0,159,51,32.08%,108,67.92%,46.56%
mormont_cp,28.09.25,droite,Yverdon,Onnens VD,5565,363,169,9,0,151,105,69.54%,46,30.46%,46.56%
mormont_sub,28.09.25,gauche,Yverdon,Onnens VD,5565,363,169,40,0,129,19,14.73%,110,85.27%,46.56%
mormont,28.09.25,gauche,Yverdon,Orbe,5757,4127,1663,42,0,1548,623,40.25%,925,59.75%,40.30%
mormont_cp,28.09.25,droite,Yverdon,Orbe,5757,4127,1663,56,0,1534,1115,72.69%,419,27.31%,40.30%
mormont_sub,28.09.25,gauche,Yverdon,Orbe,5757,4127,1663,101,0,1562,327,20.93%,1235,79.07%,40.30%
mormont,28.09.25,gauche,Yverdon,Orges,5924,285,121,5,0,116,44,37.93%,72,62.07%,42.46%
mormont_cp,28.09.25,droite,Yverdon,Orges,5924,285,121,8,0,113,80,70.80%,33,29.20%,42.46%
mormont_sub,28.09.25,gauche,Yverdon,Orges,5924,285,121,33,0,88,11,12.50%,77,87.50%,42.46%
mormont,28.09.25,gauche,Yverdon,Orzens,5925,153,90,0,0,90,46,51.11%,44,48.89%,58.82%
mormont_cp,28.09.25,droite,Yverdon,Orzens,5925,153,90,1,0,89,48,53.93%,41,46.07%,58.82%
mormont_sub,28.09.25,gauche,Yverdon,Orzens,5925,153,90,22,0,68,20,29.41%,48,70.59%,58.82%
mormont,28.09.25,gauche,Yverdon,Pomy,5926,607,305,7,4,289,83,28.72%,206,71.28%,50.25%
mormont_cp,28.09.25,droite,Yverdon,Pomy,5926,607,305,17,4,279,178,63.80%,101,36.20%,50.25%
mormont_sub,28.09.25,gauche,Yverdon,Pomy,5926,607,305,70,4,231,34,14.72%,197,85.28%,50.25%
mormont,28.09.25,gauche,Yverdon,Premier,5759,165,109,5,0,104,53,50.96%,51,49.04%,66.06%
mormont_cp,28.09.25,droite,Yverdon,Premier,5759,165,109,12,0,97,67,69.07%,30,30.93%,66.06%
mormont_sub,28.09.25,gauche,Yverdon,Premier,5759,165,109,36,0,73,30,41.10%,43,58.90%,66.06%
mormont,28.09.25,gauche,Yverdon,Provence,5566,302,112,0,0,108,31,28.70%,77,71.30%,37.09%
mormont_cp,28.09.25,droite,Yverdon,Provence,5566,302,112,0,0,108,71,65.74%,37,34.26%,37.09%
mormont_sub,28.09.25,gauche,Yverdon,Provence,5566,302,112,38,0,74,11,14.86%,63,85.14%,37.09%
mormont,28.09.25,gauche,Yverdon,Rances,5760,364,201,0,0,199,51,25.63%,148,74.37%,55.22%
mormont_cp,28.09.25,droite,Yverdon,Rances,5760,364,201,2,0,197,136,69.04%,61,30.96%,55.22%
mormont_sub,28.09.25,gauche,Yverdon,Rances,5760,364,201,45,0,156,19,12.18%,137,87.82%,55.22%
mormont,28.09.25,gauche,Yverdon,Romainmôtier-Envy,5761,381,200,11,0,189,93,49.21%,96,50.79%,52.49%
mormont_cp,28.09.25,droite,Yverdon,Romainmôtier-Envy,5761,381,200,14,0,186,135,72.58%,51,27.42%,52.49%
mormont_sub,28.09.25,gauche,Yverdon,Romainmôtier-Envy,5761,381,200,54,0,146,57,39.04%,89,60.96%,52.49%
mormont,28.09.25,gauche,Yverdon,Rovray,5928,132,84,8,0,76,15,19.74%,61,80.26%,63.64%
mormont_cp,28.09.25,droite,Yverdon,Rovray,5928,132,84,11,0,73,41,56.16%,32,43.84%,63.64%
mormont_sub,28.09.25,gauche,Yverdon,Rovray,5928,132,84,20,0,64,3,4.69%,61,95.31%,63.64%
mormont,28.09.25,gauche,Yverdon,Sainte-Croix,5568,3271,1420,17,6,1333,555,41.64%,778,58.36%,43.41%
mormont_cp,28.09.25,droite,Yverdon,Sainte-Croix,5568,3271,1420,59,6,1291,864,66.92%,427,33.08%,43.41%
mormont_sub,28.09.25,gauche,Yverdon,Sainte-Croix,5568,3271,1420,81,6,1333,279,20.93%,1054,79.07%,43.41%
mormont,28.09.25,gauche,Yverdon,Sergey,5762,113,60,6,0,54,13,24.07%,41,75.93%,53.10%
mormont_cp,28.09.25,droite,Yverdon,Sergey,5762,113,60,8,0,52,34,65.38%,18,34.62%,53.10%
mormont_sub,28.09.25,gauche,Yverdon,Sergey,5762,113,60,16,0,44,1,2.27%,43,97.73%,53.10%
mormont,28.09.25,gauche,Yverdon,Suchy,5929,418,204,3,0,198,45,22.73%,153,77.27%,48.80%
mormont_cp,28.09.25,droite,Yverdon,Suchy,5929,418,204,4,0,197,141,71.57%,56,28.43%,48.80%
mormont_sub,28.09.25,gauche,Yverdon,Suchy,5929,418,204,31,0,173,17,9.83%,156,90.17%,48.80%
mormont,28.09.25,gauche,Yverdon,Suscévaz,5930,152,115,9,0,106,32,30.19%,74,69.81%,75.66%
mormont_cp,28.09.25,droite,Yverdon,Suscévaz,5930,152,115,8,0,107,73,68.22%,34,31.78%,75.66%
mormont_sub,28.09.25,gauche,Yverdon,Suscévaz,5930,152,115,38,0,77,11,14.29%,66,85.71%,75.66%
mormont,28.09.25,gauche,Yverdon,Treycovagnes,5931,331,146,0,0,142,49,34.51%,93,65.49%,44.11%
mormont_cp,28.09.25,droite,Yverdon,Treycovagnes,5931,331,146,2,0,140,88,62.86%,52,37.14%,44.11%
mormont_sub,28.09.25,gauche,Yverdon,Treycovagnes,5931,331,146,25,0,121,18,14.88%,103,85.12%,44.11%
mormont,28.09.25,gauche,Yverdon,Tévenon,5571,579,312,14,0,278,115,41.37%,163,58.63%,53.89%
mormont_cp,28.09.25,droite,Yverdon,Tévenon,5571,579,312,11,0,281,186,66.19%,95,33.81%,53.89%
mormont_sub,28.09.25,gauche,Yverdon,Tévenon,5571,579,312,22,0,290,67,23.10%,223,76.90%,53.89%
mormont,28.09.25,gauche,Yverdon,Ursins,5932,155,86,1,0,85,15,17.65%,70,82.35%,55.48%
mormont_cp,28.09.25,droite,Yverdon,Ursins,5932,155,86,3,0,83,50,60.24%,33,39.76%,55.48%
mormont_sub,28.09.25,gauche,Yverdon,Ursins,5932,155,86,14,0,72,6,8.33%,66,91.67%,55.48%
mormont,28.09.25,gauche,Yverdon,Valeyres-sous-Montagny,5933,477,223,8,1,214,79,36.92%,135,63.08%,46.75%
mormont_cp,28.09.25,droite,Yverdon,Valeyres-sous-Montagny,5933,477,223,12,1,210,135,64.29%,75,35.71%,46.75%
mormont_sub,28.09.25,gauche,Yverdon,Valeyres-sous-Montagny,5933,477,223,67,1,155,28,18.06%,127,81.94%,46.75%
mormont,28.09.25,gauche,Yverdon,Valeyres-sous-Rances,5763,398,199,1,0,189,48,25.40%,141,74.60%,50.00%
mormont_cp,28.09.25,droite,Yverdon,Valeyres-sous-Rances,5763,398,199,16,0,174,109,62.64%,65,37.36%,50.00%
mormont_sub,28.09.25,gauche,Yverdon,Valeyres-sous-Rances,5763,398,199,35,0,164,18,10.98%,146,89.02%,50.00%
mormont,28.09.25,gauche,Yverdon,Valeyres-sous-Ursins,5934,188,105,7,0,98,46,46.94%,52,53.06%,55.85%
mormont_cp,28.09.25,droite,Yverdon,Valeyres-sous-Ursins,5934,188,105,5,0,100,68,68.00%,32,32.00%,55.85%
mormont_sub,28.09.25,gauche,Yverdon,Valeyres-sous-Ursins,5934,188,105,19,0,86,13,15.12%,73,84.88%,55.85%
mormont,28.09.25,gauche,Yverdon,Vallorbe,5764,2238,870,20,0,850,294,34.59%,556,65.41%,38.87%
mormont_cp,28.09.25,droite,Yverdon,Vallorbe,5764,2238,870,37,0,833,522,62.67%,311,37.33%,38.87%
mormont_sub,28.09.25,gauche,Yverdon,Vallorbe,5764,2238,870,297,0,573,115,20.07%,458,79.93%,38.87%
mormont,28.09.25,gauche,Yverdon,Vaulion,5765,331,168,9,0,159,42,26.42%,117,73.58%,50.76%
mormont_cp,28.09.25,droite,Yverdon,Vaulion,5765,331,168,13,0,155,105,67.74%,50,32.26%,50.76%
mormont_sub,28.09.25,gauche,Yverdon,Vaulion,5765,331,168,47,0,121,21,17.36%,100,82.64%,50.76%
mormont,28.09.25,gauche,Yverdon,Villars-Epeney,5935,68,38,0,0,37,13,35.14%,24,64.86%,55.88%
mormont_cp,28.09.25,droite,Yverdon,Villars-Epeney,5935,68,38,0,0,37,22,59.46%,15,40.54%,55.88%
mormont_sub,28.09.25,gauche,Yverdon,Villars-Epeney,5935,68,38,9,0,29,6,20.69%,23,79.31%,55.88%
mormont,28.09.25,gauche,Yverdon,Vugelles-La Mothe,5937,95,48,2,0,46,16,34.78%,30,65.22%,50.53%
mormont_cp,28.09.25,droite,Yverdon,Vugelles-La Mothe,5937,95,48,4,0,44,31,70.45%,13,29.55%,50.53%
mormont_sub,28.09.25,gauche,Yverdon,Vugelles-La Mothe,5937,95,48,13,0,35,4,11.43%,31,88.57%,50.53%
mormont,28.09.25,gauche,Yverdon,Vuiteboeuf,5766,392,173,10,0,163,53,32.52%,110,67.48%,44.13%
mormont_cp,28.09.25,droite,Yverdon,Vuiteboeuf,5766,392,173,13,0,160,103,64.38%,57,35.62%,44.13%
mormont_sub,28.09.25,gauche,Yverdon,Vuiteboeuf,5766,392,173,64,0,109,22,20.18%,87,79.82%,44.13%
mormont,28.09.25,gauche,Yverdon,Yverdon-les-Bains,5938,15003,5796,129,21,5366,2412,44.95%,2954,55.05%,38.63%
mormont_cp,28.09.25,droite,Yverdon,Yverdon-les-Bains,5938,15003,5796,180,21,5315,3869,72.79%,1446,27.21%,38.63%
mormont_sub,28.09.25,gauche,Yverdon,Yverdon-les-Bains,5938,15003,5796,340,21,5435,1245,22.91%,4190,77.09%,38.63%
mormont,28.09.25,gauche,Yverdon,Yvonand,5939,2349,1047,27,0,991,393,39.66%,598,60.34%,44.57%
mormont_cp,28.09.25,droite,Yverdon,Yvonand,5939,2349,1047,54,0,964,699,72.51%,265,27.49%,44.57%
mormont_sub,28.09.25,gauche,Yverdon,Yvonand,5939,2349,1047,229,0,818,124,15.16%,694,84.84%,44.57%
mormont,28.09.25,gauche,Romanel,Cheseaux-sur-Lausanne,5582,2931,1388,32,1,1297,525,40.48%,772,59.52%,47.36%
mormont_cp,28.09.25,droite,Romanel,Cheseaux-sur-Lausanne,5582,2931,1388,73,1,1256,911,72.53%,345,27.47%,47.36%
mormont_sub,28.09.25,gauche,Romanel,Cheseaux-sur-Lausanne,5582,2931,1388,126,1,1261,228,18.08%,1033,81.92%,47.36%
mormont,28.09.25,gauche,Romanel,Epalinges,5584,5502,2902,63,7,2706,1068,39.47%,1638,60.53%,52.74%
mormont_cp,28.09.25,droite,Romanel,Epalinges,5584,5502,2902,80,7,2689,2016,74.97%,673,25.03%,52.74%
mormont_sub,28.09.25,gauche,Romanel,Epalinges,5584,5502,2902,118,7,2777,476,17.14%,2301,82.86%,52.74%
mormont,28.09.25,gauche,Romanel,Jouxtens-Mézery,5585,971,597,11,0,556,191,34.35%,365,65.65%,61.48%
mormont_cp,28.09.25,droite,Romanel,Jouxtens-Mézery,5585,971,597,20,0,547,393,71.85%,154,28.15%,61.48%
mormont_sub,28.09.25,gauche,Romanel,Jouxtens-Mézery,5585,971,597,36,0,561,92,16.40%,469,83.60%,61.48%
mormont,28.09.25,gauche,Lausanne-Ville,Lausanne,5586,68067,27242,738,76,25392,14851,58.49%,10541,41.51%,40.02%
mormont_cp,28.09.25,droite,Lausanne-Ville,Lausanne,5586,68067,27242,618,76,25512,20458,80.19%,5054,19.81%,40.02%
mormont_sub,28.09.25,gauche,Lausanne-Ville,Lausanne,5586,68067,27242,1285,76,25881,7568,29.24%,18313,70.76%,40.02%
mormont,28.09.25,gauche,Romanel,Le Mont-sur-Lausanne,5587,5345,2585,69,0,2372,901,37.98%,1471,62.02%,48.36%
mormont_cp,28.09.25,droite,Romanel,Le Mont-sur-Lausanne,5587,5345,2585,71,0,2370,1775,74.89%,595,25.11%,48.36%
mormont_sub,28.09.25,gauche,Romanel,Le Mont-sur-Lausanne,5587,5345,2585,112,0,2473,465,18.80%,2008,81.20%,48.36%
mormont,28.09.25,gauche,Romanel,Romanel-sur-Lausanne,5592,2480,1111,22,7,1018,405,39.78%,613,60.22%,44.80%
mormont_cp,28.09.25,droite,Romanel,Romanel-sur-Lausanne,5592,2480,1111,33,7,1007,749,74.38%,258,25.62%,44.80%
mormont_sub,28.09.25,gauche,Romanel,Romanel-sur-Lausanne,5592,2480,1111,66,7,1038,192,18.50%,846,81.50%,44.80%
mormont,28.09.25,gauche,Lavaux - Oron,Belmont-sur-Lausanne,5581,2366,1289,25,0,1197,384,32.08%,813,67.92%,54.48%
mormont_cp,28.09.25,droite,Lavaux - Oron,Belmont-sur-Lausanne,5581,2366,1289,41,0,1181,882,74.68%,299,25.32%,54.48%
mormont_sub,28.09.25,gauche,Lavaux - Oron,Belmont-sur-Lausanne,5581,2366,1289,67,0,1222,207,16.94%,1015,83.06%,54.48%
mormont,28.09.25,gauche,Lavaux - Oron,Bourg-en-Lavaux,5613,3594,1941,52,2,1823,677,37.14%,1146,62.86%,54.01%
mormont_cp,28.09.25,droite,Lavaux - Oron,Bourg-en-Lavaux,5613,3594,1941,59,2,1816,1386,76.32%,430,23.68%,54.01%
mormont_sub,28.09.25,gauche,Lavaux - Oron,Bourg-en-Lavaux,5613,3594,1941,89,2,1850,359,19.41%,1491,80.59%,54.01%
mormont,28.09.25,gauche,Lavaux - Oron,Chexbres,5601,1409,679,14,1,664,268,40.36%,396,59.64%,48.19%
mormont_cp,28.09.25,droite,Lavaux - Oron,Chexbres,5601,1409,679,34,1,644,511,79.35%,133,20.65%,48.19%
mormont_sub,28.09.25,gauche,Lavaux - Oron,Chexbres,5601,1409,679,139,1,539,107,19.85%,432,80.15%,48.19%
mormont,28.09.25,gauche,Lavaux - Oron,Forel (Lavaux),5604,1316,726,17,1,677,202,29.84%,475,70.16%,55.17%
mormont_cp,28.09.25,droite,Lavaux - Oron,Forel (Lavaux),5604,1316,726,33,1,661,431,65.20%,230,34.80%,55.17%
mormont_sub,28.09.25,gauche,Lavaux - Oron,Forel (Lavaux),5604,1316,726,51,1,674,113,16.77%,561,83.23%,55.17%
mormont,28.09.25,gauche,Lavaux - Oron,Jorat-Mézières,5806,2125,1065,18,2,981,339,34.56%,642,65.44%,50.12%
mormont_cp,28.09.25,droite,Lavaux - Oron,Jorat-Mézières,5806,2125,1065,23,2,976,689,70.59%,287,29.41%,50.12%
mormont_sub,28.09.25,gauche,Lavaux - Oron,Jorat-Mézières,5806,2125,1065,51,2,1012,167,16.50%,845,83.50%,50.12%
mormont,28.09.25,gauche,Lavaux - Oron,Lutry,5606,6474,3512,99,5,3256,1033,31.73%,2223,68.27%,54.25%
mormont_cp,28.09.25,droite,Lavaux - Oron,Lutry,5606,6474,3512,94,5,3261,2416,74.09%,845,25.91%,54.25%
mormont_sub,28.09.25,gauche,Lavaux - Oron,Lutry,5606,6474,3512,156,5,3351,559,16.68%,2792,83.32%,54.25%
mormont,28.09.25,gauche,Lavaux - Oron,Maracon,5790,384,230,12,0,217,80,36.87%,137,63.13%,59.90%
mormont_cp,28.09.25,droite,Lavaux - Oron,Maracon,5790,384,230,12,0,217,120,55.30%,97,44.70%,59.90%
mormont_sub,28.09.25,gauche,Lavaux - Oron,Maracon,5790,384,230,47,0,183,32,17.49%,151,82.51%,59.90%
mormont,28.09.25,gauche,Lavaux - Oron,Montpreveyres,5792,417,206,6,0,195,76,38.97%,119,61.03%,49.40%
mormont_cp,28.09.25,droite,Lavaux - Oron,Montpreveyres,5792,417,206,9,0,192,156,81.25%,36,18.75%,49.40%
mormont_sub,28.09.25,gauche,Lavaux - Oron,Montpreveyres,5792,417,206,35,0,171,35,20.47%,136,79.53%,49.40%
mormont,28.09.25,gauche,Lavaux - Oron,Oron,5805,3800,1797,37,2,1672,684,40.91%,988,59.09%,47.29%
mormont_cp,28.09.25,droite,Lavaux - Oron,Oron,5805,3800,1797,93,2,1616,1105,68.38%,511,31.62%,47.29%
mormont_sub,28.09.25,gauche,Lavaux - Oron,Oron,5805,3800,1797,127,2,1668,328,19.66%,1340,80.34%,47.29%
mormont,28.09.25,gauche,Lavaux - Oron,Paudex,5588,812,380,15,0,365,120,32.88%,245,67.12%,46.80%
mormont_cp,28.09.25,droite,Lavaux - Oron,Paudex,5588,812,380,13,0,367,255,69.48%,112,30.52%,46.80%
mormont_sub,28.09.25,gauche,Lavaux - Oron,Paudex,5588,812,380,96,0,284,54,19.01%,230,80.99%,46.80%
mormont,28.09.25,gauche,Lavaux - Oron,Puidoux,5607,1656,788,17,0,738,226,30.62%,512,69.38%,47.58%
mormont_cp,28.09.25,droite,Lavaux - Oron,Puidoux,5607,1656,788,24,0,731,509,69.63%,222,30.37%,47.58%
mormont_sub,28.09.25,gauche,Lavaux - Oron,Puidoux,5607,1656,788,42,0,746,132,17.69%,614,82.31%,47.58%
mormont,28.09.25,gauche,Lavaux - Oron,Pully,5590,10857,5690,142,14,5301,2124,40.07%,3177,59.93%,52.41%
mormont_cp,28.09.25,droite,Lavaux - Oron,Pully,5590,10857,5690,152,14,5291,4064,76.81%,1227,23.19%,52.41%
mormont_sub,28.09.25,gauche,Lavaux - Oron,Pully,5590,10857,5690,281,14,5395,1049,19.44%,4346,80.56%,52.41%
mormont,28.09.25,gauche,Lavaux - Oron,Rivaz,5609,243,141,2,0,139,56,40.29%,83,59.71%,58.02%
mormont_cp,28.09.25,droite,Lavaux - Oron,Rivaz,5609,243,141,6,0,135,104,77.04%,31,22.96%,58.02%
mormont_sub,28.09.25,gauche,Lavaux - Oron,Rivaz,5609,243,141,32,0,109,22,20.18%,87,79.82%,58.02%
mormont,28.09.25,gauche,Lavaux - Oron,Saint-Saphorin (Lavaux),5610,264,144,5,0,139,50,35.97%,89,64.03%,54.55%
mormont_cp,28.09.25,droite,Lavaux - Oron,Saint-Saphorin (Lavaux),5610,264,144,4,0,140,106,75.71%,34,24.29%,54.55%
mormont_sub,28.09.25,gauche,Lavaux - Oron,Saint-Saphorin (Lavaux),5610,264,144,32,0,112,31,27.68%,81,72.32%,54.55%
mormont,28.09.25,gauche,Lavaux - Oron,Savigny,5611,2224,1228,31,4,1145,438,38.25%,707,61.75%,55.22%
mormont_cp,28.09.25,droite,Lavaux - Oron,Savigny,5611,2224,1228,37,4,1139,811,71.20%,328,28.80%,55.22%
mormont_sub,28.09.25,gauche,Lavaux - Oron,Savigny,5611,2224,1228,82,4,1142,221,19.35%,921,80.65%,55.22%
mormont,28.09.25,gauche,Lavaux - Oron,Servion,5799,1438,768,26,0,696,261,37.50%,435,62.50%,53.41%
mormont_cp,28.09.25,droite,Lavaux - Oron,Servion,5799,1438,768,18,0,704,523,74.29%,181,25.71%,53.41%
mormont_sub,28.09.25,gauche,Lavaux - Oron,Servion,5799,1438,768,34,0,734,134,18.26%,600,81.74%,53.41%
mormont,28.09.25,gauche,Morges,Aclens,5621,359,180,1,0,176,63,35.80%,113,64.20%,50.14%
mormont_cp,28.09.25,droite,Morges,Aclens,5621,359,180,7,0,170,124,72.94%,46,27.06%,50.14%
mormont_sub,28.09.25,gauche,Morges,Aclens,5621,359,180,38,0,142,26,18.31%,116,81.69%,50.14%
mormont,28.09.25,gauche,Morges,Allaman,5851,255,123,4,0,119,44,36.97%,75,63.03%,48.24%
mormont_cp,28.09.25,droite,Morges,Allaman,5851,255,123,9,0,114,78,68.42%,36,31.58%,48.24%
mormont_sub,28.09.25,gauche,Morges,Allaman,5851,255,123,44,0,79,11,13.92%,68,86.08%,48.24%
mormont,28.09.25,gauche,Morges,Aubonne,5422,2131,1102,22,0,1025,447,43.61%,578,56.39%,51.71%
mormont_cp,28.09.25,droite,Morges,Aubonne,5422,2131,1102,25,0,1022,773,75.64%,249,24.36%,51.71%
mormont_sub,28.09.25,gauche,Morges,Aubonne,5422,2131,1102,45,0,1057,234,22.14%,823,77.86%,51.71%
mormont,28.09.25,gauche,Morges,Ballens,5423,374,217,10,0,207,66,31.88%,141,68.12%,58.02%
mormont_cp,28.09.25,droite,Morges,Ballens,5423,374,217,12,0,205,130,63.41%,75,36.59%,58.02%
mormont_sub,28.09.25,gauche,Morges,Ballens,5423,374,217,58,0,159,42,26.42%,117,73.58%,58.02%
mormont,28.09.25,gauche,Morges,Berolle,5424,201,107,2,0,105,44,41.90%,61,58.10%,53.23%
mormont_cp,28.09.25,droite,Morges,Berolle,5424,201,107,8,0,99,69,69.70%,30,30.30%,53.23%
mormont_sub,28.09.25,gauche,Morges,Berolle,5424,201,107,27,0,80,27,33.75%,53,66.25%,53.23%
mormont,28.09.25,gauche,Morges,Bière,5425,907,429,24,0,405,143,35.31%,262,64.69%,47.30%
mormont_cp,28.09.25,droite,Morges,Bière,5425,907,429,28,0,401,257,64.09%,144,35.91%,47.30%
mormont_sub,28.09.25,gauche,Morges,Bière,5425,907,429,140,0,289,51,17.65%,238,82.35%,47.30%
mormont,28.09.25,gauche,Morges,Bougy-Villars,5426,308,145,3,0,142,50,35.21%,92,64.79%,47.08%
mormont_cp,28.09.25,droite,Morges,Bougy-Villars,5426,308,145,6,0,139,98,70.50%,41,29.50%,47.08%
mormont_sub,28.09.25,gauche,Morges,Bougy-Villars,5426,308,145,25,0,120,21,17.50%,99,82.50%,47.08%
mormont,28.09.25,gauche,Morges,Bremblens,5622,407,225,12,0,213,60,28.17%,153,71.83%,55.28%
mormont_cp,28.09.25,droite,Morges,Bremblens,5622,407,225,14,0,211,155,73.46%,56,26.54%,55.28%
mormont_sub,28.09.25,gauche,Morges,Bremblens,5622,407,225,44,0,181,19,10.50%,162,89.50%,55.28%
mormont,28.09.25,gauche,Morges,Buchillon,5623,427,251,7,0,244,68,27.87%,176,72.13%,58.78%
mormont_cp,28.09.25,droite,Morges,Buchillon,5623,427,251,9,0,242,153,63.22%,89,36.78%,58.78%
mormont_sub,28.09.25,gauche,Morges,Buchillon,5623,427,251,62,0,189,36,19.05%,153,80.95%,58.78%
mormont,28.09.25,gauche,Morges,Chavannes-le-Veyron,5475,108,70,0,0,70,16,22.86%,54,77.14%,64.81%
mormont_cp,28.09.25,droite,Morges,Chavannes-le-Veyron,5475,108,70,5,0,65,45,69.23%,20,30.77%,64.81%
mormont_sub,28.09.25,gauche,Morges,Chavannes-le-Veyron,5475,108,70,18,0,52,6,11.54%,46,88.46%,64.81%
mormont,28.09.25,gauche,Morges,Chevilly,5476,227,122,3,0,119,49,41.18%,70,58.82%,53.74%
mormont_cp,28.09.25,droite,Morges,Chevilly,5476,227,122,5,0,117,79,67.52%,38,32.48%,53.74%
mormont_sub,28.09.25,gauche,Morges,Chevilly,5476,227,122,19,0,103,27,26.21%,76,73.79%,53.74%
mormont,28.09.25,gauche,Morges,Chigny,5628,249,133,6,0,127,39,30.71%,88,69.29%,53.41%
mormont_cp,28.09.25,droite,Morges,Chigny,5628,249,133,15,0,118,103,87.29%,15,12.71%,53.41%
mormont_sub,28.09.25,gauche,Morges,Chigny,5628,249,133,15,0,118,19,16.10%,99,83.90%,53.41%
mormont,28.09.25,gauche,Morges,Clarmont,5629,140,60,0,0,60,28,46.67%,32,53.33%,42.86%
mormont_cp,28.09.25,droite,Morges,Clarmont,5629,140,60,3,0,57,54,94.74%,3,5.26%,42.86%
mormont_sub,28.09.25,gauche,Morges,Clarmont,5629,140,60,12,0,48,17,35.42%,31,64.58%,42.86%
mormont,28.09.25,gauche,Morges,Cossonay,5477,2935,1449,31,2,1349,468,34.69%,881,65.31%,49.37%
mormont_cp,28.09.25,droite,Morges,Cossonay,5477,2935,1449,37,2,1343,997,74.24%,346,25.76%,49.37%
mormont_sub,28.09.25,gauche,Morges,Cossonay,5477,2935,1449,76,2,1371,264,19.26%,1107,80.74%,49.37%
mormont,28.09.25,gauche,Morges,Cuarnens,5479,360,187,6,0,181,48,26.52%,133,73.48%,51.94%
mormont_cp,28.09.25,droite,Morges,Cuarnens,5479,360,187,14,0,173,126,72.83%,47,27.17%,51.94%
mormont_sub,28.09.25,gauche,Morges,Cuarnens,5479,360,187,38,0,149,14,9.40%,135,90.60%,51.94%
mormont,28.09.25,gauche,Morges,Denens,5631,493,283,11,0,272,108,39.71%,164,60.29%,57.40%
mormont_cp,28.09.25,droite,Morges,Denens,5631,493,283,14,0,269,212,78.81%,57,21.19%,57.40%
mormont_sub,28.09.25,gauche,Morges,Denens,5631,493,283,69,0,214,46,21.50%,168,78.50%,57.40%
mormont,28.09.25,gauche,Morges,Denges,5632,990,492,23,0,469,190,40.51%,279,59.49%,49.70%
mormont_cp,28.09.25,droite,Morges,Denges,5632,990,492,27,0,465,379,81.51%,86,18.49%,49.70%
mormont_sub,28.09.25,gauche,Morges,Denges,5632,990,492,101,0,391,79,20.20%,312,79.80%,49.70%
mormont,28.09.25,gauche,Morges,Dizy,5481,165,90,3,0,87,38,43.68%,49,56.32%,54.55%
mormont_cp,28.09.25,droite,Morges,Dizy,5481,165,90,5,0,85,73,85.88%,12,14.12%,54.55%
mormont_sub,28.09.25,gauche,Morges,Dizy,5481,165,90,19,0,71,18,25.35%,53,74.65%,54.55%
mormont,28.09.25,gauche,Morges,Echandens,5633,1694,850,13,1,817,276,33.78%,541,66.22%,50.18%
mormont_cp,28.09.25,droite,Morges,Echandens,5633,1694,850,26,1,804,572,71.14%,232,28.86%,50.18%
mormont_sub,28.09.25,gauche,Morges,Echandens,5633,1694,850,212,1,637,107,16.80%,530,83.20%,50.18%
mormont,28.09.25,gauche,Morges,Echichens,5634,2018,1106,25,6,1034,345,33.37%,689,66.63%,54.81%
mormont_cp,28.09.25,droite,Morges,Echichens,5634,2018,1106,25,6,1034,783,75.73%,251,24.27%,54.81%
mormont_sub,28.09.25,gauche,Morges,Echichens,5634,2018,1106,65,6,1035,172,16.62%,863,83.38%,54.81%
mormont,28.09.25,gauche,Morges,Eclépens,5482,708,413,4,0,409,132,32.27%,277,67.73%,58.33%
mormont_cp,28.09.25,droite,Morges,Eclépens,5482,708,413,9,0,404,297,73.51%,107,26.49%,58.33%
mormont_sub,28.09.25,gauche,Morges,Eclépens,5482,708,413,66,0,347,87,25.07%,260,74.93%,58.33%
mormont,28.09.25,gauche,Morges,Etoy,5636,1687,892,19,0,827,324,39.18%,503,60.82%,52.87%
mormont_cp,28.09.25,droite,Morges,Etoy,5636,1687,892,29,0,817,643,78.70%,174,21.30%,52.87%
mormont_sub,28.09.25,gauche,Morges,Etoy,5636,1687,892,61,0,831,159,19.13%,672,80.87%,52.87%
mormont,28.09.25,gauche,Morges,Ferreyres,5483,222,131,2,0,129,55,42.64%,74,57.36%,59.01%
mormont_cp,28.09.25,droite,Morges,Ferreyres,5483,222,131,5,0,126,91,72.22%,35,27.78%,59.01%
mormont_sub,28.09.25,gauche,Morges,Ferreyres,5483,222,131,19,0,112,38,33.93%,74,66.07%,59.01%
mormont,28.09.25,gauche,Morges,Féchy,5427,496,272,3,0,261,81,31.03%,180,68.97%,54.84%
mormont_cp,28.09.25,droite,Morges,Féchy,5427,496,272,6,0,258,189,73.26%,69,26.74%,54.84%
mormont_sub,28.09.25,gauche,Morges,Féchy,5427,496,272,61,0,211,31,14.69%,180,85.31%,54.84%
mormont,28.09.25,gauche,Morges,Gimel,5428,1361,714,15,0,645,256,39.69%,389,60.31%,52.46%
mormont_cp,28.09.25,droite,Morges,Gimel,5428,1361,714,32,0,628,440,70.06%,188,29.94%,52.46%
mormont_sub,28.09.25,gauche,Morges,Gimel,5428,1361,714,57,0,657,128,19.48%,529,80.52%,52.46%
mormont,28.09.25,gauche,Morges,Gollion,5484,697,360,4,1,340,121,35.59%,219,64.41%,51.65%
mormont_cp,28.09.25,droite,Morges,Gollion,5484,697,360,16,1,328,245,74.70%,83,25.30%,51.65%
mormont_sub,28.09.25,gauche,Morges,Gollion,5484,697,360,22,1,337,53,15.73%,284,84.27%,51.65%
mormont,28.09.25,gauche,Morges,Grancy,5485,332,190,12,0,178,55,30.90%,123,69.10%,57.23%
mormont_cp,28.09.25,droite,Morges,Grancy,5485,332,190,14,0,176,117,66.48%,59,33.52%,57.23%
mormont_sub,28.09.25,gauche,Morges,Grancy,5485,332,190,49,0,141,22,15.60%,119,84.40%,57.23%
mormont,28.09.25,gauche,Morges,Hautemorges,5656,2841,1463,34,0,1369,502,36.67%,867,63.33%,51.50%
mormont_cp,28.09.25,droite,Morges,Hautemorges,5656,2841,1463,46,0,1357,977,72.00%,380,28.00%,51.50%
mormont_sub,28.09.25,gauche,Morges,Hautemorges,5656,2841,1463,77,0,1386,249,17.97%,1137,82.03%,51.50%
mormont,28.09.25,gauche,Morges,L'Isle,5486,755,372,15,0,353,140,39.66%,213,60.34%,49.27%
mormont_cp,28.09.25,droite,Morges,L'Isle,5486,755,372,26,0,342,242,70.76%,100,29.24%,49.27%
mormont_sub,28.09.25,gauche,Morges,L'Isle,5486,755,372,102,0,270,61,22.59%,209,77.41%,49.27%
mormont,28.09.25,gauche,Morges,La Chaux (Cossonay),5474,288,138,5,0,133,50,37.59%,83,62.41%,47.92%
mormont_cp,28.09.25,droite,Morges,La Chaux (Cossonay),5474,288,138,8,0,130,98,75.38%,32,24.62%,47.92%
mormont_sub,28.09.25,gauche,Morges,La Chaux (Cossonay),5474,288,138,32,0,106,18,16.98%,88,83.02%,47.92%
mormont,28.09.25,gauche,Morges,La Sarraz,5498,1460,674,22,0,652,316,48.47%,336,51.53%,46.16%
mormont_cp,28.09.25,droite,Morges,La Sarraz,5498,1460,674,41,0,633,493,77.88%,140,22.12%,46.16%
mormont_sub,28.09.25,gauche,Morges,La Sarraz,5498,1460,674,173,0,501,192,38.32%,309,61.68%,46.16%
mormont,28.09.25,gauche,Morges,Lavigny,5637,593,324,8,0,316,97,30.70%,219,69.30%,54.64%
mormont_cp,28.09.25,droite,Morges,Lavigny,5637,593,324,9,0,315,225,71.43%,90,28.57%,54.64%
mormont_sub,28.09.25,gauche,Morges,Lavigny,5637,593,324,78,0,246,27,10.98%,219,89.02%,54.64%
mormont,28.09.25,gauche,Morges,Lonay,5638,1770,864,37,13,814,275,33.78%,539,66.22%,48.81%
mormont_cp,28.09.25,droite,Morges,Lonay,5638,1770,864,51,13,800,584,73.00%,216,27.00%,48.81%
mormont_sub,28.09.25,gauche,Morges,Lonay,5638,1770,864,210,13,641,106,16.54%,535,83.46%,48.81%
mormont,28.09.25,gauche,Morges,Lully VD,5639,543,324,7,0,304,115,37.83%,189,62.17%,59.67%
mormont_cp,28.09.25,droite,Morges,Lully VD,5639,543,324,6,0,305,246,80.66%,59,19.34%,59.67%
mormont_sub,28.09.25,gauche,Morges,Lully VD,5639,543,324,15,0,309,61,19.74%,248,80.26%,59.67%
mormont,28.09.25,gauche,Morges,Lussy-sur-Morges,5640,451,262,15,0,247,90,36.44%,157,63.56%,58.09%
mormont_cp,28.09.25,droite,Morges,Lussy-sur-Morges,5640,451,262,23,0,239,196,82.01%,43,17.99%,58.09%
mormont_sub,28.09.25,gauche,Morges,Lussy-sur-Morges,5640,451,262,57,0,205,29,14.15%,176,85.85%,58.09%
mormont,28.09.25,gauche,Morges,Mauraz,5488,40,22,1,0,21,13,61.90%,8,38.10%,55.00%
mormont_cp,28.09.25,droite,Morges,Mauraz,5488,40,22,0,0,22,18,81.82%,4,18.18%,55.00%
mormont_sub,28.09.25,gauche,Morges,Mauraz,5488,40,22,2,0,20,7,35.00%,13,65.00%,55.00%
mormont,28.09.25,gauche,Morges,Moiry VD,5490,218,125,1,0,123,54,43.90%,69,56.10%,57.34%
mormont_cp,28.09.25,droite,Morges,Moiry VD,5490,218,125,4,0,120,82,68.33%,38,31.67%,57.34%
mormont_sub,28.09.25,gauche,Morges,Moiry VD,5490,218,125,21,0,104,34,32.69%,70,67.31%,57.34%
mormont,28.09.25,gauche,Morges,Mollens VD,5431,220,109,0,2,105,34,32.38%,71,67.62%,49.55%
mormont_cp,28.09.25,droite,Morges,Mollens VD,5431,220,109,0,2,105,79,75.24%,26,24.76%,49.55%
mormont_sub,28.09.25,gauche,Morges,Mollens VD,5431,220,109,20,2,87,14,16.09%,73,83.91%,49.55%
mormont,28.09.25,gauche,Morges,Mont-la-Ville,5491,337,183,0,0,178,44,24.72%,134,75.28%,54.30%
mormont_cp,28.09.25,droite,Morges,Mont-la-Ville,5491,337,183,0,0,178,125,70.22%,53,29.78%,54.30%
mormont_sub,28.09.25,gauche,Morges,Mont-la-Ville,5491,337,183,43,0,140,20,14.29%,120,85.71%,54.30%
mormont,28.09.25,gauche,Morges,Montricher,5492,655,356,0,2,340,104,30.59%,236,69.41%,54.35%
mormont_cp,28.09.25,droite,Morges,Montricher,5492,655,356,6,2,334,208,62.28%,126,37.72%,54.35%
mormont_sub,28.09.25,gauche,Morges,Montricher,5492,655,356,91,2,263,39,14.83%,224,85.17%,54.35%
mormont,28.09.25,gauche,Morges,Morges,5642,9149,4318,95,20,4009,1739,43.38%,2270,56.62%,47.20%
mormont_cp,28.09.25,droite,Morges,Morges,5642,9149,4318,115,20,3989,3068,76.91%,921,23.09%,47.20%
mormont_sub,28.09.25,gauche,Morges,Morges,5642,9149,4318,198,20,4100,914,22.29%,3186,77.71%,47.20%
mormont,28.09.25,gauche,Morges,Orny,5493,326,162,2,0,160,70,43.75%,90,56.25%,49.69%
mormont_cp,28.09.25,droite,Morges,Orny,5493,326,162,9,0,153,108,70.59%,45,29.41%,49.69%
mormont_sub,28.09.25,gauche,Morges,Orny,5493,326,162,37,0,125,47,37.60%,78,62.40%,49.69%
mormont,28.09.25,gauche,Morges,Pompaples,5497,513,253,6,0,244,88,36.07%,156,63.93%,49.32%
mormont_cp,28.09.25,droite,Morges,Pompaples,5497,513,253,4,0,246,164,66.67%,82,33.33%,49.32%
mormont_sub,28.09.25,gauche,Morges,Pompaples,5497,513,253,18,0,235,67,28.51%,168,71.49%,49.32%
mormont,28.09.25,gauche,Morges,Préverenges,5643,2936,1411,36,5,1293,558,43.16%,735,56.84%,48.06%
mormont_cp,28.09.25,droite,Morges,Préverenges,5643,2936,1411,38,5,1291,947,73.35%,344,26.65%,48.06%
mormont_sub,28.09.25,gauche,Morges,Préverenges,5643,2936,1411,76,5,1330,282,21.20%,1048,78.80%,48.06%
mormont,28.09.25,gauche,Morges,Romanel-sur-Morges,5645,327,179,9,0,170,46,27.06%,124,72.94%,54.74%
mormont_cp,28.09.25,droite,Morges,Romanel-sur-Morges,5645,327,179,10,0,169,128,75.74%,41,24.26%,54.74%
mormont_sub,28.09.25,gauche,Morges,Romanel-sur-Morges,5645,327,179,50,0,129,12,9.30%,117,90.70%,54.74%
mormont,28.09.25,gauche,Morges,Saint-Livres,5435,476,263,11,3,244,90,36.89%,154,63.11%,55.25%
mormont_cp,28.09.25,droite,Morges,Saint-Livres,5435,476,263,17,3,238,142,59.66%,96,40.34%,55.25%
mormont_sub,28.09.25,gauche,Morges,Saint-Livres,5435,476,263,76,3,184,38,20.65%,146,79.35%,55.25%
mormont,28.09.25,gauche,Morges,Saint-Oyens,5436,295,223,12,7,204,81,39.71%,123,60.29%,75.59%
mormont_cp,28.09.25,droite,Morges,Saint-Oyens,5436,295,223,13,7,203,141,69.46%,62,30.54%,75.59%
mormont_sub,28.09.25,gauche,Morges,Saint-Oyens,5436,295,223,53,7,163,30,18.40%,133,81.60%,75.59%
mormont,28.09.25,gauche,Morges,Saint-Prex,5646,3011,1551,35,3,1391,519,37.31%,872,62.69%,51.51%
mormont_cp,28.09.25,droite,Morges,Saint-Prex,5646,3011,1551,53,3,1373,1017,74.07%,356,25.93%,51.51%
mormont_sub,28.09.25,gauche,Morges,Saint-Prex,5646,3011,1551,89,3,1459,267,18.30%,1192,81.70%,51.51%
mormont,28.09.25,gauche,Morges,Saubraz,5437,255,136,0,0,124,51,41.13%,73,58.87%,53.33%
mormont_cp,28.09.25,droite,Morges,Saubraz,5437,255,136,0,0,124,86,69.35%,38,30.65%,53.33%
mormont_sub,28.09.25,gauche,Morges,Saubraz,5437,255,136,33,0,103,19,18.45%,84,81.55%,53.33%
mormont,28.09.25,gauche,Morges,Senarclens,5499,309,151,13,0,138,26,18.84%,112,81.16%,48.87%
mormont_cp,28.09.25,droite,Morges,Senarclens,5499,309,151,12,0,139,95,68.35%,44,31.65%,48.87%
mormont_sub,28.09.25,gauche,Morges,Senarclens,5499,309,151,46,0,105,13,12.38%,92,87.62%,48.87%
mormont,28.09.25,gauche,Morges,Tolochenaz,5649,1075,549,7,1,507,193,38.07%,314,61.93%,51.07%
mormont_cp,28.09.25,droite,Morges,Tolochenaz,5649,1075,549,15,1,499,371,74.35%,128,25.65%,51.07%
mormont_sub,28.09.25,gauche,Morges,Tolochenaz,5649,1075,549,30,1,518,110,21.24%,408,78.76%,51.07%
mormont,28.09.25,gauche,Morges,Vaux-sur-Morges,5650,129,74,4,0,70,22,31.43%,48,68.57%,57.36%
mormont_cp,28.09.25,droite,Morges,Vaux-sur-Morges,5650,129,74,2,0,72,53,73.61%,19,26.39%,57.36%
mormont_sub,28.09.25,gauche,Morges,Vaux-sur-Morges,5650,129,74,20,0,54,7,12.96%,47,87.04%,57.36%
mormont,28.09.25,gauche,Morges,Villars-sous-Yens,5652,383,207,11,0,196,69,35.20%,127,64.80%,54.05%
mormont_cp,28.09.25,droite,Morges,Villars-sous-Yens,5652,383,207,11,0,196,136,69.39%,60,30.61%,54.05%
mormont_sub,28.09.25,gauche,Morges,Villars-sous-Yens,5652,383,207,54,0,153,28,18.30%,125,81.70%,54.05%
mormont,28.09.25,gauche,Morges,Vufflens-le-Château,5653,570,395,10,9,358,123,34.36%,235,65.64%,69.30%
mormont_cp,28.09.25,droite,Morges,Vufflens-le-Château,5653,570,395,10,9,358,257,71.79%,101,28.21%,69.30%
mormont_sub,28.09.25,gauche,Morges,Vufflens-le-Château,5653,570,395,14,9,372,64,17.20%,308,82.80%,69.30%
mormont,28.09.25,gauche,Morges,Vullierens,5654,362,211,10,2,199,67,33.67%,132,66.33%,58.29%
mormont_cp,28.09.25,droite,Morges,Vullierens,5654,362,211,15,2,194,133,68.56%,61,31.44%,58.29%
mormont_sub,28.09.25,gauche,Morges,Vullierens,5654,362,211,58,2,151,23,15.23%,128,84.77%,58.29%
mormont,28.09.25,gauche,Morges,Yens,5655,902,469,0,4,446,155,34.75%,291,65.25%,52.00%
mormont_cp,28.09.25,droite,Morges,Yens,5655,902,469,0,4,446,280,62.78%,166,37.22%,52.00%
mormont_sub,28.09.25,gauche,Morges,Yens,5655,902,469,86,4,379,67,17.68%,312,82.32%,52.00%
mormont,28.09.25,gauche,Nyon,Arnex-sur-Nyon,5701,179,81,0,0,75,26,34.67%,49,65.33%,45.25%
mormont_cp,28.09.25,droite,Nyon,Arnex-sur-Nyon,5701,179,81,0,0,75,53,70.67%,22,29.33%,45.25%
mormont_sub,28.09.25,gauche,Nyon,Arnex-sur-Nyon,5701,179,81,15,0,66,6,9.09%,60,90.91%,45.25%
mormont,28.09.25,gauche,Nyon,Arzier - Le Muids,5702,1702,1019,25,2,918,363,39.54%,555,60.46%,59.87%
mormont_cp,28.09.25,droite,Nyon,Arzier - Le Muids,5702,1702,1019,27,2,916,638,69.65%,278,30.35%,59.87%
mormont_sub,28.09.25,gauche,Nyon,Arzier - Le Muids,5702,1702,1019,51,2,966,203,21.01%,763,78.99%,59.87%
mormont,28.09.25,gauche,Nyon,Bassins,5703,881,496,12,0,445,161,36.18%,284,63.82%,56.30%
mormont_cp,28.09.25,droite,Nyon,Bassins,5703,881,496,13,0,444,322,72.52%,122,27.48%,56.30%
mormont_sub,28.09.25,gauche,Nyon,Bassins,5703,881,496,29,0,467,82,17.56%,385,82.44%,56.30%
mormont,28.09.25,gauche,Nyon,Begnins,5704,1214,573,28,0,524,191,36.45%,333,63.55%,47.20%
mormont_cp,28.09.25,droite,Nyon,Begnins,5704,1214,573,33,0,519,367,70.71%,152,29.29%,47.20%
mormont_sub,28.09.25,gauche,Nyon,Begnins,5704,1214,573,154,0,419,66,15.75%,353,84.25%,47.20%
mormont,28.09.25,gauche,Nyon,Bogis-Bossey,5705,491,247,11,0,236,92,38.98%,144,61.02%,50.31%
mormont_cp,28.09.25,droite,Nyon,Bogis-Bossey,5705,491,247,9,0,238,190,79.83%,48,20.17%,50.31%
mormont_sub,28.09.25,gauche,Nyon,Bogis-Bossey,5705,491,247,59,0,188,29,15.43%,159,84.57%,50.31%
mormont,28.09.25,gauche,Nyon,Borex,5706,675,355,5,0,337,110,32.64%,227,67.36%,52.59%
mormont_cp,28.09.25,droite,Nyon,Borex,5706,675,355,11,0,331,247,74.62%,84,25.38%,52.59%
mormont_sub,28.09.25,gauche,Nyon,Borex,5706,675,355,74,0,281,43,15.30%,238,84.70%,52.59%
mormont,28.09.25,gauche,Nyon,Bursinel,5852,313,155,0,2,147,45,30.61%,102,69.39%,49.52%
mormont_cp,28.09.25,droite,Nyon,Bursinel,5852,313,155,9,2,138,94,68.12%,44,31.88%,49.52%
mormont_sub,28.09.25,gauche,Nyon,Bursinel,5852,313,155,86,2,67,10,14.93%,57,85.07%,49.52%
mormont,28.09.25,gauche,Nyon,Bursins,5853,478,230,6,2,222,75,33.78%,147,66.22%,48.12%
mormont_cp,28.09.25,droite,Nyon,Bursins,5853,478,230,11,2,217,161,74.19%,56,25.81%,48.12%
mormont_sub,28.09.25,gauche,Nyon,Bursins,5853,478,230,57,2,171,19,11.11%,152,88.89%,48.12%
mormont,28.09.25,gauche,Nyon,Burtigny,5854,249,135,0,5,123,47,38.21%,76,61.79%,54.22%
mormont_cp,28.09.25,droite,Nyon,Burtigny,5854,249,135,4,5,119,86,72.27%,33,27.73%,54.22%
mormont_sub,28.09.25,gauche,Nyon,Burtigny,5854,249,135,30,5,100,19,19.00%,81,81.00%,54.22%
mormont,28.09.25,gauche,Nyon,Chavannes-de-Bogis,5707,662,328,18,0,310,96,30.97%,214,69.03%,49.55%
mormont_cp,28.09.25,droite,Nyon,Chavannes-de-Bogis,5707,662,328,20,0,308,217,70.45%,91,29.55%,49.55%
mormont_sub,28.09.25,gauche,Nyon,Chavannes-de-Bogis,5707,662,328,77,0,251,22,8.76%,229,91.24%,49.55%
mormont,28.09.25,gauche,Nyon,Chavannes-des-Bois,5708,478,257,17,0,238,89,37.39%,149,62.61%,53.77%
mormont_cp,28.09.25,droite,Nyon,Chavannes-des-Bois,5708,478,257,18,0,237,186,78.48%,51,21.52%,53.77%
mormont_sub,28.09.25,gauche,Nyon,Chavannes-des-Bois,5708,478,257,52,0,205,23,11.22%,182,88.78%,53.77%
mormont,28.09.25,gauche,Nyon,Chéserex,5709,766,385,26,2,357,111,31.09%,246,68.91%,50.26%
mormont_cp,28.09.25,droite,Nyon,Chéserex,5709,766,385,27,2,356,254,71.35%,102,28.65%,50.26%
mormont_sub,28.09.25,gauche,Nyon,Chéserex,5709,766,385,92,2,291,34,11.68%,257,88.32%,50.26%
mormont,28.09.25,gauche,Nyon,Coinsins,5710,329,170,8,0,153,41,26.80%,112,73.20%,51.67%
mormont_cp,28.09.25,droite,Nyon,Coinsins,5710,329,170,11,0,150,97,64.67%,53,35.33%,51.67%
mormont_sub,28.09.25,gauche,Nyon,Coinsins,5710,329,170,51,0,119,15,12.61%,104,87.39%,51.67%
mormont,28.09.25,gauche,Nyon,Commugny,5711,1466,750,18,0,706,247,34.99%,459,65.01%,51.16%
mormont_cp,28.09.25,droite,Nyon,Commugny,5711,1466,750,27,0,697,478,68.58%,219,31.42%,51.16%
mormont_sub,28.09.25,gauche,Nyon,Commugny,5711,1466,750,172,0,578,100,17.30%,478,82.70%,51.16%
mormont,28.09.25,gauche,Nyon,Coppet,5712,1633,883,26,1,794,274,34.51%,520,65.49%,54.07%
mormont_cp,28.09.25,droite,Nyon,Coppet,5712,1633,883,30,1,790,575,72.78%,215,27.22%,54.07%
mormont_sub,28.09.25,gauche,Nyon,Coppet,5712,1633,883,48,1,834,132,15.83%,702,84.17%,54.07%
mormont,28.09.25,gauche,Nyon,Crans,5713,1367,731,10,0,705,222,31.49%,483,68.51%,53.47%
mormont_cp,28.09.25,droite,Nyon,Crans,5713,1367,731,9,0,706,525,74.36%,181,25.64%,53.47%
mormont_sub,28.09.25,gauche,Nyon,Crans,5713,1367,731,170,0,561,67,11.94%,494,88.06%,53.47%
mormont,28.09.25,gauche,Nyon,Crassier,5714,727,381,28,0,353,133,37.68%,220,62.32%,52.41%
mormont_cp,28.09.25,droite,Nyon,Crassier,5714,727,381,23,0,358,262,73.18%,96,26.82%,52.41%
mormont_sub,28.09.25,gauche,Nyon,Crassier,5714,727,381,110,0,271,47,17.34%,224,82.66%,52.41%
mormont,28.09.25,gauche,Nyon,Duillier,5715,658,367,14,0,345,120,34.78%,225,65.22%,55.78%
mormont_cp,28.09.25,droite,Nyon,Duillier,5715,658,367,19,0,340,257,75.59%,83,24.41%,55.78%
mormont_sub,28.09.25,gauche,Nyon,Duillier,5715,658,367,98,0,269,37,13.75%,232,86.25%,55.78%
mormont,28.09.25,gauche,Nyon,Dully,5855,364,182,6,0,176,46,26.14%,130,73.86%,50.00%
mormont_cp,28.09.25,droite,Nyon,Dully,5855,364,182,4,0,178,122,68.54%,56,31.46%,50.00%
mormont_sub,28.09.25,gauche,Nyon,Dully,5855,364,182,44,0,138,18,13.04%,120,86.96%,50.00%
mormont,28.09.25,gauche,Nyon,Essertines-sur-Rolle,5856,445,236,15,0,214,58,27.10%,156,72.90%,53.03%
mormont_cp,28.09.25,droite,Nyon,Essertines-sur-Rolle,5856,445,236,14,0,215,158,73.49%,57,26.51%,53.03%
mormont_sub,28.09.25,gauche,Nyon,Essertines-sur-Rolle,5856,445,236,54,0,182,13,7.14%,169,92.86%,53.03%
mormont,28.09.25,gauche,Nyon,Eysins,5716,961,520,12,1,456,146,32.02%,310,67.98%,54.11%
mormont_cp,28.09.25,droite,Nyon,Eysins,5716,961,520,9,1,459,335,72.98%,124,27.02%,54.11%
mormont_sub,28.09.25,gauche,Nyon,Eysins,5716,961,520,19,1,500,75,15.00%,425,85.00%,54.11%
mormont,28.09.25,gauche,Nyon,Founex,5717,1759,969,18,2,892,337,37.78%,555,62.22%,55.09%
mormont_cp,28.09.25,droite,Nyon,Founex,5717,1759,969,25,2,885,651,73.56%,234,26.44%,55.09%
mormont_sub,28.09.25,gauche,Nyon,Founex,5717,1759,969,52,2,915,161,17.60%,754,82.40%,55.09%
mormont,28.09.25,gauche,Nyon,Genolier,5718,1178,696,63,0,633,221,34.91%,412,65.09%,59.08%
mormont_cp,28.09.25,droite,Nyon,Genolier,5718,1178,696,69,0,627,450,71.77%,177,28.23%,59.08%
mormont_sub,28.09.25,gauche,Nyon,Genolier,5718,1178,696,209,0,487,66,13.55%,421,86.45%,59.08%
mormont,28.09.25,gauche,Nyon,Gilly,5857,829,457,0,37,402,145,36.07%,257,63.93%,55.13%
mormont_cp,28.09.25,droite,Nyon,Gilly,5857,829,457,10,37,392,304,77.55%,88,22.45%,55.13%
mormont_sub,28.09.25,gauche,Nyon,Gilly,5857,829,457,85,37,335,50,14.93%,285,85.07%,55.13%
mormont,28.09.25,gauche,Nyon,Gingins,5719,781,458,64,0,394,126,31.98%,268,68.02%,58.64%
mormont_cp,28.09.25,droite,Nyon,Gingins,5719,781,458,63,0,395,296,74.94%,99,25.06%,58.64%
mormont_sub,28.09.25,gauche,Nyon,Gingins,5719,781,458,168,0,290,31,10.69%,259,89.31%,58.64%
mormont,28.09.25,gauche,Nyon,Givrins,5720,686,378,16,1,361,132,36.57%,229,63.43%,55.10%
mormont_cp,28.09.25,droite,Nyon,Givrins,5720,686,378,21,1,356,275,77.25%,81,22.75%,55.10%
mormont_sub,28.09.25,gauche,Nyon,Givrins,5720,686,378,97,1,280,45,16.07%,235,83.93%,55.10%
mormont,28.09.25,gauche,Nyon,Gland,5721,7254,3333,75,1,2990,1201,40.17%,1789,59.83%,45.95%
mormont_cp,28.09.25,droite,Nyon,Gland,5721,7254,3333,126,1,2939,2181,74.21%,758,25.79%,45.95%
mormont_sub,28.09.25,gauche,Nyon,Gland,5721,7254,3333,191,1,3141,630,20.06%,2511,79.94%,45.95%
mormont,28.09.25,gauche,Nyon,Grens,5722,259,137,8,0,129,53,41.09%,76,58.91%,52.90%
mormont_cp,28.09.25,droite,Nyon,Grens,5722,259,137,6,0,131,91,69.47%,40,30.53%,52.90%
mormont_sub,28.09.25,gauche,Nyon,Grens,5722,259,137,41,0,96,14,14.58%,82,85.42%,52.90%
mormont,28.09.25,gauche,Nyon,La Rippe,5726,734,379,0,0,354,130,36.72%,224,63.28%,51.63%
mormont_cp,28.09.25,droite,Nyon,La Rippe,5726,734,379,6,0,348,265,76.15%,83,23.85%,51.63%
mormont_sub,28.09.25,gauche,Nyon,La Rippe,5726,734,379,62,0,317,59,18.61%,258,81.39%,51.63%
mormont,28.09.25,gauche,Nyon,Le Vaud,5731,903,507,12,1,457,170,37.20%,287,62.80%,56.15%
mormont_cp,28.09.25,droite,Nyon,Le Vaud,5731,903,507,20,1,449,313,69.71%,136,30.29%,56.15%
mormont_sub,28.09.25,gauche,Nyon,Le Vaud,5731,903,507,36,1,470,86,18.30%,384,81.70%,56.15%
mormont,28.09.25,gauche,Nyon,Longirod,5429,358,176,0,0,164,68,41.46%,96,58.54%,49.16%
mormont_cp,28.09.25,droite,Nyon,Longirod,5429,358,176,0,0,164,121,73.78%,43,26.22%,49.16%
mormont_sub,28.09.25,gauche,Nyon,Longirod,5429,358,176,42,0,134,25,18.66%,109,81.34%,49.16%
mormont,28.09.25,gauche,Nyon,Luins,5858,343,179,18,0,161,53,32.92%,108,67.08%,52.19%
mormont_cp,28.09.25,droite,Nyon,Luins,5858,343,179,17,0,162,108,66.67%,54,33.33%,52.19%
mormont_sub,28.09.25,gauche,Nyon,Luins,5858,343,179,51,0,128,13,10.16%,115,89.84%,52.19%
mormont,28.09.25,gauche,Nyon,Marchissy,5430,335,176,10,0,166,57,34.34%,109,65.66%,52.54%
mormont_cp,28.09.25,droite,Nyon,Marchissy,5430,335,176,15,0,161,118,73.29%,43,26.71%,52.54%
mormont_sub,28.09.25,gauche,Nyon,Marchissy,5430,335,176,44,0,132,20,15.15%,112,84.85%,52.54%
mormont,28.09.25,gauche,Nyon,Mies,5723,1074,543,10,2,494,174,35.22%,320,64.78%,50.56%
mormont_cp,28.09.25,droite,Nyon,Mies,5723,1074,543,17,2,487,367,75.36%,120,24.64%,50.56%
mormont_sub,28.09.25,gauche,Nyon,Mies,5723,1074,543,32,2,509,83,16.31%,426,83.69%,50.56%
mormont,28.09.25,gauche,Nyon,Mont-sur-Rolle,5859,1593,770,42,0,728,270,37.09%,458,62.91%,48.34%
mormont_cp,28.09.25,droite,Nyon,Mont-sur-Rolle,5859,1593,770,52,0,718,513,71.45%,205,28.55%,48.34%
mormont_sub,28.09.25,gauche,Nyon,Mont-sur-Rolle,5859,1593,770,224,0,546,103,18.86%,443,81.14%,48.34%
mormont,28.09.25,gauche,Nyon,Nyon,5724,11378,4922,152,14,4482,2000,44.62%,2482,55.38%,43.26%
mormont_cp,28.09.25,droite,Nyon,Nyon,5724,11378,4922,122,14,4512,3544,78.55%,968,21.45%,43.26%
mormont_sub,28.09.25,gauche,Nyon,Nyon,5724,11378,4922,255,14,4653,887,19.06%,3766,80.94%,43.26%
mormont,28.09.25,gauche,Nyon,Perroy,5860,911,463,9,2,437,154,35.24%,283,64.76%,50.82%
mormont_cp,28.09.25,droite,Nyon,Perroy,5860,911,463,14,2,432,298,68.98%,134,31.02%,50.82%
mormont_sub,28.09.25,gauche,Nyon,Perroy,5860,911,463,29,2,432,73,16.90%,359,83.10%,50.82%
mormont,28.09.25,gauche,Nyon,Prangins,5725,2410,1363,26,1,1271,488,38.39%,783,61.61%,56.56%
mormont_cp,28.09.25,droite,Nyon,Prangins,5725,2410,1363,41,1,1256,938,74.68%,318,25.32%,56.56%
mormont_sub,28.09.25,gauche,Nyon,Prangins,5725,2410,1363,72,1,1290,258,20.00%,1032,80.00%,56.56%
mormont,28.09.25,gauche,Nyon,Rolle,5861,3244,1490,33,4,1356,551,40.63%,805,59.37%,45.93%
mormont_cp,28.09.25,droite,Nyon,Rolle,5861,3244,1490,47,4,1342,1003,74.74%,339,25.26%,45.93%
mormont_sub,28.09.25,gauche,Nyon,Rolle,5861,3244,1490,75,4,1411,254,18.00%,1157,82.00%,45.93%
mormont,28.09.25,gauche,Nyon,Saint-Cergue,5727,1646,719,38,0,681,297,43.61%,384,56.39%,43.68%
mormont_cp,28.09.25,droite,Nyon,Saint-Cergue,5727,1646,719,40,0,679,485,71.43%,194,28.57%,43.68%
mormont_sub,28.09.25,gauche,Nyon,Saint-Cergue,5727,1646,719,210,0,509,118,23.18%,391,76.82%,43.68%
mormont,28.09.25,gauche,Nyon,Saint-George,5434,665,342,0,0,334,139,41.62%,195,58.38%,51.43%
mormont_cp,28.09.25,droite,Nyon,Saint-George,5434,665,342,5,0,329,227,69.00%,102,31.00%,51.43%
mormont_sub,28.09.25,gauche,Nyon,Saint-George,5434,665,342,82,0,260,44,16.92%,216,83.08%,51.43%
mormont,28.09.25,gauche,Nyon,Signy-Avenex,5728,368,174,6,4,164,50,30.49%,114,69.51%,47.28%
mormont_cp,28.09.25,droite,Nyon,Signy-Avenex,5728,368,174,8,4,162,114,70.37%,48,29.63%,47.28%
mormont_sub,28.09.25,gauche,Nyon,Signy-Avenex,5728,368,174,49,4,121,19,15.70%,102,84.30%,47.28%
mormont,28.09.25,gauche,Nyon,Tannay,5729,927,530,61,0,469,169,36.03%,300,63.97%,57.17%
mormont_cp,28.09.25,droite,Nyon,Tannay,5729,927,530,53,0,477,368,77.15%,109,22.85%,57.17%
mormont_sub,28.09.25,gauche,Nyon,Tannay,5729,927,530,150,0,380,59,15.53%,321,84.47%,57.17%
mormont,28.09.25,gauche,Nyon,Tartegnin,5862,139,67,2,0,63,17,26.98%,46,73.02%,48.20%
mormont_cp,28.09.25,droite,Nyon,Tartegnin,5862,139,67,3,0,62,40,64.52%,22,35.48%,48.20%
mormont_sub,28.09.25,gauche,Nyon,Tartegnin,5862,139,67,21,0,46,5,10.87%,41,89.13%,48.20%
mormont,28.09.25,gauche,Nyon,Trélex,5730,911,563,10,1,514,199,38.72%,315,61.28%,61.80%
mormont_cp,28.09.25,droite,Nyon,Trélex,5730,911,563,13,1,511,385,75.34%,126,24.66%,61.80%
mormont_sub,28.09.25,gauche,Nyon,Trélex,5730,911,563,20,1,542,112,20.66%,430,79.34%,61.80%
mormont,28.09.25,gauche,Nyon,Vich,5732,658,359,7,0,324,117,36.11%,207,63.89%,54.56%
mormont_cp,28.09.25,droite,Nyon,Vich,5732,658,359,12,0,319,251,78.68%,68,21.32%,54.56%
mormont_sub,28.09.25,gauche,Nyon,Vich,5732,658,359,20,0,339,57,16.81%,282,83.19%,54.56%
mormont,28.09.25,gauche,Nyon,Vinzel,5863,240,134,1,0,118,34,28.81%,84,71.19%,55.83%
mormont_cp,28.09.25,droite,Nyon,Vinzel,5863,240,134,0,0,119,91,76.47%,28,23.53%,55.83%
mormont_sub,28.09.25,gauche,Nyon,Vinzel,5863,240,134,24,0,110,27,24.55%,83,75.45%,55.83%
mormont,28.09.25,gauche,Ouest lausannois,Bussigny,5624,5625,2430,45,9,2243,956,42.62%,1287,57.38%,43.20%
mormont_cp,28.09.25,droite,Ouest lausannois,Bussigny,5624,5625,2430,92,9,2196,1631,74.27%,565,25.73%,43.20%
mormont_sub,28.09.25,gauche,Ouest lausannois,Bussigny,5624,5625,2430,144,9,2277,465,20.42%,1812,79.58%,43.20%
mormont,28.09.25,gauche,Ouest lausannois,Chavannes-près-Renens,5627,3610,1108,28,2,1015,538,53.00%,477,47.00%,30.69%
mormont_cp,28.09.25,droite,Ouest lausannois,Chavannes-près-Renens,5627,3610,1108,32,2,1011,758,74.98%,253,25.02%,30.69%
mormont_sub,28.09.25,gauche,Ouest lausannois,Chavannes-près-Renens,5627,3610,1108,72,2,1034,298,28.82%,736,71.18%,30.69%
mormont,28.09.25,gauche,Ouest lausannois,Crissier,5583,4807,1842,41,4,1699,724,42.61%,975,57.39%,38.32%
mormont_cp,28.09.25,droite,Ouest lausannois,Crissier,5583,4807,1842,53,4,1687,1232,73.03%,455,26.97%,38.32%
mormont_sub,28.09.25,gauche,Ouest lausannois,Crissier,5583,4807,1842,106,4,1732,389,22.46%,1343,77.54%,38.32%
mormont,28.09.25,gauche,Ouest lausannois,Ecublens VD,5635,5699,2327,49,5,2155,974,45.20%,1181,54.80%,40.83%
mormont_cp,28.09.25,droite,Ouest lausannois,Ecublens VD,5635,5699,2327,62,5,2142,1616,75.44%,526,24.56%,40.83%
mormont_sub,28.09.25,gauche,Ouest lausannois,Ecublens VD,5635,5699,2327,108,5,2214,444,20.05%,1770,79.95%,40.83%
mormont,28.09.25,gauche,Ouest lausannois,Prilly,5589,5942,2422,59,6,2255,1103,48.91%,1152,51.09%,40.76%
mormont_cp,28.09.25,droite,Ouest lausannois,Prilly,5589,5942,2422,62,6,2252,1694,75.22%,558,24.78%,40.76%
mormont_sub,28.09.25,gauche,Ouest lausannois,Prilly,5589,5942,2422,144,6,2272,528,23.24%,1744,76.76%,40.76%
mormont,28.09.25,gauche,Ouest lausannois,Renens VD,5591,8709,3023,74,7,2799,1507,53.84%,1292,46.16%,34.71%
mormont_cp,28.09.25,droite,Ouest lausannois,Renens VD,5591,8709,3023,84,7,2789,2095,75.12%,694,24.88%,34.71%
mormont_sub,28.09.25,gauche,Ouest lausannois,Renens VD,5591,8709,3023,148,7,2868,795,27.72%,2073,72.28%,34.71%
mormont,28.09.25,gauche,Ouest lausannois,Saint-Sulpice,5648,2260,1307,28,0,1228,446,36.32%,782,63.68%,57.83%
mormont_cp,28.09.25,droite,Ouest lausannois,Saint-Sulpice,5648,2260,1307,41,0,1215,886,72.92%,329,27.08%,57.83%
mormont_sub,28.09.25,gauche,Ouest lausannois,Saint-Sulpice,5648,2260,1307,56,0,1251,220,17.59%,1031,82.41%,57.83%
mormont,28.09.25,gauche,Ouest lausannois,Villars-Sainte-Croix,5651,564,272,11,0,261,79,30.27%,182,69.73%,48.23%
mormont_cp,28.09.25,droite,Ouest lausannois,Villars-Sainte-Croix,5651,564,272,17,0,255,156,61.18%,99,38.82%,48.23%
mormont_sub,28.09.25,gauche,Ouest lausannois,Villars-Sainte-Croix,5651,564,272,92,0,180,19,10.56%,161,89.44%,48.23%
mormont,28.09.25,gauche,Vevey,Blonay - Saint-Légier,5892,7736,4221,86,6,3883,1363,35.10%,2520,64.90%,54.56%
mormont_cp,28.09.25,droite,Vevey,Blonay - Saint-Légier,5892,7736,4221,116,6,3853,2878,74.70%,975,25.30%,54.56%
mormont_sub,28.09.25,gauche,Vevey,Blonay - Saint-Légier,5892,7736,4221,228,6,3987,639,16.03%,3348,83.97%,54.56%
mormont,28.09.25,gauche,Vevey,Chardonne,5882,2129,1096,0,1,1037,385,37.13%,652,62.87%,51.48%
mormont_cp,28.09.25,droite,Vevey,Chardonne,5882,2129,1096,2,1,1035,765,73.91%,270,26.09%,51.48%
mormont_sub,28.09.25,gauche,Vevey,Chardonne,5882,2129,1096,79,1,1016,166,16.34%,850,83.66%,51.48%
mormont,28.09.25,gauche,Pays-d'Enhaut,Château-d'Oex,5841,2054,881,25,0,788,180,22.84%,608,77.16%,42.89%
mormont_cp,28.09.25,droite,Pays-d'Enhaut,Château-d'Oex,5841,2054,881,45,0,768,473,61.59%,295,38.41%,42.89%
mormont_sub,28.09.25,gauche,Pays-d'Enhaut,Château-d'Oex,5841,2054,881,68,0,813,91,11.19%,722,88.81%,42.89%
mormont,28.09.25,gauche,Vevey,Corseaux,5883,1459,823,16,3,762,262,34.38%,500,65.62%,56.41%
mormont_cp,28.09.25,droite,Vevey,Corseaux,5883,1459,823,24,3,754,572,75.86%,182,24.14%,56.41%
mormont_sub,28.09.25,gauche,Vevey,Corseaux,5883,1459,823,41,3,779,152,19.51%,627,80.49%,56.41%
mormont,28.09.25,gauche,Vevey,Corsier-sur-Vevey,5884,1928,895,20,1,826,333,40.31%,493,59.69%,46.42%
mormont_cp,28.09.25,droite,Vevey,Corsier-sur-Vevey,5884,1928,895,32,1,814,578,71.01%,236,28.99%,46.42%
mormont_sub,28.09.25,gauche,Vevey,Corsier-sur-Vevey,5884,1928,895,42,1,852,183,21.48%,669,78.52%,46.42%
mormont,28.09.25,gauche,Vevey,Jongny,5885,1116,562,35,0,526,176,33.46%,350,66.54%,50.36%
mormont_cp,28.09.25,droite,Vevey,Jongny,5885,1116,562,33,0,528,396,75.00%,132,25.00%,50.36%
mormont_sub,28.09.25,gauche,Vevey,Jongny,5885,1116,562,140,0,422,56,13.27%,366,86.73%,50.36%
mormont,28.09.25,gauche,Vevey,La Tour-de-Peilz,5889,7406,3664,82,7,3381,1467,43.39%,1914,56.61%,49.47%
mormont_cp,28.09.25,droite,Vevey,La Tour-de-Peilz,5889,7406,3664,96,7,3367,2532,75.20%,835,24.80%,49.47%
mormont_sub,28.09.25,gauche,Vevey,La Tour-de-Peilz,5889,7406,3664,197,7,3460,749,21.65%,2711,78.35%,49.47%
mormont,28.09.25,gauche,Vevey,Montreux,5886,12369,5247,123,13,4804,2122,44.17%,2682,55.83%,42.42%
mormont_cp,28.09.25,droite,Vevey,Montreux,5886,12369,5247,153,13,4774,3423,71.70%,1351,28.30%,42.42%
mormont_sub,28.09.25,gauche,Vevey,Montreux,5886,12369,5247,281,13,4953,1115,22.51%,3838,77.49%,42.42%
mormont,28.09.25,gauche,Pays-d'Enhaut,Rossinière,5842,338,132,4,0,128,27,21.09%,101,78.91%,39.05%
mormont_cp,28.09.25,droite,Pays-d'Enhaut,Rossinière,5842,338,132,4,0,128,88,68.75%,40,31.25%,39.05%
mormont_sub,28.09.25,gauche,Pays-d'Enhaut,Rossinière,5842,338,132,32,0,100,10,10.00%,90,90.00%,39.05%
mormont,28.09.25,gauche,Pays-d'Enhaut,Rougemont,5843,447,162,2,0,160,30,18.75%,130,81.25%,36.24%
mormont_cp,28.09.25,droite,Pays-d'Enhaut,Rougemont,5843,447,162,4,0,158,90,56.96%,68,43.04%,36.24%
mormont_sub,28.09.25,gauche,Pays-d'Enhaut,Rougemont,5843,447,162,58,0,104,11,10.58%,93,89.42%,36.24%
mormont,28.09.25,gauche,Vevey,Vevey,5890,9955,3917,88,6,3646,2022,55.46%,1624,44.54%,39.35%
mormont_cp,28.09.25,droite,Vevey,Vevey,5890,9955,3917,106,6,3628,2885,79.52%,743,20.48%,39.35%
mormont_sub,28.09.25,gauche,Vevey,Vevey,5890,9955,3917,201,6,3710,1144,30.84%,2566,69.16%,39.35%
mormont,28.09.25,gauche,Vevey,Veytaux,5891,510,209,13,0,196,95,48.47%,101,51.53%,40.98%
mormont_cp,28.09.25,droite,Vevey,Veytaux,5891,510,209,13,0,196,141,71.94%,55,28.06%,40.98%
mormont_sub,28.09.25,gauche,Vevey,Veytaux,5891,510,209,65,0,144,33,22.92%,111,77.08%,40.98%
droits_pol_etrangers,28.09.25,gauche,Aigle,Aigle,5401,5453,2053,58,2,1993,745,37.38%,1248,62.62%,37.65%
droits_pol_etrangers,28.09.25,gauche,Aigle,Bex,5402,4627,2273,96,1,2176,851,39.11%,1325,60.89%,49.12%
droits_pol_etrangers,28.09.25,gauche,Aigle,Chessel,5403,307,140,6,0,134,44,32.84%,90,67.16%,45.60%
droits_pol_etrangers,28.09.25,gauche,Aigle,Corbeyrier,5404,350,190,7,0,183,72,39.34%,111,60.66%,54.29%
droits_pol_etrangers,28.09.25,gauche,Aigle,Gryon,5405,884,455,30,0,425,161,37.88%,264,62.12%,51.47%
droits_pol_etrangers,28.09.25,gauche,Aigle,Lavey-Morcles,5406,623,270,3,1,266,79,29.70%,187,70.30%,43.34%
droits_pol_etrangers,28.09.25,gauche,Aigle,Leysin,5407,1498,681,34,0,647,282,43.59%,365,56.41%,45.46%
droits_pol_etrangers,28.09.25,gauche,Aigle,Noville,5408,722,294,5,0,289,93,32.18%,196,67.82%,40.72%
droits_pol_etrangers,28.09.25,gauche,Aigle,Ollon VD,5409,4344,2409,94,2,2313,822,35.54%,1491,64.46%,55.46%
droits_pol_etrangers,28.09.25,gauche,Aigle,Ormont-Dessous,5410,819,399,16,2,381,119,31.23%,262,68.77%,48.72%
droits_pol_etrangers,28.09.25,gauche,Aigle,Ormont-Dessus,5411,915,451,14,1,436,157,36.01%,279,63.99%,49.29%
droits_pol_etrangers,28.09.25,gauche,Aigle,Rennaz,5412,499,205,17,1,187,71,37.97%,116,62.03%,41.08%
droits_pol_etrangers,28.09.25,gauche,Aigle,Roche VD,5413,978,379,12,0,367,110,29.97%,257,70.03%,38.75%
droits_pol_etrangers,28.09.25,gauche,Aigle,Villeneuve VD,5414,2799,1106,40,0,1066,428,40.15%,638,59.85%,39.51%
droits_pol_etrangers,28.09.25,gauche,Aigle,Yvorne,5415,695,331,17,0,314,119,37.90%,195,62.10%,47.63%
droits_pol_etrangers,28.09.25,gauche,Broye - Vully,Avenches,5451,2286,859,27,0,832,284,34.13%,548,65.87%,37.58%
droits_pol_etrangers,28.09.25,gauche,Broye - Vully,Bussy-sur-Moudon,5663,178,88,2,0,86,28,32.56%,58,67.44%,49.44%
droits_pol_etrangers,28.09.25,gauche,Broye - Vully,Champtauroz,5812,126,64,5,3,56,23,41.07%,33,58.93%,50.79%
droits_pol_etrangers,28.09.25,gauche,Broye - Vully,Chavannes-sur-Moudon,5665,170,76,2,0,74,9,12.16%,65,87.84%,44.71%
droits_pol_etrangers,28.09.25,gauche,Broye - Vully,Chevroux,5813,348,155,2,0,153,51,33.33%,102,66.67%,44.54%
droits_pol_etrangers,28.09.25,gauche,Broye - Vully,Corcelles-le-Jorat,5785,320,166,7,0,159,57,35.85%,102,64.15%,51.88%
droits_pol_etrangers,28.09.25,gauche,Broye - Vully,Corcelles-près-Payerne,5816,1575,702,27,0,675,179,26.52%,496,73.48%,44.57%
droits_pol_etrangers,28.09.25,gauche,Broye - Vully,Cudrefin,5456,1280,535,19,0,516,194,37.60%,322,62.40%,41.80%
droits_pol_etrangers,28.09.25,gauche,Broye - Vully,Curtilles,5669,213,112,1,0,111,37,33.33%,74,66.67%,52.58%
droits_pol_etrangers,28.09.25,gauche,Broye - Vully,Dompierre VD,5671,160,88,0,0,88,27,30.68%,61,69.32%,55.00%
droits_pol_etrangers,28.09.25,gauche,Broye - Vully,Faoug,5458,568,201,7,0,194,82,42.27%,112,57.73%,35.39%
droits_pol_etrangers,28.09.25,gauche,Broye - Vully,Grandcour,5817,622,264,4,0,260,184,70.77%,76,29.23%,42.44%
droits_pol_etrangers,28.09.25,gauche,Broye - Vully,Henniez,5819,262,81,1,0,80,26,32.50%,54,67.50%,30.92%
droits_pol_etrangers,28.09.25,gauche,Broye - Vully,Hermenches,5673,248,119,2,0,117,26,22.22%,91,77.78%,47.98%
droits_pol_etrangers,28.09.25,gauche,Broye - Vully,Lovatens,5674,117,58,5,0,53,24,45.28%,29,54.72%,49.57%
droits_pol_etrangers,28.09.25,gauche,Broye - Vully,Lucens,5675,2222,900,36,1,863,323,37.43%,540,62.57%,40.50%
droits_pol_etrangers,28.09.25,gauche,Broye - Vully,Missy,5821,243,109,3,0,106,47,44.34%,59,55.66%,44.86%
droits_pol_etrangers,28.09.25,gauche,Broye - Vully,Moudon,5678,2740,934,32,1,901,359,39.84%,542,60.16%,34.09%
droits_pol_etrangers,28.09.25,gauche,Broye - Vully,Payerne,5822,4856,1888,72,1,1815,541,29.81%,1274,70.19%,38.88%
droits_pol_etrangers,28.09.25,gauche,Broye - Vully,Prévonloup,5683,167,65,2,0,63,21,33.33%,42,66.67%,38.92%
droits_pol_etrangers,28.09.25,gauche,Broye - Vully,Ropraz,5798,318,158,6,0,152,53,34.87%,99,65.13%,49.69%
droits_pol_etrangers,28.09.25,gauche,Broye - Vully,Rossenges,5684,54,26,1,0,25,9,36.00%,16,64.00%,48.15%
droits_pol_etrangers,28.09.25,gauche,Broye - Vully,Syens,5688,91,47,0,0,47,17,36.17%,30,63.83%,51.65%
droits_pol_etrangers,28.09.25,gauche,Broye - Vully,Trey,5827,204,86,2,0,84,28,33.33%,56,66.67%,42.16%
droits_pol_etrangers,28.09.25,gauche,Broye - Vully,Treytorrens (Payerne),5828,83,46,1,0,45,8,17.78%,37,82.22%,55.42%
droits_pol_etrangers,28.09.25,gauche,Broye - Vully,Valbroye,5831,2021,898,37,0,861,263,30.55%,598,69.45%,44.43%
droits_pol_etrangers,28.09.25,gauche,Broye - Vully,Villars-le-Comte,5690,96,51,3,0,48,21,43.75%,27,56.25%,53.12%
droits_pol_etrangers,28.09.25,gauche,Broye - Vully,Villarzel,5830,322,147,5,0,142,49,34.51%,93,65.49%,45.65%
droits_pol_etrangers,28.09.25,gauche,Broye - Vully,Vucherens,5692,390,200,7,0,193,75,38.86%,118,61.14%,51.28%
droits_pol_etrangers,28.09.25,gauche,Broye - Vully,Vulliens,5803,418,222,5,0,217,58,26.73%,159,73.27%,53.11%
droits_pol_etrangers,28.09.25,gauche,Broye - Vully,Vully-les-Lacs,5464,2408,1114,83,0,1031,352,34.14%,679,65.86%,46.26%
droits_pol_etrangers,28.09.25,gauche,Gros-de-Vaud,Assens,5511,1136,591,10,0,581,192,33.05%,389,66.95%,52.02%
droits_pol_etrangers,28.09.25,gauche,Gros-de-Vaud,Bercher,5512,886,446,14,1,431,171,39.68%,260,60.32%,50.34%
droits_pol_etrangers,28.09.25,gauche,Gros-de-Vaud,Bettens,5471,412,209,6,2,201,53,26.37%,148,73.63%,50.73%
droits_pol_etrangers,28.09.25,gauche,Gros-de-Vaud,Bottens,5514,861,405,12,0,393,136,34.61%,257,65.39%,47.04%
droits_pol_etrangers,28.09.25,gauche,Gros-de-Vaud,Boulens,5661,266,144,2,0,142,47,33.10%,95,66.90%,54.14%
droits_pol_etrangers,28.09.25,gauche,Gros-de-Vaud,Bournens,5472,373,183,8,0,175,51,29.14%,124,70.86%,49.06%
droits_pol_etrangers,28.09.25,gauche,Gros-de-Vaud,Boussens,5473,650,354,2,1,351,145,41.31%,206,58.69%,54.46%
droits_pol_etrangers,28.09.25,gauche,Gros-de-Vaud,Bretigny-sur-Morrens,5515,552,237,8,0,229,99,43.23%,130,56.77%,42.93%
droits_pol_etrangers,28.09.25,gauche,Gros-de-Vaud,Cugy VD,5516,1678,843,31,9,803,384,47.82%,419,52.18%,50.24%
droits_pol_etrangers,28.09.25,gauche,Gros-de-Vaud,Daillens,5480,696,388,6,0,382,171,44.76%,211,55.24%,55.75%
droits_pol_etrangers,28.09.25,gauche,Gros-de-Vaud,Echallens,5518,4056,1823,60,0,1763,742,42.09%,1021,57.91%,44.95%
droits_pol_etrangers,28.09.25,gauche,Gros-de-Vaud,Essertines-sur-Yverdon,5520,738,345,14,0,331,115,34.74%,216,65.26%,46.75%
droits_pol_etrangers,28.09.25,gauche,Gros-de-Vaud,Etagnières,5521,729,378,15,0,363,171,47.11%,192,52.89%,51.85%
droits_pol_etrangers,28.09.25,gauche,Gros-de-Vaud,Fey,5522,540,240,5,0,235,109,46.38%,126,53.62%,44.44%
droits_pol_etrangers,28.09.25,gauche,Gros-de-Vaud,Froideville,5523,1726,905,33,0,872,314,36.01%,558,63.99%,52.43%
droits_pol_etrangers,28.09.25,gauche,Gros-de-Vaud,Goumoëns,5541,792,416,12,0,404,138,34.16%,266,65.84%,52.53%
droits_pol_etrangers,28.09.25,gauche,Gros-de-Vaud,Jorat-Menthue,5804,1021,506,14,1,491,183,37.27%,308,62.73%,49.56%
droits_pol_etrangers,28.09.25,gauche,Gros-de-Vaud,Lussery-Villars,5487,323,166,8,0,158,75,47.47%,83,52.53%,51.39%
droits_pol_etrangers,28.09.25,gauche,Gros-de-Vaud,Mex VD,5489,494,227,8,2,217,62,28.57%,155,71.43%,45.95%
droits_pol_etrangers,28.09.25,gauche,Gros-de-Vaud,Montanaire,5693,1934,947,19,5,923,318,34.45%,605,65.55%,48.97%
droits_pol_etrangers,28.09.25,gauche,Gros-de-Vaud,Montilliez,5540,1266,600,14,2,584,178,30.48%,406,69.52%,47.39%
droits_pol_etrangers,28.09.25,gauche,Gros-de-Vaud,Morrens VD,5527,766,421,12,0,409,163,39.85%,246,60.15%,54.96%
droits_pol_etrangers,28.09.25,gauche,Gros-de-Vaud,Ogens,5680,223,106,5,0,101,41,40.59%,60,59.41%,47.53%
droits_pol_etrangers,28.09.25,gauche,Gros-de-Vaud,Oppens,5923,127,64,4,0,60,26,43.33%,34,56.67%,50.39%
droits_pol_etrangers,28.09.25,gauche,Gros-de-Vaud,Oulens-sous-Echallens,5529,416,241,4,2,235,89,37.87%,146,62.13%,57.93%
droits_pol_etrangers,28.09.25,gauche,Gros-de-Vaud,Pailly,5530,389,183,12,0,171,42,24.56%,129,75.44%,47.04%
droits_pol_etrangers,28.09.25,gauche,Gros-de-Vaud,Penthalaz,5495,1837,844,28,1,815,332,40.74%,483,59.26%,45.94%
droits_pol_etrangers,28.09.25,gauche,Gros-de-Vaud,Penthaz,5496,1120,553,27,0,526,205,38.97%,321,61.03%,49.38%
droits_pol_etrangers,28.09.25,gauche,Gros-de-Vaud,Penthéréaz,5531,321,178,7,0,171,65,38.01%,106,61.99%,55.45%
droits_pol_etrangers,28.09.25,gauche,Gros-de-Vaud,Poliez-Pittet,5533,543,273,8,0,265,93,35.09%,172,64.91%,50.28%
droits_pol_etrangers,28.09.25,gauche,Gros-de-Vaud,Rueyres,5534,216,134,1,0,133,51,38.35%,82,61.65%,62.04%
droits_pol_etrangers,28.09.25,gauche,Gros-de-Vaud,Saint-Barthélemy VD,5535,538,274,5,0,269,77,28.62%,192,71.38%,50.93%
droits_pol_etrangers,28.09.25,gauche,Gros-de-Vaud,Sullens,5501,748,381,13,0,368,101,27.45%,267,72.55%,50.94%
droits_pol_etrangers,28.09.25,gauche,Gros-de-Vaud,Villars-le-Terroir,5537,901,398,8,0,390,132,33.85%,258,66.15%,44.17%
droits_pol_etrangers,28.09.25,gauche,Gros-de-Vaud,Vuarrens,5539,703,336,15,0,321,104,32.40%,217,67.60%,47.80%
droits_pol_etrangers,28.09.25,gauche,Gros-de-Vaud,Vufflens-la-Ville,5503,911,476,12,0,464,213,45.91%,251,54.09%,52.25%
droits_pol_etrangers,28.09.25,gauche,Yverdon,Agiez,5742,232,115,3,0,112,44,39.29%,68,60.71%,49.57%
droits_pol_etrangers,28.09.25,gauche,Yverdon,Arnex-sur-Orbe,5743,525,225,8,0,217,109,50.23%,108,49.77%,42.86%
droits_pol_etrangers,28.09.25,gauche,Yverdon,Ballaigues,5744,719,346,16,0,330,157,47.58%,173,52.42%,48.12%
droits_pol_etrangers,28.09.25,gauche,Yverdon,Baulmes,5745,762,358,11,0,347,160,46.11%,187,53.89%,46.98%
droits_pol_etrangers,28.09.25,gauche,Yverdon,Bavois,5746,701,324,8,0,316,130,41.14%,186,58.86%,46.22%
droits_pol_etrangers,28.09.25,gauche,Yverdon,Belmont-sur-Yverdon,5902,303,164,0,0,164,48,29.27%,116,70.73%,54.13%
droits_pol_etrangers,28.09.25,gauche,Yverdon,Bioley-Magnoux,5903,187,90,4,0,86,28,32.56%,58,67.44%,48.13%
droits_pol_etrangers,28.09.25,gauche,Yverdon,Bofflens,5747,154,96,1,0,95,32,33.68%,63,66.32%,62.34%
droits_pol_etrangers,28.09.25,gauche,Yverdon,Bonvillars,5551,375,202,2,0,200,78,39.00%,122,61.00%,53.87%
droits_pol_etrangers,28.09.25,gauche,Yverdon,Bretonnières,5748,191,112,3,0,109,50,45.87%,59,54.13%,58.64%
droits_pol_etrangers,28.09.25,gauche,Yverdon,Bullet,5552,521,292,12,2,278,88,31.65%,190,68.35%,56.05%
droits_pol_etrangers,28.09.25,gauche,Yverdon,Chamblon,5904,388,210,3,0,207,82,39.61%,125,60.39%,54.12%
droits_pol_etrangers,28.09.25,gauche,Yverdon,Champagne,5553,715,314,8,0,306,126,41.18%,180,58.82%,43.92%
droits_pol_etrangers,28.09.25,gauche,Yverdon,Champvent,5905,461,227,7,0,220,75,34.09%,145,65.91%,49.24%
droits_pol_etrangers,28.09.25,gauche,Yverdon,Chavannes-le-Chêne,5907,235,108,2,0,106,34,32.08%,72,67.92%,45.96%
droits_pol_etrangers,28.09.25,gauche,Yverdon,Chavornay,5749,3091,1342,57,1,1284,458,35.67%,826,64.33%,43.42%
droits_pol_etrangers,28.09.25,gauche,Yverdon,Cheseaux-Noréaz,5909,500,265,6,0,259,110,42.47%,149,57.53%,53.00%
droits_pol_etrangers,28.09.25,gauche,Yverdon,Chêne-Pâquier,5908,107,57,2,0,55,29,52.73%,26,47.27%,53.27%
droits_pol_etrangers,28.09.25,gauche,Yverdon,Concise,5554,677,331,11,0,320,152,47.50%,168,52.50%,48.89%
droits_pol_etrangers,28.09.25,gauche,Yverdon,Corcelles-près-Concise,5555,295,140,7,0,133,69,51.88%,64,48.12%,47.46%
droits_pol_etrangers,28.09.25,gauche,Yverdon,Cronay,5910,317,169,7,0,162,67,41.36%,95,58.64%,53.31%
droits_pol_etrangers,28.09.25,gauche,Yverdon,Croy,5752,299,155,7,0,148,65,43.92%,83,56.08%,51.84%
droits_pol_etrangers,28.09.25,gauche,Yverdon,Cuarny,5911,169,103,3,0,100,34,34.00%,66,66.00%,60.95%
droits_pol_etrangers,28.09.25,gauche,Yverdon,Donneloye,5913,600,314,8,0,306,136,44.44%,170,55.56%,52.33%
droits_pol_etrangers,28.09.25,gauche,Yverdon,Démoret,5912,128,74,2,0,72,26,36.11%,46,63.89%,57.81%
droits_pol_etrangers,28.09.25,gauche,Yverdon,Ependes VD,5914,237,117,3,0,114,39,34.21%,75,65.79%,49.37%
droits_pol_etrangers,28.09.25,gauche,Yverdon,Fiez,5556,307,155,7,0,148,80,54.05%,68,45.95%,50.49%
droits_pol_etrangers,28.09.25,gauche,Yverdon,Fontaines-sur-Grandson,5557,156,70,2,0,68,26,38.24%,42,61.76%,44.87%
droits_pol_etrangers,28.09.25,gauche,Yverdon,Giez,5559,314,150,5,0,145,58,40.00%,87,60.00%,47.77%
droits_pol_etrangers,28.09.25,gauche,Yverdon,Grandevent,5560,161,94,2,0,92,46,50.00%,46,50.00%,58.39%
droits_pol_etrangers,28.09.25,gauche,Yverdon,Grandson,5561,2221,1022,43,0,979,436,44.54%,543,55.46%,46.02%
droits_pol_etrangers,28.09.25,gauche,Yverdon,Juriens,5754,256,126,11,0,115,46,40.00%,69,60.00%,49.22%
droits_pol_etrangers,28.09.25,gauche,La Vallée,L'Abbaye,5871,1066,531,20,0,511,211,41.29%,300,58.71%,49.81%
droits_pol_etrangers,28.09.25,gauche,Yverdon,L'Abergement,5741,197,127,5,0,122,53,43.44%,69,56.56%,64.47%
droits_pol_etrangers,28.09.25,gauche,Yverdon,La Praz,5758,141,88,0,0,88,39,44.32%,49,55.68%,62.41%
droits_pol_etrangers,28.09.25,gauche,La Vallée,Le Chenit,5872,2815,1687,75,1,1611,675,41.90%,936,58.10%,59.93%
droits_pol_etrangers,28.09.25,gauche,La Vallée,Le Lieu,5873,644,350,6,0,344,150,43.60%,194,56.40%,54.35%
droits_pol_etrangers,28.09.25,gauche,Yverdon,Les Clées,5750,137,77,1,0,76,45,59.21%,31,40.79%,56.20%
droits_pol_etrangers,28.09.25,gauche,Yverdon,Lignerolle,5755,275,131,0,0,131,42,32.06%,89,67.94%,47.64%
droits_pol_etrangers,28.09.25,gauche,Yverdon,Mathod,5919,471,257,12,0,245,96,39.18%,149,60.82%,54.56%
droits_pol_etrangers,28.09.25,gauche,Yverdon,Mauborget,5562,96,55,2,0,53,13,24.53%,40,75.47%,57.29%
droits_pol_etrangers,28.09.25,gauche,Yverdon,Molondin,5921,169,92,2,0,90,41,45.56%,49,54.44%,54.44%
droits_pol_etrangers,28.09.25,gauche,Yverdon,Montagny-près-Yverdon,5922,519,224,5,0,219,92,42.01%,127,57.99%,43.16%
droits_pol_etrangers,28.09.25,gauche,Yverdon,Montcherand,5756,336,170,8,1,161,65,40.37%,96,59.63%,50.60%
droits_pol_etrangers,28.09.25,gauche,Yverdon,Mutrux,5563,94,27,0,0,27,12,44.44%,15,55.56%,28.72%
droits_pol_etrangers,28.09.25,gauche,Yverdon,Novalles,5564,74,40,0,0,40,15,37.50%,25,62.50%,54.05%
droits_pol_etrangers,28.09.25,gauche,Yverdon,Onnens VD,5565,363,168,6,0,162,76,46.91%,86,53.09%,46.28%
droits_pol_etrangers,28.09.25,gauche,Yverdon,Orbe,5757,4127,1663,71,1,1591,636,39.97%,955,60.03%,40.30%
droits_pol_etrangers,28.09.25,gauche,Yverdon,Orges,5924,285,121,2,0,119,40,33.61%,79,66.39%,42.46%
droits_pol_etrangers,28.09.25,gauche,Yverdon,Orzens,5925,153,92,4,0,88,38,43.18%,50,56.82%,60.13%
droits_pol_etrangers,28.09.25,gauche,Yverdon,Pomy,5926,607,303,8,0,295,102,34.58%,193,65.42%,49.92%
droits_pol_etrangers,28.09.25,gauche,Yverdon,Premier,5759,165,109,9,0,100,45,45.00%,55,55.00%,66.06%
droits_pol_etrangers,28.09.25,gauche,Yverdon,Provence,5566,302,115,3,0,112,41,36.61%,71,63.39%,38.08%
droits_pol_etrangers,28.09.25,gauche,Yverdon,Rances,5760,364,202,4,2,196,72,36.73%,124,63.27%,55.49%
droits_pol_etrangers,28.09.25,gauche,Yverdon,Romainmôtier-Envy,5761,381,200,6,4,190,98,51.58%,92,48.42%,52.49%
droits_pol_etrangers,28.09.25,gauche,Yverdon,Rovray,5928,132,84,1,0,83,23,27.71%,60,72.29%,63.64%
droits_pol_etrangers,28.09.25,gauche,Yverdon,Sainte-Croix,5568,3271,1420,49,0,1371,578,42.16%,793,57.84%,43.41%
droits_pol_etrangers,28.09.25,gauche,Yverdon,Sergey,5762,113,60,2,0,58,16,27.59%,42,72.41%,53.10%
droits_pol_etrangers,28.09.25,gauche,Yverdon,Suchy,5929,418,205,5,0,200,76,38.00%,124,62.00%,49.04%
droits_pol_etrangers,28.09.25,gauche,Yverdon,Suscévaz,5930,152,115,7,0,108,41,37.96%,67,62.04%,75.66%
droits_pol_etrangers,28.09.25,gauche,Yverdon,Treycovagnes,5931,331,146,2,0,144,60,41.67%,84,58.33%,44.11%
droits_pol_etrangers,28.09.25,gauche,Yverdon,Tévenon,5571,579,312,20,0,292,131,44.86%,161,55.14%,53.89%
droits_pol_etrangers,28.09.25,gauche,Yverdon,Ursins,5932,155,86,1,0,85,17,20.00%,68,80.00%,55.48%
droits_pol_etrangers,28.09.25,gauche,Yverdon,Valeyres-sous-Montagny,5933,477,223,2,0,221,145,65.61%,76,34.39%,46.75%
droits_pol_etrangers,28.09.25,gauche,Yverdon,Valeyres-sous-Rances,5763,398,197,4,0,193,77,39.90%,116,60.10%,49.50%
droits_pol_etrangers,28.09.25,gauche,Yverdon,Valeyres-sous-Ursins,5934,188,105,0,0,105,41,39.05%,64,60.95%,55.85%
droits_pol_etrangers,28.09.25,gauche,Yverdon,Vallorbe,5764,2238,873,18,0,855,281,32.87%,574,67.13%,39.01%
droits_pol_etrangers,28.09.25,gauche,Yverdon,Vaulion,5765,331,163,7,0,156,49,31.41%,107,68.59%,49.24%
droits_pol_etrangers,28.09.25,gauche,Yverdon,Villars-Epeney,5935,68,38,1,0,37,14,37.84%,23,62.16%,55.88%
droits_pol_etrangers,28.09.25,gauche,Yverdon,Vugelles-La Mothe,5937,95,48,1,0,47,16,34.04%,31,65.96%,50.53%
droits_pol_etrangers,28.09.25,gauche,Yverdon,Vuiteboeuf,5766,392,170,7,0,163,60,36.81%,103,63.19%,43.37%
droits_pol_etrangers,28.09.25,gauche,Yverdon,Yverdon-les-Bains,5938,15003,5796,217,9,5570,2676,48.04%,2894,51.96%,38.63%
droits_pol_etrangers,28.09.25,gauche,Yverdon,Yvonand,5939,2349,1046,24,0,1022,443,43.35%,579,56.65%,44.53%
droits_pol_etrangers,28.09.25,gauche,Romanel,Cheseaux-sur-Lausanne,5582,2931,1388,49,1,1338,565,42.23%,773,57.77%,47.36%
droits_pol_etrangers,28.09.25,gauche,Romanel,Epalinges,5584,5502,2902,117,1,2784,1248,44.83%,1536,55.17%,52.74%
droits_pol_etrangers,28.09.25,gauche,Romanel,Jouxtens-Mézery,5585,971,597,24,0,573,235,41.01%,338,58.99%,61.48%
droits_pol_etrangers,28.09.25,gauche,Lausanne-Ville,Lausanne,5586,68067,27242,875,27,26340,15301,58.09%,11039,41.91%,40.02%
droits_pol_etrangers,28.09.25,gauche,Romanel,Le Mont-sur-Lausanne,5587,5345,2585,117,0,2468,1001,40.56%,1467,59.44%,48.36%
droits_pol_etrangers,28.09.25,gauche,Romanel,Romanel-sur-Lausanne,5592,2480,1111,37,2,1072,418,38.99%,654,61.01%,44.80%
droits_pol_etrangers,28.09.25,gauche,Lavaux - Oron,Belmont-sur-Lausanne,5581,2366,1289,57,0,1232,546,44.32%,686,55.68%,54.48%
droits_pol_etrangers,28.09.25,gauche,Lavaux - Oron,Bourg-en-Lavaux,5613,3594,1941,80,1,1860,876,47.10%,984,52.90%,54.01%
droits_pol_etrangers,28.09.25,gauche,Lavaux - Oron,Chexbres,5601,1409,686,12,1,673,310,46.06%,363,53.94%,48.69%
droits_pol_etrangers,28.09.25,gauche,Lavaux - Oron,Forel (Lavaux),5604,1316,726,24,2,700,227,32.43%,473,67.57%,55.17%
droits_pol_etrangers,28.09.25,gauche,Lavaux - Oron,Jorat-Mézières,5806,2125,1065,48,0,1017,406,39.92%,611,60.08%,50.12%
droits_pol_etrangers,28.09.25,gauche,Lavaux - Oron,Lutry,5606,6474,3512,111,2,3399,1388,40.84%,2011,59.16%,54.25%
droits_pol_etrangers,28.09.25,gauche,Lavaux - Oron,Maracon,5790,384,230,8,0,222,101,45.50%,121,54.50%,59.90%
droits_pol_etrangers,28.09.25,gauche,Lavaux - Oron,Montpreveyres,5792,417,206,4,0,202,82,40.59%,120,59.41%,49.40%
droits_pol_etrangers,28.09.25,gauche,Lavaux - Oron,Oron,5805,3800,1797,73,0,1724,710,41.18%,1014,58.82%,47.29%
droits_pol_etrangers,28.09.25,gauche,Lavaux - Oron,Paudex,5588,812,382,8,0,374,147,39.30%,227,60.70%,47.04%
droits_pol_etrangers,28.09.25,gauche,Lavaux - Oron,Puidoux,5607,1656,788,26,0,762,309,40.55%,453,59.45%,47.58%
droits_pol_etrangers,28.09.25,gauche,Lavaux - Oron,Pully,5590,10857,5690,198,7,5485,2422,44.16%,3063,55.84%,52.41%
droits_pol_etrangers,28.09.25,gauche,Lavaux - Oron,Rivaz,5609,243,141,1,0,140,60,42.86%,80,57.14%,58.02%
droits_pol_etrangers,28.09.25,gauche,Lavaux - Oron,Saint-Saphorin (Lavaux),5610,264,144,3,0,141,69,48.94%,72,51.06%,54.55%
droits_pol_etrangers,28.09.25,gauche,Lavaux - Oron,Savigny,5611,2224,1228,40,3,1185,489,41.27%,696,58.73%,55.22%
droits_pol_etrangers,28.09.25,gauche,Lavaux - Oron,Servion,5799,1438,768,39,0,729,321,44.03%,408,55.97%,53.41%
droits_pol_etrangers,28.09.25,gauche,Morges,Aclens,5621,359,180,5,0,175,72,41.14%,103,58.86%,50.14%
droits_pol_etrangers,28.09.25,gauche,Morges,Allaman,5851,255,124,1,0,123,54,43.90%,69,56.10%,48.63%
droits_pol_etrangers,28.09.25,gauche,Morges,Aubonne,5422,2131,1102,40,0,1062,461,43.41%,601,56.59%,51.71%
droits_pol_etrangers,28.09.25,gauche,Morges,Ballens,5423,374,217,7,0,210,78,37.14%,132,62.86%,58.02%
droits_pol_etrangers,28.09.25,gauche,Morges,Berolle,5424,201,107,7,0,100,45,45.00%,55,55.00%,53.23%
droits_pol_etrangers,28.09.25,gauche,Morges,Bière,5425,907,429,12,9,408,115,28.19%,293,71.81%,47.30%
droits_pol_etrangers,28.09.25,gauche,Morges,Bougy-Villars,5426,308,145,2,0,143,45,31.47%,98,68.53%,47.08%
droits_pol_etrangers,28.09.25,gauche,Morges,Bremblens,5622,407,227,7,0,220,83,37.73%,137,62.27%,55.77%
droits_pol_etrangers,28.09.25,gauche,Morges,Buchillon,5623,427,252,9,0,243,94,38.68%,149,61.32%,59.02%
droits_pol_etrangers,28.09.25,gauche,Morges,Chavannes-le-Veyron,5475,108,70,3,0,67,30,44.78%,37,55.22%,64.81%
droits_pol_etrangers,28.09.25,gauche,Morges,Chevilly,5476,227,122,4,0,118,48,40.68%,70,59.32%,53.74%
droits_pol_etrangers,28.09.25,gauche,Morges,Chigny,5628,249,133,5,0,128,62,48.44%,66,51.56%,53.41%
droits_pol_etrangers,28.09.25,gauche,Morges,Clarmont,5629,140,60,0,0,60,28,46.67%,32,53.33%,42.86%
droits_pol_etrangers,28.09.25,gauche,Morges,Cossonay,5477,2935,1449,60,0,1389,623,44.85%,766,55.15%,49.37%
droits_pol_etrangers,28.09.25,gauche,Morges,Cuarnens,5479,360,190,3,3,184,81,44.02%,103,55.98%,52.78%
droits_pol_etrangers,28.09.25,gauche,Morges,Denens,5631,493,282,5,0,277,129,46.57%,148,53.43%,57.20%
droits_pol_etrangers,28.09.25,gauche,Morges,Denges,5632,990,495,11,0,484,238,49.17%,246,50.83%,50.00%
droits_pol_etrangers,28.09.25,gauche,Morges,Dizy,5481,165,90,2,0,88,48,54.55%,40,45.45%,54.55%
droits_pol_etrangers,28.09.25,gauche,Morges,Echandens,5633,1694,849,22,1,826,307,37.17%,519,62.83%,50.12%
droits_pol_etrangers,28.09.25,gauche,Morges,Echichens,5634,2018,1106,28,2,1076,476,44.24%,600,55.76%,54.81%
droits_pol_etrangers,28.09.25,gauche,Morges,Eclépens,5482,708,412,9,1,402,167,41.54%,235,58.46%,58.19%
droits_pol_etrangers,28.09.25,gauche,Morges,Etoy,5636,1687,892,38,0,854,378,44.26%,476,55.74%,52.87%
droits_pol_etrangers,28.09.25,gauche,Morges,Ferreyres,5483,222,131,4,0,127,63,49.61%,64,50.39%,59.01%
droits_pol_etrangers,28.09.25,gauche,Morges,Féchy,5427,496,272,4,0,268,102,38.06%,166,61.94%,54.84%
droits_pol_etrangers,28.09.25,gauche,Morges,Gimel,5428,1361,714,38,0,676,260,38.46%,416,61.54%,52.46%
droits_pol_etrangers,28.09.25,gauche,Morges,Gollion,5484,697,360,13,1,346,142,41.04%,204,58.96%,51.65%
droits_pol_etrangers,28.09.25,gauche,Morges,Grancy,5485,332,183,7,0,176,66,37.50%,110,62.50%,55.12%
droits_pol_etrangers,28.09.25,gauche,Morges,Hautemorges,5656,2841,1463,59,0,1404,557,39.67%,847,60.33%,51.50%
droits_pol_etrangers,28.09.25,gauche,Morges,L'Isle,5486,755,362,4,0,358,144,40.22%,214,59.78%,47.95%
droits_pol_etrangers,28.09.25,gauche,Morges,La Chaux (Cossonay),5474,288,137,6,0,131,55,41.98%,76,58.02%,47.57%
droits_pol_etrangers,28.09.25,gauche,Morges,La Sarraz,5498,1460,656,27,0,629,299,47.54%,330,52.46%,44.93%
droits_pol_etrangers,28.09.25,gauche,Morges,Lavigny,5637,593,324,5,0,319,147,46.08%,172,53.92%,54.64%
droits_pol_etrangers,28.09.25,gauche,Morges,Lonay,5638,1770,865,22,13,830,329,39.64%,501,60.36%,48.87%
droits_pol_etrangers,28.09.25,gauche,Morges,Lully VD,5639,543,324,7,0,317,161,50.79%,156,49.21%,59.67%
droits_pol_etrangers,28.09.25,gauche,Morges,Lussy-sur-Morges,5640,451,256,7,0,249,127,51.00%,122,49.00%,56.76%
droits_pol_etrangers,28.09.25,gauche,Morges,Mauraz,5488,40,21,1,0,20,11,55.00%,9,45.00%,52.50%
droits_pol_etrangers,28.09.25,gauche,Morges,Moiry VD,5490,218,125,3,0,122,64,52.46%,58,47.54%,57.34%
droits_pol_etrangers,28.09.25,gauche,Morges,Mollens VD,5431,220,109,1,1,107,43,40.19%,64,59.81%,49.55%
droits_pol_etrangers,28.09.25,gauche,Morges,Mont-la-Ville,5491,337,184,4,0,180,72,40.00%,108,60.00%,54.60%
droits_pol_etrangers,28.09.25,gauche,Morges,Montricher,5492,655,359,11,1,347,120,34.58%,227,65.42%,54.81%
droits_pol_etrangers,28.09.25,gauche,Morges,Morges,5642,9149,4318,160,19,4139,1996,48.22%,2143,51.78%,47.20%
droits_pol_etrangers,28.09.25,gauche,Morges,Orny,5493,326,162,6,0,156,79,50.64%,77,49.36%,49.69%
droits_pol_etrangers,28.09.25,gauche,Morges,Pompaples,5497,513,253,13,0,240,82,34.17%,158,65.83%,49.32%
droits_pol_etrangers,28.09.25,gauche,Morges,Préverenges,5643,2936,1411,67,2,1342,600,44.71%,742,55.29%,48.06%
droits_pol_etrangers,28.09.25,gauche,Morges,Romanel-sur-Morges,5645,327,182,5,0,177,51,28.81%,126,71.19%,55.66%
droits_pol_etrangers,28.09.25,gauche,Morges,Saint-Livres,5435,476,255,7,1,247,90,36.44%,157,63.56%,53.57%
droits_pol_etrangers,28.09.25,gauche,Morges,Saint-Oyens,5436,295,223,4,6,213,91,42.72%,122,57.28%,75.59%
droits_pol_etrangers,28.09.25,gauche,Morges,Saint-Prex,5646,3011,1551,83,1,1467,628,42.81%,839,57.19%,51.51%
droits_pol_etrangers,28.09.25,gauche,Morges,Saubraz,5437,255,136,4,0,132,54,40.91%,78,59.09%,53.33%
droits_pol_etrangers,28.09.25,gauche,Morges,Senarclens,5499,309,152,7,1,144,38,26.39%,106,73.61%,49.19%
droits_pol_etrangers,28.09.25,gauche,Morges,Tolochenaz,5649,1075,549,27,0,522,231,44.25%,291,55.75%,51.07%
droits_pol_etrangers,28.09.25,gauche,Morges,Vaux-sur-Morges,5650,129,74,1,0,73,42,57.53%,31,42.47%,57.36%
droits_pol_etrangers,28.09.25,gauche,Morges,Villars-sous-Yens,5652,383,209,3,0,206,78,37.86%,128,62.14%,54.57%
droits_pol_etrangers,28.09.25,gauche,Morges,Vufflens-le-Château,5653,570,395,9,8,378,142,37.57%,236,62.43%,69.30%
droits_pol_etrangers,28.09.25,gauche,Morges,Vullierens,5654,362,209,10,0,199,78,39.20%,121,60.80%,57.73%
droits_pol_etrangers,28.09.25,gauche,Morges,Yens,5655,902,474,14,4,456,172,37.72%,284,62.28%,52.55%
droits_pol_etrangers,28.09.25,gauche,Nyon,Arnex-sur-Nyon,5701,179,81,2,0,79,36,45.57%,43,54.43%,45.25%
droits_pol_etrangers,28.09.25,gauche,Nyon,Arzier - Le Muids,5702,1702,1019,52,0,967,371,38.37%,596,61.63%,59.87%
droits_pol_etrangers,28.09.25,gauche,Nyon,Bassins,5703,881,496,25,0,471,209,44.37%,262,55.63%,56.30%
droits_pol_etrangers,28.09.25,gauche,Nyon,Begnins,5704,1214,585,27,0,558,230,41.22%,328,58.78%,48.19%
droits_pol_etrangers,28.09.25,gauche,Nyon,Bogis-Bossey,5705,491,249,4,0,245,105,42.86%,140,57.14%,50.71%
droits_pol_etrangers,28.09.25,gauche,Nyon,Borex,5706,675,358,5,0,353,154,43.63%,199,56.37%,53.04%
droits_pol_etrangers,28.09.25,gauche,Nyon,Bursinel,5852,313,156,2,2,152,48,31.58%,104,68.42%,49.84%
droits_pol_etrangers,28.09.25,gauche,Nyon,Bursins,5853,478,243,3,3,237,102,43.04%,135,56.96%,50.84%
droits_pol_etrangers,28.09.25,gauche,Nyon,Burtigny,5854,249,135,5,5,125,65,52.00%,60,48.00%,54.22%
droits_pol_etrangers,28.09.25,gauche,Nyon,Chavannes-de-Bogis,5707,662,329,6,0,323,112,34.67%,211,65.33%,49.70%
droits_pol_etrangers,28.09.25,gauche,Nyon,Chavannes-des-Bois,5708,478,264,10,0,254,95,37.40%,159,62.60%,55.23%
droits_pol_etrangers,28.09.25,gauche,Nyon,Chéserex,5709,766,389,15,2,372,151,40.59%,221,59.41%,50.78%
droits_pol_etrangers,28.09.25,gauche,Nyon,Coinsins,5710,329,163,6,0,157,47,29.94%,110,70.06%,49.54%
droits_pol_etrangers,28.09.25,gauche,Nyon,Commugny,5711,1466,756,30,0,726,275,37.88%,451,62.12%,51.57%
droits_pol_etrangers,28.09.25,gauche,Nyon,Coppet,5712,1633,883,43,0,840,314,37.38%,526,62.62%,54.07%
droits_pol_etrangers,28.09.25,gauche,Nyon,Crans,5713,1367,743,10,0,733,265,36.15%,468,63.85%,54.35%
droits_pol_etrangers,28.09.25,gauche,Nyon,Crassier,5714,727,383,9,0,374,158,42.25%,216,57.75%,52.68%
droits_pol_etrangers,28.09.25,gauche,Nyon,Duillier,5715,658,373,14,0,359,160,44.57%,199,55.43%,56.69%
droits_pol_etrangers,28.09.25,gauche,Nyon,Dully,5855,364,183,5,0,178,59,33.15%,119,66.85%,50.27%
droits_pol_etrangers,28.09.25,gauche,Nyon,Essertines-sur-Rolle,5856,445,236,5,14,217,84,38.71%,133,61.29%,53.03%
droits_pol_etrangers,28.09.25,gauche,Nyon,Eysins,5716,961,520,25,0,495,210,42.42%,285,57.58%,54.11%
droits_pol_etrangers,28.09.25,gauche,Nyon,Founex,5717,1759,969,41,0,928,365,39.33%,563,60.67%,55.09%
droits_pol_etrangers,28.09.25,gauche,Nyon,Genolier,5718,1178,661,13,0,648,251,38.73%,397,61.27%,56.11%
droits_pol_etrangers,28.09.25,gauche,Nyon,Gilly,5857,829,457,10,31,416,150,36.06%,266,63.94%,55.13%
droits_pol_etrangers,28.09.25,gauche,Nyon,Gingins,5719,781,434,7,0,427,153,35.83%,274,64.17%,55.57%
droits_pol_etrangers,28.09.25,gauche,Nyon,Givrins,5720,686,381,5,0,376,157,41.76%,219,58.24%,55.54%
droits_pol_etrangers,28.09.25,gauche,Nyon,Gland,5721,7254,3333,175,1,3157,1290,40.86%,1867,59.14%,45.95%
droits_pol_etrangers,28.09.25,gauche,Nyon,Grens,5722,259,137,0,2,135,65,48.15%,70,51.85%,52.90%
droits_pol_etrangers,28.09.25,gauche,Nyon,La Rippe,5726,734,382,9,0,373,144,38.61%,229,61.39%,52.04%
droits_pol_etrangers,28.09.25,gauche,Nyon,Le Vaud,5731,903,507,26,1,480,201,41.88%,279,58.13%,56.15%
droits_pol_etrangers,28.09.25,gauche,Nyon,Longirod,5429,358,179,7,0,172,84,48.84%,88,51.16%,50.00%
droits_pol_etrangers,28.09.25,gauche,Nyon,Luins,5858,343,179,7,0,172,67,38.95%,105,61.05%,52.19%
droits_pol_etrangers,28.09.25,gauche,Nyon,Marchissy,5430,335,176,6,2,168,75,44.64%,93,55.36%,52.54%
droits_pol_etrangers,28.09.25,gauche,Nyon,Mies,5723,1074,543,38,1,504,170,33.73%,334,66.27%,50.56%
droits_pol_etrangers,28.09.25,gauche,Nyon,Mont-sur-Rolle,5859,1593,773,20,0,753,290,38.51%,463,61.49%,48.52%
droits_pol_etrangers,28.09.25,gauche,Nyon,Nyon,5724,11378,4922,192,7,4723,2328,49.29%,2395,50.71%,43.26%
droits_pol_etrangers,28.09.25,gauche,Nyon,Perroy,5860,911,463,5,0,458,153,33.41%,305,66.59%,50.82%
droits_pol_etrangers,28.09.25,gauche,Nyon,Prangins,5725,2410,1363,52,1,1310,587,44.81%,723,55.19%,56.56%
droits_pol_etrangers,28.09.25,gauche,Nyon,Rolle,5861,3244,1490,56,1,1433,611,42.64%,822,57.36%,45.93%
droits_pol_etrangers,28.09.25,gauche,Nyon,Saint-Cergue,5727,1646,721,2,12,707,262,37.06%,445,62.94%,43.80%
droits_pol_etrangers,28.09.25,gauche,Nyon,Saint-George,5434,665,346,7,0,339,130,38.35%,209,61.65%,52.03%
droits_pol_etrangers,28.09.25,gauche,Nyon,Signy-Avenex,5728,368,176,2,4,170,62,36.47%,108,63.53%,47.83%
droits_pol_etrangers,28.09.25,gauche,Nyon,Tannay,5729,927,497,3,3,491,177,36.05%,314,63.95%,53.61%
droits_pol_etrangers,28.09.25,gauche,Nyon,Tartegnin,5862,139,63,0,0,63,19,30.16%,44,69.84%,45.32%
droits_pol_etrangers,28.09.25,gauche,Nyon,Trélex,5730,911,563,31,0,532,210,39.47%,322,60.53%,61.80%
droits_pol_etrangers,28.09.25,gauche,Nyon,Vich,5732,658,359,21,0,338,149,44.08%,189,55.92%,54.56%
droits_pol_etrangers,28.09.25,gauche,Nyon,Vinzel,5863,240,134,8,0,126,52,41.27%,74,58.73%,55.83%
droits_pol_etrangers,28.09.25,gauche,Ouest lausannois,Bussigny,5624,5625,2430,96,3,2331,1031,44.23%,1300,55.77%,43.20%
droits_pol_etrangers,28.09.25,gauche,Ouest lausannois,Chavannes-près-Renens,5627,3610,1108,50,1,1057,517,48.91%,540,51.09%,30.69%
droits_pol_etrangers,28.09.25,gauche,Ouest lausannois,Crissier,5583,4807,1842,78,1,1763,795,45.09%,968,54.91%,38.32%
droits_pol_etrangers,28.09.25,gauche,Ouest lausannois,Ecublens VD,5635,5699,2327,96,2,2229,1002,44.95%,1227,55.05%,40.83%
droits_pol_etrangers,28.09.25,gauche,Ouest lausannois,Prilly,5589,5942,2422,91,4,2327,1154,49.59%,1173,50.41%,40.76%
droits_pol_etrangers,28.09.25,gauche,Ouest lausannois,Renens VD,5591,8709,3023,108,3,2912,1500,51.51%,1412,48.49%,34.71%
droits_pol_etrangers,28.09.25,gauche,Ouest lausannois,Saint-Sulpice,5648,2260,1307,41,0,1266,498,39.34%,768,60.66%,57.83%
droits_pol_etrangers,28.09.25,gauche,Ouest lausannois,Villars-Sainte-Croix,5651,564,275,10,0,265,93,35.09%,172,64.91%,48.76%
droits_pol_etrangers,28.09.25,gauche,Vevey,Blonay - Saint-Légier,5892,7736,4221,191,2,4028,1617,40.14%,2411,59.86%,54.56%
droits_pol_etrangers,28.09.25,gauche,Vevey,Chardonne,5882,2129,1099,30,0,1069,440,41.16%,629,58.84%,51.62%
droits_pol_etrangers,28.09.25,gauche,Pays-d'Enhaut,Château-d'Oex,5841,2054,881,45,0,836,260,31.10%,576,68.90%,42.89%
droits_pol_etrangers,28.09.25,gauche,Vevey,Corseaux,5883,1459,823,34,0,789,328,41.57%,461,58.43%,56.41%
droits_pol_etrangers,28.09.25,gauche,Vevey,Corsier-sur-Vevey,5884,1928,895,31,1,863,377,43.68%,486,56.32%,46.42%
droits_pol_etrangers,28.09.25,gauche,Vevey,Jongny,5885,1116,569,13,0,556,223,40.11%,333,59.89%,50.99%
droits_pol_etrangers,28.09.25,gauche,Vevey,La Tour-de-Peilz,5889,7406,3664,121,0,3543,1635,46.15%,1908,53.85%,49.47%
droits_pol_etrangers,28.09.25,gauche,Vevey,Montreux,5886,12369,5247,220,2,5025,2096,41.71%,2929,58.29%,42.42%
droits_pol_etrangers,28.09.25,gauche,Pays-d'Enhaut,Rossinière,5842,338,132,1,0,131,43,32.82%,88,67.18%,39.05%
droits_pol_etrangers,28.09.25,gauche,Pays-d'Enhaut,Rougemont,5843,447,166,3,0,163,51,31.29%,112,68.71%,37.14%
droits_pol_etrangers,28.09.25,gauche,Vevey,Vevey,5890,9955,3917,122,4,3791,2099,55.37%,1692,44.63%,39.35%
droits_pol_etrangers,28.09.25,gauche,Vevey,Veytaux,5891,510,210,7,0,203,88,43.35%,115,56.65%,41.18%
init_avenir,30.11.25,gauche,Aigle,Aigle,5401,5439,2490,91,1,2398,611,25.48%,1787,74.52%,45.78%
init_avenir,30.11.25,gauche,Aigle,Bex,5402,4628,1704,27,2,1675,526,31.40%,1149,68.60%,36.82%
init_avenir,30.11.25,gauche,Aigle,Chessel,5403,309,150,2,0,148,32,21.62%,116,78.38%,48.54%
init_avenir,30.11.25,gauche,Aigle,Corbeyrier,5404,348,167,2,0,165,43,26.06%,122,73.94%,47.99%
init_avenir,30.11.25,gauche,Aigle,Gryon,5405,887,406,9,0,397,91,22.92%,306,77.08%,45.77%
init_avenir,30.11.25,gauche,Aigle,Lavey-Morcles,5406,632,243,3,1,239,52,21.76%,187,78.24%,38.45%
init_avenir,30.11.25,gauche,Aigle,Leysin,5407,1513,606,13,0,593,176,29.68%,417,70.32%,40.05%
init_avenir,30.11.25,gauche,Aigle,Noville,5408,722,287,2,0,285,53,18.60%,232,81.40%,39.75%
init_avenir,30.11.25,gauche,Aigle,Ollon VD,5409,4351,2105,41,2,2062,493,23.91%,1569,76.09%,48.38%
init_avenir,30.11.25,gauche,Aigle,Ormont-Dessous,5410,824,335,4,3,328,83,25.30%,245,74.70%,40.66%
init_avenir,30.11.25,gauche,Aigle,Ormont-Dessus,5411,916,421,7,0,414,72,17.39%,342,82.61%,45.96%
init_avenir,30.11.25,gauche,Aigle,Rennaz,5412,505,178,1,0,177,49,27.68%,128,72.32%,35.25%
init_avenir,30.11.25,gauche,Aigle,Roche VD,5413,986,319,3,3,313,54,17.25%,259,82.75%,32.35%
init_avenir,30.11.25,gauche,Aigle,Villeneuve VD,5414,2786,1010,22,0,988,293,29.66%,695,70.34%,36.25%
init_avenir,30.11.25,gauche,Aigle,Yvorne,5415,695,311,2,0,309,66,21.36%,243,78.64%,44.75%
init_avenir,30.11.25,gauche,Broye - Vully,Avenches,5451,2297,798,6,0,792,194,24.49%,598,75.51%,34.74%
init_avenir,30.11.25,gauche,Broye - Vully,Bussy-sur-Moudon,5663,178,87,1,0,86,9,10.47%,77,89.53%,48.88%
init_avenir,30.11.25,gauche,Broye - Vully,Champtauroz,5812,122,50,3,0,47,16,34.04%,31,65.96%,40.98%
init_avenir,30.11.25,gauche,Broye - Vully,Chavannes-sur-Moudon,5665,175,80,2,0,78,10,12.82%,68,87.18%,45.71%
init_avenir,30.11.25,gauche,Broye - Vully,Chevroux,5813,347,155,2,0,153,42,27.45%,111,72.55%,44.67%
init_avenir,30.11.25,gauche,Broye - Vully,Corcelles-le-Jorat,5785,322,154,1,0,153,32,20.92%,121,79.08%,47.83%
init_avenir,30.11.25,gauche,Broye - Vully,Corcelles-près-Payerne,5816,1582,648,17,0,631,115,18.23%,516,81.77%,40.96%
init_avenir,30.11.25,gauche,Broye - Vully,Cudrefin,5456,1277,516,7,0,509,115,22.59%,394,77.41%,40.41%
init_avenir,30.11.25,gauche,Broye - Vully,Curtilles,5669,211,102,5,0,97,30,30.93%,67,69.07%,48.34%
init_avenir,30.11.25,gauche,Broye - Vully,Dompierre VD,5671,159,83,3,0,80,16,20.00%,64,80.00%,52.20%
init_avenir,30.11.25,gauche,Broye - Vully,Faoug,5458,571,220,1,0,219,51,23.29%,168,76.71%,38.53%
init_avenir,30.11.25,gauche,Broye - Vully,Grandcour,5817,623,247,5,0,242,47,19.42%,195,80.58%,39.65%
init_avenir,30.11.25,gauche,Broye - Vully,Henniez,5819,264,79,0,0,79,10,12.66%,69,87.34%,29.92%
init_avenir,30.11.25,gauche,Broye - Vully,Hermenches,5673,252,124,1,0,123,11,8.94%,112,91.06%,49.21%
init_avenir,30.11.25,gauche,Broye - Vully,Lovatens,5674,120,49,1,0,48,21,43.75%,27,56.25%,40.83%
init_avenir,30.11.25,gauche,Broye - Vully,Lucens,5675,2215,804,26,2,776,220,28.35%,556,71.65%,36.30%
init_avenir,30.11.25,gauche,Broye - Vully,Missy,5821,240,93,1,0,92,17,18.48%,75,81.52%,38.75%
init_avenir,30.11.25,gauche,Broye - Vully,Moudon,5678,2765,826,14,1,811,231,28.48%,580,71.52%,29.87%
init_avenir,30.11.25,gauche,Broye - Vully,Payerne,5822,4844,1672,25,1,1646,337,20.47%,1309,79.53%,34.52%
init_avenir,30.11.25,gauche,Broye - Vully,Prévonloup,5683,170,69,0,0,69,11,15.94%,58,84.06%,40.59%
init_avenir,30.11.25,gauche,Broye - Vully,Ropraz,5798,319,149,1,0,148,41,27.70%,107,72.30%,46.71%
init_avenir,30.11.25,gauche,Broye - Vully,Rossenges,5684,56,26,0,0,26,1,3.85%,25,96.15%,46.43%
init_avenir,30.11.25,gauche,Broye - Vully,Syens,5688,89,36,0,0,36,3,8.33%,33,91.67%,40.45%
init_avenir,30.11.25,gauche,Broye - Vully,Trey,5827,204,83,0,0,83,14,16.87%,69,83.13%,40.69%
init_avenir,30.11.25,gauche,Broye - Vully,Treytorrens (Payerne),5828,82,45,0,0,45,5,11.11%,40,88.89%,54.88%
init_avenir,30.11.25,gauche,Broye - Vully,Valbroye,5831,2020,1064,53,1,1010,203,20.10%,807,79.90%,52.67%
init_avenir,30.11.25,gauche,Broye - Vully,Villars-le-Comte,5690,100,51,1,0,50,9,18.00%,41,82.00%,51.00%
init_avenir,30.11.25,gauche,Broye - Vully,Villarzel,5830,321,136,1,0,135,32,23.70%,103,76.30%,42.37%
init_avenir,30.11.25,gauche,Broye - Vully,Vucherens,5692,395,192,2,0,190,49,25.79%,141,74.21%,48.61%
init_avenir,30.11.25,gauche,Broye - Vully,Vulliens,5803,420,214,4,0,210,35,16.67%,175,83.33%,50.95%
init_avenir,30.11.25,gauche,Broye - Vully,Vully-les-Lacs,5464,2396,974,10,1,963,200,20.77%,763,79.23%,40.65%
init_avenir,30.11.25,gauche,Gros-de-Vaud,Assens,5511,1147,534,6,0,528,89,16.86%,439,83.14%,46.56%
init_avenir,30.11.25,gauche,Gros-de-Vaud,Bercher,5512,893,408,4,0,404,93,23.02%,311,76.98%,45.69%
init_avenir,30.11.25,gauche,Gros-de-Vaud,Bettens,5471,410,186,4,0,182,36,19.78%,146,80.22%,45.37%
init_avenir,30.11.25,gauche,Gros-de-Vaud,Bottens,5514,868,310,4,0,306,70,22.88%,236,77.12%,35.71%
init_avenir,30.11.25,gauche,Gros-de-Vaud,Boulens,5661,267,125,3,0,122,32,26.23%,90,73.77%,46.82%
init_avenir,30.11.25,gauche,Gros-de-Vaud,Bournens,5472,376,152,0,0,152,21,13.82%,131,86.18%,40.43%
init_avenir,30.11.25,gauche,Gros-de-Vaud,Boussens,5473,654,343,4,0,339,87,25.66%,252,74.34%,52.45%
init_avenir,30.11.25,gauche,Gros-de-Vaud,Bretigny-sur-Morrens,5515,551,244,3,0,241,74,30.71%,167,69.29%,44.28%
init_avenir,30.11.25,gauche,Gros-de-Vaud,Cugy VD,5516,1686,759,14,3,742,213,28.71%,529,71.29%,45.02%
init_avenir,30.11.25,gauche,Gros-de-Vaud,Daillens,5480,699,338,7,0,331,81,24.47%,250,75.53%,48.35%
init_avenir,30.11.25,gauche,Gros-de-Vaud,Echallens,5518,4080,1709,29,0,1680,431,25.65%,1249,74.35%,41.89%
init_avenir,30.11.25,gauche,Gros-de-Vaud,Essertines-sur-Yverdon,5520,743,303,4,0,299,67,22.41%,232,77.59%,40.78%
init_avenir,30.11.25,gauche,Gros-de-Vaud,Etagnières,5521,731,345,6,0,339,94,27.73%,245,72.27%,47.20%
init_avenir,30.11.25,gauche,Gros-de-Vaud,Fey,5522,535,240,6,0,234,50,21.37%,184,78.63%,44.86%
init_avenir,30.11.25,gauche,Gros-de-Vaud,Froideville,5523,1721,829,16,0,813,171,21.03%,642,78.97%,48.17%
init_avenir,30.11.25,gauche,Gros-de-Vaud,Goumoëns,5541,796,398,11,0,387,99,25.58%,288,74.42%,50.00%
init_avenir,30.11.25,gauche,Gros-de-Vaud,Jorat-Menthue,5804,1014,440,5,1,434,95,21.89%,339,78.11%,43.39%
init_avenir,30.11.25,gauche,Gros-de-Vaud,Lussery-Villars,5487,321,119,1,2,116,37,31.90%,79,68.10%,37.07%
init_avenir,30.11.25,gauche,Gros-de-Vaud,Mex VD,5489,493,210,0,0,210,31,14.76%,179,85.24%,42.60%
init_avenir,30.11.25,gauche,Gros-de-Vaud,Montanaire,5693,1929,838,14,0,824,194,23.54%,630,76.46%,43.44%
init_avenir,30.11.25,gauche,Gros-de-Vaud,Montilliez,5540,1257,585,8,0,577,113,19.58%,464,80.42%,46.54%
init_avenir,30.11.25,gauche,Gros-de-Vaud,Morrens VD,5527,761,368,3,0,365,76,20.82%,289,79.18%,48.36%
init_avenir,30.11.25,gauche,Gros-de-Vaud,Ogens,5680,218,97,1,0,96,31,32.29%,65,67.71%,44.50%
init_avenir,30.11.25,gauche,Gros-de-Vaud,Oppens,5923,123,52,2,0,50,16,32.00%,34,68.00%,42.28%
init_avenir,30.11.25,gauche,Gros-de-Vaud,Oulens-sous-Echallens,5529,418,217,1,2,214,29,13.55%,185,86.45%,51.91%
init_avenir,30.11.25,gauche,Gros-de-Vaud,Pailly,5530,385,205,0,0,205,35,17.07%,170,82.93%,53.25%
init_avenir,30.11.25,gauche,Gros-de-Vaud,Penthalaz,5495,1836,783,11,1,771,197,25.55%,574,74.45%,42.65%
init_avenir,30.11.25,gauche,Gros-de-Vaud,Penthaz,5496,1114,468,5,0,463,94,20.30%,369,79.70%,42.01%
init_avenir,30.11.25,gauche,Gros-de-Vaud,Penthéréaz,5531,323,140,1,0,139,26,18.71%,113,81.29%,43.34%
init_avenir,30.11.25,gauche,Gros-de-Vaud,Poliez-Pittet,5533,543,236,0,0,236,31,13.14%,205,86.86%,43.46%
init_avenir,30.11.25,gauche,Gros-de-Vaud,Rueyres,5534,214,126,0,0,126,29,23.02%,97,76.98%,58.88%
init_avenir,30.11.25,gauche,Gros-de-Vaud,Saint-Barthélemy VD,5535,536,264,3,0,261,32,12.26%,229,87.74%,49.25%
init_avenir,30.11.25,gauche,Gros-de-Vaud,Sullens,5501,766,348,4,0,344,55,15.99%,289,84.01%,45.43%
init_avenir,30.11.25,gauche,Gros-de-Vaud,Villars-le-Terroir,5537,893,361,7,0,354,59,16.67%,295,83.33%,40.43%
init_avenir,30.11.25,gauche,Gros-de-Vaud,Vuarrens,5539,712,327,7,0,320,67,20.94%,253,79.06%,45.93%
init_avenir,30.11.25,gauche,Gros-de-Vaud,Vufflens-la-Ville,5503,899,439,9,0,430,106,24.65%,324,75.35%,48.83%
init_avenir,30.11.25,gauche,Yverdon,Agiez,5742,234,106,4,0,102,22,21.57%,80,78.43%,45.30%
init_avenir,30.11.25,gauche,Yverdon,Arnex-sur-Orbe,5743,472,224,0,0,224,72,32.14%,152,67.86%,47.46%
init_avenir,30.11.25,gauche,Yverdon,Ballaigues,5744,723,323,9,0,314,79,25.16%,235,74.84%,44.67%
init_avenir,30.11.25,gauche,Yverdon,Baulmes,5745,770,334,5,0,329,127,38.60%,202,61.40%,43.38%
init_avenir,30.11.25,gauche,Yverdon,Bavois,5746,703,271,4,0,267,72,26.97%,195,73.03%,38.55%
init_avenir,30.11.25,gauche,Yverdon,Belmont-sur-Yverdon,5902,308,148,1,4,143,29,20.28%,114,79.72%,48.05%
init_avenir,30.11.25,gauche,Yverdon,Bioley-Magnoux,5903,185,84,0,0,84,16,19.05%,68,80.95%,45.41%
init_avenir,30.11.25,gauche,Yverdon,Bofflens,5747,152,84,2,0,82,23,28.05%,59,71.95%,55.26%
init_avenir,30.11.25,gauche,Yverdon,Bonvillars,5551,384,194,3,0,191,46,24.08%,145,75.92%,50.52%
init_avenir,30.11.25,gauche,Yverdon,Bretonnières,5748,193,103,1,0,102,30,29.41%,72,70.59%,53.37%
init_avenir,30.11.25,gauche,Yverdon,Bullet,5552,521,252,3,5,244,56,22.95%,188,77.05%,48.37%
init_avenir,30.11.25,gauche,Yverdon,Chamblon,5904,391,197,1,2,194,40,20.62%,154,79.38%,50.38%
init_avenir,30.11.25,gauche,Yverdon,Champagne,5553,723,282,1,0,281,58,20.64%,223,79.36%,39.00%
init_avenir,30.11.25,gauche,Yverdon,Champvent,5905,457,185,4,0,181,47,25.97%,134,74.03%,40.48%
init_avenir,30.11.25,gauche,Yverdon,Chavannes-le-Chêne,5907,231,94,3,0,91,12,13.19%,79,86.81%,40.69%
init_avenir,30.11.25,gauche,Yverdon,Chavornay,5749,3099,1207,15,0,1192,292,24.50%,900,75.50%,38.95%
init_avenir,30.11.25,gauche,Yverdon,Cheseaux-Noréaz,5909,513,259,7,4,248,48,19.35%,200,80.65%,50.49%
init_avenir,30.11.25,gauche,Yverdon,Chêne-Pâquier,5908,105,52,0,0,52,15,28.85%,37,71.15%,49.52%
init_avenir,30.11.25,gauche,Yverdon,Concise,5554,678,293,4,1,288,89,30.90%,199,69.10%,43.22%
init_avenir,30.11.25,gauche,Yverdon,Corcelles-près-Concise,5555,297,138,3,0,135,25,18.52%,110,81.48%,46.46%
init_avenir,30.11.25,gauche,Yverdon,Cronay,5910,315,170,4,0,166,41,24.70%,125,75.30%,53.97%
init_avenir,30.11.25,gauche,Yverdon,Croy,5752,298,137,2,0,135,57,42.22%,78,57.78%,45.97%
init_avenir,30.11.25,gauche,Yverdon,Cuarny,5911,173,86,1,0,85,11,12.94%,74,87.06%,49.71%
init_avenir,30.11.25,gauche,Yverdon,Donneloye,5913,604,253,5,0,248,60,24.19%,188,75.81%,41.89%
init_avenir,30.11.25,gauche,Yverdon,Démoret,5912,130,70,0,0,70,16,22.86%,54,77.14%,53.85%
init_avenir,30.11.25,gauche,Yverdon,Ependes VD,5914,236,107,0,0,107,18,16.82%,89,83.18%,45.34%
init_avenir,30.11.25,gauche,Yverdon,Fiez,5556,326,153,4,0,149,52,34.90%,97,65.10%,46.93%
init_avenir,30.11.25,gauche,Yverdon,Fontaines-sur-Grandson,5557,157,64,1,0,63,16,25.40%,47,74.60%,40.76%
init_avenir,30.11.25,gauche,Yverdon,Giez,5559,315,129,2,0,127,31,24.41%,96,75.59%,40.95%
init_avenir,30.11.25,gauche,Yverdon,Grandevent,5560,161,92,0,0,92,30,32.61%,62,67.39%,57.14%
init_avenir,30.11.25,gauche,Yverdon,Grandson,5561,2218,933,20,0,913,260,28.48%,653,71.52%,42.06%
init_avenir,30.11.25,gauche,Yverdon,Juriens,5754,255,128,5,0,123,23,18.70%,100,81.30%,50.20%
init_avenir,30.11.25,gauche,La Vallée,L'Abbaye,5871,1071,509,9,7,493,135,27.38%,358,72.62%,47.53%
init_avenir,30.11.25,gauche,Yverdon,L'Abergement,5741,197,122,2,0,120,37,30.83%,83,69.17%,61.93%
init_avenir,30.11.25,gauche,Yverdon,La Praz,5758,143,78,3,0,75,29,38.67%,46,61.33%,54.55%
init_avenir,30.11.25,gauche,La Vallée,Le Chenit,5872,2806,1169,30,0,1139,322,28.27%,817,71.73%,41.66%
init_avenir,30.11.25,gauche,La Vallée,Le Lieu,5873,636,318,5,0,313,104,33.23%,209,66.77%,50.00%
init_avenir,30.11.25,gauche,Yverdon,Les Clées,5750,137,60,2,0,58,20,34.48%,38,65.52%,43.80%
init_avenir,30.11.25,gauche,Yverdon,Lignerolle,5755,275,135,2,3,130,22,16.92%,108,83.08%,49.09%
init_avenir,30.11.25,gauche,Yverdon,Mathod,5919,472,181,5,0,176,53,30.11%,123,69.89%,38.35%
init_avenir,30.11.25,gauche,Yverdon,Mauborget,5562,97,59,2,0,57,16,28.07%,41,71.93%,60.82%
init_avenir,30.11.25,gauche,Yverdon,Molondin,5921,170,82,3,0,79,12,15.19%,67,84.81%,48.24%
init_avenir,30.11.25,gauche,Yverdon,Montagny-près-Yverdon,5922,516,231,4,0,227,50,22.03%,177,77.97%,44.77%
init_avenir,30.11.25,gauche,Yverdon,Montcherand,5756,338,172,0,0,172,31,18.02%,141,81.98%,50.89%
init_avenir,30.11.25,gauche,Yverdon,Mutrux,5563,99,35,0,0,35,11,31.43%,24,68.57%,35.35%
init_avenir,30.11.25,gauche,Yverdon,Novalles,5564,74,39,1,0,38,4,10.53%,34,89.47%,52.70%
init_avenir,30.11.25,gauche,Yverdon,Onnens VD,5565,362,151,3,0,148,33,22.30%,115,77.70%,41.71%
init_avenir,30.11.25,gauche,Yverdon,Orbe,5757,4113,1451,26,2,1423,397,27.90%,1026,72.10%,35.28%
init_avenir,30.11.25,gauche,Yverdon,Orges,5924,284,124,1,0,123,28,22.76%,95,77.24%,43.66%
init_avenir,30.11.25,gauche,Yverdon,Orzens,5925,153,90,2,2,86,24,27.91%,62,72.09%,58.82%
init_avenir,30.11.25,gauche,Yverdon,Pomy,5926,616,266,2,0,264,48,18.18%,216,81.82%,43.18%
init_avenir,30.11.25,gauche,Yverdon,Premier,5759,166,85,0,1,84,24,28.57%,60,71.43%,51.20%
init_avenir,30.11.25,gauche,Yverdon,Provence,5566,305,119,4,0,115,31,26.96%,84,73.04%,39.02%
init_avenir,30.11.25,gauche,Yverdon,Rances,5760,366,196,0,0,196,54,27.55%,142,72.45%,53.55%
init_avenir,30.11.25,gauche,Yverdon,Romainmôtier-Envy,5761,384,158,4,1,153,75,49.02%,78,50.98%,41.15%
init_avenir,30.11.25,gauche,Yverdon,Rovray,5928,130,74,0,0,74,12,16.22%,62,83.78%,56.92%
init_avenir,30.11.25,gauche,Yverdon,Sainte-Croix,5568,3287,1308,18,1,1289,394,30.57%,895,69.43%,39.79%
init_avenir,30.11.25,gauche,Yverdon,Sergey,5762,113,55,0,0,55,15,27.27%,40,72.73%,48.67%
init_avenir,30.11.25,gauche,Yverdon,Suchy,5929,417,193,2,0,191,50,26.18%,141,73.82%,46.28%
init_avenir,30.11.25,gauche,Yverdon,Suscévaz,5930,156,80,1,0,79,17,21.52%,62,78.48%,51.28%
init_avenir,30.11.25,gauche,Yverdon,Treycovagnes,5931,333,122,2,0,120,30,25.00%,90,75.00%,36.64%
init_avenir,30.11.25,gauche,Yverdon,Tévenon,5571,577,275,5,0,270,94,34.81%,176,65.19%,47.66%
init_avenir,30.11.25,gauche,Yverdon,Ursins,5932,151,79,2,0,77,12,15.58%,65,84.42%,52.32%
init_avenir,30.11.25,gauche,Yverdon,Valeyres-sous-Montagny,5933,478,200,4,0,196,42,21.43%,154,78.57%,41.84%
init_avenir,30.11.25,gauche,Yverdon,Valeyres-sous-Rances,5763,390,173,3,1,169,35,20.71%,134,79.29%,44.36%
init_avenir,30.11.25,gauche,Yverdon,Valeyres-sous-Ursins,5934,184,102,2,0,100,36,36.00%,64,64.00%,55.43%
init_avenir,30.11.25,gauche,Yverdon,Vallorbe,5764,2229,768,6,1,761,187,24.57%,574,75.43%,34.45%
init_avenir,30.11.25,gauche,Yverdon,Vaulion,5765,342,156,3,0,153,34,22.22%,119,77.78%,45.61%
init_avenir,30.11.25,gauche,Yverdon,Villars-Epeney,5935,69,38,0,0,38,8,21.05%,30,78.95%,55.07%
init_avenir,30.11.25,gauche,Yverdon,Vugelles-La Mothe,5937,95,44,1,0,43,10,23.26%,33,76.74%,46.32%
init_avenir,30.11.25,gauche,Yverdon,Vuiteboeuf,5766,392,152,1,0,151,35,23.18%,116,76.82%,38.78%
init_avenir,30.11.25,gauche,Yverdon,Yverdon-les-Bains,5938,15007,5562,116,2,5444,1897,34.85%,3547,65.15%,37.06%
init_avenir,30.11.25,gauche,Yverdon,Yvonand,5939,2360,1000,15,0,985,273,27.72%,712,72.28%,42.37%
init_avenir,30.11.25,gauche,Romanel,Cheseaux-sur-Lausanne,5582,2931,1308,23,1,1284,332,25.86%,952,74.14%,44.63%
init_avenir,30.11.25,gauche,Romanel,Epalinges,5584,5497,2624,57,1,2566,702,27.36%,1864,72.64%,47.74%
init_avenir,30.11.25,gauche,Romanel,Jouxtens-Mézery,5585,961,566,9,0,557,127,22.80%,430,77.20%,58.90%
init_avenir,30.11.25,gauche,Lausanne-Ville,Lausanne,5586,68107,26052,486,12,25554,12201,47.75%,13353,52.25%,38.25%
init_avenir,30.11.25,gauche,Romanel,Le Mont-sur-Lausanne,5587,5343,2236,40,0,2196,616,28.05%,1580,71.95%,41.85%
init_avenir,30.11.25,gauche,Romanel,Romanel-sur-Lausanne,5592,2463,1014,16,0,998,259,25.95%,739,74.05%,41.17%
init_avenir,30.11.25,gauche,Lavaux - Oron,Belmont-sur-Lausanne,5581,2370,1120,26,0,1094,246,22.49%,848,77.51%,47.26%
init_avenir,30.11.25,gauche,Lavaux - Oron,Bourg-en-Lavaux,5613,3598,1827,27,1,1799,527,29.29%,1272,70.71%,50.78%
init_avenir,30.11.25,gauche,Lavaux - Oron,Chexbres,5601,1423,660,8,14,638,183,28.68%,455,71.32%,46.38%
init_avenir,30.11.25,gauche,Lavaux - Oron,Forel (Lavaux),5604,1321,639,8,1,630,136,21.59%,494,78.41%,48.37%
init_avenir,30.11.25,gauche,Lavaux - Oron,Jorat-Mézières,5806,2135,956,20,0,936,246,26.28%,690,73.72%,44.78%
init_avenir,30.11.25,gauche,Lavaux - Oron,Lutry,5606,6497,3151,53,0,3098,667,21.53%,2431,78.47%,48.50%
init_avenir,30.11.25,gauche,Lavaux - Oron,Maracon,5790,384,192,2,0,190,56,29.47%,134,70.53%,50.00%
init_avenir,30.11.25,gauche,Lavaux - Oron,Montpreveyres,5792,421,183,4,0,179,52,29.05%,127,70.95%,43.47%
init_avenir,30.11.25,gauche,Lavaux - Oron,Oron,5805,3810,1613,28,0,1585,484,30.54%,1101,69.46%,42.34%
init_avenir,30.11.25,gauche,Lavaux - Oron,Paudex,5588,810,395,6,10,379,99,26.12%,280,73.88%,48.77%
init_avenir,30.11.25,gauche,Lavaux - Oron,Puidoux,5607,1665,730,17,0,713,174,24.40%,539,75.60%,43.84%
init_avenir,30.11.25,gauche,Lavaux - Oron,Pully,5590,10883,5215,84,3,5128,1433,27.94%,3695,72.06%,47.92%
init_avenir,30.11.25,gauche,Lavaux - Oron,Rivaz,5609,243,143,4,0,139,46,33.09%,93,66.91%,58.85%
init_avenir,30.11.25,gauche,Lavaux - Oron,Saint-Saphorin (Lavaux),5610,266,139,2,0,137,46,33.58%,91,66.42%,52.26%
init_avenir,30.11.25,gauche,Lavaux - Oron,Savigny,5611,2222,1096,19,0,1077,252,23.40%,825,76.60%,49.32%
init_avenir,30.11.25,gauche,Lavaux - Oron,Servion,5799,1440,647,13,0,634,160,25.24%,474,74.76%,44.93%
init_avenir,30.11.25,gauche,Morges,Aclens,5621,357,167,3,0,164,46,28.05%,118,71.95%,46.78%
init_avenir,30.11.25,gauche,Morges,Allaman,5851,250,116,0,0,116,24,20.69%,92,79.31%,46.40%
init_avenir,30.11.25,gauche,Morges,Aubonne,5422,2132,994,20,0,974,232,23.82%,742,76.18%,46.62%
init_avenir,30.11.25,gauche,Morges,Ballens,5423,374,205,2,0,203,44,21.67%,159,78.33%,54.81%
init_avenir,30.11.25,gauche,Morges,Berolle,5424,200,97,3,0,94,22,23.40%,72,76.60%,48.50%
init_avenir,30.11.25,gauche,Morges,Bière,5425,901,376,8,2,366,77,21.04%,289,78.96%,41.73%
init_avenir,30.11.25,gauche,Morges,Bougy-Villars,5426,305,149,1,0,148,25,16.89%,123,83.11%,48.85%
init_avenir,30.11.25,gauche,Morges,Bremblens,5622,408,211,3,0,208,39,18.75%,169,81.25%,51.72%
init_avenir,30.11.25,gauche,Morges,Buchillon,5623,430,241,2,0,239,47,19.67%,192,80.33%,56.05%
init_avenir,30.11.25,gauche,Morges,Chavannes-le-Veyron,5475,108,57,2,0,55,15,27.27%,40,72.73%,52.78%
init_avenir,30.11.25,gauche,Morges,Chevilly,5476,231,125,3,0,122,25,20.49%,97,79.51%,54.11%
init_avenir,30.11.25,gauche,Morges,Chigny,5628,248,144,3,0,141,38,26.95%,103,73.05%,58.06%
init_avenir,30.11.25,gauche,Morges,Clarmont,5629,139,65,1,0,64,12,18.75%,52,81.25%,46.76%
init_avenir,30.11.25,gauche,Morges,Cossonay,5477,2935,1295,25,0,1270,377,29.69%,893,70.31%,44.12%
init_avenir,30.11.25,gauche,Morges,Cuarnens,5479,368,184,0,0,184,35,19.02%,149,80.98%,50.00%
init_avenir,30.11.25,gauche,Morges,Denens,5631,494,259,4,0,255,47,18.43%,208,81.57%,52.43%
init_avenir,30.11.25,gauche,Morges,Denges,5632,998,472,3,0,469,165,35.18%,304,64.82%,47.29%
init_avenir,30.11.25,gauche,Morges,Dizy,5481,164,73,1,0,72,22,30.56%,50,69.44%,44.51%
init_avenir,30.11.25,gauche,Morges,Echandens,5633,1708,827,17,0,810,163,20.12%,647,79.88%,48.42%
init_avenir,30.11.25,gauche,Morges,Echichens,5634,2031,986,17,1,968,201,20.76%,767,79.24%,48.55%
init_avenir,30.11.25,gauche,Morges,Eclépens,5482,715,335,1,0,334,76,22.75%,258,77.25%,46.85%
init_avenir,30.11.25,gauche,Morges,Etoy,5636,1700,765,12,0,753,205,27.22%,548,72.78%,45.00%
init_avenir,30.11.25,gauche,Morges,Ferreyres,5483,221,115,0,0,115,40,34.78%,75,65.22%,52.04%
init_avenir,30.11.25,gauche,Morges,Féchy,5427,506,282,5,1,276,46,16.67%,230,83.33%,55.73%
init_avenir,30.11.25,gauche,Morges,Gimel,5428,1364,549,12,0,537,114,21.23%,423,78.77%,40.25%
init_avenir,30.11.25,gauche,Morges,Gollion,5484,703,324,6,0,318,57,17.92%,261,82.08%,46.09%
init_avenir,30.11.25,gauche,Morges,Grancy,5485,333,170,0,0,170,33,19.41%,137,80.59%,51.05%
init_avenir,30.11.25,gauche,Morges,Hautemorges,5656,2845,1291,25,0,1266,354,27.96%,912,72.04%,45.38%
init_avenir,30.11.25,gauche,Morges,L'Isle,5486,755,337,8,0,329,103,31.31%,226,68.69%,44.64%
init_avenir,30.11.25,gauche,Morges,La Chaux (Cossonay),5474,285,139,4,0,135,33,24.44%,102,75.56%,48.77%
init_avenir,30.11.25,gauche,Morges,La Sarraz,5498,1475,577,12,0,565,175,30.97%,390,69.03%,39.12%
init_avenir,30.11.25,gauche,Morges,Lavigny,5637,601,283,7,0,276,62,22.46%,214,77.54%,47.09%
init_avenir,30.11.25,gauche,Morges,Lonay,5638,1770,836,7,18,811,175,21.58%,636,78.42%,47.23%
init_avenir,30.11.25,gauche,Morges,Lully VD,5639,544,282,7,0,275,69,25.09%,206,74.91%,51.84%
init_avenir,30.11.25,gauche,Morges,Lussy-sur-Morges,5640,448,234,2,0,232,58,25.00%,174,75.00%,52.23%
init_avenir,30.11.25,gauche,Morges,Mauraz,5488,40,24,1,0,23,11,47.83%,12,52.17%,60.00%
init_avenir,30.11.25,gauche,Morges,Moiry VD,5490,216,117,3,0,114,54,47.37%,60,52.63%,54.17%
init_avenir,30.11.25,gauche,Morges,Mollens VD,5431,219,97,1,0,96,20,20.83%,76,79.17%,44.29%
init_avenir,30.11.25,gauche,Morges,Mont-la-Ville,5491,331,160,0,0,160,33,20.62%,127,79.38%,48.34%
init_avenir,30.11.25,gauche,Morges,Montricher,5492,648,324,5,1,318,83,26.10%,235,73.90%,50.00%
init_avenir,30.11.25,gauche,Morges,Morges,5642,9154,4010,85,0,3925,1307,33.30%,2618,66.70%,43.81%
init_avenir,30.11.25,gauche,Morges,Orny,5493,334,141,1,0,140,53,37.86%,87,62.14%,42.22%
init_avenir,30.11.25,gauche,Morges,Pompaples,5497,520,221,5,0,216,61,28.24%,155,71.76%,42.50%
init_avenir,30.11.25,gauche,Morges,Préverenges,5643,2928,1255,14,1,1240,327,26.37%,913,73.63%,42.86%
init_avenir,30.11.25,gauche,Morges,Romanel-sur-Morges,5645,324,162,0,0,162,29,17.90%,133,82.10%,50.00%
init_avenir,30.11.25,gauche,Morges,Saint-Livres,5435,479,240,4,3,233,75,32.19%,158,67.81%,50.10%
init_avenir,30.11.25,gauche,Morges,Saint-Oyens,5436,296,153,2,1,150,32,21.33%,118,78.67%,51.69%
init_avenir,30.11.25,gauche,Morges,Saint-Prex,5646,3031,1399,24,3,1372,286,20.85%,1086,79.15%,46.16%
init_avenir,30.11.25,gauche,Morges,Saubraz,5437,254,106,2,0,104,28,26.92%,76,73.08%,41.73%
init_avenir,30.11.25,gauche,Morges,Senarclens,5499,318,158,1,0,157,28,17.83%,129,82.17%,49.69%
init_avenir,30.11.25,gauche,Morges,Tolochenaz,5649,1073,573,18,1,554,150,27.08%,404,72.92%,53.40%
init_avenir,30.11.25,gauche,Morges,Vaux-sur-Morges,5650,130,73,2,0,71,13,18.31%,58,81.69%,56.15%
init_avenir,30.11.25,gauche,Morges,Villars-sous-Yens,5652,385,195,1,0,194,57,29.38%,137,70.62%,50.65%
init_avenir,30.11.25,gauche,Morges,Vufflens-le-Château,5653,567,333,7,8,318,58,18.24%,260,81.76%,58.73%
init_avenir,30.11.25,gauche,Morges,Vullierens,5654,364,178,2,0,176,44,25.00%,132,75.00%,48.90%
init_avenir,30.11.25,gauche,Morges,Yens,5655,900,441,5,0,436,152,34.86%,284,65.14%,49.00%
init_avenir,30.11.25,gauche,Nyon,Arnex-sur-Nyon,5701,179,72,0,0,72,15,20.83%,57,79.17%,40.22%
init_avenir,30.11.25,gauche,Nyon,Arzier - Le Muids,5702,1721,873,16,0,857,154,17.97%,703,82.03%,50.73%
init_avenir,30.11.25,gauche,Nyon,Bassins,5703,884,437,9,0,428,94,21.96%,334,78.04%,49.43%
init_avenir,30.11.25,gauche,Nyon,Begnins,5704,1215,543,4,0,539,107,19.85%,432,80.15%,44.69%
init_avenir,30.11.25,gauche,Nyon,Bogis-Bossey,5705,493,247,2,0,245,36,14.69%,209,85.31%,50.10%
init_avenir,30.11.25,gauche,Nyon,Borex,5706,684,344,3,0,341,55,16.13%,286,83.87%,50.29%
init_avenir,30.11.25,gauche,Nyon,Bursinel,5852,311,154,2,0,152,28,18.42%,124,81.58%,49.52%
init_avenir,30.11.25,gauche,Nyon,Bursins,5853,487,223,1,0,222,52,23.42%,170,76.58%,45.79%
init_avenir,30.11.25,gauche,Nyon,Burtigny,5854,251,118,2,0,116,30,25.86%,86,74.14%,47.01%
init_avenir,30.11.25,gauche,Nyon,Chavannes-de-Bogis,5707,671,295,2,0,293,47,16.04%,246,83.96%,43.96%
init_avenir,30.11.25,gauche,Nyon,Chavannes-des-Bois,5708,483,231,0,0,231,41,17.75%,190,82.25%,47.83%
init_avenir,30.11.25,gauche,Nyon,Chéserex,5709,772,419,5,1,413,72,17.43%,341,82.57%,54.27%
init_avenir,30.11.25,gauche,Nyon,Coinsins,5710,330,163,2,0,161,33,20.50%,128,79.50%,49.39%
init_avenir,30.11.25,gauche,Nyon,Commugny,5711,1467,733,5,0,728,109,14.97%,619,85.03%,49.97%
init_avenir,30.11.25,gauche,Nyon,Coppet,5712,1646,815,10,0,805,125,15.53%,680,84.47%,49.51%
init_avenir,30.11.25,gauche,Nyon,Crans,5713,1365,694,5,0,689,105,15.24%,584,84.76%,50.84%
init_avenir,30.11.25,gauche,Nyon,Crassier,5714,737,361,2,4,355,57,16.06%,298,83.94%,48.98%
init_avenir,30.11.25,gauche,Nyon,Duillier,5715,690,323,6,0,317,49,15.46%,268,84.54%,46.81%
init_avenir,30.11.25,gauche,Nyon,Dully,5855,362,188,0,0,188,64,34.04%,124,65.96%,51.93%
init_avenir,30.11.25,gauche,Nyon,Essertines-sur-Rolle,5856,445,240,2,0,238,45,18.91%,193,81.09%,53.93%
init_avenir,30.11.25,gauche,Nyon,Eysins,5716,973,458,11,0,447,85,19.02%,362,80.98%,47.07%
init_avenir,30.11.25,gauche,Nyon,Founex,5717,1761,858,13,0,845,141,16.69%,704,83.31%,48.72%
init_avenir,30.11.25,gauche,Nyon,Genolier,5718,1199,640,3,22,615,96,15.61%,519,84.39%,53.38%
init_avenir,30.11.25,gauche,Nyon,Gilly,5857,829,417,2,0,415,77,18.55%,338,81.45%,50.30%
init_avenir,30.11.25,gauche,Nyon,Gingins,5719,784,414,6,1,407,84,20.64%,323,79.36%,52.81%
init_avenir,30.11.25,gauche,Nyon,Givrins,5720,691,363,6,0,357,72,20.17%,285,79.83%,52.53%
init_avenir,30.11.25,gauche,Nyon,Gland,5721,7266,3008,50,0,2958,660,22.31%,2298,77.69%,41.40%
init_avenir,30.11.25,gauche,Nyon,Grens,5722,258,134,3,0,131,43,32.82%,88,67.18%,51.94%
init_avenir,30.11.25,gauche,Nyon,La Rippe,5726,730,343,4,0,339,66,19.47%,273,80.53%,46.99%
init_avenir,30.11.25,gauche,Nyon,Le Vaud,5731,897,457,11,0,446,94,21.08%,352,78.92%,50.95%
init_avenir,30.11.25,gauche,Nyon,Longirod,5429,363,164,7,0,157,35,22.29%,122,77.71%,45.18%
init_avenir,30.11.25,gauche,Nyon,Luins,5858,341,185,1,0,184,28,15.22%,156,84.78%,54.25%
init_avenir,30.11.25,gauche,Nyon,Marchissy,5430,334,157,2,0,155,33,21.29%,122,78.71%,47.01%
init_avenir,30.11.25,gauche,Nyon,Mies,5723,1081,523,3,0,520,84,16.15%,436,83.85%,48.38%
init_avenir,30.11.25,gauche,Nyon,Mont-sur-Rolle,5859,1605,736,7,0,729,155,21.26%,574,78.74%,45.86%
init_avenir,30.11.25,gauche,Nyon,Nyon,5724,11423,4737,78,6,4653,1501,32.26%,3152,67.74%,41.47%
init_avenir,30.11.25,gauche,Nyon,Perroy,5860,907,450,11,1,438,70,15.98%,368,84.02%,49.61%
init_avenir,30.11.25,gauche,Nyon,Prangins,5725,2418,1220,24,0,1196,267,22.32%,929,77.68%,50.45%
init_avenir,30.11.25,gauche,Nyon,Rolle,5861,3129,1365,22,0,1343,379,28.22%,964,71.78%,43.62%
init_avenir,30.11.25,gauche,Nyon,Saint-Cergue,5727,1660,672,2,2,668,159,23.80%,509,76.20%,40.48%
init_avenir,30.11.25,gauche,Nyon,Saint-George,5434,663,288,0,0,288,70,24.31%,218,75.69%,43.44%
init_avenir,30.11.25,gauche,Nyon,Signy-Avenex,5728,361,182,5,0,177,24,13.56%,153,86.44%,50.42%
init_avenir,30.11.25,gauche,Nyon,Tannay,5729,918,496,0,0,496,66,13.31%,430,86.69%,54.03%
init_avenir,30.11.25,gauche,Nyon,Tartegnin,5862,133,69,0,0,69,17,24.64%,52,75.36%,51.88%
init_avenir,30.11.25,gauche,Nyon,Trélex,5730,904,495,10,0,485,99,20.41%,386,79.59%,54.76%
init_avenir,30.11.25,gauche,Nyon,Vich,5732,660,313,11,0,302,64,21.19%,238,78.81%,47.42%
init_avenir,30.11.25,gauche,Nyon,Vinzel,5863,234,117,2,0,115,21,18.26%,94,81.74%,50.00%
init_avenir,30.11.25,gauche,Ouest lausannois,Bussigny,5624,5655,2253,36,0,2217,666,30.04%,1551,69.96%,39.84%
init_avenir,30.11.25,gauche,Ouest lausannois,Chavannes-près-Renens,5627,3648,1076,26,1,1049,423,40.32%,626,59.68%,29.50%
init_avenir,30.11.25,gauche,Ouest lausannois,Crissier,5583,4858,1742,42,3,1697,525,30.94%,1172,69.06%,35.86%
init_avenir,30.11.25,gauche,Ouest lausannois,Ecublens VD,5635,5728,2200,50,1,2149,635,29.55%,1514,70.45%,38.41%
init_avenir,30.11.25,gauche,Ouest lausannois,Prilly,5589,5951,2225,36,1,2188,853,38.99%,1335,61.01%,37.39%
init_avenir,30.11.25,gauche,Ouest lausannois,Renens VD,5591,8746,2737,60,11,2666,1102,41.34%,1564,58.66%,31.29%
init_avenir,30.11.25,gauche,Ouest lausannois,Saint-Sulpice,5648,2277,1188,20,0,1168,258,22.09%,910,77.91%,52.17%
init_avenir,30.11.25,gauche,Ouest lausannois,Villars-Sainte-Croix,5651,563,227,2,0,225,34,15.11%,191,84.89%,40.32%
init_avenir,30.11.25,gauche,Vevey,Blonay - Saint-Légier,5892,7741,3727,58,5,3664,804,21.94%,2860,78.06%,48.15%
init_avenir,30.11.25,gauche,Vevey,Chardonne,5882,2125,1030,18,0,1012,238,23.52%,774,76.48%,48.47%
init_avenir,30.11.25,gauche,Pays-d'Enhaut,Château-d'Oex,5841,2065,813,20,0,793,128,16.14%,665,83.86%,39.37%
init_avenir,30.11.25,gauche,Vevey,Corseaux,5883,1591,721,21,0,700,175,25.00%,525,75.00%,45.32%
init_avenir,30.11.25,gauche,Vevey,Corsier-sur-Vevey,5884,1927,819,10,0,809,246,30.41%,563,69.59%,42.50%
init_avenir,30.11.25,gauche,Vevey,Jongny,5885,1119,513,2,1,510,129,25.29%,381,74.71%,45.84%
init_avenir,30.11.25,gauche,Vevey,La Tour-de-Peilz,5889,7442,3482,77,0,3405,1086,31.89%,2319,68.11%,46.79%
init_avenir,30.11.25,gauche,Vevey,Montreux,5886,12336,4673,65,2,4606,1323,28.72%,3283,71.28%,37.88%
init_avenir,30.11.25,gauche,Pays-d'Enhaut,Rossinière,5842,339,125,1,0,124,34,27.42%,90,72.58%,36.87%
init_avenir,30.11.25,gauche,Pays-d'Enhaut,Rougemont,5843,443,170,1,0,169,17,10.06%,152,89.94%,38.37%
init_avenir,30.11.25,gauche,Vevey,Vevey,5890,10002,3723,76,1,3646,1670,45.80%,1976,54.20%,37.22%
init_avenir,30.11.25,gauche,Vevey,Veytaux,5891,508,205,0,0,205,46,22.44%,159,77.56%,40.35%
vdce_2026_eag,08.03.26,gauche,Morges,Aclens,5621,,180,0,0,180,16,8.89%,164,91.11%,
vdce_2026_eag,08.03.26,gauche,Aigle,Aigle,5401,,2360,0,0,2360,168,7.12%,2192,92.88%,
vdce_2026_eag,08.03.26,gauche,Yverdon,Arnex-sur-Orbe,5743,,258,0,0,258,12,4.65%,246,95.35%,
vdce_2026_eag,08.03.26,gauche,Nyon,Arzier - Le Muids,5702,,915,0,0,915,48,5.25%,867,94.75%,
vdce_2026_eag,08.03.26,gauche,Morges,Aubonne,5422,,1149,0,0,1149,78,6.79%,1071,93.21%,
vdce_2026_eag,08.03.26,gauche,Broye - Vully,Avenches,5451,,986,0,0,986,45,4.56%,941,95.44%,
vdce_2026_eag,08.03.26,gauche,Yverdon,Ballaigues,5744,,415,0,0,415,34,8.19%,381,91.81%,
vdce_2026_eag,08.03.26,gauche,Nyon,Bassins,5703,,474,0,0,474,26,5.49%,448,94.51%,
vdce_2026_eag,08.03.26,gauche,Nyon,Begnins,5704,,569,0,0,569,44,7.73%,525,92.27%,
vdce_2026_eag,08.03.26,gauche,Lavaux - Oron,Belmont-sur-Lausanne,5581,,1264,0,0,1264,61,4.83%,1203,95.17%,
vdce_2026_eag,08.03.26,gauche,Gros-de-Vaud,Bercher,5512,,453,0,0,453,14,3.09%,439,96.91%,
vdce_2026_eag,08.03.26,gauche,Morges,Berolle,5424,,115,0,0,115,8,6.96%,107,93.04%,
vdce_2026_eag,08.03.26,gauche,Aigle,Bex,5402,,2133,0,0,2133,176,8.25%,1957,91.75%,
vdce_2026_eag,08.03.26,gauche,Vevey,Blonay - Saint-Légier,5892,,4276,0,0,4276,173,4.05%,4103,95.95%,
vdce_2026_eag,08.03.26,gauche,Nyon,Bogis-Bossey,5705,,249,0,0,249,22,8.84%,227,91.16%,
vdce_2026_eag,08.03.26,gauche,Nyon,Borex,5706,,325,0,0,325,23,7.08%,302,92.92%,
vdce_2026_eag,08.03.26,gauche,Gros-de-Vaud,Boussens,5473,,360,0,0,360,14,3.89%,346,96.11%,
vdce_2026_eag,08.03.26,gauche,Yverdon,Bullet,5552,,327,0,0,327,10,3.06%,317,96.94%,
vdce_2026_eag,08.03.26,gauche,Nyon,Bursins,5853,,248,0,0,248,11,4.44%,237,95.56%,
vdce_2026_eag,08.03.26,gauche,Ouest lausannois,Bussigny,5624,,2574,0,0,2574,223,8.66%,2351,91.34%,
vdce_2026_eag,08.03.26,gauche,Yverdon,Champvent,5905,,271,0,0,271,14,5.17%,257,94.83%,
vdce_2026_eag,08.03.26,gauche,Vevey,Chardonne,5882,,1202,0,0,1202,82,6.82%,1120,93.18%,
vdce_2026_eag,08.03.26,gauche,Pays-d'Enhaut,Château-d'Oex,5841,,1063,0,0,1063,30,2.82%,1033,97.18%,
vdce_2026_eag,08.03.26,gauche,Nyon,Chavannes-de-Bogis,5707,,269,0,0,269,14,5.20%,255,94.80%,
vdce_2026_eag,08.03.26,gauche,Nyon,Chavannes-des-Bois,5708,,243,0,0,243,5,2.06%,238,97.94%,
vdce_2026_eag,08.03.26,gauche,Yverdon,Chavannes-le-Chêne,5907,,127,0,0,127,9,7.09%,118,92.91%,
vdce_2026_eag,08.03.26,gauche,Morges,Chavannes-le-Veyron,5475,,82,0,0,82,6,7.32%,76,92.68%,
vdce_2026_eag,08.03.26,gauche,Ouest lausannois,Chavannes-près-Renens,5627,,1353,0,0,1353,162,11.97%,1191,88.03%,
vdce_2026_eag,08.03.26,gauche,Yverdon,Chavornay,5749,,1445,0,0,1445,110,7.61%,1335,92.39%,
vdce_2026_eag,08.03.26,gauche,Yverdon,Chêne-Pâquier,5908,,65,0,0,65,4,6.15%,61,93.85%,
vdce_2026_eag,08.03.26,gauche,Yverdon,Cheseaux-Noréaz,5909,,310,0,0,310,9,2.90%,301,97.10%,
vdce_2026_eag,08.03.26,gauche,Romanel,Cheseaux-sur-Lausanne,5582,,1405,0,0,1405,90,6.41%,1315,93.59%,
vdce_2026_eag,08.03.26,gauche,Nyon,Chéserex,5709,,421,0,0,421,23,5.46%,398,94.54%,
vdce_2026_eag,08.03.26,gauche,Aigle,Chessel,5403,,160,0,0,160,11,6.88%,149,93.12%,
vdce_2026_eag,08.03.26,gauche,Morges,Chigny,5628,,159,0,0,159,9,5.66%,150,94.34%,
vdce_2026_eag,08.03.26,gauche,Nyon,Coppet,5712,,870,0,0,870,24,2.76%,846,97.24%,
vdce_2026_eag,08.03.26,gauche,Broye - Vully,Corcelles-près-Payerne,5816,,720,0,0,720,38,5.28%,682,94.72%,
vdce_2026_eag,08.03.26,gauche,Vevey,Corseaux,5883,,823,0,0,823,55,6.68%,768,93.32%,
vdce_2026_eag,08.03.26,gauche,Vevey,Corsier-sur-Vevey,5884,,961,0,0,961,85,8.84%,876,91.16%,
vdce_2026_eag,08.03.26,gauche,Morges,Cossonay,5477,,1436,0,0,1436,104,7.24%,1332,92.76%,
vdce_2026_eag,08.03.26,gauche,Ouest lausannois,Crissier,5583,,1996,0,0,1996,183,9.17%,1813,90.83%,
vdce_2026_eag,08.03.26,gauche,Yverdon,Croy,5752,,178,0,0,178,20,11.24%,158,88.76%,
vdce_2026_eag,08.03.26,gauche,Morges,Cuarnens,5479,,231,0,0,231,15,6.49%,216,93.51%,
vdce_2026_eag,08.03.26,gauche,Gros-de-Vaud,Cugy VD,5516,,835,0,0,835,56,6.71%,779,93.29%,
vdce_2026_eag,08.03.26,gauche,Yverdon,Démoret,5912,,86,0,0,86,1,1.16%,85,98.84%,
vdce_2026_eag,08.03.26,gauche,Morges,Denens,5631,,284,0,0,284,22,7.75%,262,92.25%,
vdce_2026_eag,08.03.26,gauche,Morges,Dizy,5481,,92,0,0,92,5,5.43%,87,94.57%,
vdce_2026_eag,08.03.26,gauche,Morges,Echichens,5634,,1105,0,0,1105,44,3.98%,1061,96.02%,
vdce_2026_eag,08.03.26,gauche,Ouest lausannois,Ecublens VD,5635,,2551,0,0,2551,195,7.64%,2356,92.36%,
vdce_2026_eag,08.03.26,gauche,Romanel,Epalinges,5584,,2931,0,0,2931,157,5.36%,2774,94.64%,
vdce_2026_eag,08.03.26,gauche,Gros-de-Vaud,Essertines-sur-Yverdon,5520,,349,0,0,349,19,5.44%,330,94.56%,
vdce_2026_eag,08.03.26,gauche,Gros-de-Vaud,Etagnières,5521,,396,0,0,396,27,6.82%,369,93.18%,
vdce_2026_eag,08.03.26,gauche,Morges,Etoy,5636,,876,0,0,876,71,8.11%,805,91.89%,
vdce_2026_eag,08.03.26,gauche,Nyon,Eysins,5716,,463,0,0,463,37,7.99%,426,92.01%,
vdce_2026_eag,08.03.26,gauche,Gros-de-Vaud,Fey,5522,,276,0,0,276,19,6.88%,257,93.12%,
vdce_2026_eag,08.03.26,gauche,Lavaux - Oron,Forel (Lavaux),5604,,754,0,0,754,42,5.57%,712,94.43%,
vdce_2026_eag,08.03.26,gauche,Nyon,Founex,5717,,952,0,0,952,55,5.78%,897,94.22%,
vdce_2026_eag,08.03.26,gauche,Gros-de-Vaud,Froideville,5523,,1034,0,0,1034,38,3.68%,996,96.32%,
vdce_2026_eag,08.03.26,gauche,Morges,Gimel,5428,,554,0,0,554,31,5.60%,523,94.40%,
vdce_2026_eag,08.03.26,gauche,Nyon,Gingins,5719,,403,0,0,403,32,7.94%,371,92.06%,
vdce_2026_eag,08.03.26,gauche,Nyon,Givrins,5720,,403,0,0,403,22,5.46%,381,94.54%,
vdce_2026_eag,08.03.26,gauche,Nyon,Gland,5721,,3166,0,0,3166,197,6.22%,2969,93.78%,
vdce_2026_eag,08.03.26,gauche,Morges,Gollion,5484,,372,0,0,372,25,6.72%,347,93.28%,
vdce_2026_eag,08.03.26,gauche,Gros-de-Vaud,Goumoëns,5541,,448,0,0,448,22,4.91%,426,95.09%,
vdce_2026_eag,08.03.26,gauche,Broye - Vully,Grandcour,5817,,311,0,0,311,17,5.47%,294,94.53%,
vdce_2026_eag,08.03.26,gauche,Yverdon,Grandson,5561,,1076,0,0,1076,68,6.32%,1008,93.68%,
vdce_2026_eag,08.03.26,gauche,Nyon,Grens,5722,,147,0,0,147,12,8.16%,135,91.84%,
vdce_2026_eag,08.03.26,gauche,Aigle,Gryon,5405,,474,0,0,474,30,6.33%,444,93.67%,
vdce_2026_eag,08.03.26,gauche,Morges,Hautemorges,5656,,1563,0,0,1563,84,5.37%,1479,94.63%,
vdce_2026_eag,08.03.26,gauche,Broye - Vully,Hermenches,5673,,147,0,0,147,4,2.72%,143,97.28%,
vdce_2026_eag,08.03.26,gauche,Lavaux - Oron,Jorat-Mézières,5806,,1108,0,0,1108,65,5.87%,1043,94.13%,
vdce_2026_eag,08.03.26,gauche,Romanel,Jouxtens-Mézery,5585,,634,0,0,634,23,3.63%,611,96.37%,
vdce_2026_eag,08.03.26,gauche,Yverdon,Juriens,5754,,155,0,0,155,6,3.87%,149,96.13%,
vdce_2026_eag,08.03.26,gauche,La Vallée,L'Abbaye,5871,,580,0,0,580,28,4.83%,552,95.17%,
vdce_2026_eag,08.03.26,gauche,Yverdon,L'Abergement,5741,,142,0,0,142,4,2.82%,138,97.18%,
vdce_2026_eag,08.03.26,gauche,Morges,La Chaux (Cossonay),5474,,168,0,0,168,9,5.36%,159,94.64%,
vdce_2026_eag,08.03.26,gauche,Vevey,La Tour-de-Peilz,5889,,3799,0,0,3799,297,7.82%,3502,92.18%,
vdce_2026_eag,08.03.26,gauche,Lausanne-Ville,Lausanne,5586,,31906,0,0,31906,5001,15.67%,26905,84.33%,
vdce_2026_eag,08.03.26,gauche,Aigle,Lavey-Morcles,5406,,272,0,0,272,19,6.99%,253,93.01%,
vdce_2026_eag,08.03.26,gauche,La Vallée,Le Chenit,5872,,1382,0,0,1382,79,5.72%,1303,94.28%,
vdce_2026_eag,08.03.26,gauche,Romanel,Le Mont-sur-Lausanne,5587,,2717,0,0,2717,168,6.18%,2549,93.82%,
vdce_2026_eag,08.03.26,gauche,Yverdon,Les Clées,5750,,83,0,0,83,6,7.23%,77,92.77%,
vdce_2026_eag,08.03.26,gauche,Aigle,Leysin,5407,,798,0,0,798,54,6.77%,744,93.23%,
vdce_2026_eag,08.03.26,gauche,Morges,Lonay,5638,,870,0,0,870,50,5.75%,820,94.25%,
vdce_2026_eag,08.03.26,gauche,Broye - Vully,Lucens,5675,,873,0,0,873,49,5.61%,824,94.39%,
vdce_2026_eag,08.03.26,gauche,Nyon,Luins,5858,,178,0,0,178,6,3.37%,172,96.63%,
vdce_2026_eag,08.03.26,gauche,Morges,Lully VD,5639,,301,0,0,301,19,6.31%,282,93.69%,
vdce_2026_eag,08.03.26,gauche,Lavaux - Oron,Lutry,5606,,3571,0,0,3571,161,4.51%,3410,95.49%,
vdce_2026_eag,08.03.26,gauche,Lavaux - Oron,Maracon,5790,,249,0,0,249,29,11.65%,220,88.35%,
vdce_2026_eag,08.03.26,gauche,Yverdon,Mauborget,5562,,70,0,0,70,3,4.29%,67,95.71%,
vdce_2026_eag,08.03.26,gauche,Nyon,Mont-sur-Rolle,5859,,690,0,0,690,39,5.65%,651,94.35%,
vdce_2026_eag,08.03.26,gauche,Gros-de-Vaud,Montilliez,5540,,686,0,0,686,26,3.79%,660,96.21%,
vdce_2026_eag,08.03.26,gauche,Vevey,Montreux,5886,,5290,0,0,5290,341,6.45%,4949,93.55%,
vdce_2026_eag,08.03.26,gauche,Morges,Montricher,5492,,403,0,0,403,27,6.70%,376,93.30%,
vdce_2026_eag,08.03.26,gauche,Morges,Morges,5642,,4330,0,0,4330,352,8.13%,3978,91.87%,
vdce_2026_eag,08.03.26,gauche,Gros-de-Vaud,Morrens VD,5527,,462,0,0,462,32,6.93%,430,93.07%,
vdce_2026_eag,08.03.26,gauche,Broye - Vully,Moudon,5678,,1083,0,0,1083,83,7.66%,1000,92.34%,
vdce_2026_eag,08.03.26,gauche,Aigle,Noville,5408,,382,0,0,382,12,3.14%,370,96.86%,
vdce_2026_eag,08.03.26,gauche,Nyon,Nyon,5724,,4250,0,0,4250,328,7.72%,3922,92.28%,
vdce_2026_eag,08.03.26,gauche,Gros-de-Vaud,Ogens,5680,,132,0,0,132,14,10.61%,118,89.39%,
vdce_2026_eag,08.03.26,gauche,Aigle,Ollon VD,5409,,2476,0,0,2476,143,5.78%,2333,94.22%,
vdce_2026_eag,08.03.26,gauche,Yverdon,Orbe,5757,,1760,0,0,1760,127,7.22%,1633,92.78%,
vdce_2026_eag,08.03.26,gauche,Aigle,Ormont-Dessous,5410,,468,0,0,468,31,6.62%,437,93.38%,
vdce_2026_eag,08.03.26,gauche,Aigle,Ormont-Dessus,5411,,536,0,0,536,17,3.17%,519,96.83%,
vdce_2026_eag,08.03.26,gauche,Lavaux - Oron,Oron,5805,,1919,0,0,1919,142,7.40%,1777,92.60%,
vdce_2026_eag,08.03.26,gauche,Yverdon,Orzens,5925,,102,0,0,102,11,10.78%,91,89.22%,
vdce_2026_eag,08.03.26,gauche,Broye - Vully,Payerne,5822,,2130,0,0,2130,89,4.18%,2041,95.82%,
vdce_2026_eag,08.03.26,gauche,Gros-de-Vaud,Penthalaz,5495,,910,0,0,910,51,5.60%,859,94.40%,
vdce_2026_eag,08.03.26,gauche,Gros-de-Vaud,Penthaz,5496,,514,0,0,514,29,5.64%,485,94.36%,
vdce_2026_eag,08.03.26,gauche,Nyon,Perroy,5860,,497,0,0,497,30,6.04%,467,93.96%,
vdce_2026_eag,08.03.26,gauche,Morges,Pompaples,5497,,260,0,0,260,15,5.77%,245,94.23%,
vdce_2026_eag,08.03.26,gauche,Yverdon,Pomy,5926,,353,0,0,353,13,3.68%,340,96.32%,
vdce_2026_eag,08.03.26,gauche,Yverdon,Premier,5759,,123,0,0,123,12,9.76%,111,90.24%,
vdce_2026_eag,08.03.26,gauche,Ouest lausannois,Prilly,5589,,2602,0,0,2602,284,10.91%,2318,89.09%,
vdce_2026_eag,08.03.26,gauche,Lavaux - Oron,Puidoux,5607,,858,0,0,858,52,6.06%,806,93.94%,
vdce_2026_eag,08.03.26,gauche,Ouest lausannois,Renens VD,5591,,3369,0,0,3369,435,12.91%,2934,87.09%,
vdce_2026_eag,08.03.26,gauche,Aigle,Rennaz,5412,,209,0,0,209,16,7.66%,193,92.34%,
vdce_2026_eag,08.03.26,gauche,Aigle,Roche VD,5413,,427,0,0,427,33,7.73%,394,92.27%,
vdce_2026_eag,08.03.26,gauche,Nyon,Rolle,5861,,1508,0,0,1508,97,6.43%,1411,93.57%,
vdce_2026_eag,08.03.26,gauche,Romanel,Romanel-sur-Lausanne,5592,,1148,0,0,1148,73,6.36%,1075,93.64%,
vdce_2026_eag,08.03.26,gauche,Gros-de-Vaud,Rueyres,5534,,143,0,0,143,2,1.40%,141,98.60%,
vdce_2026_eag,08.03.26,gauche,Gros-de-Vaud,Saint-Barthélemy VD,5535,,318,0,0,318,6,1.89%,312,98.11%,
vdce_2026_eag,08.03.26,gauche,Nyon,Saint-Cergue,5727,,803,0,0,803,47,5.85%,756,94.15%,
vdce_2026_eag,08.03.26,gauche,Nyon,Saint-George,5434,,356,0,0,356,26,7.30%,330,92.70%,
vdce_2026_eag,08.03.26,gauche,Morges,Saint-Livres,5435,,256,0,0,256,13,5.08%,243,94.92%,
vdce_2026_eag,08.03.26,gauche,Morges,Saint-Prex,5646,,1550,0,0,1550,89,5.74%,1461,94.26%,
vdce_2026_eag,08.03.26,gauche,Ouest lausannois,Saint-Sulpice,5648,,1334,0,0,1334,83,6.22%,1251,93.78%,
vdce_2026_eag,08.03.26,gauche,Yverdon,Sainte-Croix,5568,,1535,0,0,1535,90,5.86%,1445,94.14%,
vdce_2026_eag,08.03.26,gauche,Lavaux - Oron,Savigny,5611,,1227,0,0,1227,89,7.25%,1138,92.75%,
vdce_2026_eag,08.03.26,gauche,Yverdon,Sergey,5762,,75,0,0,75,2,2.67%,73,97.33%,
vdce_2026_eag,08.03.26,gauche,Lavaux - Oron,Servion,5799,,706,0,0,706,42,5.95%,664,94.05%,
vdce_2026_eag,08.03.26,gauche,Nyon,Signy-Avenex,5728,,185,0,0,185,10,5.41%,175,94.59%,
vdce_2026_eag,08.03.26,gauche,Gros-de-Vaud,Sullens,5501,,406,0,0,406,22,5.42%,384,94.58%,
vdce_2026_eag,08.03.26,gauche,Broye - Vully,Syens,5688,,41,0,0,41,1,2.44%,40,97.56%,
vdce_2026_eag,08.03.26,gauche,Nyon,Tannay,5729,,539,0,0,539,27,5.01%,512,94.99%,
vdce_2026_eag,08.03.26,gauche,Yverdon,Tévenon,5571,,330,0,0,330,26,7.88%,304,92.12%,
vdce_2026_eag,08.03.26,gauche,Morges,Tolochenaz,5649,,541,0,0,541,41,7.58%,500,92.42%,
vdce_2026_eag,08.03.26,gauche,Nyon,Trélex,5730,,537,0,0,537,20,3.72%,517,96.28%,
vdce_2026_eag,08.03.26,gauche,Yverdon,Treycovagnes,5931,,154,0,0,154,11,7.14%,143,92.86%,
vdce_2026_eag,08.03.26,gauche,Broye - Vully,Treytorrens (Payerne),5828,,57,0,0,57,2,3.51%,55,96.49%,
vdce_2026_eag,08.03.26,gauche,Broye - Vully,Valbroye,5831,,970,0,0,970,52,5.36%,918,94.64%,
vdce_2026_eag,08.03.26,gauche,Yverdon,Vallorbe,5764,,960,0,0,960,82,8.54%,878,91.46%,
vdce_2026_eag,08.03.26,gauche,Vevey,Vevey,5890,,4689,0,0,4689,827,17.64%,3862,82.36%,
vdce_2026_eag,08.03.26,gauche,Vevey,Veytaux,5891,,248,0,0,248,13,5.24%,235,94.76%,
vdce_2026_eag,08.03.26,gauche,Nyon,Vich,5732,,293,0,0,293,14,4.78%,279,95.22%,
vdce_2026_eag,08.03.26,gauche,Gros-de-Vaud,Villars-le-Terroir,5537,,475,0,0,475,19,4.00%,456,96.00%,
vdce_2026_eag,08.03.26,gauche,Aigle,Villeneuve VD,5414,,1200,0,0,1200,66,5.50%,1134,94.50%,
vdce_2026_eag,08.03.26,gauche,Gros-de-Vaud,Vuarrens,5539,,391,0,0,391,20,5.12%,371,94.88%,
vdce_2026_eag,08.03.26,gauche,Gros-de-Vaud,Vufflens-la-Ville,5503,,489,0,0,489,24,4.91%,465,95.09%,
vdce_2026_eag,08.03.26,gauche,Morges,Vufflens-le-Château,5653,,359,0,0,359,10,2.79%,349,97.21%,
vdce_2026_eag,08.03.26,gauche,Broye - Vully,Vully-les-Lacs,5464,,1119,0,0,1119,51,4.56%,1068,95.44%,
vdce_2026_eag,08.03.26,gauche,Yverdon,Yverdon-les-Bains,5938,,6541,0,0,6541,568,8.68%,5973,91.32%,
vdce_2026_eag,08.03.26,gauche,Aigle,Yvorne,5415,,400,0,0,400,13,3.25%,387,96.75%,
cc_2026_eag,08.03.26,gauche,Lausanne-Ville,Lausanne,5586,,,0,0,100,19,19.00%,81,81.00%,
cc_2026_eag,08.03.26,gauche,Nyon,Nyon,5724,,,0,0,100,6,6.00%,94,94.00%,
cc_2026_eag,08.03.26,gauche,Vevey,Corsier-sur-Vevey,5884,,,0,0,60,6,10.00%,54,90.00%,
cc_2026_eag,08.03.26,gauche,Vevey,Montreux,5886,,,0,0,100,7,7.00%,93,93.00%,
cc_2026_eag,08.03.26,gauche,Vevey,Vevey,5890,,,0,0,100,20,20.00%,80,80.00%,
cc_2026_eag,08.03.26,gauche,Yverdon,Yverdon-les-Bains,5938,,,0,0,100,8,8.00%,92,92.00%,
init_durabilite,14.06.26,gauche,Aigle,Aigle,5401,5438,2715,44,0,2671,1162,43.50%,1509,56.50%,49.93%
init_durabilite,14.06.26,gauche,Aigle,Bex,5402,4605,2280,29,0,2251,961,42.69%,1290,57.31%,49.51%
init_durabilite,14.06.26,gauche,Aigle,Chessel,5403,312,182,1,1,180,108,60.00%,72,40.00%,58.33%
init_durabilite,14.06.26,gauche,Aigle,Corbeyrier,5404,348,209,2,0,207,107,51.69%,100,48.31%,60.06%
init_durabilite,14.06.26,gauche,Aigle,Gryon,5405,886,518,14,0,504,184,36.51%,320,63.49%,58.47%
init_durabilite,14.06.26,gauche,Aigle,Lavey-Morcles,5406,633,335,1,0,334,181,54.19%,153,45.81%,52.92%
init_durabilite,14.06.26,gauche,Aigle,Leysin,5407,1510,828,9,1,818,280,34.23%,538,65.77%,54.83%
init_durabilite,14.06.26,gauche,Aigle,Noville,5408,733,398,1,0,397,200,50.38%,197,49.62%,54.30%
init_durabilite,14.06.26,gauche,Aigle,Ollon VD,5409,4387,2728,36,0,2692,1080,40.12%,1612,59.88%,62.18%
init_durabilite,14.06.26,gauche,Aigle,Ormont-Dessous,5410,815,465,6,2,457,241,52.74%,216,47.26%,57.06%
init_durabilite,14.06.26,gauche,Aigle,Ormont-Dessus,5411,921,554,5,0,549,250,45.54%,299,54.46%,60.15%
init_durabilite,14.06.26,gauche,Aigle,Rennaz,5412,507,249,2,0,247,113,45.75%,134,54.25%,49.11%
init_durabilite,14.06.26,gauche,Aigle,Roche VD,5413,998,455,5,1,449,228,50.78%,221,49.22%,45.59%
init_durabilite,14.06.26,gauche,Aigle,Villeneuve VD,5414,2817,1350,14,0,1336,567,42.44%,769,57.56%,47.92%
init_durabilite,14.06.26,gauche,Aigle,Yvorne,5415,814,393,5,0,388,173,44.59%,215,55.41%,48.28%
init_durabilite,14.06.26,gauche,Broye - Vully,Avenches,5451,2308,1119,12,0,1107,559,50.50%,548,49.50%,48.48%
init_durabilite,14.06.26,gauche,Broye - Vully,Bussy-sur-Moudon,5663,179,110,2,0,108,55,50.93%,53,49.07%,61.45%
init_durabilite,14.06.26,gauche,Broye - Vully,Champtauroz,5812,125,78,2,0,76,45,59.21%,31,40.79%,62.40%
init_durabilite,14.06.26,gauche,Broye - Vully,Chavannes-sur-Moudon,5665,177,104,1,0,103,66,64.08%,37,35.92%,58.76%
init_durabilite,14.06.26,gauche,Broye - Vully,Chevroux,5813,339,217,4,0,213,127,59.62%,86,40.38%,64.01%
init_durabilite,14.06.26,gauche,Broye - Vully,Corcelles-le-Jorat,5785,328,207,3,0,204,109,53.43%,95,46.57%,63.11%
init_durabilite,14.06.26,gauche,Broye - Vully,Corcelles-près-Payerne,5816,1584,837,6,0,831,455,54.75%,376,45.25%,52.84%
init_durabilite,14.06.26,gauche,Broye - Vully,Cudrefin,5456,1263,689,3,0,686,315,45.92%,371,54.08%,54.55%
init_durabilite,14.06.26,gauche,Broye - Vully,Curtilles,5669,215,129,8,0,121,54,44.63%,67,55.37%,60.00%
init_durabilite,14.06.26,gauche,Broye - Vully,Dompierre VD,5671,163,109,0,0,109,68,62.39%,41,37.61%,66.87%
init_durabilite,14.06.26,gauche,Broye - Vully,Faoug,5458,568,312,1,0,311,130,41.80%,181,58.20%,54.93%
init_durabilite,14.06.26,gauche,Broye - Vully,Grandcour,5817,627,332,3,0,329,175,53.19%,154,46.81%,52.95%
init_durabilite,14.06.26,gauche,Broye - Vully,Henniez,5819,266,122,0,0,122,75,61.48%,47,38.52%,45.86%
init_durabilite,14.06.26,gauche,Broye - Vully,Hermenches,5673,251,146,4,0,142,82,57.75%,60,42.25%,58.17%
init_durabilite,14.06.26,gauche,Broye - Vully,Lovatens,5674,117,68,2,0,66,30,45.45%,36,54.55%,58.12%
init_durabilite,14.06.26,gauche,Broye - Vully,Lucens,5675,2231,1122,16,1,1105,528,47.78%,577,52.22%,50.29%
init_durabilite,14.06.26,gauche,Broye - Vully,Missy,5821,235,141,1,0,140,57,40.71%,83,59.29%,60.00%
init_durabilite,14.06.26,gauche,Broye - Vully,Moudon,5678,4208,1156,12,1,1143,516,45.14%,627,54.86%,27.47%
init_durabilite,14.06.26,gauche,Broye - Vully,Payerne,5822,4835,2333,22,5,2306,1167,50.61%,1139,49.39%,48.25%
init_durabilite,14.06.26,gauche,Broye - Vully,Prévonloup,5683,172,90,0,0,90,44,48.89%,46,51.11%,52.33%
init_durabilite,14.06.26,gauche,Broye - Vully,Ropraz,5798,321,197,1,0,196,90,45.92%,106,54.08%,61.37%
init_durabilite,14.06.26,gauche,Broye - Vully,Rossenges,5684,58,35,1,0,34,14,41.18%,20,58.82%,60.34%
init_durabilite,14.06.26,gauche,Broye - Vully,Syens,5688,89,40,1,0,39,19,48.72%,20,51.28%,44.94%
init_durabilite,14.06.26,gauche,Broye - Vully,Trey,5827,202,122,0,0,122,71,58.20%,51,41.80%,60.40%
init_durabilite,14.06.26,gauche,Broye - Vully,Treytorrens (Payerne),5828,79,48,0,0,48,28,58.33%,20,41.67%,60.76%
init_durabilite,14.06.26,gauche,Broye - Vully,Valbroye,5831,2046,1140,10,0,1130,607,53.72%,523,46.28%,55.72%
init_durabilite,14.06.26,gauche,Broye - Vully,Villars-le-Comte,5690,101,69,3,0,66,34,51.52%,32,48.48%,68.32%
init_durabilite,14.06.26,gauche,Broye - Vully,Villarzel,5830,305,170,1,0,169,80,47.34%,89,52.66%,55.74%
init_durabilite,14.06.26,gauche,Broye - Vully,Vucherens,5692,404,237,3,0,234,93,39.74%,141,60.26%,58.66%
init_durabilite,14.06.26,gauche,Broye - Vully,Vulliens,5803,429,280,3,0,277,141,50.90%,136,49.10%,65.27%
init_durabilite,14.06.26,gauche,Broye - Vully,Vully-les-Lacs,5464,2415,1320,16,0,1304,613,47.01%,691,52.99%,54.66%
init_durabilite,14.06.26,gauche,Gros-de-Vaud,Assens,5511,1156,661,9,0,652,295,45.25%,357,54.75%,57.18%
init_durabilite,14.06.26,gauche,Gros-de-Vaud,Bercher,5512,892,510,6,1,503,224,44.53%,279,55.47%,57.17%
init_durabilite,14.06.26,gauche,Gros-de-Vaud,Bettens,5471,403,231,3,1,227,129,56.83%,98,43.17%,57.32%
init_durabilite,14.06.26,gauche,Gros-de-Vaud,Bottens,5514,857,472,8,0,464,227,48.92%,237,51.08%,55.08%
init_durabilite,14.06.26,gauche,Gros-de-Vaud,Boulens,5661,261,163,0,0,163,68,41.72%,95,58.28%,62.45%
init_durabilite,14.06.26,gauche,Gros-de-Vaud,Bournens,5472,380,219,2,0,217,105,48.39%,112,51.61%,57.63%
init_durabilite,14.06.26,gauche,Gros-de-Vaud,Boussens,5473,665,430,4,0,426,196,46.01%,230,53.99%,64.66%
init_durabilite,14.06.26,gauche,Gros-de-Vaud,Bretigny-sur-Morrens,5515,559,334,4,0,330,134,40.61%,196,59.39%,59.75%
init_durabilite,14.06.26,gauche,Gros-de-Vaud,Cugy VD,5516,1715,999,10,9,980,344,35.10%,636,64.90%,58.25%
init_durabilite,14.06.26,gauche,Gros-de-Vaud,Daillens,5480,702,428,5,0,423,156,36.88%,267,63.12%,60.97%
init_durabilite,14.06.26,gauche,Gros-de-Vaud,Echallens,5518,4081,2216,35,1,2180,831,38.12%,1349,61.88%,54.30%
init_durabilite,14.06.26,gauche,Gros-de-Vaud,Essertines-sur-Yverdon,5520,744,374,4,0,370,196,52.97%,174,47.03%,50.27%
init_durabilite,14.06.26,gauche,Gros-de-Vaud,Etagnières,5521,732,445,5,0,440,150,34.09%,290,65.91%,60.79%
init_durabilite,14.06.26,gauche,Gros-de-Vaud,Fey,5522,530,299,2,0,297,127,42.76%,170,57.24%,56.42%
init_durabilite,14.06.26,gauche,Gros-de-Vaud,Froideville,5523,1709,1057,11,0,1046,455,43.50%,591,56.50%,61.85%
init_durabilite,14.06.26,gauche,Gros-de-Vaud,Goumoëns,5541,814,488,7,0,481,225,46.78%,256,53.22%,59.95%
init_durabilite,14.06.26,gauche,Gros-de-Vaud,Jorat-Menthue,5804,1023,586,3,3,580,255,43.97%,325,56.03%,57.28%
init_durabilite,14.06.26,gauche,Gros-de-Vaud,Lussery-Villars,5487,320,170,0,0,170,61,35.88%,109,64.12%,53.12%
init_durabilite,14.06.26,gauche,Gros-de-Vaud,Mex VD,5489,498,266,3,0,263,124,47.15%,139,52.85%,53.41%
init_durabilite,14.06.26,gauche,Gros-de-Vaud,Montanaire,5693,1923,1099,11,0,1088,519,47.70%,569,52.30%,57.15%
init_durabilite,14.06.26,gauche,Gros-de-Vaud,Montilliez,5540,1291,732,4,0,728,378,51.92%,350,48.08%,56.70%
init_durabilite,14.06.26,gauche,Gros-de-Vaud,Morrens VD,5527,759,475,2,0,473,180,38.05%,293,61.95%,62.58%
init_durabilite,14.06.26,gauche,Gros-de-Vaud,Ogens,5680,225,129,2,0,127,54,42.52%,73,57.48%,57.33%
init_durabilite,14.06.26,gauche,Gros-de-Vaud,Oppens,5923,125,75,2,0,73,40,54.79%,33,45.21%,60.00%
init_durabilite,14.06.26,gauche,Gros-de-Vaud,Oulens-sous-Echallens,5529,421,285,2,1,282,133,47.16%,149,52.84%,67.70%
init_durabilite,14.06.26,gauche,Gros-de-Vaud,Pailly,5530,387,241,4,0,237,139,58.65%,98,41.35%,62.27%
init_durabilite,14.06.26,gauche,Gros-de-Vaud,Penthalaz,5495,1843,960,5,0,955,394,41.26%,561,58.74%,52.09%
init_durabilite,14.06.26,gauche,Gros-de-Vaud,Penthaz,5496,1120,582,5,0,577,254,44.02%,323,55.98%,51.96%
init_durabilite,14.06.26,gauche,Gros-de-Vaud,Penthéréaz,5531,325,188,2,0,186,87,46.77%,99,53.23%,57.85%
init_durabilite,14.06.26,gauche,Gros-de-Vaud,Poliez-Pittet,5533,524,302,6,0,296,137,46.28%,159,53.72%,57.63%
init_durabilite,14.06.26,gauche,Gros-de-Vaud,Rueyres,5534,212,149,1,0,148,68,45.95%,80,54.05%,70.28%
init_durabilite,14.06.26,gauche,Gros-de-Vaud,Saint-Barthélemy VD,5535,538,343,5,0,338,165,48.82%,173,51.18%,63.75%
init_durabilite,14.06.26,gauche,Gros-de-Vaud,Sullens,5501,787,476,6,0,470,234,49.79%,236,50.21%,60.48%
init_durabilite,14.06.26,gauche,Gros-de-Vaud,Villars-le-Terroir,5537,886,497,4,0,493,234,47.46%,259,52.54%,56.09%
init_durabilite,14.06.26,gauche,Gros-de-Vaud,Vuarrens,5539,710,406,5,0,401,203,50.62%,198,49.38%,57.18%
init_durabilite,14.06.26,gauche,Gros-de-Vaud,Vufflens-la-Ville,5503,898,596,4,1,591,229,38.75%,362,61.25%,66.37%
init_durabilite,14.06.26,gauche,Yverdon,Agiez,5742,237,131,1,0,130,56,43.08%,74,56.92%,55.27%
init_durabilite,14.06.26,gauche,Yverdon,Arnex-sur-Orbe,5743,475,293,1,0,292,112,38.36%,180,61.64%,61.68%
init_durabilite,14.06.26,gauche,Yverdon,Ballaigues,5744,734,407,6,2,399,197,49.37%,202,50.63%,55.45%
init_durabilite,14.06.26,gauche,Yverdon,Baulmes,5745,769,449,10,0,439,182,41.46%,257,58.54%,58.39%
init_durabilite,14.06.26,gauche,Yverdon,Bavois,5746,690,367,8,0,359,173,48.19%,186,51.81%,53.19%
init_durabilite,14.06.26,gauche,Yverdon,Belmont-sur-Yverdon,5902,308,179,0,0,179,93,51.96%,86,48.04%,58.12%
init_durabilite,14.06.26,gauche,Yverdon,Bioley-Magnoux,5903,194,118,1,0,117,49,41.88%,68,58.12%,60.82%
init_durabilite,14.06.26,gauche,Yverdon,Bofflens,5747,148,101,2,1,98,58,59.18%,40,40.82%,68.24%
init_durabilite,14.06.26,gauche,Yverdon,Bonvillars,5551,385,239,4,0,235,110,46.81%,125,53.19%,62.08%
init_durabilite,14.06.26,gauche,Yverdon,Bretonnières,5748,196,123,2,0,121,50,41.32%,71,58.68%,62.76%
init_durabilite,14.06.26,gauche,Yverdon,Bullet,5552,532,344,4,5,335,185,55.22%,150,44.78%,64.66%
init_durabilite,14.06.26,gauche,Yverdon,Chamblon,5904,434,227,5,0,222,91,40.99%,131,59.01%,52.30%
init_durabilite,14.06.26,gauche,Yverdon,Champagne,5553,720,377,9,0,368,136,36.96%,232,63.04%,52.36%
init_durabilite,14.06.26,gauche,Yverdon,Champvent,5905,449,265,5,0,260,110,42.31%,150,57.69%,59.02%
init_durabilite,14.06.26,gauche,Yverdon,Chavannes-le-Chêne,5907,232,114,1,0,113,61,53.98%,52,46.02%,49.14%
init_durabilite,14.06.26,gauche,Yverdon,Chavornay,5749,3085,1603,21,0,1582,664,41.97%,918,58.03%,51.96%
init_durabilite,14.06.26,gauche,Yverdon,Cheseaux-Noréaz,5909,514,333,8,0,325,123,37.85%,202,62.15%,64.79%
init_durabilite,14.06.26,gauche,Yverdon,Chêne-Pâquier,5908,109,64,2,0,62,30,48.39%,32,51.61%,58.72%
init_durabilite,14.06.26,gauche,Yverdon,Concise,5554,660,378,6,0,372,148,39.78%,224,60.22%,57.27%
init_durabilite,14.06.26,gauche,Yverdon,Corcelles-près-Concise,5555,299,147,2,0,145,54,37.24%,91,62.76%,49.16%
init_durabilite,14.06.26,gauche,Yverdon,Cronay,5910,318,213,1,0,212,94,44.34%,118,55.66%,66.98%
init_durabilite,14.06.26,gauche,Yverdon,Croy,5752,293,176,2,0,174,56,32.18%,118,67.82%,60.07%
init_durabilite,14.06.26,gauche,Yverdon,Cuarny,5911,169,118,2,0,116,60,51.72%,56,48.28%,69.82%
init_durabilite,14.06.26,gauche,Yverdon,Donneloye,5913,594,364,6,0,358,163,45.53%,195,54.47%,61.28%
init_durabilite,14.06.26,gauche,Yverdon,Démoret,5912,123,87,0,0,87,45,51.72%,42,48.28%,70.73%
init_durabilite,14.06.26,gauche,Yverdon,Ependes VD,5914,243,146,0,0,146,71,48.63%,75,51.37%,60.08%
init_durabilite,14.06.26,gauche,Yverdon,Fiez,5556,308,176,2,0,174,47,27.01%,127,72.99%,57.14%
init_durabilite,14.06.26,gauche,Yverdon,Fontaines-sur-Grandson,5557,155,78,1,0,77,40,51.95%,37,48.05%,50.32%
init_durabilite,14.06.26,gauche,Yverdon,Giez,5559,313,192,3,0,189,68,35.98%,121,64.02%,61.34%
init_durabilite,14.06.26,gauche,Yverdon,Grandevent,5560,157,107,1,0,106,40,37.74%,66,62.26%,68.15%
init_durabilite,14.06.26,gauche,Yverdon,Grandson,5561,2194,1141,19,1,1121,397,35.41%,724,64.59%,52.01%
init_durabilite,14.06.26,gauche,Yverdon,Juriens,5754,255,157,5,0,152,74,48.68%,78,51.32%,61.57%
init_durabilite,14.06.26,gauche,La Vallée,L'Abbaye,5871,1082,622,7,3,612,255,41.67%,357,58.33%,57.49%
init_durabilite,14.06.26,gauche,Yverdon,L'Abergement,5741,197,152,2,0,150,71,47.33%,79,52.67%,77.16%
init_durabilite,14.06.26,gauche,Yverdon,La Praz,5758,143,95,1,0,94,30,31.91%,64,68.09%,66.43%
init_durabilite,14.06.26,gauche,La Vallée,Le Chenit,5872,2805,1526,25,0,1501,600,39.97%,901,60.03%,54.40%
init_durabilite,14.06.26,gauche,La Vallée,Le Lieu,5873,627,380,11,0,369,151,40.92%,218,59.08%,60.61%
init_durabilite,14.06.26,gauche,Yverdon,Les Clées,5750,141,74,2,0,72,24,33.33%,48,66.67%,52.48%
init_durabilite,14.06.26,gauche,Yverdon,Lignerolle,5755,274,173,1,4,168,85,50.60%,83,49.40%,63.14%
init_durabilite,14.06.26,gauche,Yverdon,Mathod,5919,482,267,2,0,265,122,46.04%,143,53.96%,55.39%
init_durabilite,14.06.26,gauche,Yverdon,Mauborget,5562,96,70,0,0,70,41,58.57%,29,41.43%,72.92%
init_durabilite,14.06.26,gauche,Yverdon,Molondin,5921,194,98,2,0,96,38,39.58%,58,60.42%,50.52%
init_durabilite,14.06.26,gauche,Yverdon,Montagny-près-Yverdon,5922,513,259,5,0,254,105,41.34%,149,58.66%,50.49%
init_durabilite,14.06.26,gauche,Yverdon,Montcherand,5756,327,185,2,0,183,78,42.62%,105,57.38%,56.57%
init_durabilite,14.06.26,gauche,Yverdon,Mutrux,5563,94,45,0,0,45,22,48.89%,23,51.11%,47.87%
init_durabilite,14.06.26,gauche,Yverdon,Novalles,5564,76,56,1,0,55,23,41.82%,32,58.18%,73.68%
init_durabilite,14.06.26,gauche,Yverdon,Onnens VD,5565,369,230,3,0,227,88,38.77%,139,61.23%,62.33%
init_durabilite,14.06.26,gauche,Yverdon,Orbe,5757,4110,2022,37,4,1981,847,42.76%,1134,57.24%,49.20%
init_durabilite,14.06.26,gauche,Yverdon,Orges,5924,280,153,2,0,151,65,43.05%,86,56.95%,54.64%
init_durabilite,14.06.26,gauche,Yverdon,Orzens,5925,155,111,0,0,111,49,44.14%,62,55.86%,71.61%
init_durabilite,14.06.26,gauche,Yverdon,Pomy,5926,615,365,10,0,355,158,44.51%,197,55.49%,59.35%
init_durabilite,14.06.26,gauche,Yverdon,Premier,5759,176,114,2,0,112,63,56.25%,49,43.75%,64.77%
init_durabilite,14.06.26,gauche,Yverdon,Provence,5566,309,172,2,1,169,88,52.07%,81,47.93%,55.66%
init_durabilite,14.06.26,gauche,Yverdon,Rances,5760,399,237,1,5,231,106,45.89%,125,54.11%,59.40%
init_durabilite,14.06.26,gauche,Yverdon,Romainmôtier-Envy,5761,386,224,3,0,221,79,35.75%,142,64.25%,58.03%
init_durabilite,14.06.26,gauche,Yverdon,Rovray,5928,128,102,2,0,100,63,63.00%,37,37.00%,79.69%
init_durabilite,14.06.26,gauche,Yverdon,Sainte-Croix,5568,3806,1743,20,0,1723,864,50.15%,859,49.85%,45.80%
init_durabilite,14.06.26,gauche,Yverdon,Sergey,5762,111,66,0,0,66,36,54.55%,30,45.45%,59.46%
init_durabilite,14.06.26,gauche,Yverdon,Suchy,5929,421,249,2,0,247,110,44.53%,137,55.47%,59.14%
init_durabilite,14.06.26,gauche,Yverdon,Suscévaz,5930,160,105,1,0,104,51,49.04%,53,50.96%,65.62%
init_durabilite,14.06.26,gauche,Yverdon,Treycovagnes,5931,334,173,2,0,171,67,39.18%,104,60.82%,51.80%
init_durabilite,14.06.26,gauche,Yverdon,Tévenon,5571,583,353,6,0,347,149,42.94%,198,57.06%,60.55%
init_durabilite,14.06.26,gauche,Yverdon,Ursins,5932,154,96,4,0,92,55,59.78%,37,40.22%,62.34%
init_durabilite,14.06.26,gauche,Yverdon,Valeyres-sous-Montagny,5933,561,270,3,0,267,111,41.57%,156,58.43%,48.13%
init_durabilite,14.06.26,gauche,Yverdon,Valeyres-sous-Rances,5763,394,236,5,0,231,94,40.69%,137,59.31%,59.90%
init_durabilite,14.06.26,gauche,Yverdon,Valeyres-sous-Ursins,5934,184,141,0,0,141,60,42.55%,81,57.45%,76.63%
init_durabilite,14.06.26,gauche,Yverdon,Vallorbe,5764,2259,1017,11,0,1006,488,48.51%,518,51.49%,45.02%
init_durabilite,14.06.26,gauche,Yverdon,Vaulion,5765,342,188,1,0,187,95,50.80%,92,49.20%,54.97%
init_durabilite,14.06.26,gauche,Yverdon,Villars-Epeney,5935,68,43,0,1,42,18,42.86%,24,57.14%,63.24%
init_durabilite,14.06.26,gauche,Yverdon,Vugelles-La Mothe,5937,96,54,1,0,53,30,56.60%,23,43.40%,56.25%
init_durabilite,14.06.26,gauche,Yverdon,Vuiteboeuf,5766,398,210,1,0,209,93,44.50%,116,55.50%,52.76%
init_durabilite,14.06.26,gauche,Yverdon,Yverdon-les-Bains,5938,14998,7155,89,3,7063,2500,35.40%,4563,64.60%,47.71%
init_durabilite,14.06.26,gauche,Yverdon,Yvonand,5939,2356,1282,9,2,1271,534,42.01%,737,57.99%,54.41%
init_durabilite,14.06.26,gauche,Romanel,Cheseaux-sur-Lausanne,5582,2942,1615,16,1,1598,608,38.05%,990,61.95%,54.89%
init_durabilite,14.06.26,gauche,Romanel,Epalinges,5584,5523,3406,43,2,3361,964,28.68%,2397,71.32%,61.67%
init_durabilite,14.06.26,gauche,Romanel,Jouxtens-Mézery,5585,955,685,4,0,681,218,32.01%,463,67.99%,71.73%
init_durabilite,14.06.26,gauche,Lausanne-Ville,Lausanne,5586,67952,35674,366,15,35293,8609,24.39%,26684,75.61%,52.50%
init_durabilite,14.06.26,gauche,Romanel,Le Mont-sur-Lausanne,5587,5381,2986,45,1,2940,930,31.63%,2010,68.37%,55.49%
init_durabilite,14.06.26,gauche,Romanel,Romanel-sur-Lausanne,5592,2442,1312,6,1,1305,536,41.07%,769,58.93%,53.73%
init_durabilite,14.06.26,gauche,Lavaux - Oron,Belmont-sur-Lausanne,5581,2352,1452,17,0,1435,447,31.15%,988,68.85%,61.73%
init_durabilite,14.06.26,gauche,Lavaux - Oron,Bourg-en-Lavaux,5613,3615,2355,30,1,2324,663,28.53%,1661,71.47%,65.15%
init_durabilite,14.06.26,gauche,Lavaux - Oron,Chexbres,5601,1430,824,6,1,817,276,33.78%,541,66.22%,57.62%
init_durabilite,14.06.26,gauche,Lavaux - Oron,Forel (Lavaux),5604,1337,813,4,1,808,355,43.94%,453,56.06%,60.81%
init_durabilite,14.06.26,gauche,Lavaux - Oron,Jorat-Mézières,5806,2146,1260,19,0,1241,490,39.48%,751,60.52%,58.71%
init_durabilite,14.06.26,gauche,Lavaux - Oron,Lutry,5606,6481,3903,27,1,3875,1183,30.53%,2692,69.47%,60.22%
init_durabilite,14.06.26,gauche,Lavaux - Oron,Maracon,5790,390,249,5,0,244,104,42.62%,140,57.38%,63.85%
init_durabilite,14.06.26,gauche,Lavaux - Oron,Montpreveyres,5792,418,256,4,0,252,116,46.03%,136,53.97%,61.24%
init_durabilite,14.06.26,gauche,Lavaux - Oron,Oron,5805,3844,2170,35,0,2135,979,45.85%,1156,54.15%,56.45%
init_durabilite,14.06.26,gauche,Lavaux - Oron,Paudex,5588,820,483,6,3,474,164,34.60%,310,65.40%,58.90%
init_durabilite,14.06.26,gauche,Lavaux - Oron,Puidoux,5607,1660,965,9,3,953,373,39.14%,580,60.86%,58.13%
init_durabilite,14.06.26,gauche,Lavaux - Oron,Pully,5590,10902,6834,96,1,6737,1844,27.37%,4893,72.63%,62.69%
init_durabilite,14.06.26,gauche,Lavaux - Oron,Rivaz,5609,240,165,4,0,161,59,36.65%,102,63.35%,68.75%
init_durabilite,14.06.26,gauche,Lavaux - Oron,Saint-Saphorin (Lavaux),5610,276,188,0,2,186,52,27.96%,134,72.04%,68.12%
init_durabilite,14.06.26,gauche,Lavaux - Oron,Savigny,5611,2212,1365,22,0,1343,480,35.74%,863,64.26%,61.71%
init_durabilite,14.06.26,gauche,Lavaux - Oron,Servion,5799,1433,833,12,1,820,324,39.51%,496,60.49%,58.13%
init_durabilite,14.06.26,gauche,Morges,Aclens,5621,361,208,4,1,203,88,43.35%,115,56.65%,57.62%
init_durabilite,14.06.26,gauche,Morges,Allaman,5851,239,147,2,2,143,47,32.87%,96,67.13%,61.51%
init_durabilite,14.06.26,gauche,Morges,Aubonne,5422,2648,1441,27,0,1414,493,34.87%,921,65.13%,54.42%
init_durabilite,14.06.26,gauche,Morges,Ballens,5423,386,232,5,1,226,104,46.02%,122,53.98%,60.10%
init_durabilite,14.06.26,gauche,Morges,Berolle,5424,201,131,2,1,128,55,42.97%,73,57.03%,65.17%
init_durabilite,14.06.26,gauche,Morges,Bière,5425,900,477,3,0,474,269,56.75%,205,43.25%,53.00%
init_durabilite,14.06.26,gauche,Morges,Bougy-Villars,5426,297,201,2,1,198,72,36.36%,126,63.64%,67.68%
init_durabilite,14.06.26,gauche,Morges,Bremblens,5622,401,261,2,0,259,109,42.08%,150,57.92%,65.09%
init_durabilite,14.06.26,gauche,Morges,Buchillon,5623,430,287,2,0,285,99,34.74%,186,65.26%,66.74%
init_durabilite,14.06.26,gauche,Morges,Chavannes-le-Veyron,5475,108,80,2,0,78,28,35.90%,50,64.10%,74.07%
init_durabilite,14.06.26,gauche,Morges,Chevilly,5476,227,146,1,0,145,59,40.69%,86,59.31%,64.32%
init_durabilite,14.06.26,gauche,Morges,Chigny,5628,243,155,1,0,154,37,24.03%,117,75.97%,63.79%
init_durabilite,14.06.26,gauche,Morges,Clarmont,5629,148,85,2,0,83,36,43.37%,47,56.63%,57.43%
init_durabilite,14.06.26,gauche,Morges,Cossonay,5477,2963,1659,16,0,1643,589,35.85%,1054,64.15%,55.99%
init_durabilite,14.06.26,gauche,Morges,Cuarnens,5479,366,215,3,0,212,88,41.51%,124,58.49%,58.74%
init_durabilite,14.06.26,gauche,Morges,Denens,5631,489,321,1,0,320,91,28.44%,229,71.56%,65.64%
init_durabilite,14.06.26,gauche,Morges,Denges,5632,1001,614,5,1,608,178,29.28%,430,70.72%,61.34%
init_durabilite,14.06.26,gauche,Morges,Dizy,5481,161,104,3,0,101,49,48.51%,52,51.49%,64.60%
init_durabilite,14.06.26,gauche,Morges,Echandens,5633,1813,995,7,3,985,342,34.72%,643,65.28%,54.88%
init_durabilite,14.06.26,gauche,Morges,Echichens,5634,2058,1252,18,1,1233,400,32.44%,833,67.56%,60.84%
init_durabilite,14.06.26,gauche,Morges,Eclépens,5482,712,419,4,1,414,151,36.47%,263,63.53%,58.85%
init_durabilite,14.06.26,gauche,Morges,Etoy,5636,1694,990,8,1,981,300,30.58%,681,69.42%,58.44%
init_durabilite,14.06.26,gauche,Morges,Ferreyres,5483,224,140,5,1,134,48,35.82%,86,64.18%,62.50%
init_durabilite,14.06.26,gauche,Morges,Féchy,5427,518,336,2,0,334,116,34.73%,218,65.27%,64.86%
init_durabilite,14.06.26,gauche,Morges,Gimel,5428,1369,673,8,0,665,299,44.96%,366,55.04%,49.16%
init_durabilite,14.06.26,gauche,Morges,Gollion,5484,695,415,8,0,407,169,41.52%,238,58.48%,59.71%
init_durabilite,14.06.26,gauche,Morges,Grancy,5485,333,192,1,0,191,69,36.13%,122,63.87%,57.66%
init_durabilite,14.06.26,gauche,Morges,Hautemorges,5656,2860,1668,20,0,1648,629,38.17%,1019,61.83%,58.32%
init_durabilite,14.06.26,gauche,Morges,L'Isle,5486,762,429,6,0,423,197,46.57%,226,53.43%,56.30%
init_durabilite,14.06.26,gauche,Morges,La Chaux (Cossonay),5474,309,161,1,0,160,68,42.50%,92,57.50%,52.10%
init_durabilite,14.06.26,gauche,Morges,La Sarraz,5498,1480,763,10,0,753,242,32.14%,511,67.86%,51.55%
init_durabilite,14.06.26,gauche,Morges,Lavigny,5637,605,370,4,0,366,116,31.69%,250,68.31%,61.16%
init_durabilite,14.06.26,gauche,Morges,Lonay,5638,1758,1008,6,4,998,363,36.37%,635,63.63%,57.34%
init_durabilite,14.06.26,gauche,Morges,Lully VD,5639,538,355,5,0,350,91,26.00%,259,74.00%,65.99%
init_durabilite,14.06.26,gauche,Morges,Lussy-sur-Morges,5640,466,302,2,1,299,67,22.41%,232,77.59%,64.81%
init_durabilite,14.06.26,gauche,Morges,Mauraz,5488,44,34,0,0,34,14,41.18%,20,58.82%,77.27%
init_durabilite,14.06.26,gauche,Morges,Moiry VD,5490,212,137,1,0,136,49,36.03%,87,63.97%,64.62%
init_durabilite,14.06.26,gauche,Morges,Mollens VD,5431,218,133,5,0,128,68,53.12%,60,46.88%,61.01%
init_durabilite,14.06.26,gauche,Morges,Mont-la-Ville,5491,337,199,2,0,197,91,46.19%,106,53.81%,59.05%
init_durabilite,14.06.26,gauche,Morges,Montricher,5492,649,405,11,1,393,177,45.04%,216,54.96%,62.40%
init_durabilite,14.06.26,gauche,Morges,Morges,5642,9220,5179,54,2,5123,1622,31.66%,3501,68.34%,56.17%
init_durabilite,14.06.26,gauche,Morges,Orny,5493,342,193,2,0,191,76,39.79%,115,60.21%,56.43%
init_durabilite,14.06.26,gauche,Morges,Pompaples,5497,526,291,8,0,283,117,41.34%,166,58.66%,55.32%
init_durabilite,14.06.26,gauche,Morges,Préverenges,5643,2952,1683,13,1,1669,559,33.49%,1110,66.51%,57.01%
init_durabilite,14.06.26,gauche,Morges,Romanel-sur-Morges,5645,318,199,1,0,198,78,39.39%,120,60.61%,62.58%
init_durabilite,14.06.26,gauche,Morges,Saint-Livres,5435,480,299,6,0,293,119,40.61%,174,59.39%,62.29%
init_durabilite,14.06.26,gauche,Morges,Saint-Oyens,5436,286,183,4,0,179,78,43.58%,101,56.42%,63.99%
init_durabilite,14.06.26,gauche,Morges,Saint-Prex,5646,3034,1773,19,0,1754,547,31.19%,1207,68.81%,58.44%
init_durabilite,14.06.26,gauche,Morges,Saubraz,5437,258,143,1,0,142,63,44.37%,79,55.63%,55.43%
init_durabilite,14.06.26,gauche,Morges,Senarclens,5499,330,191,4,0,187,94,50.27%,93,49.73%,57.88%
init_durabilite,14.06.26,gauche,Morges,Tolochenaz,5649,1302,613,9,2,602,205,34.05%,397,65.95%,47.08%
init_durabilite,14.06.26,gauche,Morges,Vaux-sur-Morges,5650,128,99,1,0,98,33,33.67%,65,66.33%,77.34%
init_durabilite,14.06.26,gauche,Morges,Villars-sous-Yens,5652,383,254,1,0,253,96,37.94%,157,62.06%,66.32%
init_durabilite,14.06.26,gauche,Morges,Vufflens-le-Château,5653,573,377,9,3,365,127,34.79%,238,65.21%,65.79%
init_durabilite,14.06.26,gauche,Morges,Vullierens,5654,357,207,0,0,207,91,43.96%,116,56.04%,57.98%
init_durabilite,14.06.26,gauche,Morges,Yens,5655,884,549,2,0,547,206,37.66%,341,62.34%,62.10%
init_durabilite,14.06.26,gauche,Nyon,Arnex-sur-Nyon,5701,178,90,1,0,89,33,37.08%,56,62.92%,50.56%
init_durabilite,14.06.26,gauche,Nyon,Arzier - Le Muids,5702,1708,1071,4,0,1067,401,37.58%,666,62.42%,62.70%
init_durabilite,14.06.26,gauche,Nyon,Bassins,5703,878,539,11,1,527,192,36.43%,335,63.57%,61.39%
init_durabilite,14.06.26,gauche,Nyon,Begnins,5704,1220,705,4,0,701,236,33.67%,465,66.33%,57.79%
init_durabilite,14.06.26,gauche,Nyon,Bogis-Bossey,5705,493,320,3,0,317,83,26.18%,234,73.82%,64.91%
init_durabilite,14.06.26,gauche,Nyon,Borex,5706,710,451,1,0,450,153,34.00%,297,66.00%,63.52%
init_durabilite,14.06.26,gauche,Nyon,Bursinel,5852,313,195,2,2,191,77,40.31%,114,59.69%,62.30%
init_durabilite,14.06.26,gauche,Nyon,Bursins,5853,493,303,1,3,299,99,33.11%,200,66.89%,61.46%
init_durabilite,14.06.26,gauche,Nyon,Burtigny,5854,254,156,2,0,154,65,42.21%,89,57.79%,61.42%
init_durabilite,14.06.26,gauche,Nyon,Chavannes-de-Bogis,5707,668,384,5,0,379,165,43.54%,214,56.46%,57.49%
init_durabilite,14.06.26,gauche,Nyon,Chavannes-des-Bois,5708,488,302,2,0,300,117,39.00%,183,61.00%,61.89%
init_durabilite,14.06.26,gauche,Nyon,Chéserex,5709,781,497,7,0,490,187,38.16%,303,61.84%,63.64%
init_durabilite,14.06.26,gauche,Nyon,Coinsins,5710,317,193,6,0,187,79,42.25%,108,57.75%,60.88%
init_durabilite,14.06.26,gauche,Nyon,Commugny,5711,1468,941,8,0,933,276,29.58%,657,70.42%,64.10%
init_durabilite,14.06.26,gauche,Nyon,Coppet,5712,2056,1025,11,0,1014,312,30.77%,702,69.23%,49.85%
init_durabilite,14.06.26,gauche,Nyon,Crans,5713,1360,877,9,0,868,303,34.91%,565,65.09%,64.49%
init_durabilite,14.06.26,gauche,Nyon,Crassier,5714,757,464,4,0,460,177,38.48%,283,61.52%,61.29%
init_durabilite,14.06.26,gauche,Nyon,Duillier,5715,695,434,8,0,426,155,36.38%,271,63.62%,62.45%
init_durabilite,14.06.26,gauche,Nyon,Dully,5855,367,237,0,0,237,83,35.02%,154,64.98%,64.58%
init_durabilite,14.06.26,gauche,Nyon,Essertines-sur-Rolle,5856,436,296,2,0,294,143,48.64%,151,51.36%,67.89%
init_durabilite,14.06.26,gauche,Nyon,Eysins,5716,966,596,3,0,593,215,36.26%,378,63.74%,61.70%
init_durabilite,14.06.26,gauche,Nyon,Founex,5717,1761,1095,19,0,1076,358,33.27%,718,66.73%,62.18%
init_durabilite,14.06.26,gauche,Nyon,Genolier,5718,1190,777,15,0,762,298,39.11%,464,60.89%,65.29%
init_durabilite,14.06.26,gauche,Nyon,Gilly,5857,845,522,3,0,519,191,36.80%,328,63.20%,61.78%
init_durabilite,14.06.26,gauche,Nyon,Gingins,5719,788,484,3,0,481,162,33.68%,319,66.32%,61.42%
init_durabilite,14.06.26,gauche,Nyon,Givrins,5720,697,459,10,0,449,137,30.51%,312,69.49%,65.85%
init_durabilite,14.06.26,gauche,Nyon,Gland,5721,7303,4051,54,1,3996,1502,37.59%,2494,62.41%,55.47%
init_durabilite,14.06.26,gauche,Nyon,Grens,5722,252,167,0,0,167,54,32.34%,113,67.66%,66.27%
init_durabilite,14.06.26,gauche,Nyon,La Rippe,5726,722,454,6,0,448,145,32.37%,303,67.63%,62.88%
init_durabilite,14.06.26,gauche,Nyon,Le Vaud,5731,907,583,8,0,575,195,33.91%,380,66.09%,64.28%
init_durabilite,14.06.26,gauche,Nyon,Longirod,5429,361,216,6,0,210,95,45.24%,115,54.76%,59.83%
init_durabilite,14.06.26,gauche,Nyon,Luins,5858,346,204,3,0,201,97,48.26%,104,51.74%,58.96%
init_durabilite,14.06.26,gauche,Nyon,Marchissy,5430,334,211,2,0,209,77,36.84%,132,63.16%,63.17%
init_durabilite,14.06.26,gauche,Nyon,Mies,5723,1094,643,6,0,637,192,30.14%,445,69.86%,58.78%
init_durabilite,14.06.26,gauche,Nyon,Mont-sur-Rolle,5859,1627,922,9,0,913,325,35.60%,588,64.40%,56.67%
init_durabilite,14.06.26,gauche,Nyon,Nyon,5724,11365,6122,83,4,6035,1765,29.25%,4270,70.75%,53.87%
init_durabilite,14.06.26,gauche,Nyon,Perroy,5860,911,577,5,0,572,212,37.06%,360,62.94%,63.34%
init_durabilite,14.06.26,gauche,Nyon,Prangins,5725,2428,1510,22,4,1484,461,31.06%,1023,68.94%,62.19%
init_durabilite,14.06.26,gauche,Nyon,Rolle,5861,3192,1739,34,0,1705,561,32.90%,1144,67.10%,54.48%
init_durabilite,14.06.26,gauche,Nyon,Saint-Cergue,5727,1674,850,15,1,834,368,44.12%,466,55.88%,50.78%
init_durabilite,14.06.26,gauche,Nyon,Saint-George,5434,677,390,2,0,388,171,44.07%,217,55.93%,57.61%
init_durabilite,14.06.26,gauche,Nyon,Signy-Avenex,5728,359,216,2,0,214,90,42.06%,124,57.94%,60.17%
init_durabilite,14.06.26,gauche,Nyon,Tannay,5729,923,591,3,3,585,165,28.21%,420,71.79%,64.03%
init_durabilite,14.06.26,gauche,Nyon,Tartegnin,5862,131,82,1,0,81,34,41.98%,47,58.02%,62.60%
init_durabilite,14.06.26,gauche,Nyon,Trélex,5730,908,598,4,0,594,206,34.68%,388,65.32%,65.86%
init_durabilite,14.06.26,gauche,Nyon,Vich,5732,665,386,5,0,381,119,31.23%,262,68.77%,58.05%
init_durabilite,14.06.26,gauche,Nyon,Vinzel,5863,237,149,2,0,147,48,32.65%,99,67.35%,62.87%
init_durabilite,14.06.26,gauche,Ouest lausannois,Bussigny,5624,5702,2955,34,3,2918,1018,34.89%,1900,65.11%,51.82%
init_durabilite,14.06.26,gauche,Ouest lausannois,Chavannes-près-Renens,5627,3694,1502,14,1,1487,490,32.95%,997,67.05%,40.66%
init_durabilite,14.06.26,gauche,Ouest lausannois,Crissier,5583,4934,2281,40,1,2240,822,36.70%,1418,63.30%,46.23%
init_durabilite,14.06.26,gauche,Ouest lausannois,Ecublens VD,5635,5742,2940,25,0,2915,1073,36.81%,1842,63.19%,51.20%
init_durabilite,14.06.26,gauche,Ouest lausannois,Prilly,5589,6009,3066,36,2,3028,962,31.77%,2066,68.23%,51.02%
init_durabilite,14.06.26,gauche,Ouest lausannois,Renens VD,5591,8827,3886,40,2,3844,1188,30.91%,2656,69.09%,44.02%
init_durabilite,14.06.26,gauche,Ouest lausannois,Saint-Sulpice,5648,2291,1511,14,0,1497,484,32.33%,1013,67.67%,65.95%
init_durabilite,14.06.26,gauche,Ouest lausannois,Villars-Sainte-Croix,5651,554,294,3,0,291,132,45.36%,159,54.64%,53.07%
init_durabilite,14.06.26,gauche,Vevey,Blonay - Saint-Légier,5892,7789,4703,64,1,4638,1521,32.79%,3117,67.21%,60.38%
init_durabilite,14.06.26,gauche,Vevey,Chardonne,5882,2131,1327,23,0,1304,460,35.28%,844,64.72%,62.27%
init_durabilite,14.06.26,gauche,Pays-d'Enhaut,Château-d'Oex,5841,2051,1070,11,1,1058,506,47.83%,552,52.17%,52.17%
init_durabilite,14.06.26,gauche,Vevey,Corseaux,5883,1445,960,12,0,948,333,35.13%,615,64.87%,66.44%
init_durabilite,14.06.26,gauche,Vevey,Corsier-sur-Vevey,5884,1930,1096,17,1,1078,401,37.20%,677,62.80%,56.79%
init_durabilite,14.06.26,gauche,Vevey,Jongny,5885,1113,788,10,0,778,298,38.30%,480,61.70%,70.80%
init_durabilite,14.06.26,gauche,Vevey,La Tour-de-Peilz,5889,7493,4467,59,0,4408,1366,30.99%,3042,69.01%,59.62%
init_durabilite,14.06.26,gauche,Vevey,Montreux,5886,12331,6278,69,4,6205,2442,39.36%,3763,60.64%,50.91%
init_durabilite,14.06.26,gauche,Pays-d'Enhaut,Rossinière,5842,331,172,0,3,169,83,49.11%,86,50.89%,51.96%
init_durabilite,14.06.26,gauche,Pays-d'Enhaut,Rougemont,5843,438,209,2,0,207,113,54.59%,94,45.41%,47.72%
init_durabilite,14.06.26,gauche,Vevey,Vevey,5890,10009,5209,49,0,5160,1337,25.91%,3823,74.09%,52.04%
init_durabilite,14.06.26,gauche,Vevey,Veytaux,5891,518,282,2,0,280,111,39.64%,169,60.36%,54.44%
fed_service_civil,14.06.26,droite,Aigle,Aigle,5401,5438,2715,128,0,2587,1298,50.17%,1289,49.83%,49.93%
fed_service_civil,14.06.26,droite,Aigle,Bex,5402,4605,2280,70,0,2210,1039,47.01%,1171,52.99%,49.51%
fed_service_civil,14.06.26,droite,Aigle,Chessel,5403,312,181,4,1,176,102,57.95%,74,42.05%,58.01%
fed_service_civil,14.06.26,droite,Aigle,Corbeyrier,5404,348,209,5,0,204,96,47.06%,108,52.94%,60.06%
fed_service_civil,14.06.26,droite,Aigle,Gryon,5405,886,518,16,0,502,261,51.99%,241,48.01%,58.47%
fed_service_civil,14.06.26,droite,Aigle,Lavey-Morcles,5406,633,334,13,0,321,182,56.70%,139,43.30%,52.76%
fed_service_civil,14.06.26,droite,Aigle,Leysin,5407,1510,828,40,1,787,394,50.06%,393,49.94%,54.83%
fed_service_civil,14.06.26,droite,Aigle,Noville,5408,733,395,10,0,385,198,51.43%,187,48.57%,53.89%
fed_service_civil,14.06.26,droite,Aigle,Ollon VD,5409,4387,2728,91,1,2636,1377,52.24%,1259,47.76%,62.18%
fed_service_civil,14.06.26,droite,Aigle,Ormont-Dessous,5410,815,465,10,2,453,273,60.26%,180,39.74%,57.06%
fed_service_civil,14.06.26,droite,Aigle,Ormont-Dessus,5411,921,551,6,0,545,310,56.88%,235,43.12%,59.83%
fed_service_civil,14.06.26,droite,Aigle,Rennaz,5412,507,249,11,0,238,129,54.20%,109,45.80%,49.11%
fed_service_civil,14.06.26,droite,Aigle,Roche VD,5413,998,455,19,2,434,234,53.92%,200,46.08%,45.59%
fed_service_civil,14.06.26,droite,Aigle,Villeneuve VD,5414,2817,1350,44,1,1305,652,49.96%,653,50.04%,47.92%
fed_service_civil,14.06.26,droite,Aigle,Yvorne,5415,814,393,11,0,382,205,53.66%,177,46.34%,48.28%
fed_service_civil,14.06.26,droite,Broye - Vully,Avenches,5451,2308,1119,31,0,1088,593,54.50%,495,45.50%,48.48%
fed_service_civil,14.06.26,droite,Broye - Vully,Bussy-sur-Moudon,5663,179,110,4,0,106,73,68.87%,33,31.13%,61.45%
fed_service_civil,14.06.26,droite,Broye - Vully,Champtauroz,5812,125,78,0,0,78,34,43.59%,44,56.41%,62.40%
fed_service_civil,14.06.26,droite,Broye - Vully,Chavannes-sur-Moudon,5665,177,103,1,0,102,66,64.71%,36,35.29%,58.19%
fed_service_civil,14.06.26,droite,Broye - Vully,Chevroux,5813,339,216,0,0,216,114,52.78%,102,47.22%,63.72%
fed_service_civil,14.06.26,droite,Broye - Vully,Corcelles-le-Jorat,5785,328,203,7,0,196,104,53.06%,92,46.94%,61.89%
fed_service_civil,14.06.26,droite,Broye - Vully,Corcelles-près-Payerne,5816,1584,837,28,0,809,503,62.18%,306,37.82%,52.84%
fed_service_civil,14.06.26,droite,Broye - Vully,Cudrefin,5456,1263,681,16,0,665,404,60.75%,261,39.25%,53.92%
fed_service_civil,14.06.26,droite,Broye - Vully,Curtilles,5669,215,129,7,0,122,58,47.54%,64,52.46%,60.00%
fed_service_civil,14.06.26,droite,Broye - Vully,Dompierre VD,5671,163,109,3,0,106,69,65.09%,37,34.91%,66.87%
fed_service_civil,14.06.26,droite,Broye - Vully,Faoug,5458,568,309,7,0,302,159,52.65%,143,47.35%,54.40%
fed_service_civil,14.06.26,droite,Broye - Vully,Grandcour,5817,627,330,8,0,322,198,61.49%,124,38.51%,52.63%
fed_service_civil,14.06.26,droite,Broye - Vully,Henniez,5819,266,122,1,0,121,59,48.76%,62,51.24%,45.86%
fed_service_civil,14.06.26,droite,Broye - Vully,Hermenches,5673,251,147,8,0,139,84,60.43%,55,39.57%,58.57%
fed_service_civil,14.06.26,droite,Broye - Vully,Lovatens,5674,117,68,2,0,66,32,48.48%,34,51.52%,58.12%
fed_service_civil,14.06.26,droite,Broye - Vully,Lucens,5675,2231,1122,43,2,1077,508,47.17%,569,52.83%,50.29%
fed_service_civil,14.06.26,droite,Broye - Vully,Missy,5821,235,140,3,0,137,77,56.20%,60,43.80%,59.57%
fed_service_civil,14.06.26,droite,Broye - Vully,Moudon,5678,4208,1156,43,1,1112,563,50.63%,549,49.37%,27.47%
fed_service_civil,14.06.26,droite,Broye - Vully,Payerne,5822,4835,2333,93,5,2235,1302,58.26%,933,41.74%,48.25%
fed_service_civil,14.06.26,droite,Broye - Vully,Prévonloup,5683,172,89,5,0,84,51,60.71%,33,39.29%,51.74%
fed_service_civil,14.06.26,droite,Broye - Vully,Ropraz,5798,321,195,1,0,194,121,62.37%,73,37.63%,60.75%
fed_service_civil,14.06.26,droite,Broye - Vully,Rossenges,5684,58,35,1,0,34,24,70.59%,10,29.41%,60.34%
fed_service_civil,14.06.26,droite,Broye - Vully,Syens,5688,89,38,0,0,38,22,57.89%,16,42.11%,42.70%
fed_service_civil,14.06.26,droite,Broye - Vully,Trey,5827,202,119,2,0,117,76,64.96%,41,35.04%,58.91%
fed_service_civil,14.06.26,droite,Broye - Vully,Treytorrens (Payerne),5828,79,50,0,0,50,33,66.00%,17,34.00%,63.29%
fed_service_civil,14.06.26,droite,Broye - Vully,Valbroye,5831,2046,1140,36,0,1104,659,59.69%,445,40.31%,55.72%
fed_service_civil,14.06.26,droite,Broye - Vully,Villars-le-Comte,5690,101,67,4,0,63,34,53.97%,29,46.03%,66.34%
fed_service_civil,14.06.26,droite,Broye - Vully,Villarzel,5830,305,160,4,0,156,94,60.26%,62,39.74%,52.46%
fed_service_civil,14.06.26,droite,Broye - Vully,Vucherens,5692,404,237,5,0,232,123,53.02%,109,46.98%,58.66%
fed_service_civil,14.06.26,droite,Broye - Vully,Vulliens,5803,429,278,7,0,271,168,61.99%,103,38.01%,64.80%
fed_service_civil,14.06.26,droite,Broye - Vully,Vully-les-Lacs,5464,2415,1320,33,0,1287,773,60.06%,514,39.94%,54.66%
fed_service_civil,14.06.26,droite,Gros-de-Vaud,Assens,5511,1156,658,13,0,645,381,59.07%,264,40.93%,56.92%
fed_service_civil,14.06.26,droite,Gros-de-Vaud,Bercher,5512,892,510,16,1,493,263,53.35%,230,46.65%,57.17%
fed_service_civil,14.06.26,droite,Gros-de-Vaud,Bettens,5471,403,231,11,1,219,129,58.90%,90,41.10%,57.32%
fed_service_civil,14.06.26,droite,Gros-de-Vaud,Bottens,5514,857,480,12,0,468,256,54.70%,212,45.30%,56.01%
fed_service_civil,14.06.26,droite,Gros-de-Vaud,Boulens,5661,261,163,2,0,161,87,54.04%,74,45.96%,62.45%
fed_service_civil,14.06.26,droite,Gros-de-Vaud,Bournens,5472,380,219,6,0,213,128,60.09%,85,39.91%,57.63%
fed_service_civil,14.06.26,droite,Gros-de-Vaud,Boussens,5473,665,430,8,0,422,217,51.42%,205,48.58%,64.66%
fed_service_civil,14.06.26,droite,Gros-de-Vaud,Bretigny-sur-Morrens,5515,559,331,7,0,324,155,47.84%,169,52.16%,59.21%
fed_service_civil,14.06.26,droite,Gros-de-Vaud,Cugy VD,5516,1715,999,17,10,972,471,48.46%,501,51.54%,58.25%
fed_service_civil,14.06.26,droite,Gros-de-Vaud,Daillens,5480,702,424,10,0,414,200,48.31%,214,51.69%,60.40%
fed_service_civil,14.06.26,droite,Gros-de-Vaud,Echallens,5518,4081,2216,89,1,2126,1008,47.41%,1118,52.59%,54.30%
fed_service_civil,14.06.26,droite,Gros-de-Vaud,Essertines-sur-Yverdon,5520,744,374,9,0,365,200,54.79%,165,45.21%,50.27%
fed_service_civil,14.06.26,droite,Gros-de-Vaud,Etagnières,5521,732,445,13,0,432,197,45.60%,235,54.40%,60.79%
fed_service_civil,14.06.26,droite,Gros-de-Vaud,Fey,5522,530,299,8,0,291,142,48.80%,149,51.20%,56.42%
fed_service_civil,14.06.26,droite,Gros-de-Vaud,Froideville,5523,1709,1057,35,0,1022,516,50.49%,506,49.51%,61.85%
fed_service_civil,14.06.26,droite,Gros-de-Vaud,Goumoëns,5541,814,488,16,0,472,273,57.84%,199,42.16%,59.95%
fed_service_civil,14.06.26,droite,Gros-de-Vaud,Jorat-Menthue,5804,1023,585,18,1,566,296,52.30%,270,47.70%,57.18%
fed_service_civil,14.06.26,droite,Gros-de-Vaud,Lussery-Villars,5487,320,170,6,0,164,74,45.12%,90,54.88%,53.12%
fed_service_civil,14.06.26,droite,Gros-de-Vaud,Mex VD,5489,498,265,5,0,260,152,58.46%,108,41.54%,53.21%
fed_service_civil,14.06.26,droite,Gros-de-Vaud,Montanaire,5693,1923,1095,32,1,1062,601,56.59%,461,43.41%,56.94%
fed_service_civil,14.06.26,droite,Gros-de-Vaud,Montilliez,5540,1291,727,18,1,708,414,58.47%,294,41.53%,56.31%
fed_service_civil,14.06.26,droite,Gros-de-Vaud,Morrens VD,5527,759,469,6,0,463,225,48.60%,238,51.40%,61.79%
fed_service_civil,14.06.26,droite,Gros-de-Vaud,Ogens,5680,225,129,1,0,128,60,46.88%,68,53.12%,57.33%
fed_service_civil,14.06.26,droite,Gros-de-Vaud,Oppens,5923,125,74,2,0,72,35,48.61%,37,51.39%,59.20%
fed_service_civil,14.06.26,droite,Gros-de-Vaud,Oulens-sous-Echallens,5529,421,285,13,1,271,144,53.14%,127,46.86%,67.70%
fed_service_civil,14.06.26,droite,Gros-de-Vaud,Pailly,5530,387,250,7,0,243,152,62.55%,91,37.45%,64.60%
fed_service_civil,14.06.26,droite,Gros-de-Vaud,Penthalaz,5495,1843,960,33,0,927,470,50.70%,457,49.30%,52.09%
fed_service_civil,14.06.26,droite,Gros-de-Vaud,Penthaz,5496,1120,582,22,0,560,280,50.00%,280,50.00%,51.96%
fed_service_civil,14.06.26,droite,Gros-de-Vaud,Penthéréaz,5531,325,187,6,0,181,98,54.14%,83,45.86%,57.54%
fed_service_civil,14.06.26,droite,Gros-de-Vaud,Poliez-Pittet,5533,524,300,6,0,294,180,61.22%,114,38.78%,57.25%
fed_service_civil,14.06.26,droite,Gros-de-Vaud,Rueyres,5534,212,149,4,0,145,84,57.93%,61,42.07%,70.28%
fed_service_civil,14.06.26,droite,Gros-de-Vaud,Saint-Barthélemy VD,5535,538,342,13,0,329,170,51.67%,159,48.33%,63.57%
fed_service_civil,14.06.26,droite,Gros-de-Vaud,Sullens,5501,787,474,12,0,462,264,57.14%,198,42.86%,60.23%
fed_service_civil,14.06.26,droite,Gros-de-Vaud,Villars-le-Terroir,5537,886,497,15,1,481,284,59.04%,197,40.96%,56.09%
fed_service_civil,14.06.26,droite,Gros-de-Vaud,Vuarrens,5539,710,406,14,1,391,247,63.17%,144,36.83%,57.18%
fed_service_civil,14.06.26,droite,Gros-de-Vaud,Vufflens-la-Ville,5503,898,593,16,0,577,292,50.61%,285,49.39%,66.04%
fed_service_civil,14.06.26,droite,Yverdon,Agiez,5742,237,131,0,0,131,68,51.91%,63,48.09%,55.27%
fed_service_civil,14.06.26,droite,Yverdon,Arnex-sur-Orbe,5743,475,291,5,0,286,119,41.61%,167,58.39%,61.26%
fed_service_civil,14.06.26,droite,Yverdon,Ballaigues,5744,734,407,20,2,385,195,50.65%,190,49.35%,55.45%
fed_service_civil,14.06.26,droite,Yverdon,Baulmes,5745,769,448,10,0,438,207,47.26%,231,52.74%,58.26%
fed_service_civil,14.06.26,droite,Yverdon,Bavois,5746,690,365,12,0,353,194,54.96%,159,45.04%,52.90%
fed_service_civil,14.06.26,droite,Yverdon,Belmont-sur-Yverdon,5902,308,179,2,0,177,97,54.80%,80,45.20%,58.12%
fed_service_civil,14.06.26,droite,Yverdon,Bioley-Magnoux,5903,194,117,6,0,111,61,54.95%,50,45.05%,60.31%
fed_service_civil,14.06.26,droite,Yverdon,Bofflens,5747,148,101,6,1,94,62,65.96%,32,34.04%,68.24%
fed_service_civil,14.06.26,droite,Yverdon,Bonvillars,5551,385,239,8,0,231,122,52.81%,109,47.19%,62.08%
fed_service_civil,14.06.26,droite,Yverdon,Bretonnières,5748,196,123,2,0,121,56,46.28%,65,53.72%,62.76%
fed_service_civil,14.06.26,droite,Yverdon,Bullet,5552,532,344,9,5,330,211,63.94%,119,36.06%,64.66%
fed_service_civil,14.06.26,droite,Yverdon,Chamblon,5904,434,227,8,0,219,141,64.38%,78,35.62%,52.30%
fed_service_civil,14.06.26,droite,Yverdon,Champagne,5553,720,375,6,0,369,180,48.78%,189,51.22%,52.08%
fed_service_civil,14.06.26,droite,Yverdon,Champvent,5905,449,263,6,0,257,111,43.19%,146,56.81%,58.57%
fed_service_civil,14.06.26,droite,Yverdon,Chavannes-le-Chêne,5907,232,112,3,0,109,67,61.47%,42,38.53%,48.28%
fed_service_civil,14.06.26,droite,Yverdon,Chavornay,5749,3085,1603,54,0,1549,765,49.39%,784,50.61%,51.96%
fed_service_civil,14.06.26,droite,Yverdon,Cheseaux-Noréaz,5909,514,332,3,1,328,186,56.71%,142,43.29%,64.59%
fed_service_civil,14.06.26,droite,Yverdon,Chêne-Pâquier,5908,109,64,2,0,62,32,51.61%,30,48.39%,58.72%
fed_service_civil,14.06.26,droite,Yverdon,Concise,5554,660,379,15,0,364,173,47.53%,191,52.47%,57.42%
fed_service_civil,14.06.26,droite,Yverdon,Corcelles-près-Concise,5555,299,146,4,0,142,66,46.48%,76,53.52%,48.83%
fed_service_civil,14.06.26,droite,Yverdon,Cronay,5910,318,212,3,0,209,92,44.02%,117,55.98%,66.67%
fed_service_civil,14.06.26,droite,Yverdon,Croy,5752,293,177,4,0,173,74,42.77%,99,57.23%,60.41%
fed_service_civil,14.06.26,droite,Yverdon,Cuarny,5911,169,117,3,0,114,68,59.65%,46,40.35%,69.23%
fed_service_civil,14.06.26,droite,Yverdon,Donneloye,5913,594,364,11,0,353,172,48.73%,181,51.27%,61.28%
fed_service_civil,14.06.26,droite,Yverdon,Démoret,5912,123,87,1,0,86,48,55.81%,38,44.19%,70.73%
fed_service_civil,14.06.26,droite,Yverdon,Ependes VD,5914,243,146,5,0,141,88,62.41%,53,37.59%,60.08%
fed_service_civil,14.06.26,droite,Yverdon,Fiez,5556,308,176,3,0,173,78,45.09%,95,54.91%,57.14%
fed_service_civil,14.06.26,droite,Yverdon,Fontaines-sur-Grandson,5557,155,78,1,1,76,46,60.53%,30,39.47%,50.32%
fed_service_civil,14.06.26,droite,Yverdon,Giez,5559,313,192,4,0,188,95,50.53%,93,49.47%,61.34%
fed_service_civil,14.06.26,droite,Yverdon,Grandevent,5560,157,107,4,0,103,47,45.63%,56,54.37%,68.15%
fed_service_civil,14.06.26,droite,Yverdon,Grandson,5561,2194,1141,32,1,1108,547,49.37%,561,50.63%,52.01%
fed_service_civil,14.06.26,droite,Yverdon,Juriens,5754,255,157,10,0,147,77,52.38%,70,47.62%,61.57%
fed_service_civil,14.06.26,droite,La Vallée,L'Abbaye,5871,1082,622,13,1,608,307,50.49%,301,49.51%,57.49%
fed_service_civil,14.06.26,droite,Yverdon,L'Abergement,5741,197,151,1,0,150,77,51.33%,73,48.67%,76.65%
fed_service_civil,14.06.26,droite,Yverdon,La Praz,5758,143,94,5,0,89,41,46.07%,48,53.93%,65.73%
fed_service_civil,14.06.26,droite,La Vallée,Le Chenit,5872,2805,1526,67,0,1459,732,50.17%,727,49.83%,54.40%
fed_service_civil,14.06.26,droite,La Vallée,Le Lieu,5873,627,379,5,0,374,180,48.13%,194,51.87%,60.45%
fed_service_civil,14.06.26,droite,Yverdon,Les Clées,5750,141,74,1,0,73,24,32.88%,49,67.12%,52.48%
fed_service_civil,14.06.26,droite,Yverdon,Lignerolle,5755,274,172,6,4,162,89,54.94%,73,45.06%,62.77%
fed_service_civil,14.06.26,droite,Yverdon,Mathod,5919,482,266,6,0,260,138,53.08%,122,46.92%,55.19%
fed_service_civil,14.06.26,droite,Yverdon,Mauborget,5562,96,70,2,0,68,35,51.47%,33,48.53%,72.92%
fed_service_civil,14.06.26,droite,Yverdon,Molondin,5921,194,97,0,0,97,58,59.79%,39,40.21%,50.00%
fed_service_civil,14.06.26,droite,Yverdon,Montagny-près-Yverdon,5922,513,259,9,0,250,132,52.80%,118,47.20%,50.49%
fed_service_civil,14.06.26,droite,Yverdon,Montcherand,5756,327,185,10,0,175,86,49.14%,89,50.86%,56.57%
fed_service_civil,14.06.26,droite,Yverdon,Mutrux,5563,94,45,0,0,45,28,62.22%,17,37.78%,47.87%
fed_service_civil,14.06.26,droite,Yverdon,Novalles,5564,76,56,6,0,50,24,48.00%,26,52.00%,73.68%
fed_service_civil,14.06.26,droite,Yverdon,Onnens VD,5565,369,230,10,0,220,117,53.18%,103,46.82%,62.33%
fed_service_civil,14.06.26,droite,Yverdon,Orbe,5757,4110,2022,90,3,1929,923,47.85%,1006,52.15%,49.20%
fed_service_civil,14.06.26,droite,Yverdon,Orges,5924,280,151,3,0,148,74,50.00%,74,50.00%,53.93%
fed_service_civil,14.06.26,droite,Yverdon,Orzens,5925,155,111,5,0,106,53,50.00%,53,50.00%,71.61%
fed_service_civil,14.06.26,droite,Yverdon,Pomy,5926,615,365,18,0,347,193,55.62%,154,44.38%,59.35%
fed_service_civil,14.06.26,droite,Yverdon,Premier,5759,176,114,2,0,112,58,51.79%,54,48.21%,64.77%
fed_service_civil,14.06.26,droite,Yverdon,Provence,5566,309,171,1,1,169,97,57.40%,72,42.60%,55.34%
fed_service_civil,14.06.26,droite,Yverdon,Rances,5760,399,237,4,1,232,125,53.88%,107,46.12%,59.40%
fed_service_civil,14.06.26,droite,Yverdon,Romainmôtier-Envy,5761,386,224,8,0,216,80,37.04%,136,62.96%,58.03%
fed_service_civil,14.06.26,droite,Yverdon,Rovray,5928,128,102,2,0,100,83,83.00%,17,17.00%,79.69%
fed_service_civil,14.06.26,droite,Yverdon,Sainte-Croix,5568,3806,1743,79,0,1664,825,49.58%,839,50.42%,45.80%
fed_service_civil,14.06.26,droite,Yverdon,Sergey,5762,111,66,4,0,62,34,54.84%,28,45.16%,59.46%
fed_service_civil,14.06.26,droite,Yverdon,Suchy,5929,421,249,7,0,242,138,57.02%,104,42.98%,59.14%
fed_service_civil,14.06.26,droite,Yverdon,Suscévaz,5930,160,105,2,0,103,63,61.17%,40,38.83%,65.62%
fed_service_civil,14.06.26,droite,Yverdon,Treycovagnes,5931,334,173,2,0,171,95,55.56%,76,44.44%,51.80%
fed_service_civil,14.06.26,droite,Yverdon,Tévenon,5571,583,353,5,0,348,153,43.97%,195,56.03%,60.55%
fed_service_civil,14.06.26,droite,Yverdon,Ursins,5932,154,96,5,0,91,64,70.33%,27,29.67%,62.34%
fed_service_civil,14.06.26,droite,Yverdon,Valeyres-sous-Montagny,5933,561,267,9,0,258,128,49.61%,130,50.39%,47.59%
fed_service_civil,14.06.26,droite,Yverdon,Valeyres-sous-Rances,5763,394,237,5,0,232,136,58.62%,96,41.38%,60.15%
fed_service_civil,14.06.26,droite,Yverdon,Valeyres-sous-Ursins,5934,184,141,1,0,140,65,46.43%,75,53.57%,76.63%
fed_service_civil,14.06.26,droite,Yverdon,Vallorbe,5764,2259,1017,36,1,980,520,53.06%,460,46.94%,45.02%
fed_service_civil,14.06.26,droite,Yverdon,Vaulion,5765,342,188,6,0,182,90,49.45%,92,50.55%,54.97%
fed_service_civil,14.06.26,droite,Yverdon,Villars-Epeney,5935,68,43,0,1,42,22,52.38%,20,47.62%,63.24%
fed_service_civil,14.06.26,droite,Yverdon,Vugelles-La Mothe,5937,96,54,1,1,52,30,57.69%,22,42.31%,56.25%
fed_service_civil,14.06.26,droite,Yverdon,Vuiteboeuf,5766,398,209,1,0,208,105,50.48%,103,49.52%,52.51%
fed_service_civil,14.06.26,droite,Yverdon,Yverdon-les-Bains,5938,14998,7155,237,3,6915,2869,41.49%,4046,58.51%,47.71%
fed_service_civil,14.06.26,droite,Yverdon,Yvonand,5939,2356,1270,39,3,1228,610,49.67%,618,50.33%,53.90%
fed_service_civil,14.06.26,droite,Romanel,Cheseaux-sur-Lausanne,5582,2942,1615,52,0,1563,729,46.64%,834,53.36%,54.89%
fed_service_civil,14.06.26,droite,Romanel,Epalinges,5584,5523,3406,84,2,3320,1481,44.61%,1839,55.39%,61.67%
fed_service_civil,14.06.26,droite,Romanel,Jouxtens-Mézery,5585,955,685,19,1,665,304,45.71%,361,54.29%,71.73%
fed_service_civil,14.06.26,droite,Lausanne-Ville,Lausanne,5586,67952,35674,1031,17,34626,10626,30.69%,24000,69.31%,52.50%
fed_service_civil,14.06.26,droite,Romanel,Le Mont-sur-Lausanne,5587,5381,2986,102,1,2883,1371,47.55%,1512,52.45%,55.49%
fed_service_civil,14.06.26,droite,Romanel,Romanel-sur-Lausanne,5592,2442,1312,38,0,1274,614,48.19%,660,51.81%,53.73%
fed_service_civil,14.06.26,droite,Lavaux - Oron,Belmont-sur-Lausanne,5581,2352,1452,39,0,1413,660,46.71%,753,53.29%,61.73%
fed_service_civil,14.06.26,droite,Lavaux - Oron,Bourg-en-Lavaux,5613,3615,2355,68,2,2285,1019,44.60%,1266,55.40%,65.15%
fed_service_civil,14.06.26,droite,Lavaux - Oron,Chexbres,5601,1430,820,23,4,793,378,47.67%,415,52.33%,57.34%
fed_service_civil,14.06.26,droite,Lavaux - Oron,Forel (Lavaux),5604,1337,813,24,1,788,422,53.55%,366,46.45%,60.81%
fed_service_civil,14.06.26,droite,Lavaux - Oron,Jorat-Mézières,5806,2146,1260,47,0,1213,596,49.13%,617,50.87%,58.71%
fed_service_civil,14.06.26,droite,Lavaux - Oron,Lutry,5606,6481,3903,109,1,3793,1972,51.99%,1821,48.01%,60.22%
fed_service_civil,14.06.26,droite,Lavaux - Oron,Maracon,5790,390,248,3,0,245,111,45.31%,134,54.69%,63.59%
fed_service_civil,14.06.26,droite,Lavaux - Oron,Montpreveyres,5792,418,256,4,0,252,123,48.81%,129,51.19%,61.24%
fed_service_civil,14.06.26,droite,Lavaux - Oron,Oron,5805,3844,2170,63,0,2107,995,47.22%,1112,52.78%,56.45%
fed_service_civil,14.06.26,droite,Lavaux - Oron,Paudex,5588,820,483,5,7,471,231,49.04%,240,50.96%,58.90%
fed_service_civil,14.06.26,droite,Lavaux - Oron,Puidoux,5607,1660,965,24,3,938,485,51.71%,453,48.29%,58.13%
fed_service_civil,14.06.26,droite,Lavaux - Oron,Pully,5590,10902,6834,221,6,6607,2977,45.06%,3630,54.94%,62.69%
fed_service_civil,14.06.26,droite,Lavaux - Oron,Rivaz,5609,240,165,2,1,162,81,50.00%,81,50.00%,68.75%
fed_service_civil,14.06.26,droite,Lavaux - Oron,Saint-Saphorin (Lavaux),5610,276,188,3,2,183,76,41.53%,107,58.47%,68.12%
fed_service_civil,14.06.26,droite,Lavaux - Oron,Savigny,5611,2212,1365,28,0,1337,661,49.44%,676,50.56%,61.71%
fed_service_civil,14.06.26,droite,Lavaux - Oron,Servion,5799,1433,833,18,2,813,383,47.11%,430,52.89%,58.13%
fed_service_civil,14.06.26,droite,Morges,Aclens,5621,361,208,6,1,201,108,53.73%,93,46.27%,57.62%
fed_service_civil,14.06.26,droite,Morges,Allaman,5851,239,147,1,2,144,72,50.00%,72,50.00%,61.51%
fed_service_civil,14.06.26,droite,Morges,Aubonne,5422,2648,1441,63,0,1378,724,52.54%,654,47.46%,54.42%
fed_service_civil,14.06.26,droite,Morges,Ballens,5423,386,229,7,0,222,125,56.31%,97,43.69%,59.33%
fed_service_civil,14.06.26,droite,Morges,Berolle,5424,201,130,3,1,126,63,50.00%,63,50.00%,64.68%
fed_service_civil,14.06.26,droite,Morges,Bière,5425,900,472,2,0,470,285,60.64%,185,39.36%,52.44%
fed_service_civil,14.06.26,droite,Morges,Bougy-Villars,5426,297,201,4,3,194,115,59.28%,79,40.72%,67.68%
fed_service_civil,14.06.26,droite,Morges,Bremblens,5622,401,259,5,0,254,121,47.64%,133,52.36%,64.59%
fed_service_civil,14.06.26,droite,Morges,Buchillon,5623,430,287,2,0,285,153,53.68%,132,46.32%,66.74%
fed_service_civil,14.06.26,droite,Morges,Chavannes-le-Veyron,5475,108,80,2,0,78,45,57.69%,33,42.31%,74.07%
fed_service_civil,14.06.26,droite,Morges,Chevilly,5476,227,144,4,0,140,79,56.43%,61,43.57%,63.44%
fed_service_civil,14.06.26,droite,Morges,Chigny,5628,243,155,2,0,153,78,50.98%,75,49.02%,63.79%
fed_service_civil,14.06.26,droite,Morges,Clarmont,5629,148,85,2,0,83,40,48.19%,43,51.81%,57.43%
fed_service_civil,14.06.26,droite,Morges,Cossonay,5477,2963,1659,57,0,1602,743,46.38%,859,53.62%,55.99%
fed_service_civil,14.06.26,droite,Morges,Cuarnens,5479,366,215,5,1,209,119,56.94%,90,43.06%,58.74%
fed_service_civil,14.06.26,droite,Morges,Denens,5631,489,321,14,0,307,153,49.84%,154,50.16%,65.64%
fed_service_civil,14.06.26,droite,Morges,Denges,5632,1001,612,7,1,604,250,41.39%,354,58.61%,61.14%
fed_service_civil,14.06.26,droite,Morges,Dizy,5481,161,103,5,0,98,37,37.76%,61,62.24%,63.98%
fed_service_civil,14.06.26,droite,Morges,Echandens,5633,1813,1023,24,0,999,450,45.05%,549,54.95%,56.43%
fed_service_civil,14.06.26,droite,Morges,Echichens,5634,2058,1252,37,1,1214,591,48.68%,623,51.32%,60.84%
fed_service_civil,14.06.26,droite,Morges,Eclépens,5482,712,418,11,0,407,207,50.86%,200,49.14%,58.71%
fed_service_civil,14.06.26,droite,Morges,Etoy,5636,1694,990,38,0,952,439,46.11%,513,53.89%,58.44%
fed_service_civil,14.06.26,droite,Morges,Ferreyres,5483,224,141,4,0,137,59,43.07%,78,56.93%,62.95%
fed_service_civil,14.06.26,droite,Morges,Féchy,5427,518,336,7,0,329,168,51.06%,161,48.94%,64.86%
fed_service_civil,14.06.26,droite,Morges,Gimel,5428,1369,673,22,0,651,342,52.53%,309,47.47%,49.16%
fed_service_civil,14.06.26,droite,Morges,Gollion,5484,695,415,9,0,406,206,50.74%,200,49.26%,59.71%
fed_service_civil,14.06.26,droite,Morges,Grancy,5485,333,192,3,0,189,109,57.67%,80,42.33%,57.66%
fed_service_civil,14.06.26,droite,Morges,Hautemorges,5656,2860,1668,48,0,1620,790,48.77%,830,51.23%,58.32%
fed_service_civil,14.06.26,droite,Morges,L'Isle,5486,762,429,9,0,420,217,51.67%,203,48.33%,56.30%
fed_service_civil,14.06.26,droite,Morges,La Chaux (Cossonay),5474,309,160,5,0,155,76,49.03%,79,50.97%,51.78%
fed_service_civil,14.06.26,droite,Morges,La Sarraz,5498,1480,750,16,0,734,303,41.28%,431,58.72%,50.68%
fed_service_civil,14.06.26,droite,Morges,Lavigny,5637,605,360,9,0,351,164,46.72%,187,53.28%,59.50%
fed_service_civil,14.06.26,droite,Morges,Lonay,5638,1758,1008,21,4,983,468,47.61%,515,52.39%,57.34%
fed_service_civil,14.06.26,droite,Morges,Lully VD,5639,538,355,16,0,339,158,46.61%,181,53.39%,65.99%
fed_service_civil,14.06.26,droite,Morges,Lussy-sur-Morges,5640,466,302,2,0,300,120,40.00%,180,60.00%,64.81%
fed_service_civil,14.06.26,droite,Morges,Mauraz,5488,44,34,2,0,32,16,50.00%,16,50.00%,77.27%
fed_service_civil,14.06.26,droite,Morges,Moiry VD,5490,212,137,1,0,136,51,37.50%,85,62.50%,64.62%
fed_service_civil,14.06.26,droite,Morges,Mollens VD,5431,218,133,9,1,123,62,50.41%,61,49.59%,61.01%
fed_service_civil,14.06.26,droite,Morges,Mont-la-Ville,5491,337,199,5,0,194,101,52.06%,93,47.94%,59.05%
fed_service_civil,14.06.26,droite,Morges,Montricher,5492,649,405,4,1,400,225,56.25%,175,43.75%,62.40%
fed_service_civil,14.06.26,droite,Morges,Morges,5642,9220,5179,168,1,5010,2160,43.11%,2850,56.89%,56.17%
fed_service_civil,14.06.26,droite,Morges,Orny,5493,342,192,2,2,188,80,42.55%,108,57.45%,56.14%
fed_service_civil,14.06.26,droite,Morges,Pompaples,5497,526,291,7,0,284,146,51.41%,138,48.59%,55.32%
fed_service_civil,14.06.26,droite,Morges,Préverenges,5643,2952,1683,58,2,1623,691,42.58%,932,57.42%,57.01%
fed_service_civil,14.06.26,droite,Morges,Romanel-sur-Morges,5645,318,198,4,0,194,105,54.12%,89,45.88%,62.26%
fed_service_civil,14.06.26,droite,Morges,Saint-Livres,5435,480,297,12,0,285,135,47.37%,150,52.63%,61.88%
fed_service_civil,14.06.26,droite,Morges,Saint-Oyens,5436,286,183,3,0,180,94,52.22%,86,47.78%,63.99%
fed_service_civil,14.06.26,droite,Morges,Saint-Prex,5646,3034,1773,67,0,1706,829,48.59%,877,51.41%,58.44%
fed_service_civil,14.06.26,droite,Morges,Saubraz,5437,258,141,2,0,139,59,42.45%,80,57.55%,54.65%
fed_service_civil,14.06.26,droite,Morges,Senarclens,5499,330,191,6,0,185,111,60.00%,74,40.00%,57.88%
fed_service_civil,14.06.26,droite,Morges,Tolochenaz,5649,1302,613,29,4,580,282,48.62%,298,51.38%,47.08%
fed_service_civil,14.06.26,droite,Morges,Vaux-sur-Morges,5650,128,99,5,0,94,46,48.94%,48,51.06%,77.34%
fed_service_civil,14.06.26,droite,Morges,Villars-sous-Yens,5652,383,253,2,0,251,119,47.41%,132,52.59%,66.06%
fed_service_civil,14.06.26,droite,Morges,Vufflens-le-Château,5653,573,377,10,3,364,206,56.59%,158,43.41%,65.79%
fed_service_civil,14.06.26,droite,Morges,Vullierens,5654,357,207,6,0,201,104,51.74%,97,48.26%,57.98%
fed_service_civil,14.06.26,droite,Morges,Yens,5655,884,549,10,2,537,290,54.00%,247,46.00%,62.10%
fed_service_civil,14.06.26,droite,Nyon,Arnex-sur-Nyon,5701,178,92,1,0,91,52,57.14%,39,42.86%,51.69%
fed_service_civil,14.06.26,droite,Nyon,Arzier - Le Muids,5702,1708,1071,31,0,1040,590,56.73%,450,43.27%,62.70%
fed_service_civil,14.06.26,droite,Nyon,Bassins,5703,878,539,17,0,522,257,49.23%,265,50.77%,61.39%
fed_service_civil,14.06.26,droite,Nyon,Begnins,5704,1220,698,11,2,685,373,54.45%,312,45.55%,57.21%
fed_service_civil,14.06.26,droite,Nyon,Bogis-Bossey,5705,493,320,7,0,313,167,53.35%,146,46.65%,64.91%
fed_service_civil,14.06.26,droite,Nyon,Borex,5706,710,451,4,0,447,238,53.24%,209,46.76%,63.52%
fed_service_civil,14.06.26,droite,Nyon,Bursinel,5852,313,195,1,2,192,116,60.42%,76,39.58%,62.30%
fed_service_civil,14.06.26,droite,Nyon,Bursins,5853,493,301,5,1,295,134,45.42%,161,54.58%,61.05%
fed_service_civil,14.06.26,droite,Nyon,Burtigny,5854,254,156,7,0,149,78,52.35%,71,47.65%,61.42%
fed_service_civil,14.06.26,droite,Nyon,Chavannes-de-Bogis,5707,668,381,5,0,376,208,55.32%,168,44.68%,57.04%
fed_service_civil,14.06.26,droite,Nyon,Chavannes-des-Bois,5708,488,302,7,0,295,154,52.20%,141,47.80%,61.89%
fed_service_civil,14.06.26,droite,Nyon,Chéserex,5709,781,497,13,0,484,257,53.10%,227,46.90%,63.64%
fed_service_civil,14.06.26,droite,Nyon,Coinsins,5710,317,192,9,0,183,103,56.28%,80,43.72%,60.57%
fed_service_civil,14.06.26,droite,Nyon,Commugny,5711,1468,934,16,0,918,499,54.36%,419,45.64%,63.62%
fed_service_civil,14.06.26,droite,Nyon,Coppet,5712,2056,1025,34,0,991,558,56.31%,433,43.69%,49.85%
fed_service_civil,14.06.26,droite,Nyon,Crans,5713,1360,876,10,0,866,491,56.70%,375,43.30%,64.41%
fed_service_civil,14.06.26,droite,Nyon,Crassier,5714,757,463,14,0,449,231,51.45%,218,48.55%,61.16%
fed_service_civil,14.06.26,droite,Nyon,Duillier,5715,695,440,11,0,429,226,52.68%,203,47.32%,63.31%
fed_service_civil,14.06.26,droite,Nyon,Dully,5855,367,237,4,0,233,131,56.22%,102,43.78%,64.58%
fed_service_civil,14.06.26,droite,Nyon,Essertines-sur-Rolle,5856,436,295,5,0,290,150,51.72%,140,48.28%,67.66%
fed_service_civil,14.06.26,droite,Nyon,Eysins,5716,966,596,15,0,581,298,51.29%,283,48.71%,61.70%
fed_service_civil,14.06.26,droite,Nyon,Founex,5717,1761,1095,24,0,1071,584,54.53%,487,45.47%,62.18%
fed_service_civil,14.06.26,droite,Nyon,Genolier,5718,1190,774,19,0,755,385,50.99%,370,49.01%,65.04%
fed_service_civil,14.06.26,droite,Nyon,Gilly,5857,845,519,12,2,505,286,56.63%,219,43.37%,61.42%
fed_service_civil,14.06.26,droite,Nyon,Gingins,5719,788,482,7,0,475,256,53.89%,219,46.11%,61.17%
fed_service_civil,14.06.26,droite,Nyon,Givrins,5720,697,455,6,0,449,217,48.33%,232,51.67%,65.28%
fed_service_civil,14.06.26,droite,Nyon,Gland,5721,7303,4051,199,0,3852,1957,50.80%,1895,49.20%,55.47%
fed_service_civil,14.06.26,droite,Nyon,Grens,5722,252,168,6,0,162,71,43.83%,91,56.17%,66.67%
fed_service_civil,14.06.26,droite,Nyon,La Rippe,5726,722,453,11,0,442,225,50.90%,217,49.10%,62.74%
fed_service_civil,14.06.26,droite,Nyon,Le Vaud,5731,907,583,18,0,565,268,47.43%,297,52.57%,64.28%
fed_service_civil,14.06.26,droite,Nyon,Longirod,5429,361,216,7,0,209,121,57.89%,88,42.11%,59.83%
fed_service_civil,14.06.26,droite,Nyon,Luins,5858,346,203,5,0,198,112,56.57%,86,43.43%,58.67%
fed_service_civil,14.06.26,droite,Nyon,Marchissy,5430,334,210,8,0,202,112,55.45%,90,44.55%,62.87%
fed_service_civil,14.06.26,droite,Nyon,Mies,5723,1094,643,27,0,616,324,52.60%,292,47.40%,58.78%
fed_service_civil,14.06.26,droite,Nyon,Mont-sur-Rolle,5859,1627,922,34,0,888,476,53.60%,412,46.40%,56.67%
fed_service_civil,14.06.26,droite,Nyon,Nyon,5724,11365,6122,192,4,5926,2496,42.12%,3430,57.88%,53.87%
fed_service_civil,14.06.26,droite,Nyon,Perroy,5860,911,577,12,0,565,319,56.46%,246,43.54%,63.34%
fed_service_civil,14.06.26,droite,Nyon,Prangins,5725,2428,1510,52,3,1455,694,47.70%,761,52.30%,62.19%
fed_service_civil,14.06.26,droite,Nyon,Rolle,5861,3192,1739,59,0,1680,806,47.98%,874,52.02%,54.48%
fed_service_civil,14.06.26,droite,Nyon,Saint-Cergue,5727,1674,850,31,1,818,438,53.55%,380,46.45%,50.78%
fed_service_civil,14.06.26,droite,Nyon,Saint-George,5434,677,389,5,0,384,190,49.48%,194,50.52%,57.46%
fed_service_civil,14.06.26,droite,Nyon,Signy-Avenex,5728,359,216,5,0,211,124,58.77%,87,41.23%,60.17%
fed_service_civil,14.06.26,droite,Nyon,Tannay,5729,923,620,7,3,610,335,54.92%,275,45.08%,67.17%
fed_service_civil,14.06.26,droite,Nyon,Tartegnin,5862,131,82,3,0,79,61,77.22%,18,22.78%,62.60%
fed_service_civil,14.06.26,droite,Nyon,Trélex,5730,908,598,19,0,579,305,52.68%,274,47.32%,65.86%
fed_service_civil,14.06.26,droite,Nyon,Vich,5732,665,386,19,0,367,194,52.86%,173,47.14%,58.05%
fed_service_civil,14.06.26,droite,Nyon,Vinzel,5863,237,149,6,0,143,83,58.04%,60,41.96%,62.87%
fed_service_civil,14.06.26,droite,Ouest lausannois,Bussigny,5624,5702,2955,107,3,2845,1188,41.76%,1657,58.24%,51.82%
fed_service_civil,14.06.26,droite,Ouest lausannois,Chavannes-près-Renens,5627,3694,1502,55,1,1446,503,34.79%,943,65.21%,40.66%
fed_service_civil,14.06.26,droite,Ouest lausannois,Crissier,5583,4934,2281,72,2,2207,941,42.64%,1266,57.36%,46.23%
fed_service_civil,14.06.26,droite,Ouest lausannois,Ecublens VD,5635,5742,2940,113,1,2826,1235,43.70%,1591,56.30%,51.20%
fed_service_civil,14.06.26,droite,Ouest lausannois,Prilly,5589,6009,3066,125,2,2939,1119,38.07%,1820,61.93%,51.02%
fed_service_civil,14.06.26,droite,Ouest lausannois,Renens VD,5591,8827,3886,120,2,3764,1329,35.31%,2435,64.69%,44.02%
fed_service_civil,14.06.26,droite,Ouest lausannois,Saint-Sulpice,5648,2291,1511,48,0,1463,723,49.42%,740,50.58%,65.95%
fed_service_civil,14.06.26,droite,Ouest lausannois,Villars-Sainte-Croix,5651,554,294,9,0,285,149,52.28%,136,47.72%,53.07%
fed_service_civil,14.06.26,droite,Vevey,Blonay - Saint-Légier,5892,7789,4703,140,0,4563,2282,50.01%,2281,49.99%,60.38%
fed_service_civil,14.06.26,droite,Vevey,Chardonne,5882,2131,1327,43,0,1284,600,46.73%,684,53.27%,62.27%
fed_service_civil,14.06.26,droite,Pays-d'Enhaut,Château-d'Oex,5841,2051,1070,38,0,1032,615,59.59%,417,40.41%,52.17%
fed_service_civil,14.06.26,droite,Vevey,Corseaux,5883,1445,960,28,0,932,476,51.07%,456,48.93%,66.44%
fed_service_civil,14.06.26,droite,Vevey,Corsier-sur-Vevey,5884,1930,1096,37,1,1058,495,46.79%,563,53.21%,56.79%
fed_service_civil,14.06.26,droite,Vevey,Jongny,5885,1113,780,21,0,759,385,50.72%,374,49.28%,70.08%
fed_service_civil,14.06.26,droite,Vevey,La Tour-de-Peilz,5889,7493,4467,158,0,4309,1866,43.30%,2443,56.70%,59.62%
fed_service_civil,14.06.26,droite,Vevey,Montreux,5886,12331,6278,221,4,6053,2876,47.51%,3177,52.49%,50.91%
fed_service_civil,14.06.26,droite,Pays-d'Enhaut,Rossinière,5842,331,171,3,0,168,104,61.90%,64,38.10%,51.66%
fed_service_civil,14.06.26,droite,Pays-d'Enhaut,Rougemont,5843,438,207,6,0,201,131,65.17%,70,34.83%,47.26%
fed_service_civil,14.06.26,droite,Vevey,Vevey,5890,10009,5209,156,1,5052,1608,31.83%,3444,68.17%,52.04%
fed_service_civil,14.06.26,droite,Vevey,Veytaux,5891,518,280,3,0,277,152,54.87%,125,45.13%,54.05%
salaire_min_const,14.06.26,gauche,Aigle,Aigle,5401,5438,2715,197,0,2518,1276,50.68%,1242,49.32%,49.93%
salaire_min_const,14.06.26,gauche,Aigle,Bex,5402,4605,2280,138,0,2142,1140,53.22%,1002,46.78%,49.51%
salaire_min_const,14.06.26,gauche,Aigle,Chessel,5403,312,177,3,2,172,75,43.60%,97,56.40%,56.73%
salaire_min_const,14.06.26,gauche,Aigle,Corbeyrier,5404,348,197,7,0,190,107,56.32%,83,43.68%,56.61%
salaire_min_const,14.06.26,gauche,Aigle,Gryon,5405,886,518,38,1,479,220,45.93%,259,54.07%,58.47%
salaire_min_const,14.06.26,gauche,Aigle,Lavey-Morcles,5406,633,320,9,0,311,144,46.30%,167,53.70%,50.55%
salaire_min_const,14.06.26,gauche,Aigle,Leysin,5407,1510,828,40,2,786,406,51.65%,380,48.35%,54.83%
salaire_min_const,14.06.26,gauche,Aigle,Noville,5408,733,371,15,0,356,153,42.98%,203,57.02%,50.61%
salaire_min_const,14.06.26,gauche,Aigle,Ollon VD,5409,4387,2728,165,3,2560,1127,44.02%,1433,55.98%,62.18%
salaire_min_const,14.06.26,gauche,Aigle,Ormont-Dessous,5410,815,465,25,2,438,189,43.15%,249,56.85%,57.06%
salaire_min_const,14.06.26,gauche,Aigle,Ormont-Dessus,5411,921,533,23,0,510,189,37.06%,321,62.94%,57.87%
salaire_min_const,14.06.26,gauche,Aigle,Rennaz,5412,507,249,13,0,236,124,52.54%,112,47.46%,49.11%
salaire_min_const,14.06.26,gauche,Aigle,Roche VD,5413,998,455,40,1,414,215,51.93%,199,48.07%,45.59%
salaire_min_const,14.06.26,gauche,Aigle,Villeneuve VD,5414,2817,1350,72,0,1278,669,52.35%,609,47.65%,47.92%
salaire_min_const,14.06.26,gauche,Aigle,Yvorne,5415,814,393,21,0,372,156,41.94%,216,58.06%,48.28%
salaire_min_const,14.06.26,gauche,Broye - Vully,Avenches,5451,2308,1119,82,0,1037,489,47.16%,548,52.84%,48.48%
salaire_min_const,14.06.26,gauche,Broye - Vully,Bussy-sur-Moudon,5663,179,101,6,1,94,33,35.11%,61,64.89%,56.42%
salaire_min_const,14.06.26,gauche,Broye - Vully,Champtauroz,5812,125,77,0,0,77,42,54.55%,35,45.45%,61.60%
salaire_min_const,14.06.26,gauche,Broye - Vully,Chavannes-sur-Moudon,5665,177,98,0,0,98,29,29.59%,69,70.41%,55.37%
salaire_min_const,14.06.26,gauche,Broye - Vully,Chevroux,5813,339,209,6,0,203,91,44.83%,112,55.17%,61.65%
salaire_min_const,14.06.26,gauche,Broye - Vully,Corcelles-le-Jorat,5785,328,193,3,0,190,86,45.26%,104,54.74%,58.84%
salaire_min_const,14.06.26,gauche,Broye - Vully,Corcelles-près-Payerne,5816,1584,837,57,0,780,317,40.64%,463,59.36%,52.84%
salaire_min_const,14.06.26,gauche,Broye - Vully,Cudrefin,5456,1263,640,24,0,616,256,41.56%,360,58.44%,50.67%
salaire_min_const,14.06.26,gauche,Broye - Vully,Curtilles,5669,215,125,5,0,120,53,44.17%,67,55.83%,58.14%
salaire_min_const,14.06.26,gauche,Broye - Vully,Dompierre VD,5671,163,104,2,0,102,38,37.25%,64,62.75%,63.80%
salaire_min_const,14.06.26,gauche,Broye - Vully,Faoug,5458,568,263,10,1,252,104,41.27%,148,58.73%,46.30%
salaire_min_const,14.06.26,gauche,Broye - Vully,Grandcour,5817,627,310,15,0,295,107,36.27%,188,63.73%,49.44%
salaire_min_const,14.06.26,gauche,Broye - Vully,Henniez,5819,266,115,2,0,113,51,45.13%,62,54.87%,43.23%
salaire_min_const,14.06.26,gauche,Broye - Vully,Hermenches,5673,251,144,3,0,141,57,40.43%,84,59.57%,57.37%
salaire_min_const,14.06.26,gauche,Broye - Vully,Lovatens,5674,117,64,2,0,62,35,56.45%,27,43.55%,54.70%
salaire_min_const,14.06.26,gauche,Broye - Vully,Lucens,5675,2231,1122,54,2,1066,596,55.91%,470,44.09%,50.29%
salaire_min_const,14.06.26,gauche,Broye - Vully,Missy,5821,235,134,2,0,132,56,42.42%,76,57.58%,57.02%
salaire_min_const,14.06.26,gauche,Broye - Vully,Moudon,5678,4208,1156,81,1,1074,587,54.66%,487,45.34%,27.47%
salaire_min_const,14.06.26,gauche,Broye - Vully,Payerne,5822,4835,2333,160,5,2168,950,43.82%,1218,56.18%,48.25%
salaire_min_const,14.06.26,gauche,Broye - Vully,Prévonloup,5683,172,86,4,0,82,26,31.71%,56,68.29%,50.00%
salaire_min_const,14.06.26,gauche,Broye - Vully,Ropraz,5798,321,192,8,0,184,75,40.76%,109,59.24%,59.81%
salaire_min_const,14.06.26,gauche,Broye - Vully,Rossenges,5684,58,32,1,0,31,16,51.61%,15,48.39%,55.17%
salaire_min_const,14.06.26,gauche,Broye - Vully,Syens,5688,89,37,0,0,37,20,54.05%,17,45.95%,41.57%
salaire_min_const,14.06.26,gauche,Broye - Vully,Trey,5827,202,113,4,0,109,42,38.53%,67,61.47%,55.94%
salaire_min_const,14.06.26,gauche,Broye - Vully,Treytorrens (Payerne),5828,79,47,1,1,45,8,17.78%,37,82.22%,59.49%
salaire_min_const,14.06.26,gauche,Broye - Vully,Valbroye,5831,2046,1140,88,0,1052,429,40.78%,623,59.22%,55.72%
salaire_min_const,14.06.26,gauche,Broye - Vully,Villars-le-Comte,5690,101,66,2,0,64,17,26.56%,47,73.44%,65.35%
salaire_min_const,14.06.26,gauche,Broye - Vully,Villarzel,5830,305,161,4,0,157,75,47.77%,82,52.23%,52.79%
salaire_min_const,14.06.26,gauche,Broye - Vully,Vucherens,5692,404,230,8,0,222,109,49.10%,113,50.90%,56.93%
salaire_min_const,14.06.26,gauche,Broye - Vully,Vulliens,5803,429,265,7,0,258,100,38.76%,158,61.24%,61.77%
salaire_min_const,14.06.26,gauche,Broye - Vully,Vully-les-Lacs,5464,2415,1320,93,0,1227,443,36.10%,784,63.90%,54.66%
salaire_min_const,14.06.26,gauche,Gros-de-Vaud,Assens,5511,1156,636,20,0,616,232,37.66%,384,62.34%,55.02%
salaire_min_const,14.06.26,gauche,Gros-de-Vaud,Bercher,5512,892,510,35,2,473,211,44.61%,262,55.39%,57.17%
salaire_min_const,14.06.26,gauche,Gros-de-Vaud,Bettens,5471,403,218,10,0,208,84,40.38%,124,59.62%,54.09%
salaire_min_const,14.06.26,gauche,Gros-de-Vaud,Bottens,5514,867,458,13,0,445,195,43.82%,250,56.18%,52.83%
salaire_min_const,14.06.26,gauche,Gros-de-Vaud,Boulens,5661,261,147,2,0,145,69,47.59%,76,52.41%,56.32%
salaire_min_const,14.06.26,gauche,Gros-de-Vaud,Bournens,5472,380,207,7,0,200,70,35.00%,130,65.00%,54.47%
salaire_min_const,14.06.26,gauche,Gros-de-Vaud,Boussens,5473,665,430,20,0,410,209,50.98%,201,49.02%,64.66%
salaire_min_const,14.06.26,gauche,Gros-de-Vaud,Bretigny-sur-Morrens,5515,559,313,12,0,301,152,50.50%,149,49.50%,55.99%
salaire_min_const,14.06.26,gauche,Gros-de-Vaud,Cugy VD,5516,1715,999,58,10,931,512,54.99%,419,45.01%,58.25%
salaire_min_const,14.06.26,gauche,Gros-de-Vaud,Daillens,5480,702,413,15,0,398,184,46.23%,214,53.77%,58.83%
salaire_min_const,14.06.26,gauche,Gros-de-Vaud,Echallens,5518,4081,2216,126,1,2089,1079,51.65%,1010,48.35%,54.30%
salaire_min_const,14.06.26,gauche,Gros-de-Vaud,Essertines-sur-Yverdon,5520,744,374,14,0,360,172,47.78%,188,52.22%,50.27%
salaire_min_const,14.06.26,gauche,Gros-de-Vaud,Etagnières,5521,732,445,19,1,425,198,46.59%,227,53.41%,60.79%
salaire_min_const,14.06.26,gauche,Gros-de-Vaud,Fey,5522,530,275,12,1,262,124,47.33%,138,52.67%,51.89%
salaire_min_const,14.06.26,gauche,Gros-de-Vaud,Froideville,5523,1709,1057,72,0,985,453,45.99%,532,54.01%,61.85%
salaire_min_const,14.06.26,gauche,Gros-de-Vaud,Goumoëns,5541,814,488,26,0,462,172,37.23%,290,62.77%,59.95%
salaire_min_const,14.06.26,gauche,Gros-de-Vaud,Jorat-Menthue,5804,1023,564,18,1,545,249,45.69%,296,54.31%,55.13%
salaire_min_const,14.06.26,gauche,Gros-de-Vaud,Lussery-Villars,5487,320,167,11,0,156,90,57.69%,66,42.31%,52.19%
salaire_min_const,14.06.26,gauche,Gros-de-Vaud,Mex VD,5489,498,265,10,0,255,105,41.18%,150,58.82%,53.21%
salaire_min_const,14.06.26,gauche,Gros-de-Vaud,Montanaire,5693,1923,1052,31,2,1019,436,42.79%,583,57.21%,54.71%
salaire_min_const,14.06.26,gauche,Gros-de-Vaud,Montilliez,5540,1291,709,21,0,688,266,38.66%,422,61.34%,54.92%
salaire_min_const,14.06.26,gauche,Gros-de-Vaud,Morrens VD,5527,759,456,9,0,447,219,48.99%,228,51.01%,60.08%
salaire_min_const,14.06.26,gauche,Gros-de-Vaud,Ogens,5680,225,122,2,0,120,59,49.17%,61,50.83%,54.22%
salaire_min_const,14.06.26,gauche,Gros-de-Vaud,Oppens,5923,125,75,2,0,73,34,46.58%,39,53.42%,60.00%
salaire_min_const,14.06.26,gauche,Gros-de-Vaud,Oulens-sous-Echallens,5529,421,268,9,1,258,86,33.33%,172,66.67%,63.66%
salaire_min_const,14.06.26,gauche,Gros-de-Vaud,Pailly,5530,387,239,10,0,229,94,41.05%,135,58.95%,61.76%
salaire_min_const,14.06.26,gauche,Gros-de-Vaud,Penthalaz,5495,1843,960,58,0,902,453,50.22%,449,49.78%,52.09%
salaire_min_const,14.06.26,gauche,Gros-de-Vaud,Penthaz,5496,1120,582,42,0,540,244,45.19%,296,54.81%,51.96%
salaire_min_const,14.06.26,gauche,Gros-de-Vaud,Penthéréaz,5531,325,183,11,0,172,77,44.77%,95,55.23%,56.31%
salaire_min_const,14.06.26,gauche,Gros-de-Vaud,Poliez-Pittet,5533,524,296,13,0,283,115,40.64%,168,59.36%,56.49%
salaire_min_const,14.06.26,gauche,Gros-de-Vaud,Rueyres,5534,212,149,1,4,144,59,40.97%,85,59.03%,70.28%
salaire_min_const,14.06.26,gauche,Gros-de-Vaud,Saint-Barthélemy VD,5535,538,328,14,0,314,115,36.62%,199,63.38%,60.97%
salaire_min_const,14.06.26,gauche,Gros-de-Vaud,Sullens,5501,787,448,23,0,425,171,40.24%,254,59.76%,56.93%
salaire_min_const,14.06.26,gauche,Gros-de-Vaud,Villars-le-Terroir,5537,886,497,28,1,468,187,39.96%,281,60.04%,56.09%
salaire_min_const,14.06.26,gauche,Gros-de-Vaud,Vuarrens,5539,710,406,20,0,386,146,37.82%,240,62.18%,57.18%
salaire_min_const,14.06.26,gauche,Gros-de-Vaud,Vufflens-la-Ville,5503,898,572,17,0,555,273,49.19%,282,50.81%,63.70%
salaire_min_const,14.06.26,gauche,Yverdon,Agiez,5742,237,123,3,0,120,50,41.67%,70,58.33%,51.90%
salaire_min_const,14.06.26,gauche,Yverdon,Arnex-sur-Orbe,5743,475,273,13,0,260,123,47.31%,137,52.69%,57.47%
salaire_min_const,14.06.26,gauche,Yverdon,Ballaigues,5744,734,407,18,2,387,196,50.65%,191,49.35%,55.45%
salaire_min_const,14.06.26,gauche,Yverdon,Baulmes,5745,769,443,18,0,425,236,55.53%,189,44.47%,57.61%
salaire_min_const,14.06.26,gauche,Yverdon,Bavois,5746,690,343,13,0,330,134,40.61%,196,59.39%,49.71%
salaire_min_const,14.06.26,gauche,Yverdon,Belmont-sur-Yverdon,5902,308,162,2,1,159,63,39.62%,96,60.38%,52.60%
salaire_min_const,14.06.26,gauche,Yverdon,Bioley-Magnoux,5903,194,112,7,0,105,45,42.86%,60,57.14%,57.73%
salaire_min_const,14.06.26,gauche,Yverdon,Bofflens,5747,148,93,3,1,89,38,42.70%,51,57.30%,62.84%
salaire_min_const,14.06.26,gauche,Yverdon,Bonvillars,5551,385,229,9,0,220,81,36.82%,139,63.18%,59.48%
salaire_min_const,14.06.26,gauche,Yverdon,Bretonnières,5748,196,122,4,0,118,61,51.69%,57,48.31%,62.24%
salaire_min_const,14.06.26,gauche,Yverdon,Bullet,5552,532,344,16,5,323,121,37.46%,202,62.54%,64.66%
salaire_min_const,14.06.26,gauche,Yverdon,Chamblon,5904,434,221,8,0,213,75,35.21%,138,64.79%,50.92%
salaire_min_const,14.06.26,gauche,Yverdon,Champagne,5553,720,358,16,0,342,132,38.60%,210,61.40%,49.72%
salaire_min_const,14.06.26,gauche,Yverdon,Champvent,5905,449,261,13,0,248,116,46.77%,132,53.23%,58.13%
salaire_min_const,14.06.26,gauche,Yverdon,Chavannes-le-Chêne,5907,232,103,4,0,99,31,31.31%,68,68.69%,44.40%
salaire_min_const,14.06.26,gauche,Yverdon,Chavornay,5749,3085,1603,77,0,1526,802,52.56%,724,47.44%,51.96%
salaire_min_const,14.06.26,gauche,Yverdon,Cheseaux-Noréaz,5909,514,323,8,1,314,127,40.45%,187,59.55%,62.84%
salaire_min_const,14.06.26,gauche,Yverdon,Chêne-Pâquier,5908,109,63,1,0,62,30,48.39%,32,51.61%,57.80%
salaire_min_const,14.06.26,gauche,Yverdon,Concise,5554,660,364,18,0,346,162,46.82%,184,53.18%,55.15%
salaire_min_const,14.06.26,gauche,Yverdon,Corcelles-près-Concise,5555,299,145,3,0,142,75,52.82%,67,47.18%,48.49%
salaire_min_const,14.06.26,gauche,Yverdon,Cronay,5910,318,206,12,0,194,91,46.91%,103,53.09%,64.78%
salaire_min_const,14.06.26,gauche,Yverdon,Croy,5752,293,173,3,0,170,97,57.06%,73,42.94%,59.04%
salaire_min_const,14.06.26,gauche,Yverdon,Cuarny,5911,169,114,2,0,112,40,35.71%,72,64.29%,67.46%
salaire_min_const,14.06.26,gauche,Yverdon,Donneloye,5913,594,349,21,0,328,141,42.99%,187,57.01%,58.75%
salaire_min_const,14.06.26,gauche,Yverdon,Démoret,5912,123,84,2,0,82,32,39.02%,50,60.98%,68.29%
salaire_min_const,14.06.26,gauche,Yverdon,Ependes VD,5914,243,139,1,0,138,54,39.13%,84,60.87%,57.20%
salaire_min_const,14.06.26,gauche,Yverdon,Fiez,5556,308,164,3,0,161,88,54.66%,73,45.34%,53.25%
salaire_min_const,14.06.26,gauche,Yverdon,Fontaines-sur-Grandson,5557,155,76,0,1,75,29,38.67%,46,61.33%,49.03%
salaire_min_const,14.06.26,gauche,Yverdon,Giez,5559,313,181,5,0,176,74,42.05%,102,57.95%,57.83%
salaire_min_const,14.06.26,gauche,Yverdon,Grandevent,5560,157,103,5,0,98,52,53.06%,46,46.94%,65.61%
salaire_min_const,14.06.26,gauche,Yverdon,Grandson,5561,2194,1141,63,1,1077,559,51.90%,518,48.10%,52.01%
salaire_min_const,14.06.26,gauche,Yverdon,Juriens,5754,255,152,10,0,142,62,43.66%,80,56.34%,59.61%
salaire_min_const,14.06.26,gauche,La Vallée,L'Abbaye,5871,1082,622,23,13,586,265,45.22%,321,54.78%,57.49%
salaire_min_const,14.06.26,gauche,Yverdon,L'Abergement,5741,197,151,3,0,148,75,50.68%,73,49.32%,76.65%
salaire_min_const,14.06.26,gauche,Yverdon,La Praz,5758,143,94,3,0,91,49,53.85%,42,46.15%,65.73%
salaire_min_const,14.06.26,gauche,La Vallée,Le Chenit,5872,2805,1526,105,0,1421,756,53.20%,665,46.80%,54.40%
salaire_min_const,14.06.26,gauche,La Vallée,Le Lieu,5873,627,371,15,1,355,190,53.52%,165,46.48%,59.17%
salaire_min_const,14.06.26,gauche,Yverdon,Les Clées,5750,141,72,8,0,64,33,51.56%,31,48.44%,51.06%
salaire_min_const,14.06.26,gauche,Yverdon,Lignerolle,5755,274,168,7,4,157,59,37.58%,98,62.42%,61.31%
salaire_min_const,14.06.26,gauche,Yverdon,Mathod,5919,482,259,5,0,254,121,47.64%,133,52.36%,53.73%
salaire_min_const,14.06.26,gauche,Yverdon,Mauborget,5562,96,70,7,0,63,23,36.51%,40,63.49%,72.92%
salaire_min_const,14.06.26,gauche,Yverdon,Molondin,5921,194,94,0,0,94,37,39.36%,57,60.64%,48.45%
salaire_min_const,14.06.26,gauche,Yverdon,Montagny-près-Yverdon,5922,513,242,14,0,228,98,42.98%,130,57.02%,47.17%
salaire_min_const,14.06.26,gauche,Yverdon,Montcherand,5756,327,181,7,0,174,87,50.00%,87,50.00%,55.35%
salaire_min_const,14.06.26,gauche,Yverdon,Mutrux,5563,94,45,1,0,44,16,36.36%,28,63.64%,47.87%
salaire_min_const,14.06.26,gauche,Yverdon,Novalles,5564,76,53,2,0,51,25,49.02%,26,50.98%,69.74%
salaire_min_const,14.06.26,gauche,Yverdon,Onnens VD,5565,369,216,10,1,205,103,50.24%,102,49.76%,58.54%
salaire_min_const,14.06.26,gauche,Yverdon,Orbe,5757,4110,2022,128,3,1891,1037,54.84%,854,45.16%,49.20%
salaire_min_const,14.06.26,gauche,Yverdon,Orges,5924,280,146,2,0,144,68,47.22%,76,52.78%,52.14%
salaire_min_const,14.06.26,gauche,Yverdon,Orzens,5925,155,110,2,0,108,51,47.22%,57,52.78%,70.97%
salaire_min_const,14.06.26,gauche,Yverdon,Pomy,5926,615,365,26,0,339,134,39.53%,205,60.47%,59.35%
salaire_min_const,14.06.26,gauche,Yverdon,Premier,5759,176,108,1,0,107,54,50.47%,53,49.53%,61.36%
salaire_min_const,14.06.26,gauche,Yverdon,Provence,5566,309,159,1,1,157,74,47.13%,83,52.87%,51.46%
salaire_min_const,14.06.26,gauche,Yverdon,Rances,5760,399,232,4,0,228,100,43.86%,128,56.14%,58.15%
salaire_min_const,14.06.26,gauche,Yverdon,Romainmôtier-Envy,5761,386,216,8,1,207,126,60.87%,81,39.13%,55.96%
salaire_min_const,14.06.26,gauche,Yverdon,Rovray,5928,128,99,2,0,97,32,32.99%,65,67.01%,77.34%
salaire_min_const,14.06.26,gauche,Yverdon,Sainte-Croix,5568,3806,1743,113,1,1629,825,50.64%,804,49.36%,45.80%
salaire_min_const,14.06.26,gauche,Yverdon,Sergey,5762,111,66,0,0,66,36,54.55%,30,45.45%,59.46%
salaire_min_const,14.06.26,gauche,Yverdon,Suchy,5929,421,241,14,0,227,90,39.65%,137,60.35%,57.24%
salaire_min_const,14.06.26,gauche,Yverdon,Suscévaz,5930,160,103,6,0,97,40,41.24%,57,58.76%,64.38%
salaire_min_const,14.06.26,gauche,Yverdon,Treycovagnes,5931,334,170,5,0,165,74,44.85%,91,55.15%,50.90%
salaire_min_const,14.06.26,gauche,Yverdon,Tévenon,5571,583,353,25,0,328,165,50.30%,163,49.70%,60.55%
salaire_min_const,14.06.26,gauche,Yverdon,Ursins,5932,154,93,2,0,91,24,26.37%,67,73.63%,60.39%
salaire_min_const,14.06.26,gauche,Yverdon,Valeyres-sous-Montagny,5933,561,257,11,0,246,121,49.19%,125,50.81%,45.81%
salaire_min_const,14.06.26,gauche,Yverdon,Valeyres-sous-Rances,5763,394,232,12,0,220,95,43.18%,125,56.82%,58.88%
salaire_min_const,14.06.26,gauche,Yverdon,Valeyres-sous-Ursins,5934,184,139,6,0,133,74,55.64%,59,44.36%,75.54%
salaire_min_const,14.06.26,gauche,Yverdon,Vallorbe,5764,2259,1017,69,0,948,453,47.78%,495,52.22%,45.02%
salaire_min_const,14.06.26,gauche,Yverdon,Vaulion,5765,342,187,8,0,179,85,47.49%,94,52.51%,54.68%
salaire_min_const,14.06.26,gauche,Yverdon,Villars-Epeney,5935,68,40,1,1,38,11,28.95%,27,71.05%,58.82%
salaire_min_const,14.06.26,gauche,Yverdon,Vugelles-La Mothe,5937,96,52,2,0,50,20,40.00%,30,60.00%,54.17%
salaire_min_const,14.06.26,gauche,Yverdon,Vuiteboeuf,5766,398,204,4,0,200,103,51.50%,97,48.50%,51.26%
salaire_min_const,14.06.26,gauche,Yverdon,Yverdon-les-Bains,5938,14998,7155,348,7,6800,4114,60.50%,2686,39.50%,47.71%
salaire_min_const,14.06.26,gauche,Yverdon,Yvonand,5939,2356,1217,30,4,1183,625,52.83%,558,47.17%,51.66%
salaire_min_const,14.06.26,gauche,Romanel,Cheseaux-sur-Lausanne,5582,2942,1615,110,0,1505,805,53.49%,700,46.51%,54.89%
salaire_min_const,14.06.26,gauche,Romanel,Epalinges,5584,5523,3406,173,3,3230,1662,51.46%,1568,48.54%,61.67%
salaire_min_const,14.06.26,gauche,Romanel,Jouxtens-Mézery,5585,955,685,35,0,650,272,41.85%,378,58.15%,71.73%
salaire_min_const,14.06.26,gauche,Lausanne-Ville,Lausanne,5586,67952,35674,1493,18,34163,23358,68.37%,10805,31.63%,52.50%
salaire_min_const,14.06.26,gauche,Romanel,Le Mont-sur-Lausanne,5587,5381,2986,152,1,2833,1380,48.71%,1453,51.29%,55.49%
salaire_min_const,14.06.26,gauche,Romanel,Romanel-sur-Lausanne,5592,2442,1312,85,0,1227,682,55.58%,545,44.42%,53.73%
salaire_min_const,14.06.26,gauche,Lavaux - Oron,Belmont-sur-Lausanne,5581,2352,1452,81,0,1371,622,45.37%,749,54.63%,61.73%
salaire_min_const,14.06.26,gauche,Lavaux - Oron,Bourg-en-Lavaux,5613,3615,2355,127,0,2228,1058,47.49%,1170,52.51%,65.15%
salaire_min_const,14.06.26,gauche,Lavaux - Oron,Chexbres,5601,1430,824,17,41,766,355,46.34%,411,53.66%,57.62%
salaire_min_const,14.06.26,gauche,Lavaux - Oron,Forel (Lavaux),5604,1337,813,46,1,766,343,44.78%,423,55.22%,60.81%
salaire_min_const,14.06.26,gauche,Lavaux - Oron,Jorat-Mézières,5806,2146,1260,72,0,1188,565,47.56%,623,52.44%,58.71%
salaire_min_const,14.06.26,gauche,Lavaux - Oron,Lutry,5606,6481,3903,178,2,3723,1502,40.34%,2221,59.66%,60.22%
salaire_min_const,14.06.26,gauche,Lavaux - Oron,Maracon,5790,390,239,10,0,229,116,50.66%,113,49.34%,61.28%
salaire_min_const,14.06.26,gauche,Lavaux - Oron,Montpreveyres,5792,418,244,5,0,239,126,52.72%,113,47.28%,58.37%
salaire_min_const,14.06.26,gauche,Lavaux - Oron,Oron,5805,3844,2170,116,0,2054,1070,52.09%,984,47.91%,56.45%
salaire_min_const,14.06.26,gauche,Lavaux - Oron,Paudex,5588,820,483,18,16,449,216,48.11%,233,51.89%,58.90%
salaire_min_const,14.06.26,gauche,Lavaux - Oron,Puidoux,5607,1660,965,58,3,904,419,46.35%,485,53.65%,58.13%
salaire_min_const,14.06.26,gauche,Lavaux - Oron,Pully,5590,10902,6834,344,7,6483,3100,47.82%,3383,52.18%,62.69%
salaire_min_const,14.06.26,gauche,Lavaux - Oron,Rivaz,5609,240,162,6,0,156,72,46.15%,84,53.85%,67.50%
salaire_min_const,14.06.26,gauche,Lavaux - Oron,Saint-Saphorin (Lavaux),5610,276,186,5,2,179,102,56.98%,77,43.02%,67.39%
salaire_min_const,14.06.26,gauche,Lavaux - Oron,Savigny,5611,2212,1365,65,0,1300,629,48.38%,671,51.62%,61.71%
salaire_min_const,14.06.26,gauche,Lavaux - Oron,Servion,5799,1433,833,52,1,780,390,50.00%,390,50.00%,58.13%
salaire_min_const,14.06.26,gauche,Morges,Aclens,5621,361,199,7,1,191,73,38.22%,118,61.78%,55.12%
salaire_min_const,14.06.26,gauche,Morges,Allaman,5851,239,140,4,1,135,57,42.22%,78,57.78%,58.58%
salaire_min_const,14.06.26,gauche,Morges,Aubonne,5422,2648,1441,108,0,1333,600,45.01%,733,54.99%,54.42%
salaire_min_const,14.06.26,gauche,Morges,Ballens,5423,386,224,5,1,218,84,38.53%,134,61.47%,58.03%
salaire_min_const,14.06.26,gauche,Morges,Berolle,5424,201,124,7,0,117,56,47.86%,61,52.14%,61.69%
salaire_min_const,14.06.26,gauche,Morges,Bière,5425,900,450,18,0,432,189,43.75%,243,56.25%,50.00%
salaire_min_const,14.06.26,gauche,Morges,Bougy-Villars,5426,297,201,8,11,182,68,37.36%,114,62.64%,67.68%
salaire_min_const,14.06.26,gauche,Morges,Bremblens,5622,401,248,10,1,237,88,37.13%,149,62.87%,61.85%
salaire_min_const,14.06.26,gauche,Morges,Buchillon,5623,430,275,4,0,271,100,36.90%,171,63.10%,63.95%
salaire_min_const,14.06.26,gauche,Morges,Chavannes-le-Veyron,5475,108,79,2,0,77,41,53.25%,36,46.75%,73.15%
salaire_min_const,14.06.26,gauche,Morges,Chevilly,5476,227,137,3,0,134,51,38.06%,83,61.94%,60.35%
salaire_min_const,14.06.26,gauche,Morges,Chigny,5628,243,148,5,0,143,61,42.66%,82,57.34%,60.91%
salaire_min_const,14.06.26,gauche,Morges,Clarmont,5629,148,85,1,0,84,23,27.38%,61,72.62%,57.43%
salaire_min_const,14.06.26,gauche,Morges,Cossonay,5477,2963,1659,76,0,1583,810,51.17%,773,48.83%,55.99%
salaire_min_const,14.06.26,gauche,Morges,Cuarnens,5479,366,209,10,0,199,78,39.20%,121,60.80%,57.10%
salaire_min_const,14.06.26,gauche,Morges,Denens,5631,489,321,13,0,308,110,35.71%,198,64.29%,65.64%
salaire_min_const,14.06.26,gauche,Morges,Denges,5632,1001,579,10,1,568,285,50.18%,283,49.82%,57.84%
salaire_min_const,14.06.26,gauche,Morges,Dizy,5481,161,96,4,0,92,48,52.17%,44,47.83%,59.63%
salaire_min_const,14.06.26,gauche,Morges,Echandens,5633,1813,989,27,5,957,412,43.05%,545,56.95%,54.55%
salaire_min_const,14.06.26,gauche,Morges,Echichens,5634,2058,1252,58,2,1192,508,42.62%,684,57.38%,60.84%
salaire_min_const,14.06.26,gauche,Morges,Eclépens,5482,712,415,11,0,404,197,48.76%,207,51.24%,58.29%
salaire_min_const,14.06.26,gauche,Morges,Etoy,5636,1694,990,67,1,922,441,47.83%,481,52.17%,58.44%
salaire_min_const,14.06.26,gauche,Morges,Ferreyres,5483,224,129,10,0,119,61,51.26%,58,48.74%,57.59%
salaire_min_const,14.06.26,gauche,Morges,Féchy,5427,518,326,5,0,321,108,33.64%,213,66.36%,62.93%
salaire_min_const,14.06.26,gauche,Morges,Gimel,5428,1369,673,29,0,644,315,48.91%,329,51.09%,49.16%
salaire_min_const,14.06.26,gauche,Morges,Gollion,5484,695,415,21,0,394,199,50.51%,195,49.49%,59.71%
salaire_min_const,14.06.26,gauche,Morges,Grancy,5485,333,184,4,0,180,67,37.22%,113,62.78%,55.26%
salaire_min_const,14.06.26,gauche,Morges,Hautemorges,5656,2860,1668,87,0,1581,717,45.35%,864,54.65%,58.32%
salaire_min_const,14.06.26,gauche,Morges,L'Isle,5486,762,429,26,0,403,187,46.40%,216,53.60%,56.30%
salaire_min_const,14.06.26,gauche,Morges,La Chaux (Cossonay),5474,309,158,5,0,153,66,43.14%,87,56.86%,51.13%
salaire_min_const,14.06.26,gauche,Morges,La Sarraz,5498,1480,736,23,0,713,377,52.88%,336,47.12%,49.73%
salaire_min_const,14.06.26,gauche,Morges,Lavigny,5637,605,354,13,0,341,126,36.95%,215,63.05%,58.51%
salaire_min_const,14.06.26,gauche,Morges,Lonay,5638,1758,1008,64,4,940,448,47.66%,492,52.34%,57.34%
salaire_min_const,14.06.26,gauche,Morges,Lully VD,5639,538,355,21,0,334,141,42.22%,193,57.78%,65.99%
salaire_min_const,14.06.26,gauche,Morges,Lussy-sur-Morges,5640,466,296,5,0,291,126,43.30%,165,56.70%,63.52%
salaire_min_const,14.06.26,gauche,Morges,Mauraz,5488,44,34,0,0,34,16,47.06%,18,52.94%,77.27%
salaire_min_const,14.06.26,gauche,Morges,Moiry VD,5490,212,133,4,0,129,75,58.14%,54,41.86%,62.74%
salaire_min_const,14.06.26,gauche,Morges,Mollens VD,5431,218,133,7,0,126,63,50.00%,63,50.00%,61.01%
salaire_min_const,14.06.26,gauche,Morges,Mont-la-Ville,5491,337,195,6,0,189,94,49.74%,95,50.26%,57.86%
salaire_min_const,14.06.26,gauche,Morges,Montricher,5492,649,398,10,2,386,147,38.08%,239,61.92%,61.33%
salaire_min_const,14.06.26,gauche,Morges,Morges,5642,9220,5179,266,1,4912,2693,54.82%,2219,45.18%,56.17%
salaire_min_const,14.06.26,gauche,Morges,Orny,5493,342,188,5,1,182,92,50.55%,90,49.45%,54.97%
salaire_min_const,14.06.26,gauche,Morges,Pompaples,5497,526,291,21,0,270,121,44.81%,149,55.19%,55.32%
salaire_min_const,14.06.26,gauche,Morges,Préverenges,5643,2952,1683,106,1,1576,826,52.41%,750,47.59%,57.01%
salaire_min_const,14.06.26,gauche,Morges,Romanel-sur-Morges,5645,318,191,7,0,184,76,41.30%,108,58.70%,60.06%
salaire_min_const,14.06.26,gauche,Morges,Saint-Livres,5435,480,287,10,0,277,115,41.52%,162,58.48%,59.79%
salaire_min_const,14.06.26,gauche,Morges,Saint-Oyens,5436,286,183,13,0,170,69,40.59%,101,59.41%,63.99%
salaire_min_const,14.06.26,gauche,Morges,Saint-Prex,5646,3034,1773,78,0,1695,740,43.66%,955,56.34%,58.44%
salaire_min_const,14.06.26,gauche,Morges,Saubraz,5437,258,139,3,0,136,72,52.94%,64,47.06%,53.88%
salaire_min_const,14.06.26,gauche,Morges,Senarclens,5499,330,186,9,0,177,63,35.59%,114,64.41%,56.36%
salaire_min_const,14.06.26,gauche,Morges,Tolochenaz,5649,1302,613,33,4,576,281,48.78%,295,51.22%,47.08%
salaire_min_const,14.06.26,gauche,Morges,Vaux-sur-Morges,5650,128,99,6,0,93,45,48.39%,48,51.61%,77.34%
salaire_min_const,14.06.26,gauche,Morges,Villars-sous-Yens,5652,383,241,3,0,238,118,49.58%,120,50.42%,62.92%
salaire_min_const,14.06.26,gauche,Morges,Vufflens-le-Château,5653,573,377,14,3,360,120,33.33%,240,66.67%,65.79%
salaire_min_const,14.06.26,gauche,Morges,Vullierens,5654,357,207,15,0,192,67,34.90%,125,65.10%,57.98%
salaire_min_const,14.06.26,gauche,Morges,Yens,5655,884,539,23,1,515,198,38.45%,317,61.55%,60.97%
salaire_min_const,14.06.26,gauche,Nyon,Arnex-sur-Nyon,5701,178,87,2,0,85,31,36.47%,54,63.53%,48.88%
salaire_min_const,14.06.26,gauche,Nyon,Arzier - Le Muids,5702,1708,1071,80,0,991,415,41.88%,576,58.12%,62.70%
salaire_min_const,14.06.26,gauche,Nyon,Bassins,5703,878,539,37,0,502,234,46.61%,268,53.39%,61.39%
salaire_min_const,14.06.26,gauche,Nyon,Begnins,5704,1220,675,24,0,651,288,44.24%,363,55.76%,55.33%
salaire_min_const,14.06.26,gauche,Nyon,Bogis-Bossey,5705,493,307,9,0,298,120,40.27%,178,59.73%,62.27%
salaire_min_const,14.06.26,gauche,Nyon,Borex,5706,710,433,8,0,425,192,45.18%,233,54.82%,60.99%
salaire_min_const,14.06.26,gauche,Nyon,Bursinel,5852,313,195,3,19,173,63,36.42%,110,63.58%,62.30%
salaire_min_const,14.06.26,gauche,Nyon,Bursins,5853,493,294,8,5,281,113,40.21%,168,59.79%,59.63%
salaire_min_const,14.06.26,gauche,Nyon,Burtigny,5854,254,152,4,0,148,55,37.16%,93,62.84%,59.84%
salaire_min_const,14.06.26,gauche,Nyon,Chavannes-de-Bogis,5707,668,359,15,4,340,118,34.71%,222,65.29%,53.74%
salaire_min_const,14.06.26,gauche,Nyon,Chavannes-des-Bois,5708,488,302,5,0,297,121,40.74%,176,59.26%,61.89%
salaire_min_const,14.06.26,gauche,Nyon,Chéserex,5709,781,497,34,0,463,164,35.42%,299,64.58%,63.64%
salaire_min_const,14.06.26,gauche,Nyon,Coinsins,5710,317,183,11,0,172,75,43.60%,97,56.40%,57.73%
salaire_min_const,14.06.26,gauche,Nyon,Commugny,5711,1468,884,22,0,862,331,38.40%,531,61.60%,60.22%
salaire_min_const,14.06.26,gauche,Nyon,Coppet,5712,2056,1025,57,2,966,373,38.61%,593,61.39%,49.85%
salaire_min_const,14.06.26,gauche,Nyon,Crans,5713,1360,845,22,2,821,284,34.59%,537,65.41%,62.13%
salaire_min_const,14.06.26,gauche,Nyon,Crassier,5714,757,438,16,0,422,194,45.97%,228,54.03%,57.86%
salaire_min_const,14.06.26,gauche,Nyon,Duillier,5715,695,433,13,0,420,169,40.24%,251,59.76%,62.30%
salaire_min_const,14.06.26,gauche,Nyon,Dully,5855,367,225,7,0,218,65,29.82%,153,70.18%,61.31%
salaire_min_const,14.06.26,gauche,Nyon,Essertines-sur-Rolle,5856,436,286,12,0,274,104,37.96%,170,62.04%,65.60%
salaire_min_const,14.06.26,gauche,Nyon,Eysins,5716,966,596,42,0,554,257,46.39%,297,53.61%,61.70%
salaire_min_const,14.06.26,gauche,Nyon,Founex,5717,1761,1095,55,0,1040,424,40.77%,616,59.23%,62.18%
salaire_min_const,14.06.26,gauche,Nyon,Genolier,5718,1190,744,27,1,716,254,35.47%,462,64.53%,62.52%
salaire_min_const,14.06.26,gauche,Nyon,Gilly,5857,845,501,14,0,487,176,36.14%,311,63.86%,59.29%
salaire_min_const,14.06.26,gauche,Nyon,Gingins,5719,788,456,14,4,438,178,40.64%,260,59.36%,57.87%
salaire_min_const,14.06.26,gauche,Nyon,Givrins,5720,697,445,18,0,427,167,39.11%,260,60.89%,63.85%
salaire_min_const,14.06.26,gauche,Nyon,Gland,5721,7303,4051,279,1,3771,1904,50.49%,1867,49.51%,55.47%
salaire_min_const,14.06.26,gauche,Nyon,Grens,5722,252,159,5,0,154,65,42.21%,89,57.79%,63.10%
salaire_min_const,14.06.26,gauche,Nyon,La Rippe,5726,722,436,17,0,419,165,39.38%,254,60.62%,60.39%
salaire_min_const,14.06.26,gauche,Nyon,Le Vaud,5731,907,10,0,3,7,6,85.71%,1,14.29%,1.10%
salaire_min_const,14.06.26,gauche,Nyon,Longirod,5429,361,208,13,0,195,88,45.13%,107,54.87%,57.62%
salaire_min_const,14.06.26,gauche,Nyon,Luins,5858,346,197,14,0,183,64,34.97%,119,65.03%,56.94%
salaire_min_const,14.06.26,gauche,Nyon,Marchissy,5430,334,201,6,0,195,82,42.05%,113,57.95%,60.18%
salaire_min_const,14.06.26,gauche,Nyon,Mies,5723,1094,643,38,0,605,258,42.64%,347,57.36%,58.78%
salaire_min_const,14.06.26,gauche,Nyon,Mont-sur-Rolle,5859,1627,922,54,0,868,397,45.74%,471,54.26%,56.67%
salaire_min_const,14.06.26,gauche,Nyon,Nyon,5724,11365,6122,379,4,5739,3156,54.99%,2583,45.01%,53.87%
salaire_min_const,14.06.26,gauche,Nyon,Perroy,5860,911,577,22,0,555,246,44.32%,309,55.68%,63.34%
salaire_min_const,14.06.26,gauche,Nyon,Prangins,5725,2428,1510,85,3,1422,671,47.19%,751,52.81%,62.19%
salaire_min_const,14.06.26,gauche,Nyon,Rolle,5861,3192,1739,96,0,1643,810,49.30%,833,50.70%,54.48%
salaire_min_const,14.06.26,gauche,Nyon,Saint-Cergue,5727,1674,850,66,2,782,400,51.15%,382,48.85%,50.78%
salaire_min_const,14.06.26,gauche,Nyon,Saint-George,5434,677,373,8,0,365,168,46.03%,197,53.97%,55.10%
salaire_min_const,14.06.26,gauche,Nyon,Signy-Avenex,5728,359,216,18,0,198,74,37.37%,124,62.63%,60.17%
salaire_min_const,14.06.26,gauche,Nyon,Tannay,5729,923,576,20,5,551,205,37.21%,346,62.79%,62.41%
salaire_min_const,14.06.26,gauche,Nyon,Tartegnin,5862,131,79,6,0,73,19,26.03%,54,73.97%,60.31%
salaire_min_const,14.06.26,gauche,Nyon,Trélex,5730,908,598,35,0,563,226,40.14%,337,59.86%,65.86%
salaire_min_const,14.06.26,gauche,Nyon,Vich,5732,665,386,22,0,364,143,39.29%,221,60.71%,58.05%
salaire_min_const,14.06.26,gauche,Nyon,Vinzel,5863,237,149,9,0,140,53,37.86%,87,62.14%,62.87%
salaire_min_const,14.06.26,gauche,Ouest lausannois,Bussigny,5624,5702,2955,158,3,2794,1539,55.08%,1255,44.92%,51.82%
salaire_min_const,14.06.26,gauche,Ouest lausannois,Chavannes-près-Renens,5627,3694,1502,65,3,1434,962,67.09%,472,32.91%,40.66%
salaire_min_const,14.06.26,gauche,Ouest lausannois,Crissier,5583,4934,2281,131,3,2147,1242,57.85%,905,42.15%,46.23%
salaire_min_const,14.06.26,gauche,Ouest lausannois,Ecublens VD,5635,5742,2940,163,0,2777,1576,56.75%,1201,43.25%,51.20%
salaire_min_const,14.06.26,gauche,Ouest lausannois,Prilly,5589,6009,3066,182,2,2882,1775,61.59%,1107,38.41%,51.02%
salaire_min_const,14.06.26,gauche,Ouest lausannois,Renens VD,5591,8827,3886,185,4,3697,2472,66.87%,1225,33.13%,44.02%
salaire_min_const,14.06.26,gauche,Ouest lausannois,Saint-Sulpice,5648,2291,1511,83,1,1427,610,42.75%,817,57.25%,65.95%
salaire_min_const,14.06.26,gauche,Ouest lausannois,Villars-Sainte-Croix,5651,554,278,10,0,268,127,47.39%,141,52.61%,50.18%
salaire_min_const,14.06.26,gauche,Vevey,Blonay - Saint-Légier,5892,7789,4703,311,1,4391,1850,42.13%,2541,57.87%,60.38%
salaire_min_const,14.06.26,gauche,Vevey,Chardonne,5882,2131,1327,84,0,1243,566,45.53%,677,54.47%,62.27%
salaire_min_const,14.06.26,gauche,Pays-d'Enhaut,Château-d'Oex,5841,2051,1070,72,2,996,346,34.74%,650,65.26%,52.17%
salaire_min_const,14.06.26,gauche,Vevey,Corseaux,5883,1445,960,58,1,901,388,43.06%,513,56.94%,66.44%
salaire_min_const,14.06.26,gauche,Vevey,Corsier-sur-Vevey,5884,1930,1096,80,1,1015,572,56.35%,443,43.65%,56.79%
salaire_min_const,14.06.26,gauche,Vevey,Jongny,5885,1113,754,30,0,724,320,44.20%,404,55.80%,67.74%
salaire_min_const,14.06.26,gauche,Vevey,La Tour-de-Peilz,5889,7493,4467,250,1,4216,2296,54.46%,1920,45.54%,59.62%
salaire_min_const,14.06.26,gauche,Vevey,Montreux,5886,12331,6278,353,5,5920,3051,51.54%,2869,48.46%,50.91%
salaire_min_const,14.06.26,gauche,Pays-d'Enhaut,Rossinière,5842,331,162,1,0,161,53,32.92%,108,67.08%,48.94%
salaire_min_const,14.06.26,gauche,Pays-d'Enhaut,Rougemont,5843,438,182,1,0,181,36,19.89%,145,80.11%,41.55%
salaire_min_const,14.06.26,gauche,Vevey,Vevey,5890,10009,5209,251,1,4957,3370,67.98%,1587,32.02%,52.04%
salaire_min_const,14.06.26,gauche,Vevey,Veytaux,5891,518,267,6,0,261,123,47.13%,138,52.87%,51.54%
salaire_min_legis,14.06.26,gauche,Aigle,Aigle,5401,5438,2715,51,1,2471,1188,48.08%,1283,51.92%,49.93%
salaire_min_legis_cp,14.06.26,droite,Aigle,Aigle,5401,5438,2715,66,1,2456,1223,49.80%,1233,50.20%,49.93%
salaire_min_legis_sub,14.06.26,gauche,Aigle,Aigle,5401,5438,2715,121,1,2401,1115,46.44%,1286,53.56%,49.93%
salaire_min_legis,14.06.26,gauche,Aigle,Bex,5402,4605,2280,32,0,2078,1037,49.90%,1041,50.10%,49.51%
salaire_min_legis_cp,14.06.26,droite,Aigle,Bex,5402,4605,2280,58,0,2052,1019,49.66%,1033,50.34%,49.51%
salaire_min_legis_sub,14.06.26,gauche,Aigle,Bex,5402,4605,2280,88,0,2022,971,48.02%,1051,51.98%,49.51%
salaire_min_legis,14.06.26,gauche,Aigle,Chessel,5403,312,176,2,0,170,69,40.59%,101,59.41%,56.41%
salaire_min_legis_cp,14.06.26,droite,Aigle,Chessel,5403,312,176,4,0,168,95,56.55%,73,43.45%,56.41%
salaire_min_legis_sub,14.06.26,gauche,Aigle,Chessel,5403,312,176,13,0,159,58,36.48%,101,63.52%,56.41%
salaire_min_legis,14.06.26,gauche,Aigle,Corbeyrier,5404,348,198,4,0,190,99,52.11%,91,47.89%,56.90%
salaire_min_legis_cp,14.06.26,droite,Aigle,Corbeyrier,5404,348,198,7,0,187,81,43.32%,106,56.68%,56.90%
salaire_min_legis_sub,14.06.26,gauche,Aigle,Corbeyrier,5404,348,198,11,0,183,87,47.54%,96,52.46%,56.90%
salaire_min_legis,14.06.26,gauche,Aigle,Gryon,5405,886,518,12,1,464,193,41.59%,271,58.41%,58.47%
salaire_min_legis_cp,14.06.26,droite,Aigle,Gryon,5405,886,518,12,1,464,271,58.41%,193,41.59%,58.47%
salaire_min_legis_sub,14.06.26,gauche,Aigle,Gryon,5405,886,518,25,1,451,177,39.25%,274,60.75%,58.47%
salaire_min_legis,14.06.26,gauche,Aigle,Lavey-Morcles,5406,633,318,14,0,304,132,43.42%,172,56.58%,50.24%
salaire_min_legis_cp,14.06.26,droite,Aigle,Lavey-Morcles,5406,633,318,25,0,293,172,58.70%,121,41.30%,50.24%
salaire_min_legis_sub,14.06.26,gauche,Aigle,Lavey-Morcles,5406,633,318,27,0,291,120,41.24%,171,58.76%,50.24%
salaire_min_legis,14.06.26,gauche,Aigle,Leysin,5407,1510,828,11,3,773,376,48.64%,397,51.36%,54.83%
salaire_min_legis_cp,14.06.26,droite,Aigle,Leysin,5407,1510,828,19,3,765,373,48.76%,392,51.24%,54.83%
salaire_min_legis_sub,14.06.26,gauche,Aigle,Leysin,5407,1510,828,35,3,749,357,47.66%,392,52.34%,54.83%
salaire_min_legis,14.06.26,gauche,Aigle,Noville,5408,733,370,0,5,354,150,42.37%,204,57.63%,50.48%
salaire_min_legis_cp,14.06.26,droite,Aigle,Noville,5408,733,370,6,5,348,195,56.03%,153,43.97%,50.48%
salaire_min_legis_sub,14.06.26,gauche,Aigle,Noville,5408,733,370,11,5,343,137,39.94%,206,60.06%,50.48%
salaire_min_legis,14.06.26,gauche,Aigle,Ollon VD,5409,4387,2728,44,2,2514,1009,40.14%,1505,59.86%,62.18%
salaire_min_legis_cp,14.06.26,droite,Aigle,Ollon VD,5409,4387,2728,58,2,2500,1334,53.36%,1166,46.64%,62.18%
salaire_min_legis_sub,14.06.26,gauche,Aigle,Ollon VD,5409,4387,2728,106,2,2452,957,39.03%,1495,60.97%,62.18%
salaire_min_legis,14.06.26,gauche,Aigle,Ormont-Dessous,5410,815,465,4,2,438,174,39.73%,264,60.27%,57.06%
salaire_min_legis_cp,14.06.26,droite,Aigle,Ormont-Dessous,5410,815,465,9,2,433,224,51.73%,209,48.27%,57.06%
salaire_min_legis_sub,14.06.26,gauche,Aigle,Ormont-Dessous,5410,815,465,31,2,411,158,38.44%,253,61.56%,57.06%
salaire_min_legis,14.06.26,gauche,Aigle,Ormont-Dessus,5411,921,529,17,0,502,161,32.07%,341,67.93%,57.44%
salaire_min_legis_cp,14.06.26,droite,Aigle,Ormont-Dessus,5411,921,529,25,0,494,315,63.77%,179,36.23%,57.44%
salaire_min_legis_sub,14.06.26,gauche,Aigle,Ormont-Dessus,5411,921,529,27,0,492,190,38.62%,302,61.38%,57.44%
salaire_min_legis,14.06.26,gauche,Aigle,Rennaz,5412,507,249,4,0,230,110,47.83%,120,52.17%,49.11%
salaire_min_legis_cp,14.06.26,droite,Aigle,Rennaz,5412,507,249,4,0,230,124,53.91%,106,46.09%,49.11%
salaire_min_legis_sub,14.06.26,gauche,Aigle,Rennaz,5412,507,249,14,0,220,101,45.91%,119,54.09%,49.11%
salaire_min_legis,14.06.26,gauche,Aigle,Roche VD,5413,998,455,11,2,404,199,49.26%,205,50.74%,45.59%
salaire_min_legis_cp,14.06.26,droite,Aigle,Roche VD,5413,998,455,12,2,403,205,50.87%,198,49.13%,45.59%
salaire_min_legis_sub,14.06.26,gauche,Aigle,Roche VD,5413,998,455,13,2,402,187,46.52%,215,53.48%,45.59%
salaire_min_legis,14.06.26,gauche,Aigle,Villeneuve VD,5414,2817,1350,21,0,1257,630,50.12%,627,49.88%,47.92%
salaire_min_legis_cp,14.06.26,droite,Aigle,Villeneuve VD,5414,2817,1350,26,0,1252,648,51.76%,604,48.24%,47.92%
salaire_min_legis_sub,14.06.26,gauche,Aigle,Villeneuve VD,5414,2817,1350,56,0,1222,586,47.95%,636,52.05%,47.92%
salaire_min_legis,14.06.26,gauche,Aigle,Yvorne,5415,814,393,7,0,352,139,39.49%,213,60.51%,48.28%
salaire_min_legis_cp,14.06.26,droite,Aigle,Yvorne,5415,814,393,8,0,351,189,53.85%,162,46.15%,48.28%
salaire_min_legis_sub,14.06.26,gauche,Aigle,Yvorne,5415,814,393,20,0,339,128,37.76%,211,62.24%,48.28%
salaire_min_legis,14.06.26,gauche,Broye - Vully,Avenches,5451,2308,1119,19,0,1019,435,42.69%,584,57.31%,48.48%
salaire_min_legis_cp,14.06.26,droite,Broye - Vully,Avenches,5451,2308,1119,30,0,1008,557,55.26%,451,44.74%,48.48%
salaire_min_legis_sub,14.06.26,gauche,Broye - Vully,Avenches,5451,2308,1119,61,0,977,407,41.66%,570,58.34%,48.48%
salaire_min_legis,14.06.26,gauche,Broye - Vully,Bussy-sur-Moudon,5663,179,102,3,0,92,27,29.35%,65,70.65%,56.98%
salaire_min_legis_cp,14.06.26,droite,Broye - Vully,Bussy-sur-Moudon,5663,179,102,6,0,89,69,77.53%,20,22.47%,56.98%
salaire_min_legis_sub,14.06.26,gauche,Broye - Vully,Bussy-sur-Moudon,5663,179,102,7,0,88,24,27.27%,64,72.73%,56.98%
salaire_min_legis,14.06.26,gauche,Broye - Vully,Champtauroz,5812,125,77,2,0,75,39,52.00%,36,48.00%,61.60%
salaire_min_legis_cp,14.06.26,droite,Broye - Vully,Champtauroz,5812,125,77,3,0,74,34,45.95%,40,54.05%,61.60%
salaire_min_legis_sub,14.06.26,gauche,Broye - Vully,Champtauroz,5812,125,77,6,0,71,39,54.93%,32,45.07%,61.60%
salaire_min_legis,14.06.26,gauche,Broye - Vully,Chavannes-sur-Moudon,5665,177,98,0,0,98,27,27.55%,71,72.45%,55.37%
salaire_min_legis_cp,14.06.26,droite,Broye - Vully,Chavannes-sur-Moudon,5665,177,98,0,0,98,64,65.31%,34,34.69%,55.37%
salaire_min_legis_sub,14.06.26,gauche,Broye - Vully,Chavannes-sur-Moudon,5665,177,98,1,0,97,22,22.68%,75,77.32%,55.37%
salaire_min_legis,14.06.26,gauche,Broye - Vully,Chevroux,5813,339,208,0,0,199,83,41.71%,116,58.29%,61.36%
salaire_min_legis_cp,14.06.26,droite,Broye - Vully,Chevroux,5813,339,208,0,0,199,100,50.25%,99,49.75%,61.36%
salaire_min_legis_sub,14.06.26,gauche,Broye - Vully,Chevroux,5813,339,208,8,0,191,82,42.93%,109,57.07%,61.36%
salaire_min_legis,14.06.26,gauche,Broye - Vully,Corcelles-le-Jorat,5785,328,195,7,0,188,79,42.02%,109,57.98%,59.45%
salaire_min_legis_cp,14.06.26,droite,Broye - Vully,Corcelles-le-Jorat,5785,328,195,7,0,188,115,61.17%,73,38.83%,59.45%
salaire_min_legis_sub,14.06.26,gauche,Broye - Vully,Corcelles-le-Jorat,5785,328,195,9,0,186,71,38.17%,115,61.83%,59.45%
salaire_min_legis,14.06.26,gauche,Broye - Vully,Corcelles-près-Payerne,5816,1584,837,10,3,757,296,39.10%,461,60.90%,52.84%
salaire_min_legis_cp,14.06.26,droite,Broye - Vully,Corcelles-près-Payerne,5816,1584,837,14,3,753,440,58.43%,313,41.57%,52.84%
salaire_min_legis_sub,14.06.26,gauche,Broye - Vully,Corcelles-près-Payerne,5816,1584,837,35,3,732,275,37.57%,457,62.43%,52.84%
salaire_min_legis,14.06.26,gauche,Broye - Vully,Cudrefin,5456,1263,634,5,0,608,240,39.47%,368,60.53%,50.20%
salaire_min_legis_cp,14.06.26,droite,Broye - Vully,Cudrefin,5456,1263,634,11,0,602,341,56.64%,261,43.36%,50.20%
salaire_min_legis_sub,14.06.26,gauche,Broye - Vully,Cudrefin,5456,1263,634,26,0,587,228,38.84%,359,61.16%,50.20%
salaire_min_legis,14.06.26,gauche,Broye - Vully,Curtilles,5669,215,125,2,0,117,51,43.59%,66,56.41%,58.14%
salaire_min_legis_cp,14.06.26,droite,Broye - Vully,Curtilles,5669,215,125,1,0,118,60,50.85%,58,49.15%,58.14%
salaire_min_legis_sub,14.06.26,gauche,Broye - Vully,Curtilles,5669,215,125,1,0,118,51,43.22%,67,56.78%,58.14%
salaire_min_legis,14.06.26,gauche,Broye - Vully,Dompierre VD,5671,163,104,0,0,101,32,31.68%,69,68.32%,63.80%
salaire_min_legis_cp,14.06.26,droite,Broye - Vully,Dompierre VD,5671,163,104,1,0,100,58,58.00%,42,42.00%,63.80%
salaire_min_legis_sub,14.06.26,gauche,Broye - Vully,Dompierre VD,5671,163,104,3,0,98,30,30.61%,68,69.39%,63.80%
salaire_min_legis,14.06.26,gauche,Broye - Vully,Faoug,5458,568,265,5,0,249,93,37.35%,156,62.65%,46.65%
salaire_min_legis_cp,14.06.26,droite,Broye - Vully,Faoug,5458,568,265,8,0,246,127,51.63%,119,48.37%,46.65%
salaire_min_legis_sub,14.06.26,gauche,Broye - Vully,Faoug,5458,568,265,13,0,241,94,39.00%,147,61.00%,46.65%
salaire_min_legis,14.06.26,gauche,Broye - Vully,Grandcour,5817,627,313,4,0,300,102,34.00%,198,66.00%,49.92%
salaire_min_legis_cp,14.06.26,droite,Broye - Vully,Grandcour,5817,627,313,4,0,300,162,54.00%,138,46.00%,49.92%
salaire_min_legis_sub,14.06.26,gauche,Broye - Vully,Grandcour,5817,627,313,20,0,284,87,30.63%,197,69.37%,49.92%
salaire_min_legis,14.06.26,gauche,Broye - Vully,Henniez,5819,266,114,4,0,110,45,40.91%,65,59.09%,42.86%
salaire_min_legis_cp,14.06.26,droite,Broye - Vully,Henniez,5819,266,114,3,0,111,64,57.66%,47,42.34%,42.86%
salaire_min_legis_sub,14.06.26,gauche,Broye - Vully,Henniez,5819,266,114,8,0,106,38,35.85%,68,64.15%,42.86%
salaire_min_legis,14.06.26,gauche,Broye - Vully,Hermenches,5673,251,145,6,1,138,52,37.68%,86,62.32%,57.77%
salaire_min_legis_cp,14.06.26,droite,Broye - Vully,Hermenches,5673,251,145,5,1,139,92,66.19%,47,33.81%,57.77%
salaire_min_legis_sub,14.06.26,gauche,Broye - Vully,Hermenches,5673,251,145,14,1,130,42,32.31%,88,67.69%,57.77%
salaire_min_legis,14.06.26,gauche,Broye - Vully,Lovatens,5674,117,65,1,0,63,35,55.56%,28,44.44%,55.56%
salaire_min_legis_cp,14.06.26,droite,Broye - Vully,Lovatens,5674,117,65,2,0,62,35,56.45%,27,43.55%,55.56%
salaire_min_legis_sub,14.06.26,gauche,Broye - Vully,Lovatens,5674,117,65,5,0,59,29,49.15%,30,50.85%,55.56%
salaire_min_legis,14.06.26,gauche,Broye - Vully,Lucens,5675,2231,1122,21,12,1034,546,52.80%,488,47.20%,50.29%
salaire_min_legis_cp,14.06.26,droite,Broye - Vully,Lucens,5675,2231,1122,28,12,1027,497,48.39%,530,51.61%,50.29%
salaire_min_legis_sub,14.06.26,gauche,Broye - Vully,Lucens,5675,2231,1122,57,12,998,492,49.30%,506,50.70%,50.29%
salaire_min_legis,14.06.26,gauche,Broye - Vully,Missy,5821,235,131,4,0,127,51,40.16%,76,59.84%,55.74%
salaire_min_legis_cp,14.06.26,droite,Broye - Vully,Missy,5821,235,131,8,0,123,66,53.66%,57,46.34%,55.74%
salaire_min_legis_sub,14.06.26,gauche,Broye - Vully,Missy,5821,235,131,9,0,122,44,36.07%,78,63.93%,55.74%
salaire_min_legis,14.06.26,gauche,Broye - Vully,Moudon,5678,4208,1156,13,0,1044,523,50.10%,521,49.90%,27.47%
salaire_min_legis_cp,14.06.26,droite,Broye - Vully,Moudon,5678,4208,1156,27,0,1030,500,48.54%,530,51.46%,27.47%
salaire_min_legis_sub,14.06.26,gauche,Broye - Vully,Moudon,5678,4208,1156,69,0,988,486,49.19%,502,50.81%,27.47%
salaire_min_legis,14.06.26,gauche,Broye - Vully,Payerne,5822,4835,2333,32,5,2115,887,41.94%,1228,58.06%,48.25%
salaire_min_legis_cp,14.06.26,droite,Broye - Vully,Payerne,5822,4835,2333,61,5,2086,1159,55.56%,927,44.44%,48.25%
salaire_min_legis_sub,14.06.26,gauche,Broye - Vully,Payerne,5822,4835,2333,105,5,2042,815,39.91%,1227,60.09%,48.25%
salaire_min_legis,14.06.26,gauche,Broye - Vully,Prévonloup,5683,172,86,0,0,82,26,31.71%,56,68.29%,50.00%
salaire_min_legis_cp,14.06.26,droite,Broye - Vully,Prévonloup,5683,172,86,2,0,80,54,67.50%,26,32.50%,50.00%
salaire_min_legis_sub,14.06.26,gauche,Broye - Vully,Prévonloup,5683,172,86,2,0,80,24,30.00%,56,70.00%,50.00%
salaire_min_legis,14.06.26,gauche,Broye - Vully,Ropraz,5798,321,192,1,0,183,71,38.80%,112,61.20%,59.81%
salaire_min_legis_cp,14.06.26,droite,Broye - Vully,Ropraz,5798,321,192,2,0,182,109,59.89%,73,40.11%,59.81%
salaire_min_legis_sub,14.06.26,gauche,Broye - Vully,Ropraz,5798,321,192,6,0,178,62,34.83%,116,65.17%,59.81%
salaire_min_legis,14.06.26,gauche,Broye - Vully,Rossenges,5684,58,32,1,0,31,15,48.39%,16,51.61%,55.17%
salaire_min_legis_cp,14.06.26,droite,Broye - Vully,Rossenges,5684,58,32,2,0,30,19,63.33%,11,36.67%,55.17%
salaire_min_legis_sub,14.06.26,gauche,Broye - Vully,Rossenges,5684,58,32,2,0,30,14,46.67%,16,53.33%,55.17%
salaire_min_legis,14.06.26,gauche,Broye - Vully,Syens,5688,89,36,0,0,36,18,50.00%,18,50.00%,40.45%
salaire_min_legis_cp,14.06.26,droite,Broye - Vully,Syens,5688,89,36,0,0,36,21,58.33%,15,41.67%,40.45%
salaire_min_legis_sub,14.06.26,gauche,Broye - Vully,Syens,5688,89,36,1,0,35,14,40.00%,21,60.00%,40.45%
salaire_min_legis,14.06.26,gauche,Broye - Vully,Trey,5827,202,112,1,0,108,40,37.04%,68,62.96%,55.45%
salaire_min_legis_cp,14.06.26,droite,Broye - Vully,Trey,5827,202,112,6,0,103,63,61.17%,40,38.83%,55.45%
salaire_min_legis_sub,14.06.26,gauche,Broye - Vully,Trey,5827,202,112,8,0,101,36,35.64%,65,64.36%,55.45%
salaire_min_legis,14.06.26,gauche,Broye - Vully,Treytorrens (Payerne),5828,79,48,0,0,48,7,14.58%,41,85.42%,60.76%
salaire_min_legis_cp,14.06.26,droite,Broye - Vully,Treytorrens (Payerne),5828,79,48,2,0,46,36,78.26%,10,21.74%,60.76%
salaire_min_legis_sub,14.06.26,gauche,Broye - Vully,Treytorrens (Payerne),5828,79,48,3,0,45,6,13.33%,39,86.67%,60.76%
salaire_min_legis,14.06.26,gauche,Broye - Vully,Valbroye,5831,2046,1140,19,0,1039,379,36.48%,660,63.52%,55.72%
salaire_min_legis_cp,14.06.26,droite,Broye - Vully,Valbroye,5831,2046,1140,20,0,1038,589,56.74%,449,43.26%,55.72%
salaire_min_legis_sub,14.06.26,gauche,Broye - Vully,Valbroye,5831,2046,1140,66,0,992,360,36.29%,632,63.71%,55.72%
salaire_min_legis,14.06.26,gauche,Broye - Vully,Villars-le-Comte,5690,101,64,1,0,63,15,23.81%,48,76.19%,63.37%
salaire_min_legis_cp,14.06.26,droite,Broye - Vully,Villars-le-Comte,5690,101,64,2,0,62,46,74.19%,16,25.81%,63.37%
salaire_min_legis_sub,14.06.26,gauche,Broye - Vully,Villars-le-Comte,5690,101,64,3,0,61,14,22.95%,47,77.05%,63.37%
salaire_min_legis,14.06.26,gauche,Broye - Vully,Villarzel,5830,305,156,1,0,155,70,45.16%,85,54.84%,51.15%
salaire_min_legis_cp,14.06.26,droite,Broye - Vully,Villarzel,5830,305,156,3,0,153,87,56.86%,66,43.14%,51.15%
salaire_min_legis_sub,14.06.26,gauche,Broye - Vully,Villarzel,5830,305,156,7,0,149,59,39.60%,90,60.40%,51.15%
salaire_min_legis,14.06.26,gauche,Broye - Vully,Vucherens,5692,404,230,2,0,218,105,48.17%,113,51.83%,56.93%
salaire_min_legis_cp,14.06.26,droite,Broye - Vully,Vucherens,5692,404,230,3,0,217,122,56.22%,95,43.78%,56.93%
salaire_min_legis_sub,14.06.26,gauche,Broye - Vully,Vucherens,5692,404,230,8,0,212,95,44.81%,117,55.19%,56.93%
salaire_min_legis,14.06.26,gauche,Broye - Vully,Vulliens,5803,429,266,9,0,257,98,38.13%,159,61.87%,62.00%
salaire_min_legis_cp,14.06.26,droite,Broye - Vully,Vulliens,5803,429,266,10,0,256,162,63.28%,94,36.72%,62.00%
salaire_min_legis_sub,14.06.26,gauche,Broye - Vully,Vulliens,5803,429,266,20,0,246,85,34.55%,161,65.45%,62.00%
salaire_min_legis,14.06.26,gauche,Broye - Vully,Vully-les-Lacs,5464,2415,1320,18,0,1193,385,32.27%,808,67.73%,54.66%
salaire_min_legis_cp,14.06.26,droite,Broye - Vully,Vully-les-Lacs,5464,2415,1320,24,0,1187,672,56.61%,515,43.39%,54.66%
salaire_min_legis_sub,14.06.26,gauche,Broye - Vully,Vully-les-Lacs,5464,2415,1320,61,0,1150,373,32.43%,777,67.57%,54.66%
salaire_min_legis,14.06.26,gauche,Gros-de-Vaud,Assens,5511,1156,632,2,0,611,213,34.86%,398,65.14%,54.67%
salaire_min_legis_cp,14.06.26,droite,Gros-de-Vaud,Assens,5511,1156,632,11,0,602,382,63.46%,220,36.54%,54.67%
salaire_min_legis_sub,14.06.26,gauche,Gros-de-Vaud,Assens,5511,1156,632,30,0,583,186,31.90%,397,68.10%,54.67%
salaire_min_legis,14.06.26,gauche,Gros-de-Vaud,Bercher,5512,892,510,5,2,463,186,40.17%,277,59.83%,57.17%
salaire_min_legis_cp,14.06.26,droite,Gros-de-Vaud,Bercher,5512,892,510,9,2,459,255,55.56%,204,44.44%,57.17%
salaire_min_legis_sub,14.06.26,gauche,Gros-de-Vaud,Bercher,5512,892,510,20,2,448,176,39.29%,272,60.71%,57.17%
salaire_min_legis,14.06.26,gauche,Gros-de-Vaud,Bettens,5471,403,214,1,1,205,74,36.10%,131,63.90%,53.10%
salaire_min_legis_cp,14.06.26,droite,Gros-de-Vaud,Bettens,5471,403,214,3,1,203,116,57.14%,87,42.86%,53.10%
salaire_min_legis_sub,14.06.26,gauche,Gros-de-Vaud,Bettens,5471,403,214,6,1,200,69,34.50%,131,65.50%,53.10%
salaire_min_legis,14.06.26,gauche,Gros-de-Vaud,Bottens,5514,867,457,12,0,445,178,40.00%,267,60.00%,52.71%
salaire_min_legis_cp,14.06.26,droite,Gros-de-Vaud,Bottens,5514,867,457,13,0,444,247,55.63%,197,44.37%,52.71%
salaire_min_legis_sub,14.06.26,gauche,Gros-de-Vaud,Bottens,5514,867,457,27,0,430,157,36.51%,273,63.49%,52.71%
salaire_min_legis,14.06.26,gauche,Gros-de-Vaud,Boulens,5661,261,152,1,0,150,76,50.67%,74,49.33%,58.24%
salaire_min_legis_cp,14.06.26,droite,Gros-de-Vaud,Boulens,5661,261,152,3,0,148,71,47.97%,77,52.03%,58.24%
salaire_min_legis_sub,14.06.26,gauche,Gros-de-Vaud,Boulens,5661,261,152,1,0,150,74,49.33%,76,50.67%,58.24%
salaire_min_legis,14.06.26,gauche,Gros-de-Vaud,Bournens,5472,380,208,7,0,201,67,33.33%,134,66.67%,54.74%
salaire_min_legis_cp,14.06.26,droite,Gros-de-Vaud,Bournens,5472,380,208,6,0,202,110,54.46%,92,45.54%,54.74%
salaire_min_legis_sub,14.06.26,gauche,Gros-de-Vaud,Bournens,5472,380,208,18,0,190,58,30.53%,132,69.47%,54.74%
salaire_min_legis,14.06.26,gauche,Gros-de-Vaud,Boussens,5473,665,430,3,0,401,189,47.13%,212,52.87%,64.66%
salaire_min_legis_cp,14.06.26,droite,Gros-de-Vaud,Boussens,5473,665,430,8,0,396,198,50.00%,198,50.00%,64.66%
salaire_min_legis_sub,14.06.26,gauche,Gros-de-Vaud,Boussens,5473,665,430,19,0,385,184,47.79%,201,52.21%,64.66%
salaire_min_legis,14.06.26,gauche,Gros-de-Vaud,Bretigny-sur-Morrens,5515,559,312,5,0,300,147,49.00%,153,51.00%,55.81%
salaire_min_legis_cp,14.06.26,droite,Gros-de-Vaud,Bretigny-sur-Morrens,5515,559,312,6,0,299,147,49.16%,152,50.84%,55.81%
salaire_min_legis_sub,14.06.26,gauche,Gros-de-Vaud,Bretigny-sur-Morrens,5515,559,312,10,0,295,137,46.44%,158,53.56%,55.81%
salaire_min_legis,14.06.26,gauche,Gros-de-Vaud,Cugy VD,5516,1715,999,15,11,920,489,53.15%,431,46.85%,58.25%
salaire_min_legis_cp,14.06.26,droite,Gros-de-Vaud,Cugy VD,5516,1715,999,18,11,917,456,49.73%,461,50.27%,58.25%
salaire_min_legis_sub,14.06.26,gauche,Gros-de-Vaud,Cugy VD,5516,1715,999,22,11,913,458,50.16%,455,49.84%,58.25%
salaire_min_legis,14.06.26,gauche,Gros-de-Vaud,Daillens,5480,702,412,15,0,397,173,43.58%,224,56.42%,58.69%
salaire_min_legis_cp,14.06.26,droite,Gros-de-Vaud,Daillens,5480,702,412,16,0,396,211,53.28%,185,46.72%,58.69%
salaire_min_legis_sub,14.06.26,gauche,Gros-de-Vaud,Daillens,5480,702,412,14,0,398,171,42.96%,227,57.04%,58.69%
salaire_min_legis,14.06.26,gauche,Gros-de-Vaud,Echallens,5518,4081,2216,28,1,2042,995,48.73%,1047,51.27%,54.30%
salaire_min_legis_cp,14.06.26,droite,Gros-de-Vaud,Echallens,5518,4081,2216,41,1,2029,1007,49.63%,1022,50.37%,54.30%
salaire_min_legis_sub,14.06.26,gauche,Gros-de-Vaud,Echallens,5518,4081,2216,79,1,1991,944,47.41%,1047,52.59%,54.30%
salaire_min_legis,14.06.26,gauche,Gros-de-Vaud,Essertines-sur-Yverdon,5520,744,374,3,0,350,157,44.86%,193,55.14%,50.27%
salaire_min_legis_cp,14.06.26,droite,Gros-de-Vaud,Essertines-sur-Yverdon,5520,744,374,9,0,344,189,54.94%,155,45.06%,50.27%
salaire_min_legis_sub,14.06.26,gauche,Gros-de-Vaud,Essertines-sur-Yverdon,5520,744,374,16,0,337,145,43.03%,192,56.97%,50.27%
salaire_min_legis,14.06.26,gauche,Gros-de-Vaud,Etagnières,5521,732,445,6,0,413,186,45.04%,227,54.96%,60.79%
salaire_min_legis_cp,14.06.26,droite,Gros-de-Vaud,Etagnières,5521,732,445,5,0,414,219,52.90%,195,47.10%,60.79%
salaire_min_legis_sub,14.06.26,gauche,Gros-de-Vaud,Etagnières,5521,732,445,15,0,404,180,44.55%,224,55.45%,60.79%
salaire_min_legis,14.06.26,gauche,Gros-de-Vaud,Fey,5522,530,295,4,1,280,131,46.79%,149,53.21%,55.66%
salaire_min_legis_cp,14.06.26,droite,Gros-de-Vaud,Fey,5522,530,295,0,1,284,127,44.72%,157,55.28%,55.66%
salaire_min_legis_sub,14.06.26,gauche,Gros-de-Vaud,Fey,5522,530,295,4,1,280,132,47.14%,148,52.86%,55.66%
salaire_min_legis,14.06.26,gauche,Gros-de-Vaud,Froideville,5523,1709,1057,12,1,967,397,41.05%,570,58.95%,61.85%
salaire_min_legis_cp,14.06.26,droite,Gros-de-Vaud,Froideville,5523,1709,1057,15,1,964,544,56.43%,420,43.57%,61.85%
salaire_min_legis_sub,14.06.26,gauche,Gros-de-Vaud,Froideville,5523,1709,1057,33,1,946,371,39.22%,575,60.78%,61.85%
salaire_min_legis,14.06.26,gauche,Gros-de-Vaud,Goumoëns,5541,814,488,4,0,450,161,35.78%,289,64.22%,59.95%
salaire_min_legis_cp,14.06.26,droite,Gros-de-Vaud,Goumoëns,5541,814,488,9,0,445,273,61.35%,172,38.65%,59.95%
salaire_min_legis_sub,14.06.26,gauche,Gros-de-Vaud,Goumoëns,5541,814,488,23,0,431,151,35.03%,280,64.97%,59.95%
salaire_min_legis,14.06.26,gauche,Gros-de-Vaud,Jorat-Menthue,5804,1023,563,7,1,536,237,44.22%,299,55.78%,55.03%
salaire_min_legis_cp,14.06.26,droite,Gros-de-Vaud,Jorat-Menthue,5804,1023,563,12,1,531,289,54.43%,242,45.57%,55.03%
salaire_min_legis_sub,14.06.26,gauche,Gros-de-Vaud,Jorat-Menthue,5804,1023,563,21,1,522,211,40.42%,311,59.58%,55.03%
salaire_min_legis,14.06.26,gauche,Gros-de-Vaud,Lussery-Villars,5487,320,166,11,0,155,88,56.77%,67,43.23%,51.88%
salaire_min_legis_cp,14.06.26,droite,Gros-de-Vaud,Lussery-Villars,5487,320,166,13,0,153,71,46.41%,82,53.59%,51.88%
salaire_min_legis_sub,14.06.26,gauche,Gros-de-Vaud,Lussery-Villars,5487,320,166,16,0,150,78,52.00%,72,48.00%,51.88%
salaire_min_legis,14.06.26,gauche,Gros-de-Vaud,Mex VD,5489,498,265,5,0,254,96,37.80%,158,62.20%,53.21%
salaire_min_legis_cp,14.06.26,droite,Gros-de-Vaud,Mex VD,5489,498,265,11,0,248,152,61.29%,96,38.71%,53.21%
salaire_min_legis_sub,14.06.26,gauche,Gros-de-Vaud,Mex VD,5489,498,265,13,0,246,91,36.99%,155,63.01%,53.21%
salaire_min_legis,14.06.26,gauche,Gros-de-Vaud,Montanaire,5693,1923,1050,10,0,1015,418,41.18%,597,58.82%,54.60%
salaire_min_legis_cp,14.06.26,droite,Gros-de-Vaud,Montanaire,5693,1923,1050,19,0,1006,550,54.67%,456,45.33%,54.60%
salaire_min_legis_sub,14.06.26,gauche,Gros-de-Vaud,Montanaire,5693,1923,1050,42,0,983,384,39.06%,599,60.94%,54.60%
salaire_min_legis,14.06.26,gauche,Gros-de-Vaud,Montilliez,5540,1291,709,18,2,689,267,38.75%,422,61.25%,54.92%
salaire_min_legis_cp,14.06.26,droite,Gros-de-Vaud,Montilliez,5540,1291,709,28,2,679,398,58.62%,281,41.38%,54.92%
salaire_min_legis_sub,14.06.26,gauche,Gros-de-Vaud,Montilliez,5540,1291,709,40,2,667,234,35.08%,433,64.92%,54.92%
salaire_min_legis,14.06.26,gauche,Gros-de-Vaud,Morrens VD,5527,759,451,1,3,435,203,46.67%,232,53.33%,59.42%
salaire_min_legis_cp,14.06.26,droite,Gros-de-Vaud,Morrens VD,5527,759,451,7,3,429,214,49.88%,215,50.12%,59.42%
salaire_min_legis_sub,14.06.26,gauche,Gros-de-Vaud,Morrens VD,5527,759,451,16,3,420,185,44.05%,235,55.95%,59.42%
salaire_min_legis,14.06.26,gauche,Gros-de-Vaud,Ogens,5680,225,121,5,0,116,49,42.24%,67,57.76%,53.78%
salaire_min_legis_cp,14.06.26,droite,Gros-de-Vaud,Ogens,5680,225,121,6,0,115,69,60.00%,46,40.00%,53.78%
salaire_min_legis_sub,14.06.26,gauche,Gros-de-Vaud,Ogens,5680,225,121,8,0,113,47,41.59%,66,58.41%,53.78%
salaire_min_legis,14.06.26,gauche,Gros-de-Vaud,Oppens,5923,125,75,0,0,74,33,44.59%,41,55.41%,60.00%
salaire_min_legis_cp,14.06.26,droite,Gros-de-Vaud,Oppens,5923,125,75,1,0,73,42,57.53%,31,42.47%,60.00%
salaire_min_legis_sub,14.06.26,gauche,Gros-de-Vaud,Oppens,5923,125,75,1,0,73,31,42.47%,42,57.53%,60.00%
salaire_min_legis,14.06.26,gauche,Gros-de-Vaud,Oulens-sous-Echallens,5529,421,267,3,1,258,89,34.50%,169,65.50%,63.42%
salaire_min_legis_cp,14.06.26,droite,Gros-de-Vaud,Oulens-sous-Echallens,5529,421,267,8,1,253,157,62.06%,96,37.94%,63.42%
salaire_min_legis_sub,14.06.26,gauche,Gros-de-Vaud,Oulens-sous-Echallens,5529,421,267,7,1,254,78,30.71%,176,69.29%,63.42%
salaire_min_legis,14.06.26,gauche,Gros-de-Vaud,Pailly,5530,387,241,10,1,230,94,40.87%,136,59.13%,62.27%
salaire_min_legis_cp,14.06.26,droite,Gros-de-Vaud,Pailly,5530,387,241,11,1,229,132,57.64%,97,42.36%,62.27%
salaire_min_legis_sub,14.06.26,gauche,Gros-de-Vaud,Pailly,5530,387,241,14,1,226,93,41.15%,133,58.85%,62.27%
salaire_min_legis,14.06.26,gauche,Gros-de-Vaud,Penthalaz,5495,1843,960,13,1,879,407,46.30%,472,53.70%,52.09%
salaire_min_legis_cp,14.06.26,droite,Gros-de-Vaud,Penthalaz,5495,1843,960,21,1,871,451,51.78%,420,48.22%,52.09%
salaire_min_legis_sub,14.06.26,gauche,Gros-de-Vaud,Penthalaz,5495,1843,960,34,1,858,380,44.29%,478,55.71%,52.09%
salaire_min_legis,14.06.26,gauche,Gros-de-Vaud,Penthaz,5496,1120,582,14,0,529,213,40.26%,316,59.74%,51.96%
salaire_min_legis_cp,14.06.26,droite,Gros-de-Vaud,Penthaz,5496,1120,582,8,0,535,298,55.70%,237,44.30%,51.96%
salaire_min_legis_sub,14.06.26,gauche,Gros-de-Vaud,Penthaz,5496,1120,582,17,0,526,200,38.02%,326,61.98%,51.96%
salaire_min_legis,14.06.26,gauche,Gros-de-Vaud,Penthéréaz,5531,325,181,6,0,166,72,43.37%,94,56.63%,55.69%
salaire_min_legis_cp,14.06.26,droite,Gros-de-Vaud,Penthéréaz,5531,325,181,3,0,169,91,53.85%,78,46.15%,55.69%
salaire_min_legis_sub,14.06.26,gauche,Gros-de-Vaud,Penthéréaz,5531,325,181,3,0,169,71,42.01%,98,57.99%,55.69%
salaire_min_legis,14.06.26,gauche,Gros-de-Vaud,Poliez-Pittet,5533,524,290,20,0,270,95,35.19%,175,64.81%,55.34%
salaire_min_legis_cp,14.06.26,droite,Gros-de-Vaud,Poliez-Pittet,5533,524,290,22,0,268,175,65.30%,93,34.70%,55.34%
salaire_min_legis_sub,14.06.26,gauche,Gros-de-Vaud,Poliez-Pittet,5533,524,290,26,0,264,86,32.58%,178,67.42%,55.34%
salaire_min_legis,14.06.26,gauche,Gros-de-Vaud,Rueyres,5534,212,149,2,4,142,90,63.38%,52,36.62%,70.28%
salaire_min_legis_cp,14.06.26,droite,Gros-de-Vaud,Rueyres,5534,212,149,5,4,139,55,39.57%,84,60.43%,70.28%
salaire_min_legis_sub,14.06.26,gauche,Gros-de-Vaud,Rueyres,5534,212,149,4,4,140,48,34.29%,92,65.71%,70.28%
salaire_min_legis,14.06.26,gauche,Gros-de-Vaud,Saint-Barthélemy VD,5535,538,329,17,1,311,108,34.73%,203,65.27%,61.15%
salaire_min_legis_cp,14.06.26,droite,Gros-de-Vaud,Saint-Barthélemy VD,5535,538,329,19,1,309,193,62.46%,116,37.54%,61.15%
salaire_min_legis_sub,14.06.26,gauche,Gros-de-Vaud,Saint-Barthélemy VD,5535,538,329,26,1,302,98,32.45%,204,67.55%,61.15%
salaire_min_legis,14.06.26,gauche,Gros-de-Vaud,Sullens,5501,787,448,0,0,428,174,40.65%,254,59.35%,56.93%
salaire_min_legis_cp,14.06.26,droite,Gros-de-Vaud,Sullens,5501,787,448,8,0,420,254,60.48%,166,39.52%,56.93%
salaire_min_legis_sub,14.06.26,gauche,Gros-de-Vaud,Sullens,5501,787,448,10,0,418,149,35.65%,269,64.35%,56.93%
salaire_min_legis,14.06.26,gauche,Gros-de-Vaud,Villars-le-Terroir,5537,886,497,7,2,460,170,36.96%,290,63.04%,56.09%
salaire_min_legis_cp,14.06.26,droite,Gros-de-Vaud,Villars-le-Terroir,5537,886,497,11,2,456,283,62.06%,173,37.94%,56.09%
salaire_min_legis_sub,14.06.26,gauche,Gros-de-Vaud,Villars-le-Terroir,5537,886,497,26,2,441,157,35.60%,284,64.40%,56.09%
salaire_min_legis,14.06.26,gauche,Gros-de-Vaud,Vuarrens,5539,710,406,3,0,382,142,37.17%,240,62.83%,57.18%
salaire_min_legis_cp,14.06.26,droite,Gros-de-Vaud,Vuarrens,5539,710,406,7,0,378,225,59.52%,153,40.48%,57.18%
salaire_min_legis_sub,14.06.26,gauche,Gros-de-Vaud,Vuarrens,5539,710,406,15,0,370,129,34.86%,241,65.14%,57.18%
salaire_min_legis,14.06.26,gauche,Gros-de-Vaud,Vufflens-la-Ville,5503,898,571,2,0,556,272,48.92%,284,51.08%,63.59%
salaire_min_legis_cp,14.06.26,droite,Gros-de-Vaud,Vufflens-la-Ville,5503,898,571,8,0,550,275,50.00%,275,50.00%,63.59%
salaire_min_legis_sub,14.06.26,gauche,Gros-de-Vaud,Vufflens-la-Ville,5503,898,571,15,0,543,252,46.41%,291,53.59%,63.59%
salaire_min_legis,14.06.26,gauche,Yverdon,Agiez,5742,237,123,3,0,119,48,40.34%,71,59.66%,51.90%
salaire_min_legis_cp,14.06.26,droite,Yverdon,Agiez,5742,237,123,2,0,120,60,50.00%,60,50.00%,51.90%
salaire_min_legis_sub,14.06.26,gauche,Yverdon,Agiez,5742,237,123,4,0,118,45,38.14%,73,61.86%,51.90%
salaire_min_legis,14.06.26,gauche,Yverdon,Arnex-sur-Orbe,5743,475,273,0,0,259,125,48.26%,134,51.74%,57.47%
salaire_min_legis_cp,14.06.26,droite,Yverdon,Arnex-sur-Orbe,5743,475,273,6,0,253,115,45.45%,138,54.55%,57.47%
salaire_min_legis_sub,14.06.26,gauche,Yverdon,Arnex-sur-Orbe,5743,475,273,7,0,252,116,46.03%,136,53.97%,57.47%
salaire_min_legis,14.06.26,gauche,Yverdon,Ballaigues,5744,734,407,8,2,371,171,46.09%,200,53.91%,55.45%
salaire_min_legis_cp,14.06.26,droite,Yverdon,Ballaigues,5744,734,407,7,2,372,198,53.23%,174,46.77%,55.45%
salaire_min_legis_sub,14.06.26,gauche,Yverdon,Ballaigues,5744,734,407,19,2,360,152,42.22%,208,57.78%,55.45%
salaire_min_legis,14.06.26,gauche,Yverdon,Baulmes,5745,769,442,0,0,427,232,54.33%,195,45.67%,57.48%
salaire_min_legis_cp,14.06.26,droite,Yverdon,Baulmes,5745,769,442,8,0,419,204,48.69%,215,51.31%,57.48%
salaire_min_legis_sub,14.06.26,gauche,Yverdon,Baulmes,5745,769,442,6,0,421,213,50.59%,208,49.41%,57.48%
salaire_min_legis,14.06.26,gauche,Yverdon,Bavois,5746,690,343,15,5,323,128,39.63%,195,60.37%,49.71%
salaire_min_legis_cp,14.06.26,droite,Yverdon,Bavois,5746,690,343,18,5,320,181,56.56%,139,43.44%,49.71%
salaire_min_legis_sub,14.06.26,gauche,Yverdon,Bavois,5746,690,343,22,5,316,124,39.24%,192,60.76%,49.71%
salaire_min_legis,14.06.26,gauche,Yverdon,Belmont-sur-Yverdon,5902,308,164,0,2,161,62,38.51%,99,61.49%,53.25%
salaire_min_legis_cp,14.06.26,droite,Yverdon,Belmont-sur-Yverdon,5902,308,164,0,2,161,66,40.99%,95,59.01%,53.25%
salaire_min_legis_sub,14.06.26,gauche,Yverdon,Belmont-sur-Yverdon,5902,308,164,3,2,158,61,38.61%,97,61.39%,53.25%
salaire_min_legis,14.06.26,gauche,Yverdon,Bioley-Magnoux,5903,194,110,2,0,102,42,41.18%,60,58.82%,56.70%
salaire_min_legis_cp,14.06.26,droite,Yverdon,Bioley-Magnoux,5903,194,110,2,0,102,58,56.86%,44,43.14%,56.70%
salaire_min_legis_sub,14.06.26,gauche,Yverdon,Bioley-Magnoux,5903,194,110,4,0,100,42,42.00%,58,58.00%,56.70%
salaire_min_legis,14.06.26,gauche,Yverdon,Bofflens,5747,148,93,5,1,87,34,39.08%,53,60.92%,62.84%
salaire_min_legis_cp,14.06.26,droite,Yverdon,Bofflens,5747,148,93,6,1,86,51,59.30%,35,40.70%,62.84%
salaire_min_legis_sub,14.06.26,gauche,Yverdon,Bofflens,5747,148,93,10,1,82,27,32.93%,55,67.07%,62.84%
salaire_min_legis,14.06.26,gauche,Yverdon,Bonvillars,5551,385,229,6,0,223,68,30.49%,155,69.51%,59.48%
salaire_min_legis_cp,14.06.26,droite,Yverdon,Bonvillars,5551,385,229,7,0,222,145,65.32%,77,34.68%,59.48%
salaire_min_legis_sub,14.06.26,gauche,Yverdon,Bonvillars,5551,385,229,13,0,216,65,30.09%,151,69.91%,59.48%
salaire_min_legis,14.06.26,gauche,Yverdon,Bretonnières,5748,196,123,1,0,121,59,48.76%,62,51.24%,62.76%
salaire_min_legis_cp,14.06.26,droite,Yverdon,Bretonnières,5748,196,123,4,0,118,61,51.69%,57,48.31%,62.76%
salaire_min_legis_sub,14.06.26,gauche,Yverdon,Bretonnières,5748,196,123,10,0,112,50,44.64%,62,55.36%,62.76%
salaire_min_legis,14.06.26,gauche,Yverdon,Bullet,5552,532,344,11,6,310,103,33.23%,207,66.77%,64.66%
salaire_min_legis_cp,14.06.26,droite,Yverdon,Bullet,5552,532,344,7,6,314,192,61.15%,122,38.85%,64.66%
salaire_min_legis_sub,14.06.26,gauche,Yverdon,Bullet,5552,532,344,15,6,306,107,34.97%,199,65.03%,64.66%
salaire_min_legis,14.06.26,gauche,Yverdon,Chamblon,5904,434,222,8,0,214,72,33.64%,142,66.36%,51.15%
salaire_min_legis_cp,14.06.26,droite,Yverdon,Chamblon,5904,434,222,10,0,212,129,60.85%,83,39.15%,51.15%
salaire_min_legis_sub,14.06.26,gauche,Yverdon,Chamblon,5904,434,222,11,0,211,63,29.86%,148,70.14%,51.15%
salaire_min_legis,14.06.26,gauche,Yverdon,Champagne,5553,720,358,4,0,342,136,39.77%,206,60.23%,49.72%
salaire_min_legis_cp,14.06.26,droite,Yverdon,Champagne,5553,720,358,6,0,340,197,57.94%,143,42.06%,49.72%
salaire_min_legis_sub,14.06.26,gauche,Yverdon,Champagne,5553,720,358,16,0,330,121,36.67%,209,63.33%,49.72%
salaire_min_legis,14.06.26,gauche,Yverdon,Champvent,5905,449,265,11,0,254,112,44.09%,142,55.91%,59.02%
salaire_min_legis_cp,14.06.26,droite,Yverdon,Champvent,5905,449,265,13,0,252,140,55.56%,112,44.44%,59.02%
salaire_min_legis_sub,14.06.26,gauche,Yverdon,Champvent,5905,449,265,18,0,247,106,42.91%,141,57.09%,59.02%
salaire_min_legis,14.06.26,gauche,Yverdon,Chavannes-le-Chêne,5907,232,104,4,0,100,33,33.00%,67,67.00%,44.83%
salaire_min_legis_cp,14.06.26,droite,Yverdon,Chavannes-le-Chêne,5907,232,104,3,0,101,64,63.37%,37,36.63%,44.83%
salaire_min_legis_sub,14.06.26,gauche,Yverdon,Chavannes-le-Chêne,5907,232,104,7,0,97,30,30.93%,67,69.07%,44.83%
salaire_min_legis,14.06.26,gauche,Yverdon,Chavornay,5749,3085,1603,19,1,1493,744,49.83%,749,50.17%,51.96%
salaire_min_legis_cp,14.06.26,droite,Yverdon,Chavornay,5749,3085,1603,34,1,1478,755,51.08%,723,48.92%,51.96%
salaire_min_legis_sub,14.06.26,gauche,Yverdon,Chavornay,5749,3085,1603,73,1,1439,665,46.21%,774,53.79%,51.96%
salaire_min_legis,14.06.26,gauche,Yverdon,Cheseaux-Noréaz,5909,514,323,3,1,311,128,41.16%,183,58.84%,62.84%
salaire_min_legis_cp,14.06.26,droite,Yverdon,Cheseaux-Noréaz,5909,514,323,4,1,310,192,61.94%,118,38.06%,62.84%
salaire_min_legis_sub,14.06.26,gauche,Yverdon,Cheseaux-Noréaz,5909,514,323,10,1,304,114,37.50%,190,62.50%,62.84%
salaire_min_legis,14.06.26,gauche,Yverdon,Chêne-Pâquier,5908,109,62,1,0,58,23,39.66%,35,60.34%,56.88%
salaire_min_legis_cp,14.06.26,droite,Yverdon,Chêne-Pâquier,5908,109,62,2,0,57,29,50.88%,28,49.12%,56.88%
salaire_min_legis_sub,14.06.26,gauche,Yverdon,Chêne-Pâquier,5908,109,62,4,0,55,26,47.27%,29,52.73%,56.88%
salaire_min_legis,14.06.26,gauche,Yverdon,Concise,5554,660,366,1,0,356,157,44.10%,199,55.90%,55.45%
salaire_min_legis_cp,14.06.26,droite,Yverdon,Concise,5554,660,366,9,0,348,177,50.86%,171,49.14%,55.45%
salaire_min_legis_sub,14.06.26,gauche,Yverdon,Concise,5554,660,366,12,0,345,147,42.61%,198,57.39%,55.45%
salaire_min_legis,14.06.26,gauche,Yverdon,Corcelles-près-Concise,5555,299,144,3,0,141,70,49.65%,71,50.35%,48.16%
salaire_min_legis_cp,14.06.26,droite,Yverdon,Corcelles-près-Concise,5555,299,144,5,0,139,62,44.60%,77,55.40%,48.16%
salaire_min_legis_sub,14.06.26,gauche,Yverdon,Corcelles-près-Concise,5555,299,144,4,0,140,67,47.86%,73,52.14%,48.16%
salaire_min_legis,14.06.26,gauche,Yverdon,Cronay,5910,318,206,1,2,194,91,46.91%,103,53.09%,64.78%
salaire_min_legis_cp,14.06.26,droite,Yverdon,Cronay,5910,318,206,1,2,194,99,51.03%,95,48.97%,64.78%
salaire_min_legis_sub,14.06.26,gauche,Yverdon,Cronay,5910,318,206,7,2,188,90,47.87%,98,52.13%,64.78%
salaire_min_legis,14.06.26,gauche,Yverdon,Croy,5752,293,172,2,0,167,91,54.49%,76,45.51%,58.70%
salaire_min_legis_cp,14.06.26,droite,Yverdon,Croy,5752,293,172,2,0,167,68,40.72%,99,59.28%,58.70%
salaire_min_legis_sub,14.06.26,gauche,Yverdon,Croy,5752,293,172,9,0,160,89,55.62%,71,44.38%,58.70%
salaire_min_legis,14.06.26,gauche,Yverdon,Cuarny,5911,169,114,0,0,111,35,31.53%,76,68.47%,67.46%
salaire_min_legis_cp,14.06.26,droite,Yverdon,Cuarny,5911,169,114,4,0,107,58,54.21%,49,45.79%,67.46%
salaire_min_legis_sub,14.06.26,gauche,Yverdon,Cuarny,5911,169,114,8,0,103,34,33.01%,69,66.99%,67.46%
salaire_min_legis,14.06.26,gauche,Yverdon,Donneloye,5913,594,350,4,0,332,136,40.96%,196,59.04%,58.92%
salaire_min_legis_cp,14.06.26,droite,Yverdon,Donneloye,5913,594,350,6,0,330,191,57.88%,139,42.12%,58.92%
salaire_min_legis_sub,14.06.26,gauche,Yverdon,Donneloye,5913,594,350,18,0,318,123,38.68%,195,61.32%,58.92%
salaire_min_legis,14.06.26,gauche,Yverdon,Démoret,5912,123,84,0,0,83,32,38.55%,51,61.45%,68.29%
salaire_min_legis_cp,14.06.26,droite,Yverdon,Démoret,5912,123,84,4,0,79,43,54.43%,36,45.57%,68.29%
salaire_min_legis_sub,14.06.26,gauche,Yverdon,Démoret,5912,123,84,9,0,74,24,32.43%,50,67.57%,68.29%
salaire_min_legis,14.06.26,gauche,Yverdon,Ependes VD,5914,243,140,2,0,138,53,38.41%,85,61.59%,57.61%
salaire_min_legis_cp,14.06.26,droite,Yverdon,Ependes VD,5914,243,140,8,0,132,78,59.09%,54,40.91%,57.61%
salaire_min_legis_sub,14.06.26,gauche,Yverdon,Ependes VD,5914,243,140,7,0,133,50,37.59%,83,62.41%,57.61%
salaire_min_legis,14.06.26,gauche,Yverdon,Fiez,5556,308,166,3,0,160,81,50.62%,79,49.38%,53.90%
salaire_min_legis_cp,14.06.26,droite,Yverdon,Fiez,5556,308,166,0,0,163,86,52.76%,77,47.24%,53.90%
salaire_min_legis_sub,14.06.26,gauche,Yverdon,Fiez,5556,308,166,8,0,155,71,45.81%,84,54.19%,53.90%
salaire_min_legis,14.06.26,gauche,Yverdon,Fontaines-sur-Grandson,5557,155,76,0,1,75,30,40.00%,45,60.00%,49.03%
salaire_min_legis_cp,14.06.26,droite,Yverdon,Fontaines-sur-Grandson,5557,155,76,1,1,74,47,63.51%,27,36.49%,49.03%
salaire_min_legis_sub,14.06.26,gauche,Yverdon,Fontaines-sur-Grandson,5557,155,76,0,1,75,26,34.67%,49,65.33%,49.03%
salaire_min_legis,14.06.26,gauche,Yverdon,Giez,5559,313,181,8,0,173,70,40.46%,103,59.54%,57.83%
salaire_min_legis_cp,14.06.26,droite,Yverdon,Giez,5559,313,181,10,0,171,94,54.97%,77,45.03%,57.83%
salaire_min_legis_sub,14.06.26,gauche,Yverdon,Giez,5559,313,181,15,0,166,67,40.36%,99,59.64%,57.83%
salaire_min_legis,14.06.26,gauche,Yverdon,Grandevent,5560,157,103,1,0,99,51,51.52%,48,48.48%,65.61%
salaire_min_legis_cp,14.06.26,droite,Yverdon,Grandevent,5560,157,103,0,0,100,49,49.00%,51,51.00%,65.61%
salaire_min_legis_sub,14.06.26,gauche,Yverdon,Grandevent,5560,157,103,0,0,100,49,49.00%,51,51.00%,65.61%
salaire_min_legis,14.06.26,gauche,Yverdon,Grandson,5561,2194,1141,23,1,1043,507,48.61%,536,51.39%,52.01%
salaire_min_legis_cp,14.06.26,droite,Yverdon,Grandson,5561,2194,1141,24,1,1042,539,51.73%,503,48.27%,52.01%
salaire_min_legis_sub,14.06.26,gauche,Yverdon,Grandson,5561,2194,1141,53,1,1013,465,45.90%,548,54.10%,52.01%
salaire_min_legis,14.06.26,gauche,Yverdon,Juriens,5754,255,152,10,0,142,60,42.25%,82,57.75%,59.61%
salaire_min_legis_cp,14.06.26,droite,Yverdon,Juriens,5754,255,152,9,0,143,71,49.65%,72,50.35%,59.61%
salaire_min_legis_sub,14.06.26,gauche,Yverdon,Juriens,5754,255,152,13,0,139,58,41.73%,81,58.27%,59.61%
salaire_min_legis,14.06.26,gauche,La Vallée,L'Abbaye,5871,1082,622,13,4,592,266,44.93%,326,55.07%,57.49%
salaire_min_legis_cp,14.06.26,droite,La Vallée,L'Abbaye,5871,1082,622,33,4,572,307,53.67%,265,46.33%,57.49%
salaire_min_legis_sub,14.06.26,gauche,La Vallée,L'Abbaye,5871,1082,622,39,4,566,246,43.46%,320,56.54%,57.49%
salaire_min_legis,14.06.26,gauche,Yverdon,L'Abergement,5741,197,150,4,0,146,72,49.32%,74,50.68%,76.14%
salaire_min_legis_cp,14.06.26,droite,Yverdon,L'Abergement,5741,197,150,4,0,146,74,50.68%,72,49.32%,76.14%
salaire_min_legis_sub,14.06.26,gauche,Yverdon,L'Abergement,5741,197,150,11,0,139,68,48.92%,71,51.08%,76.14%
salaire_min_legis,14.06.26,gauche,Yverdon,La Praz,5758,143,91,1,1,84,45,53.57%,39,46.43%,63.64%
salaire_min_legis_cp,14.06.26,droite,Yverdon,La Praz,5758,143,91,5,1,80,40,50.00%,40,50.00%,63.64%
salaire_min_legis_sub,14.06.26,gauche,Yverdon,La Praz,5758,143,91,10,1,75,43,57.33%,32,42.67%,63.64%
salaire_min_legis,14.06.26,gauche,La Vallée,Le Chenit,5872,2805,1526,35,1,1384,682,49.28%,702,50.72%,54.40%
salaire_min_legis_cp,14.06.26,droite,La Vallée,Le Chenit,5872,2805,1526,45,1,1374,648,47.16%,726,52.84%,54.40%
salaire_min_legis_sub,14.06.26,gauche,La Vallée,Le Chenit,5872,2805,1526,67,1,1352,658,48.67%,694,51.33%,54.40%
salaire_min_legis,14.06.26,gauche,La Vallée,Le Lieu,5873,627,372,15,0,357,176,49.30%,181,50.70%,59.33%
salaire_min_legis_cp,14.06.26,droite,La Vallée,Le Lieu,5873,627,372,19,0,353,177,50.14%,176,49.86%,59.33%
salaire_min_legis_sub,14.06.26,gauche,La Vallée,Le Lieu,5873,627,372,19,0,353,162,45.89%,191,54.11%,59.33%
salaire_min_legis,14.06.26,gauche,Yverdon,Les Clées,5750,141,74,4,1,65,36,55.38%,29,44.62%,52.48%
salaire_min_legis_cp,14.06.26,droite,Yverdon,Les Clées,5750,141,74,3,1,66,36,54.55%,30,45.45%,52.48%
salaire_min_legis_sub,14.06.26,gauche,Yverdon,Les Clées,5750,141,74,4,1,65,33,50.77%,32,49.23%,52.48%
salaire_min_legis,14.06.26,gauche,Yverdon,Lignerolle,5755,274,167,0,4,159,60,37.74%,99,62.26%,60.95%
salaire_min_legis_cp,14.06.26,droite,Yverdon,Lignerolle,5755,274,167,2,4,157,98,62.42%,59,37.58%,60.95%
salaire_min_legis_sub,14.06.26,gauche,Yverdon,Lignerolle,5755,274,167,6,4,153,56,36.60%,97,63.40%,60.95%
salaire_min_legis,14.06.26,gauche,Yverdon,Mathod,5919,482,258,2,0,248,114,45.97%,134,54.03%,53.53%
salaire_min_legis_cp,14.06.26,droite,Yverdon,Mathod,5919,482,258,4,0,246,131,53.25%,115,46.75%,53.53%
salaire_min_legis_sub,14.06.26,gauche,Yverdon,Mathod,5919,482,258,13,0,237,105,44.30%,132,55.70%,53.53%
salaire_min_legis,14.06.26,gauche,Yverdon,Mauborget,5562,96,70,5,0,65,25,38.46%,40,61.54%,72.92%
salaire_min_legis_cp,14.06.26,droite,Yverdon,Mauborget,5562,96,70,6,0,64,43,67.19%,21,32.81%,72.92%
salaire_min_legis_sub,14.06.26,gauche,Yverdon,Mauborget,5562,96,70,7,0,63,19,30.16%,44,69.84%,72.92%
salaire_min_legis,14.06.26,gauche,Yverdon,Molondin,5921,194,93,4,0,89,27,30.34%,62,69.66%,47.94%
salaire_min_legis_cp,14.06.26,droite,Yverdon,Molondin,5921,194,93,1,0,92,63,68.48%,29,31.52%,47.94%
salaire_min_legis_sub,14.06.26,gauche,Yverdon,Molondin,5921,194,93,8,0,85,27,31.76%,58,68.24%,47.94%
salaire_min_legis,14.06.26,gauche,Yverdon,Montagny-près-Yverdon,5922,513,242,6,1,230,97,42.17%,133,57.83%,47.17%
salaire_min_legis_cp,14.06.26,droite,Yverdon,Montagny-près-Yverdon,5922,513,242,7,1,229,121,52.84%,108,47.16%,47.17%
salaire_min_legis_sub,14.06.26,gauche,Yverdon,Montagny-près-Yverdon,5922,513,242,18,1,218,98,44.95%,120,55.05%,47.17%
salaire_min_legis,14.06.26,gauche,Yverdon,Montcherand,5756,327,170,0,0,170,80,47.06%,90,52.94%,51.99%
salaire_min_legis_cp,14.06.26,droite,Yverdon,Montcherand,5756,327,170,1,0,169,87,51.48%,82,48.52%,51.99%
salaire_min_legis_sub,14.06.26,gauche,Yverdon,Montcherand,5756,327,170,11,0,159,76,47.80%,83,52.20%,51.99%
salaire_min_legis,14.06.26,gauche,Yverdon,Mutrux,5563,94,45,1,0,41,11,26.83%,30,73.17%,47.87%
salaire_min_legis_cp,14.06.26,droite,Yverdon,Mutrux,5563,94,45,0,0,42,26,61.90%,16,38.10%,47.87%
salaire_min_legis_sub,14.06.26,gauche,Yverdon,Mutrux,5563,94,45,3,0,39,11,28.21%,28,71.79%,47.87%
salaire_min_legis,14.06.26,gauche,Yverdon,Novalles,5564,76,53,4,0,49,25,51.02%,24,48.98%,69.74%
salaire_min_legis_cp,14.06.26,droite,Yverdon,Novalles,5564,76,53,0,0,53,35,66.04%,18,33.96%,69.74%
salaire_min_legis_sub,14.06.26,gauche,Yverdon,Novalles,5564,76,53,1,0,52,21,40.38%,31,59.62%,69.74%
salaire_min_legis,14.06.26,gauche,Yverdon,Onnens VD,5565,369,214,1,2,200,96,48.00%,104,52.00%,57.99%
salaire_min_legis_cp,14.06.26,droite,Yverdon,Onnens VD,5565,369,214,4,2,197,115,58.38%,82,41.62%,57.99%
salaire_min_legis_sub,14.06.26,gauche,Yverdon,Onnens VD,5565,369,214,7,2,194,89,45.88%,105,54.12%,57.99%
salaire_min_legis,14.06.26,gauche,Yverdon,Orbe,5757,4110,2022,41,6,1855,952,51.32%,903,48.68%,49.20%
salaire_min_legis_cp,14.06.26,droite,Yverdon,Orbe,5757,4110,2022,46,6,1850,881,47.62%,969,52.38%,49.20%
salaire_min_legis_sub,14.06.26,gauche,Yverdon,Orbe,5757,4110,2022,79,6,1817,886,48.76%,931,51.24%,49.20%
salaire_min_legis,14.06.26,gauche,Yverdon,Orges,5924,280,146,2,0,144,64,44.44%,80,55.56%,52.14%
salaire_min_legis_cp,14.06.26,droite,Yverdon,Orges,5924,280,146,5,0,141,74,52.48%,67,47.52%,52.14%
salaire_min_legis_sub,14.06.26,gauche,Yverdon,Orges,5924,280,146,8,0,138,57,41.30%,81,58.70%,52.14%
salaire_min_legis,14.06.26,gauche,Yverdon,Orzens,5925,155,109,0,0,107,52,48.60%,55,51.40%,70.32%
salaire_min_legis_cp,14.06.26,droite,Yverdon,Orzens,5925,155,109,3,0,104,49,47.12%,55,52.88%,70.32%
salaire_min_legis_sub,14.06.26,gauche,Yverdon,Orzens,5925,155,109,9,0,98,45,45.92%,53,54.08%,70.32%
salaire_min_legis,14.06.26,gauche,Yverdon,Pomy,5926,615,365,10,0,334,122,36.53%,212,63.47%,59.35%
salaire_min_legis_cp,14.06.26,droite,Yverdon,Pomy,5926,615,365,7,0,337,192,56.97%,145,43.03%,59.35%
salaire_min_legis_sub,14.06.26,gauche,Yverdon,Pomy,5926,615,365,17,0,327,118,36.09%,209,63.91%,59.35%
salaire_min_legis,14.06.26,gauche,Yverdon,Premier,5759,176,108,2,0,106,52,49.06%,54,50.94%,61.36%
salaire_min_legis_cp,14.06.26,droite,Yverdon,Premier,5759,176,108,7,0,101,52,51.49%,49,48.51%,61.36%
salaire_min_legis_sub,14.06.26,gauche,Yverdon,Premier,5759,176,108,5,0,103,49,47.57%,54,52.43%,61.36%
salaire_min_legis,14.06.26,gauche,Yverdon,Provence,5566,309,158,1,3,154,68,44.16%,86,55.84%,51.13%
salaire_min_legis_cp,14.06.26,droite,Yverdon,Provence,5566,309,158,8,3,147,91,61.90%,56,38.10%,51.13%
salaire_min_legis_sub,14.06.26,gauche,Yverdon,Provence,5566,309,158,15,3,140,58,41.43%,82,58.57%,51.13%
salaire_min_legis,14.06.26,gauche,Yverdon,Rances,5760,399,233,3,0,230,101,43.91%,129,56.09%,58.40%
salaire_min_legis_cp,14.06.26,droite,Yverdon,Rances,5760,399,233,5,0,228,122,53.51%,106,46.49%,58.40%
salaire_min_legis_sub,14.06.26,gauche,Yverdon,Rances,5760,399,233,6,0,227,91,40.09%,136,59.91%,58.40%
salaire_min_legis,14.06.26,gauche,Yverdon,Romainmôtier-Envy,5761,386,216,16,0,200,121,60.50%,79,39.50%,55.96%
salaire_min_legis_cp,14.06.26,droite,Yverdon,Romainmôtier-Envy,5761,386,216,14,0,202,101,50.00%,101,50.00%,55.96%
salaire_min_legis_sub,14.06.26,gauche,Yverdon,Romainmôtier-Envy,5761,386,216,13,0,203,84,41.38%,119,58.62%,55.96%
salaire_min_legis,14.06.26,gauche,Yverdon,Rovray,5928,128,99,1,0,98,30,30.61%,68,69.39%,77.34%
salaire_min_legis_cp,14.06.26,droite,Yverdon,Rovray,5928,128,99,3,0,96,65,67.71%,31,32.29%,77.34%
salaire_min_legis_sub,14.06.26,gauche,Yverdon,Rovray,5928,128,99,5,0,94,25,26.60%,69,73.40%,77.34%
salaire_min_legis,14.06.26,gauche,Yverdon,Sainte-Croix,5568,3806,1743,18,5,1586,761,47.98%,825,52.02%,45.80%
salaire_min_legis_cp,14.06.26,droite,Yverdon,Sainte-Croix,5568,3806,1743,40,5,1564,805,51.47%,759,48.53%,45.80%
salaire_min_legis_sub,14.06.26,gauche,Yverdon,Sainte-Croix,5568,3806,1743,76,5,1528,696,45.55%,832,54.45%,45.80%
salaire_min_legis,14.06.26,gauche,Yverdon,Sergey,5762,111,65,0,0,61,29,47.54%,32,52.46%,58.56%
salaire_min_legis_cp,14.06.26,droite,Yverdon,Sergey,5762,111,65,3,0,58,25,43.10%,33,56.90%,58.56%
salaire_min_legis_sub,14.06.26,gauche,Yverdon,Sergey,5762,111,65,1,0,60,28,46.67%,32,53.33%,58.56%
salaire_min_legis,14.06.26,gauche,Yverdon,Suchy,5929,421,241,1,0,227,80,35.24%,147,64.76%,57.24%
salaire_min_legis_cp,14.06.26,droite,Yverdon,Suchy,5929,421,241,4,0,224,139,62.05%,85,37.95%,57.24%
salaire_min_legis_sub,14.06.26,gauche,Yverdon,Suchy,5929,421,241,8,0,220,68,30.91%,152,69.09%,57.24%
salaire_min_legis,14.06.26,gauche,Yverdon,Suscévaz,5930,160,101,0,0,97,40,41.24%,57,58.76%,63.12%
salaire_min_legis_cp,14.06.26,droite,Yverdon,Suscévaz,5930,160,101,3,0,94,53,56.38%,41,43.62%,63.12%
salaire_min_legis_sub,14.06.26,gauche,Yverdon,Suscévaz,5930,160,101,2,0,95,56,58.95%,39,41.05%,63.12%
salaire_min_legis,14.06.26,gauche,Yverdon,Treycovagnes,5931,334,169,6,0,163,70,42.94%,93,57.06%,50.60%
salaire_min_legis_cp,14.06.26,droite,Yverdon,Treycovagnes,5931,334,169,8,0,161,80,49.69%,81,50.31%,50.60%
salaire_min_legis_sub,14.06.26,gauche,Yverdon,Treycovagnes,5931,334,169,8,0,161,67,41.61%,94,58.39%,50.60%
salaire_min_legis,14.06.26,gauche,Yverdon,Tévenon,5571,583,353,2,0,322,156,48.45%,166,51.55%,60.55%
salaire_min_legis_cp,14.06.26,droite,Yverdon,Tévenon,5571,583,353,4,0,320,155,48.44%,165,51.56%,60.55%
salaire_min_legis_sub,14.06.26,gauche,Yverdon,Tévenon,5571,583,353,12,0,312,150,48.08%,162,51.92%,60.55%
salaire_min_legis,14.06.26,gauche,Yverdon,Ursins,5932,154,93,3,0,90,21,23.33%,69,76.67%,60.39%
salaire_min_legis_cp,14.06.26,droite,Yverdon,Ursins,5932,154,93,4,0,89,54,60.67%,35,39.33%,60.39%
salaire_min_legis_sub,14.06.26,gauche,Yverdon,Ursins,5932,154,93,4,0,89,20,22.47%,69,77.53%,60.39%
salaire_min_legis,14.06.26,gauche,Yverdon,Valeyres-sous-Montagny,5933,561,256,6,0,240,110,45.83%,130,54.17%,45.63%
salaire_min_legis_cp,14.06.26,droite,Yverdon,Valeyres-sous-Montagny,5933,561,256,8,0,238,113,47.48%,125,52.52%,45.63%
salaire_min_legis_sub,14.06.26,gauche,Yverdon,Valeyres-sous-Montagny,5933,561,256,9,0,237,106,44.73%,131,55.27%,45.63%
salaire_min_legis,14.06.26,gauche,Yverdon,Valeyres-sous-Rances,5763,394,243,2,1,232,89,38.36%,143,61.64%,61.68%
salaire_min_legis_cp,14.06.26,droite,Yverdon,Valeyres-sous-Rances,5763,394,243,5,1,229,138,60.26%,91,39.74%,61.68%
salaire_min_legis_sub,14.06.26,gauche,Yverdon,Valeyres-sous-Rances,5763,394,243,11,1,223,82,36.77%,141,63.23%,61.68%
salaire_min_legis,14.06.26,gauche,Yverdon,Valeyres-sous-Ursins,5934,184,137,5,0,132,71,53.79%,61,46.21%,74.46%
salaire_min_legis_cp,14.06.26,droite,Yverdon,Valeyres-sous-Ursins,5934,184,137,8,0,129,75,58.14%,54,41.86%,74.46%
salaire_min_legis_sub,14.06.26,gauche,Yverdon,Valeyres-sous-Ursins,5934,184,137,5,0,132,61,46.21%,71,53.79%,74.46%
salaire_min_legis,14.06.26,gauche,Yverdon,Vallorbe,5764,2259,1017,10,0,934,420,44.97%,514,55.03%,45.02%
salaire_min_legis_cp,14.06.26,droite,Yverdon,Vallorbe,5764,2259,1017,17,0,927,472,50.92%,455,49.08%,45.02%
salaire_min_legis_sub,14.06.26,gauche,Yverdon,Vallorbe,5764,2259,1017,35,0,909,394,43.34%,515,56.66%,45.02%
salaire_min_legis,14.06.26,gauche,Yverdon,Vaulion,5765,342,188,0,0,183,81,44.26%,102,55.74%,54.97%
salaire_min_legis_cp,14.06.26,droite,Yverdon,Vaulion,5765,342,188,5,0,178,95,53.37%,83,46.63%,54.97%
salaire_min_legis_sub,14.06.26,gauche,Yverdon,Vaulion,5765,342,188,6,0,177,76,42.94%,101,57.06%,54.97%
salaire_min_legis,14.06.26,gauche,Yverdon,Villars-Epeney,5935,68,40,0,1,39,11,28.21%,28,71.79%,58.82%
salaire_min_legis_cp,14.06.26,droite,Yverdon,Villars-Epeney,5935,68,40,1,1,38,27,71.05%,11,28.95%,58.82%
salaire_min_legis_sub,14.06.26,gauche,Yverdon,Villars-Epeney,5935,68,40,1,1,38,11,28.95%,27,71.05%,58.82%
salaire_min_legis,14.06.26,gauche,Yverdon,Vugelles-La Mothe,5937,96,52,0,0,48,17,35.42%,31,64.58%,54.17%
salaire_min_legis_cp,14.06.26,droite,Yverdon,Vugelles-La Mothe,5937,96,52,1,0,47,27,57.45%,20,42.55%,54.17%
salaire_min_legis_sub,14.06.26,gauche,Yverdon,Vugelles-La Mothe,5937,96,52,4,0,44,15,34.09%,29,65.91%,54.17%
salaire_min_legis,14.06.26,gauche,Yverdon,Vuiteboeuf,5766,398,204,4,0,195,95,48.72%,100,51.28%,51.26%
salaire_min_legis_cp,14.06.26,droite,Yverdon,Vuiteboeuf,5766,398,204,7,0,192,98,51.04%,94,48.96%,51.26%
salaire_min_legis_sub,14.06.26,gauche,Yverdon,Vuiteboeuf,5766,398,204,6,0,193,93,48.19%,100,51.81%,51.26%
salaire_min_legis,14.06.26,gauche,Yverdon,Yverdon-les-Bains,5938,14998,7155,104,7,6664,3839,57.61%,2825,42.39%,47.71%
salaire_min_legis_cp,14.06.26,droite,Yverdon,Yverdon-les-Bains,5938,14998,7155,154,7,6614,2922,44.18%,3692,55.82%,47.71%
salaire_min_legis_sub,14.06.26,gauche,Yverdon,Yverdon-les-Bains,5938,14998,7155,226,7,6542,3643,55.69%,2899,44.31%,47.71%
salaire_min_legis,14.06.26,gauche,Yverdon,Yvonand,5939,2356,1225,6,3,1177,598,50.81%,579,49.19%,51.99%
salaire_min_legis_cp,14.06.26,droite,Yverdon,Yvonand,5939,2356,1225,22,3,1161,592,50.99%,569,49.01%,51.99%
salaire_min_legis_sub,14.06.26,gauche,Yverdon,Yvonand,5939,2356,1225,46,3,1137,548,48.20%,589,51.80%,51.99%
salaire_min_legis,14.06.26,gauche,Romanel,Cheseaux-sur-Lausanne,5582,2942,1615,33,3,1462,747,51.09%,715,48.91%,54.89%
salaire_min_legis_cp,14.06.26,droite,Romanel,Cheseaux-sur-Lausanne,5582,2942,1615,42,3,1453,712,49.00%,741,51.00%,54.89%
salaire_min_legis_sub,14.06.26,gauche,Romanel,Cheseaux-sur-Lausanne,5582,2942,1615,63,3,1432,684,47.77%,748,52.23%,54.89%
salaire_min_legis,14.06.26,gauche,Romanel,Epalinges,5584,5523,3406,40,7,3192,1572,49.25%,1620,50.75%,61.67%
salaire_min_legis_cp,14.06.26,droite,Romanel,Epalinges,5584,5523,3406,83,7,3149,1554,49.35%,1595,50.65%,61.67%
salaire_min_legis_sub,14.06.26,gauche,Romanel,Epalinges,5584,5523,3406,103,7,3129,1447,46.24%,1682,53.76%,61.67%
salaire_min_legis,14.06.26,gauche,Romanel,Jouxtens-Mézery,5585,955,685,4,2,645,244,37.83%,401,62.17%,71.73%
salaire_min_legis_cp,14.06.26,droite,Romanel,Jouxtens-Mézery,5585,955,685,10,2,639,357,55.87%,282,44.13%,71.73%
salaire_min_legis_sub,14.06.26,gauche,Romanel,Jouxtens-Mézery,5585,955,685,25,2,624,232,37.18%,392,62.82%,71.73%
salaire_min_legis,14.06.26,gauche,Lausanne-Ville,Lausanne,5586,67952,35674,437,23,33746,22443,66.51%,11303,33.49%,52.50%
salaire_min_legis_cp,14.06.26,droite,Lausanne-Ville,Lausanne,5586,67952,35674,687,23,33496,12210,36.45%,21286,63.55%,52.50%
salaire_min_legis_sub,14.06.26,gauche,Lausanne-Ville,Lausanne,5586,67952,35674,962,23,33221,21379,64.35%,11842,35.65%,52.50%
salaire_min_legis,14.06.26,gauche,Romanel,Le Mont-sur-Lausanne,5587,5381,2986,55,3,2775,1283,46.23%,1492,53.77%,55.49%
salaire_min_legis_cp,14.06.26,droite,Romanel,Le Mont-sur-Lausanne,5587,5381,2986,59,3,2771,1481,53.45%,1290,46.55%,55.49%
salaire_min_legis_sub,14.06.26,gauche,Romanel,Le Mont-sur-Lausanne,5587,5381,2986,107,3,2723,1198,44.00%,1525,56.00%,55.49%
salaire_min_legis,14.06.26,gauche,Romanel,Romanel-sur-Lausanne,5592,2442,1312,19,2,1210,640,52.89%,570,47.11%,53.73%
salaire_min_legis_cp,14.06.26,droite,Romanel,Romanel-sur-Lausanne,5592,2442,1312,29,2,1200,578,48.17%,622,51.83%,53.73%
salaire_min_legis_sub,14.06.26,gauche,Romanel,Romanel-sur-Lausanne,5592,2442,1312,36,2,1193,615,51.55%,578,48.45%,53.73%
salaire_min_legis,14.06.26,gauche,Lavaux - Oron,Belmont-sur-Lausanne,5581,2352,1452,22,0,1354,585,43.21%,769,56.79%,61.73%
salaire_min_legis_cp,14.06.26,droite,Lavaux - Oron,Belmont-sur-Lausanne,5581,2352,1452,35,0,1341,688,51.30%,653,48.70%,61.73%
salaire_min_legis_sub,14.06.26,gauche,Lavaux - Oron,Belmont-sur-Lausanne,5581,2352,1452,47,0,1329,555,41.76%,774,58.24%,61.73%
salaire_min_legis,14.06.26,gauche,Lavaux - Oron,Bourg-en-Lavaux,5613,3615,2355,34,1,2204,975,44.24%,1229,55.76%,65.15%
salaire_min_legis_cp,14.06.26,droite,Lavaux - Oron,Bourg-en-Lavaux,5613,3615,2355,44,1,2194,1097,50.00%,1097,50.00%,65.15%
salaire_min_legis_sub,14.06.26,gauche,Lavaux - Oron,Bourg-en-Lavaux,5613,3615,2355,85,1,2153,915,42.50%,1238,57.50%,65.15%
salaire_min_legis,14.06.26,gauche,Lavaux - Oron,Chexbres,5601,1430,779,0,0,754,344,45.62%,410,54.38%,54.48%
salaire_min_legis_cp,14.06.26,droite,Lavaux - Oron,Chexbres,5601,1430,779,6,0,748,388,51.87%,360,48.13%,54.48%
salaire_min_legis_sub,14.06.26,gauche,Lavaux - Oron,Chexbres,5601,1430,779,10,0,744,332,44.62%,412,55.38%,54.48%
salaire_min_legis,14.06.26,gauche,Lavaux - Oron,Forel (Lavaux),5604,1337,813,13,2,750,308,41.07%,442,58.93%,60.81%
salaire_min_legis_cp,14.06.26,droite,Lavaux - Oron,Forel (Lavaux),5604,1337,813,9,2,754,425,56.37%,329,43.63%,60.81%
salaire_min_legis_sub,14.06.26,gauche,Lavaux - Oron,Forel (Lavaux),5604,1337,813,33,2,730,283,38.77%,447,61.23%,60.81%
salaire_min_legis,14.06.26,gauche,Lavaux - Oron,Jorat-Mézières,5806,2146,1260,23,0,1169,534,45.68%,635,54.32%,58.71%
salaire_min_legis_cp,14.06.26,droite,Lavaux - Oron,Jorat-Mézières,5806,2146,1260,35,0,1157,582,50.30%,575,49.70%,58.71%
salaire_min_legis_sub,14.06.26,gauche,Lavaux - Oron,Jorat-Mézières,5806,2146,1260,48,0,1144,516,45.10%,628,54.90%,58.71%
salaire_min_legis,14.06.26,gauche,Lavaux - Oron,Lutry,5606,6481,3903,60,2,3675,1394,37.93%,2281,62.07%,60.22%
salaire_min_legis_cp,14.06.26,droite,Lavaux - Oron,Lutry,5606,6481,3903,60,2,3675,2143,58.31%,1532,41.69%,60.22%
salaire_min_legis_sub,14.06.26,gauche,Lavaux - Oron,Lutry,5606,6481,3903,116,2,3619,1297,35.84%,2322,64.16%,60.22%
salaire_min_legis,14.06.26,gauche,Lavaux - Oron,Maracon,5790,390,239,4,0,228,110,48.25%,118,51.75%,61.28%
salaire_min_legis_cp,14.06.26,droite,Lavaux - Oron,Maracon,5790,390,239,8,0,224,110,49.11%,114,50.89%,61.28%
salaire_min_legis_sub,14.06.26,gauche,Lavaux - Oron,Maracon,5790,390,239,8,0,224,101,45.09%,123,54.91%,61.28%
salaire_min_legis,14.06.26,gauche,Lavaux - Oron,Montpreveyres,5792,418,243,1,0,237,124,52.32%,113,47.68%,58.13%
salaire_min_legis_cp,14.06.26,droite,Lavaux - Oron,Montpreveyres,5792,418,243,1,0,237,126,53.16%,111,46.84%,58.13%
salaire_min_legis_sub,14.06.26,gauche,Lavaux - Oron,Montpreveyres,5792,418,243,6,0,232,112,48.28%,120,51.72%,58.13%
salaire_min_legis,14.06.26,gauche,Lavaux - Oron,Oron,5805,3844,2170,32,1,2013,1024,50.87%,989,49.13%,56.45%
salaire_min_legis_cp,14.06.26,droite,Lavaux - Oron,Oron,5805,3844,2170,46,1,1999,973,48.67%,1026,51.33%,56.45%
salaire_min_legis_sub,14.06.26,gauche,Lavaux - Oron,Oron,5805,3844,2170,104,1,1941,962,49.56%,979,50.44%,56.45%
salaire_min_legis,14.06.26,gauche,Lavaux - Oron,Paudex,5588,820,483,8,17,454,206,45.37%,248,54.63%,58.90%
salaire_min_legis_cp,14.06.26,droite,Lavaux - Oron,Paudex,5588,820,483,22,17,440,222,50.45%,218,49.55%,58.90%
salaire_min_legis_sub,14.06.26,gauche,Lavaux - Oron,Paudex,5588,820,483,33,17,429,185,43.12%,244,56.88%,58.90%
salaire_min_legis,14.06.26,gauche,Lavaux - Oron,Puidoux,5607,1660,965,11,4,892,391,43.83%,501,56.17%,58.13%
salaire_min_legis_cp,14.06.26,droite,Lavaux - Oron,Puidoux,5607,1660,965,20,4,883,459,51.98%,424,48.02%,58.13%
salaire_min_legis_sub,14.06.26,gauche,Lavaux - Oron,Puidoux,5607,1660,965,34,4,869,373,42.92%,496,57.08%,58.13%
salaire_min_legis,14.06.26,gauche,Lavaux - Oron,Pully,5590,10902,6834,120,7,6393,2889,45.19%,3504,54.81%,62.69%
salaire_min_legis_cp,14.06.26,droite,Lavaux - Oron,Pully,5590,10902,6834,118,7,6395,3276,51.23%,3119,48.77%,62.69%
salaire_min_legis_sub,14.06.26,gauche,Lavaux - Oron,Pully,5590,10902,6834,185,7,6328,2763,43.66%,3565,56.34%,62.69%
salaire_min_legis,14.06.26,gauche,Lavaux - Oron,Rivaz,5609,240,162,3,0,155,70,45.16%,85,54.84%,67.50%
salaire_min_legis_cp,14.06.26,droite,Lavaux - Oron,Rivaz,5609,240,162,4,0,154,78,50.65%,76,49.35%,67.50%
salaire_min_legis_sub,14.06.26,gauche,Lavaux - Oron,Rivaz,5609,240,162,4,0,154,69,44.81%,85,55.19%,67.50%
salaire_min_legis,14.06.26,gauche,Lavaux - Oron,Saint-Saphorin (Lavaux),5610,276,187,1,3,183,100,54.64%,83,45.36%,67.75%
salaire_min_legis_cp,14.06.26,droite,Lavaux - Oron,Saint-Saphorin (Lavaux),5610,276,187,3,3,181,94,51.93%,87,48.07%,67.75%
salaire_min_legis_sub,14.06.26,gauche,Lavaux - Oron,Saint-Saphorin (Lavaux),5610,276,187,3,3,181,94,51.93%,87,48.07%,67.75%
salaire_min_legis,14.06.26,gauche,Lavaux - Oron,Savigny,5611,2212,1365,19,4,1279,584,45.66%,695,54.34%,61.71%
salaire_min_legis_cp,14.06.26,droite,Lavaux - Oron,Savigny,5611,2212,1365,34,4,1264,664,52.53%,600,47.47%,61.71%
salaire_min_legis_sub,14.06.26,gauche,Lavaux - Oron,Savigny,5611,2212,1365,41,4,1257,551,43.83%,706,56.17%,61.71%
salaire_min_legis,14.06.26,gauche,Lavaux - Oron,Servion,5799,1433,833,14,1,771,363,47.08%,408,52.92%,58.13%
salaire_min_legis_cp,14.06.26,droite,Lavaux - Oron,Servion,5799,1433,833,14,1,771,386,50.06%,385,49.94%,58.13%
salaire_min_legis_sub,14.06.26,gauche,Lavaux - Oron,Servion,5799,1433,833,28,1,757,346,45.71%,411,54.29%,58.13%
salaire_min_legis,14.06.26,gauche,Morges,Aclens,5621,361,199,3,2,190,73,38.42%,117,61.58%,55.12%
salaire_min_legis_cp,14.06.26,droite,Morges,Aclens,5621,361,199,5,2,188,104,55.32%,84,44.68%,55.12%
salaire_min_legis_sub,14.06.26,gauche,Morges,Aclens,5621,361,199,7,2,186,66,35.48%,120,64.52%,55.12%
salaire_min_legis,14.06.26,gauche,Morges,Allaman,5851,239,140,2,0,135,56,41.48%,79,58.52%,58.58%
salaire_min_legis_cp,14.06.26,droite,Morges,Allaman,5851,239,140,5,0,132,65,49.24%,67,50.76%,58.58%
salaire_min_legis_sub,14.06.26,gauche,Morges,Allaman,5851,239,140,1,0,136,56,41.18%,80,58.82%,58.58%
salaire_min_legis,14.06.26,gauche,Morges,Aubonne,5422,2648,1441,23,0,1304,559,42.87%,745,57.13%,54.42%
salaire_min_legis_cp,14.06.26,droite,Morges,Aubonne,5422,2648,1441,35,0,1292,710,54.95%,582,45.05%,54.42%
salaire_min_legis_sub,14.06.26,gauche,Morges,Aubonne,5422,2648,1441,66,0,1261,499,39.57%,762,60.43%,54.42%
salaire_min_legis,14.06.26,gauche,Morges,Ballens,5423,386,227,10,1,216,138,63.89%,78,36.11%,58.81%
salaire_min_legis_cp,14.06.26,droite,Morges,Ballens,5423,386,227,12,1,214,67,31.31%,147,68.69%,58.81%
salaire_min_legis_sub,14.06.26,gauche,Morges,Ballens,5423,386,227,17,1,209,70,33.49%,139,66.51%,58.81%
salaire_min_legis,14.06.26,gauche,Morges,Berolle,5424,201,124,3,1,116,55,47.41%,61,52.59%,61.69%
salaire_min_legis_cp,14.06.26,droite,Morges,Berolle,5424,201,124,1,1,118,61,51.69%,57,48.31%,61.69%
salaire_min_legis_sub,14.06.26,gauche,Morges,Berolle,5424,201,124,2,1,117,49,41.88%,68,58.12%,61.69%
salaire_min_legis,14.06.26,gauche,Morges,Bière,5425,900,448,3,0,428,180,42.06%,248,57.94%,49.78%
salaire_min_legis_cp,14.06.26,droite,Morges,Bière,5425,900,448,9,0,422,230,54.50%,192,45.50%,49.78%
salaire_min_legis_sub,14.06.26,gauche,Morges,Bière,5425,900,448,21,0,410,127,30.98%,283,69.02%,49.78%
salaire_min_legis,14.06.26,gauche,Morges,Bougy-Villars,5426,297,201,0,10,183,67,36.61%,116,63.39%,67.68%
salaire_min_legis_cp,14.06.26,droite,Morges,Bougy-Villars,5426,297,201,3,10,180,99,55.00%,81,45.00%,67.68%
salaire_min_legis_sub,14.06.26,gauche,Morges,Bougy-Villars,5426,297,201,3,10,180,62,34.44%,118,65.56%,67.68%
salaire_min_legis,14.06.26,gauche,Morges,Bremblens,5622,401,247,2,1,238,89,37.39%,149,62.61%,61.60%
salaire_min_legis_cp,14.06.26,droite,Morges,Bremblens,5622,401,247,3,1,237,134,56.54%,103,43.46%,61.60%
salaire_min_legis_sub,14.06.26,gauche,Morges,Bremblens,5622,401,247,10,1,230,76,33.04%,154,66.96%,61.60%
salaire_min_legis,14.06.26,gauche,Morges,Buchillon,5623,430,277,2,0,268,94,35.07%,174,64.93%,64.42%
salaire_min_legis_cp,14.06.26,droite,Morges,Buchillon,5623,430,277,7,0,263,129,49.05%,134,50.95%,64.42%
salaire_min_legis_sub,14.06.26,gauche,Morges,Buchillon,5623,430,277,7,0,263,82,31.18%,181,68.82%,64.42%
salaire_min_legis,14.06.26,gauche,Morges,Chavannes-le-Veyron,5475,108,80,0,2,76,32,42.11%,44,57.89%,74.07%
salaire_min_legis_cp,14.06.26,droite,Morges,Chavannes-le-Veyron,5475,108,80,2,2,74,43,58.11%,31,41.89%,74.07%
salaire_min_legis_sub,14.06.26,gauche,Morges,Chavannes-le-Veyron,5475,108,80,1,2,75,31,41.33%,44,58.67%,74.07%
salaire_min_legis,14.06.26,gauche,Morges,Chevilly,5476,227,135,2,0,133,48,36.09%,85,63.91%,59.47%
salaire_min_legis_cp,14.06.26,droite,Morges,Chevilly,5476,227,135,2,0,133,83,62.41%,50,37.59%,59.47%
salaire_min_legis_sub,14.06.26,gauche,Morges,Chevilly,5476,227,135,7,0,128,44,34.38%,84,65.62%,59.47%
salaire_min_legis,14.06.26,gauche,Morges,Chigny,5628,243,148,2,0,146,60,41.10%,86,58.90%,60.91%
salaire_min_legis_cp,14.06.26,droite,Morges,Chigny,5628,243,148,3,0,145,81,55.86%,64,44.14%,60.91%
salaire_min_legis_sub,14.06.26,gauche,Morges,Chigny,5628,243,148,4,0,144,55,38.19%,89,61.81%,60.91%
salaire_min_legis,14.06.26,gauche,Morges,Clarmont,5629,148,85,5,0,80,23,28.75%,57,71.25%,57.43%
salaire_min_legis_cp,14.06.26,droite,Morges,Clarmont,5629,148,85,4,0,81,53,65.43%,28,34.57%,57.43%
salaire_min_legis_sub,14.06.26,gauche,Morges,Clarmont,5629,148,85,4,0,81,20,24.69%,61,75.31%,57.43%
salaire_min_legis,14.06.26,gauche,Morges,Cossonay,5477,2963,1659,28,0,1555,761,48.94%,794,51.06%,55.99%
salaire_min_legis_cp,14.06.26,droite,Morges,Cossonay,5477,2963,1659,42,0,1541,749,48.60%,792,51.40%,55.99%
salaire_min_legis_sub,14.06.26,gauche,Morges,Cossonay,5477,2963,1659,56,0,1527,716,46.89%,811,53.11%,55.99%
salaire_min_legis,14.06.26,gauche,Morges,Cuarnens,5479,366,211,1,4,203,78,38.42%,125,61.58%,57.65%
salaire_min_legis_cp,14.06.26,droite,Morges,Cuarnens,5479,366,211,1,4,203,106,52.22%,97,47.78%,57.65%
salaire_min_legis_sub,14.06.26,gauche,Morges,Cuarnens,5479,366,211,6,4,198,77,38.89%,121,61.11%,57.65%
salaire_min_legis,14.06.26,gauche,Morges,Denens,5631,489,321,1,0,305,110,36.07%,195,63.93%,65.64%
salaire_min_legis_cp,14.06.26,droite,Morges,Denens,5631,489,321,3,0,303,182,60.07%,121,39.93%,65.64%
salaire_min_legis_sub,14.06.26,gauche,Morges,Denens,5631,489,321,6,0,300,106,35.33%,194,64.67%,65.64%
salaire_min_legis,14.06.26,gauche,Morges,Denges,5632,1001,575,4,3,563,282,50.09%,281,49.91%,57.44%
salaire_min_legis_cp,14.06.26,droite,Morges,Denges,5632,1001,575,11,3,556,274,49.28%,282,50.72%,57.44%
salaire_min_legis_sub,14.06.26,gauche,Morges,Denges,5632,1001,575,16,3,551,261,47.37%,290,52.63%,57.44%
salaire_min_legis,14.06.26,gauche,Morges,Dizy,5481,161,94,2,0,92,48,52.17%,44,47.83%,58.39%
salaire_min_legis_cp,14.06.26,droite,Morges,Dizy,5481,161,94,4,0,90,50,55.56%,40,44.44%,58.39%
salaire_min_legis_sub,14.06.26,gauche,Morges,Dizy,5481,161,94,4,0,90,44,48.89%,46,51.11%,58.39%
salaire_min_legis,14.06.26,gauche,Morges,Echandens,5633,1813,981,8,5,947,407,42.98%,540,57.02%,54.11%
salaire_min_legis_cp,14.06.26,droite,Morges,Echandens,5633,1813,981,20,5,935,511,54.65%,424,45.35%,54.11%
salaire_min_legis_sub,14.06.26,gauche,Morges,Echandens,5633,1813,981,35,5,920,361,39.24%,559,60.76%,54.11%
salaire_min_legis,14.06.26,gauche,Morges,Echichens,5634,2058,1252,22,3,1169,462,39.52%,707,60.48%,60.84%
salaire_min_legis_cp,14.06.26,droite,Morges,Echichens,5634,2058,1252,29,3,1162,687,59.12%,475,40.88%,60.84%
salaire_min_legis_sub,14.06.26,gauche,Morges,Echichens,5634,2058,1252,39,3,1152,431,37.41%,721,62.59%,60.84%
salaire_min_legis,14.06.26,gauche,Morges,Eclépens,5482,712,415,3,0,398,178,44.72%,220,55.28%,58.29%
salaire_min_legis_cp,14.06.26,droite,Morges,Eclépens,5482,712,415,11,0,390,201,51.54%,189,48.46%,58.29%
salaire_min_legis_sub,14.06.26,gauche,Morges,Eclépens,5482,712,415,18,0,383,162,42.30%,221,57.70%,58.29%
salaire_min_legis,14.06.26,gauche,Morges,Etoy,5636,1694,990,18,0,913,405,44.36%,508,55.64%,58.44%
salaire_min_legis_cp,14.06.26,droite,Morges,Etoy,5636,1694,990,21,0,910,489,53.74%,421,46.26%,58.44%
salaire_min_legis_sub,14.06.26,gauche,Morges,Etoy,5636,1694,990,47,0,884,380,42.99%,504,57.01%,58.44%
salaire_min_legis,14.06.26,gauche,Morges,Ferreyres,5483,224,128,4,0,119,60,50.42%,59,49.58%,57.14%
salaire_min_legis_cp,14.06.26,droite,Morges,Ferreyres,5483,224,128,6,0,117,63,53.85%,54,46.15%,57.14%
salaire_min_legis_sub,14.06.26,gauche,Morges,Ferreyres,5483,224,128,0,0,123,57,46.34%,66,53.66%,57.14%
salaire_min_legis,14.06.26,gauche,Morges,Féchy,5427,518,326,1,0,320,106,33.12%,214,66.88%,62.93%
salaire_min_legis_cp,14.06.26,droite,Morges,Féchy,5427,518,326,6,0,315,191,60.63%,124,39.37%,62.93%
salaire_min_legis_sub,14.06.26,gauche,Morges,Féchy,5427,518,326,11,0,310,96,30.97%,214,69.03%,62.93%
salaire_min_legis,14.06.26,gauche,Morges,Gimel,5428,1369,673,6,2,631,289,45.80%,342,54.20%,49.16%
salaire_min_legis_cp,14.06.26,droite,Morges,Gimel,5428,1369,673,21,2,616,346,56.17%,270,43.83%,49.16%
salaire_min_legis_sub,14.06.26,gauche,Morges,Gimel,5428,1369,673,36,2,601,255,42.43%,346,57.57%,49.16%
salaire_min_legis,14.06.26,gauche,Morges,Gollion,5484,695,415,4,0,392,184,46.94%,208,53.06%,59.71%
salaire_min_legis_cp,14.06.26,droite,Morges,Gollion,5484,695,415,11,0,385,196,50.91%,189,49.09%,59.71%
salaire_min_legis_sub,14.06.26,gauche,Morges,Gollion,5484,695,415,14,0,382,174,45.55%,208,54.45%,59.71%
salaire_min_legis,14.06.26,gauche,Morges,Grancy,5485,333,185,3,0,182,62,34.07%,120,65.93%,55.56%
salaire_min_legis_cp,14.06.26,droite,Morges,Grancy,5485,333,185,6,0,179,109,60.89%,70,39.11%,55.56%
salaire_min_legis_sub,14.06.26,gauche,Morges,Grancy,5485,333,185,9,0,176,61,34.66%,115,65.34%,55.56%
salaire_min_legis,14.06.26,gauche,Morges,Hautemorges,5656,2860,1668,17,0,1561,668,42.79%,893,57.21%,58.32%
salaire_min_legis_cp,14.06.26,droite,Morges,Hautemorges,5656,2860,1668,43,0,1535,822,53.55%,713,46.45%,58.32%
salaire_min_legis_sub,14.06.26,gauche,Morges,Hautemorges,5656,2860,1668,63,0,1515,630,41.58%,885,58.42%,58.32%
salaire_min_legis,14.06.26,gauche,Morges,L'Isle,5486,762,429,11,0,390,163,41.79%,227,58.21%,56.30%
salaire_min_legis_cp,14.06.26,droite,Morges,L'Isle,5486,762,429,7,0,394,206,52.28%,188,47.72%,56.30%
salaire_min_legis_sub,14.06.26,gauche,Morges,L'Isle,5486,762,429,12,0,389,167,42.93%,222,57.07%,56.30%
salaire_min_legis,14.06.26,gauche,Morges,La Chaux (Cossonay),5474,309,158,3,0,152,62,40.79%,90,59.21%,51.13%
salaire_min_legis_cp,14.06.26,droite,Morges,La Chaux (Cossonay),5474,309,158,2,0,153,85,55.56%,68,44.44%,51.13%
salaire_min_legis_sub,14.06.26,gauche,Morges,La Chaux (Cossonay),5474,309,158,5,0,150,62,41.33%,88,58.67%,51.13%
salaire_min_legis,14.06.26,gauche,Morges,La Sarraz,5498,1480,737,6,0,715,375,52.45%,340,47.55%,49.80%
salaire_min_legis_cp,14.06.26,droite,Morges,La Sarraz,5498,1480,737,19,0,702,356,50.71%,346,49.29%,49.80%
salaire_min_legis_sub,14.06.26,gauche,Morges,La Sarraz,5498,1480,737,32,0,689,342,49.64%,347,50.36%,49.80%
salaire_min_legis,14.06.26,gauche,Morges,Lavigny,5637,605,353,1,0,342,112,32.75%,230,67.25%,58.35%
salaire_min_legis_cp,14.06.26,droite,Morges,Lavigny,5637,605,353,5,0,338,212,62.72%,126,37.28%,58.35%
salaire_min_legis_sub,14.06.26,gauche,Morges,Lavigny,5637,605,353,11,0,332,107,32.23%,225,67.77%,58.35%
salaire_min_legis,14.06.26,gauche,Morges,Lonay,5638,1758,1008,11,4,931,414,44.47%,517,55.53%,57.34%
salaire_min_legis_cp,14.06.26,droite,Morges,Lonay,5638,1758,1008,24,4,918,460,50.11%,458,49.89%,57.34%
salaire_min_legis_sub,14.06.26,gauche,Morges,Lonay,5638,1758,1008,39,4,903,388,42.97%,515,57.03%,57.34%
salaire_min_legis,14.06.26,gauche,Morges,Lully VD,5639,538,355,5,0,333,125,37.54%,208,62.46%,65.99%
salaire_min_legis_cp,14.06.26,droite,Morges,Lully VD,5639,538,355,12,0,326,190,58.28%,136,41.72%,65.99%
salaire_min_legis_sub,14.06.26,gauche,Morges,Lully VD,5639,538,355,13,0,325,119,36.62%,206,63.38%,65.99%
salaire_min_legis,14.06.26,gauche,Morges,Lussy-sur-Morges,5640,466,294,1,1,288,122,42.36%,166,57.64%,63.09%
salaire_min_legis_cp,14.06.26,droite,Morges,Lussy-sur-Morges,5640,466,294,3,1,286,171,59.79%,115,40.21%,63.09%
salaire_min_legis_sub,14.06.26,gauche,Morges,Lussy-sur-Morges,5640,466,294,7,1,282,106,37.59%,176,62.41%,63.09%
salaire_min_legis,14.06.26,gauche,Morges,Mauraz,5488,44,34,0,0,34,17,50.00%,17,50.00%,77.27%
salaire_min_legis_cp,14.06.26,droite,Morges,Mauraz,5488,44,34,0,0,34,18,52.94%,16,47.06%,77.27%
salaire_min_legis_sub,14.06.26,gauche,Morges,Mauraz,5488,44,34,0,0,34,16,47.06%,18,52.94%,77.27%
salaire_min_legis,14.06.26,gauche,Morges,Moiry VD,5490,212,134,1,1,130,78,60.00%,52,40.00%,63.21%
salaire_min_legis_cp,14.06.26,droite,Morges,Moiry VD,5490,212,134,5,1,126,48,38.10%,78,61.90%,63.21%
salaire_min_legis_sub,14.06.26,gauche,Morges,Moiry VD,5490,212,134,4,1,127,74,58.27%,53,41.73%,63.21%
salaire_min_legis,14.06.26,gauche,Morges,Mollens VD,5431,218,133,8,0,125,58,46.40%,67,53.60%,61.01%
salaire_min_legis_cp,14.06.26,droite,Morges,Mollens VD,5431,218,133,13,0,120,55,45.83%,65,54.17%,61.01%
salaire_min_legis_sub,14.06.26,gauche,Morges,Mollens VD,5431,218,133,17,0,116,52,44.83%,64,55.17%,61.01%
salaire_min_legis,14.06.26,gauche,Morges,Mont-la-Ville,5491,337,165,2,0,163,71,43.56%,92,56.44%,48.96%
salaire_min_legis_cp,14.06.26,droite,Morges,Mont-la-Ville,5491,337,165,4,0,161,95,59.01%,66,40.99%,48.96%
salaire_min_legis_sub,14.06.26,gauche,Morges,Mont-la-Ville,5491,337,165,11,0,154,62,40.26%,92,59.74%,48.96%
salaire_min_legis,14.06.26,gauche,Morges,Montricher,5492,649,393,0,4,381,139,36.48%,242,63.52%,60.55%
salaire_min_legis_cp,14.06.26,droite,Morges,Montricher,5492,649,393,5,4,376,230,61.17%,146,38.83%,60.55%
salaire_min_legis_sub,14.06.26,gauche,Morges,Montricher,5492,649,393,11,4,370,138,37.30%,232,62.70%,60.55%
salaire_min_legis,14.06.26,gauche,Morges,Morges,5642,9220,5179,70,5,4825,2516,52.15%,2309,47.85%,56.17%
salaire_min_legis_cp,14.06.26,droite,Morges,Morges,5642,9220,5179,101,5,4794,2265,47.25%,2529,52.75%,56.17%
salaire_min_legis_sub,14.06.26,gauche,Morges,Morges,5642,9220,5179,177,5,4718,2378,50.40%,2340,49.60%,56.17%
salaire_min_legis,14.06.26,gauche,Morges,Orny,5493,342,188,4,1,183,94,51.37%,89,48.63%,54.97%
salaire_min_legis_cp,14.06.26,droite,Morges,Orny,5493,342,188,7,1,180,85,47.22%,95,52.78%,54.97%
salaire_min_legis_sub,14.06.26,gauche,Morges,Orny,5493,342,188,6,1,181,86,47.51%,95,52.49%,54.97%
salaire_min_legis,14.06.26,gauche,Morges,Pompaples,5497,526,291,6,0,262,105,40.08%,157,59.92%,55.32%
salaire_min_legis_cp,14.06.26,droite,Morges,Pompaples,5497,526,291,6,0,262,142,54.20%,120,45.80%,55.32%
salaire_min_legis_sub,14.06.26,gauche,Morges,Pompaples,5497,526,291,15,0,253,99,39.13%,154,60.87%,55.32%
salaire_min_legis,14.06.26,gauche,Morges,Préverenges,5643,2952,1683,30,7,1536,789,51.37%,747,48.63%,57.01%
salaire_min_legis_cp,14.06.26,droite,Morges,Préverenges,5643,2952,1683,34,7,1532,760,49.61%,772,50.39%,57.01%
salaire_min_legis_sub,14.06.26,gauche,Morges,Préverenges,5643,2952,1683,59,7,1507,709,47.05%,798,52.95%,57.01%
salaire_min_legis,14.06.26,gauche,Morges,Romanel-sur-Morges,5645,318,192,9,0,183,76,41.53%,107,58.47%,60.38%
salaire_min_legis_cp,14.06.26,droite,Morges,Romanel-sur-Morges,5645,318,192,9,0,183,100,54.64%,83,45.36%,60.38%
salaire_min_legis_sub,14.06.26,gauche,Morges,Romanel-sur-Morges,5645,318,192,17,0,175,66,37.71%,109,62.29%,60.38%
salaire_min_legis,14.06.26,gauche,Morges,Saint-Livres,5435,480,287,9,0,278,108,38.85%,170,61.15%,59.79%
salaire_min_legis_cp,14.06.26,droite,Morges,Saint-Livres,5435,480,287,16,0,271,159,58.67%,112,41.33%,59.79%
salaire_min_legis_sub,14.06.26,gauche,Morges,Saint-Livres,5435,480,287,23,0,264,94,35.61%,170,64.39%,59.79%
salaire_min_legis,14.06.26,gauche,Morges,Saint-Oyens,5436,286,183,1,0,171,88,51.46%,83,48.54%,63.99%
salaire_min_legis_cp,14.06.26,droite,Morges,Saint-Oyens,5436,286,183,3,0,169,84,49.70%,85,50.30%,63.99%
salaire_min_legis_sub,14.06.26,gauche,Morges,Saint-Oyens,5436,286,183,6,0,166,64,38.55%,102,61.45%,63.99%
salaire_min_legis,14.06.26,gauche,Morges,Saint-Prex,5646,3034,1773,25,2,1662,686,41.28%,976,58.72%,58.44%
salaire_min_legis_cp,14.06.26,droite,Morges,Saint-Prex,5646,3034,1773,42,2,1645,930,56.53%,715,43.47%,58.44%
salaire_min_legis_sub,14.06.26,gauche,Morges,Saint-Prex,5646,3034,1773,60,2,1627,648,39.83%,979,60.17%,58.44%
salaire_min_legis,14.06.26,gauche,Morges,Saubraz,5437,258,139,0,3,132,67,50.76%,65,49.24%,53.88%
salaire_min_legis_cp,14.06.26,droite,Morges,Saubraz,5437,258,139,1,3,131,64,48.85%,67,51.15%,53.88%
salaire_min_legis_sub,14.06.26,gauche,Morges,Saubraz,5437,258,139,7,3,125,57,45.60%,68,54.40%,53.88%
salaire_min_legis,14.06.26,gauche,Morges,Senarclens,5499,330,185,3,0,178,60,33.71%,118,66.29%,56.06%
salaire_min_legis_cp,14.06.26,droite,Morges,Senarclens,5499,330,185,4,0,177,111,62.71%,66,37.29%,56.06%
salaire_min_legis_sub,14.06.26,gauche,Morges,Senarclens,5499,330,185,10,0,171,59,34.50%,112,65.50%,56.06%
salaire_min_legis,14.06.26,gauche,Morges,Tolochenaz,5649,1302,613,3,5,568,258,45.42%,310,54.58%,47.08%
salaire_min_legis_cp,14.06.26,droite,Morges,Tolochenaz,5649,1302,613,6,5,565,289,51.15%,276,48.85%,47.08%
salaire_min_legis_sub,14.06.26,gauche,Morges,Tolochenaz,5649,1302,613,28,5,543,241,44.38%,302,55.62%,47.08%
salaire_min_legis,14.06.26,gauche,Morges,Vaux-sur-Morges,5650,128,99,2,0,91,41,45.05%,50,54.95%,77.34%
salaire_min_legis_cp,14.06.26,droite,Morges,Vaux-sur-Morges,5650,128,99,1,0,92,54,58.70%,38,41.30%,77.34%
salaire_min_legis_sub,14.06.26,gauche,Morges,Vaux-sur-Morges,5650,128,99,2,0,91,39,42.86%,52,57.14%,77.34%
salaire_min_legis,14.06.26,gauche,Morges,Villars-sous-Yens,5652,383,243,3,0,240,115,47.92%,125,52.08%,63.45%
salaire_min_legis_cp,14.06.26,droite,Morges,Villars-sous-Yens,5652,383,243,5,0,238,123,51.68%,115,48.32%,63.45%
salaire_min_legis_sub,14.06.26,gauche,Morges,Villars-sous-Yens,5652,383,243,11,0,232,104,44.83%,128,55.17%,63.45%
salaire_min_legis,14.06.26,gauche,Morges,Vufflens-le-Château,5653,573,377,3,3,357,114,31.93%,243,68.07%,65.79%
salaire_min_legis_cp,14.06.26,droite,Morges,Vufflens-le-Château,5653,573,377,4,3,356,219,61.52%,137,38.48%,65.79%
salaire_min_legis_sub,14.06.26,gauche,Morges,Vufflens-le-Château,5653,573,377,12,3,348,107,30.75%,241,69.25%,65.79%
salaire_min_legis,14.06.26,gauche,Morges,Vullierens,5654,357,207,13,0,194,66,34.02%,128,65.98%,57.98%
salaire_min_legis_cp,14.06.26,droite,Morges,Vullierens,5654,357,207,6,0,201,123,61.19%,78,38.81%,57.98%
salaire_min_legis_sub,14.06.26,gauche,Morges,Vullierens,5654,357,207,19,0,188,64,34.04%,124,65.96%,57.98%
salaire_min_legis,14.06.26,gauche,Morges,Yens,5655,884,540,26,0,514,176,34.24%,338,65.76%,61.09%
salaire_min_legis_cp,14.06.26,droite,Morges,Yens,5655,884,540,30,0,510,276,54.12%,234,45.88%,61.09%
salaire_min_legis_sub,14.06.26,gauche,Morges,Yens,5655,884,540,39,0,501,170,33.93%,331,66.07%,61.09%
salaire_min_legis,14.06.26,gauche,Nyon,Arnex-sur-Nyon,5701,178,88,0,0,86,27,31.40%,59,68.60%,49.44%
salaire_min_legis_cp,14.06.26,droite,Nyon,Arnex-sur-Nyon,5701,178,88,2,0,84,62,73.81%,22,26.19%,49.44%
salaire_min_legis_sub,14.06.26,gauche,Nyon,Arnex-sur-Nyon,5701,178,88,2,0,84,23,27.38%,61,72.62%,49.44%
salaire_min_legis,14.06.26,gauche,Nyon,Arzier - Le Muids,5702,1708,1071,21,0,968,378,39.05%,590,60.95%,62.70%
salaire_min_legis_cp,14.06.26,droite,Nyon,Arzier - Le Muids,5702,1708,1071,14,0,975,554,56.82%,421,43.18%,62.70%
salaire_min_legis_sub,14.06.26,gauche,Nyon,Arzier - Le Muids,5702,1708,1071,46,0,943,354,37.54%,589,62.46%,62.70%
salaire_min_legis,14.06.26,gauche,Nyon,Bassins,5703,878,539,11,0,494,211,42.71%,283,57.29%,61.39%
salaire_min_legis_cp,14.06.26,droite,Nyon,Bassins,5703,878,539,10,0,495,282,56.97%,213,43.03%,61.39%
salaire_min_legis_sub,14.06.26,gauche,Nyon,Bassins,5703,878,539,19,0,486,196,40.33%,290,59.67%,61.39%
salaire_min_legis,14.06.26,gauche,Nyon,Begnins,5704,1220,674,22,4,648,263,40.59%,385,59.41%,55.25%
salaire_min_legis_cp,14.06.26,droite,Nyon,Begnins,5704,1220,674,22,4,648,369,56.94%,279,43.06%,55.25%
salaire_min_legis_sub,14.06.26,gauche,Nyon,Begnins,5704,1220,674,32,4,638,258,40.44%,380,59.56%,55.25%
salaire_min_legis,14.06.26,gauche,Nyon,Bogis-Bossey,5705,493,305,1,0,298,117,39.26%,181,60.74%,61.87%
salaire_min_legis_cp,14.06.26,droite,Nyon,Bogis-Bossey,5705,493,305,2,0,297,172,57.91%,125,42.09%,61.87%
salaire_min_legis_sub,14.06.26,gauche,Nyon,Bogis-Bossey,5705,493,305,6,0,293,98,33.45%,195,66.55%,61.87%
salaire_min_legis,14.06.26,gauche,Nyon,Borex,5706,710,423,2,0,416,187,44.95%,229,55.05%,59.58%
salaire_min_legis_cp,14.06.26,droite,Nyon,Borex,5706,710,423,7,0,411,224,54.50%,187,45.50%,59.58%
salaire_min_legis_sub,14.06.26,gauche,Nyon,Borex,5706,710,423,8,0,410,178,43.41%,232,56.59%,59.58%
salaire_min_legis,14.06.26,gauche,Nyon,Bursinel,5852,313,195,5,16,172,65,37.79%,107,62.21%,62.30%
salaire_min_legis_cp,14.06.26,droite,Nyon,Bursinel,5852,313,195,5,16,172,109,63.37%,63,36.63%,62.30%
salaire_min_legis_sub,14.06.26,gauche,Nyon,Bursinel,5852,313,195,6,16,171,56,32.75%,115,67.25%,62.30%
salaire_min_legis,14.06.26,gauche,Nyon,Bursins,5853,493,295,5,0,289,116,40.14%,173,59.86%,59.84%
salaire_min_legis_cp,14.06.26,droite,Nyon,Bursins,5853,493,295,5,0,289,175,60.55%,114,39.45%,59.84%
salaire_min_legis_sub,14.06.26,gauche,Nyon,Bursins,5853,493,295,18,0,276,105,38.04%,171,61.96%,59.84%
salaire_min_legis,14.06.26,gauche,Nyon,Burtigny,5854,254,151,3,0,144,54,37.50%,90,62.50%,59.45%
salaire_min_legis_cp,14.06.26,droite,Nyon,Burtigny,5854,254,151,0,0,147,95,64.63%,52,35.37%,59.45%
salaire_min_legis_sub,14.06.26,gauche,Nyon,Burtigny,5854,254,151,6,0,141,48,34.04%,93,65.96%,59.45%
salaire_min_legis,14.06.26,gauche,Nyon,Chavannes-de-Bogis,5707,668,354,2,5,332,106,31.93%,226,68.07%,52.99%
salaire_min_legis_cp,14.06.26,droite,Nyon,Chavannes-de-Bogis,5707,668,354,6,5,328,217,66.16%,111,33.84%,52.99%
salaire_min_legis_sub,14.06.26,gauche,Nyon,Chavannes-de-Bogis,5707,668,354,16,5,318,101,31.76%,217,68.24%,52.99%
salaire_min_legis,14.06.26,gauche,Nyon,Chavannes-des-Bois,5708,488,302,3,1,286,95,33.22%,191,66.78%,61.89%
salaire_min_legis_cp,14.06.26,droite,Nyon,Chavannes-des-Bois,5708,488,302,5,1,284,175,61.62%,109,38.38%,61.89%
salaire_min_legis_sub,14.06.26,gauche,Nyon,Chavannes-des-Bois,5708,488,302,12,1,277,87,31.41%,190,68.59%,61.89%
salaire_min_legis,14.06.26,gauche,Nyon,Chéserex,5709,781,497,9,1,458,154,33.62%,304,66.38%,63.64%
salaire_min_legis_cp,14.06.26,droite,Nyon,Chéserex,5709,781,497,8,1,459,254,55.34%,205,44.66%,63.64%
salaire_min_legis_sub,14.06.26,gauche,Nyon,Chéserex,5709,781,497,22,1,445,148,33.26%,297,66.74%,63.64%
salaire_min_legis,14.06.26,gauche,Nyon,Coinsins,5710,317,182,3,0,170,65,38.24%,105,61.76%,57.41%
salaire_min_legis_cp,14.06.26,droite,Nyon,Coinsins,5710,317,182,4,0,169,109,64.50%,60,35.50%,57.41%
salaire_min_legis_sub,14.06.26,gauche,Nyon,Coinsins,5710,317,182,6,0,167,61,36.53%,106,63.47%,57.41%
salaire_min_legis,14.06.26,gauche,Nyon,Commugny,5711,1468,884,6,0,855,306,35.79%,549,64.21%,60.22%
salaire_min_legis_cp,14.06.26,droite,Nyon,Commugny,5711,1468,884,18,0,843,518,61.45%,325,38.55%,60.22%
salaire_min_legis_sub,14.06.26,gauche,Nyon,Commugny,5711,1468,884,40,0,821,276,33.62%,545,66.38%,60.22%
salaire_min_legis,14.06.26,gauche,Nyon,Coppet,5712,2056,1025,15,1,959,337,35.14%,622,64.86%,49.85%
salaire_min_legis_cp,14.06.26,droite,Nyon,Coppet,5712,2056,1025,18,1,956,579,60.56%,377,39.44%,49.85%
salaire_min_legis_sub,14.06.26,gauche,Nyon,Coppet,5712,2056,1025,30,1,944,313,33.16%,631,66.84%,49.85%
salaire_min_legis,14.06.26,gauche,Nyon,Crans,5713,1360,847,20,1,826,275,33.29%,551,66.71%,62.28%
salaire_min_legis_cp,14.06.26,droite,Nyon,Crans,5713,1360,847,24,1,822,496,60.34%,326,39.66%,62.28%
salaire_min_legis_sub,14.06.26,gauche,Nyon,Crans,5713,1360,847,20,1,826,324,39.23%,502,60.77%,62.28%
salaire_min_legis,14.06.26,gauche,Nyon,Crassier,5714,757,438,2,0,424,189,44.58%,235,55.42%,57.86%
salaire_min_legis_cp,14.06.26,droite,Nyon,Crassier,5714,757,438,8,0,418,232,55.50%,186,44.50%,57.86%
salaire_min_legis_sub,14.06.26,gauche,Nyon,Crassier,5714,757,438,11,0,415,164,39.52%,251,60.48%,57.86%
salaire_min_legis,14.06.26,gauche,Nyon,Duillier,5715,695,424,4,0,410,158,38.54%,252,61.46%,61.01%
salaire_min_legis_cp,14.06.26,droite,Nyon,Duillier,5715,695,424,8,0,406,248,61.08%,158,38.92%,61.01%
salaire_min_legis_sub,14.06.26,gauche,Nyon,Duillier,5715,695,424,8,0,406,248,61.08%,158,38.92%,61.01%
salaire_min_legis,14.06.26,gauche,Nyon,Dully,5855,367,223,1,0,218,63,28.90%,155,71.10%,60.76%
salaire_min_legis_cp,14.06.26,droite,Nyon,Dully,5855,367,223,0,0,219,139,63.47%,80,36.53%,60.76%
salaire_min_legis_sub,14.06.26,gauche,Nyon,Dully,5855,367,223,11,0,208,55,26.44%,153,73.56%,60.76%
salaire_min_legis,14.06.26,gauche,Nyon,Essertines-sur-Rolle,5856,436,287,9,0,278,102,36.69%,176,63.31%,65.83%
salaire_min_legis_cp,14.06.26,droite,Nyon,Essertines-sur-Rolle,5856,436,287,11,0,276,168,60.87%,108,39.13%,65.83%
salaire_min_legis_sub,14.06.26,gauche,Nyon,Essertines-sur-Rolle,5856,436,287,14,0,273,86,31.50%,187,68.50%,65.83%
salaire_min_legis,14.06.26,gauche,Nyon,Eysins,5716,966,596,6,1,545,236,43.30%,309,56.70%,61.70%
salaire_min_legis_cp,14.06.26,droite,Nyon,Eysins,5716,966,596,8,1,543,306,56.35%,237,43.65%,61.70%
salaire_min_legis_sub,14.06.26,gauche,Nyon,Eysins,5716,966,596,22,1,529,222,41.97%,307,58.03%,61.70%
salaire_min_legis,14.06.26,gauche,Nyon,Founex,5717,1761,1095,16,0,1016,373,36.71%,643,63.29%,62.18%
salaire_min_legis_cp,14.06.26,droite,Nyon,Founex,5717,1761,1095,20,0,1012,591,58.40%,421,41.60%,62.18%
salaire_min_legis_sub,14.06.26,gauche,Nyon,Founex,5717,1761,1095,39,0,993,364,36.66%,629,63.34%,62.18%
salaire_min_legis,14.06.26,gauche,Nyon,Genolier,5718,1190,738,0,1,701,228,32.52%,473,67.48%,62.02%
salaire_min_legis_cp,14.06.26,droite,Nyon,Genolier,5718,1190,738,0,1,701,429,61.20%,272,38.80%,62.02%
salaire_min_legis_sub,14.06.26,gauche,Nyon,Genolier,5718,1190,738,10,1,691,213,30.82%,478,69.18%,62.02%
salaire_min_legis,14.06.26,gauche,Nyon,Gilly,5857,845,499,2,1,488,162,33.20%,326,66.80%,59.05%
salaire_min_legis_cp,14.06.26,droite,Nyon,Gilly,5857,845,499,6,1,484,298,61.57%,186,38.43%,59.05%
salaire_min_legis_sub,14.06.26,gauche,Nyon,Gilly,5857,845,499,8,1,482,149,30.91%,333,69.09%,59.05%
salaire_min_legis,14.06.26,gauche,Nyon,Gingins,5719,788,471,18,0,444,167,37.61%,277,62.39%,59.77%
salaire_min_legis_cp,14.06.26,droite,Nyon,Gingins,5719,788,471,22,0,440,264,60.00%,176,40.00%,59.77%
salaire_min_legis_sub,14.06.26,gauche,Nyon,Gingins,5719,788,471,40,0,422,144,34.12%,278,65.88%,59.77%
salaire_min_legis,14.06.26,gauche,Nyon,Givrins,5720,697,447,13,0,434,171,39.40%,263,60.60%,64.13%
salaire_min_legis_cp,14.06.26,droite,Nyon,Givrins,5720,697,447,22,0,425,234,55.06%,191,44.94%,64.13%
salaire_min_legis_sub,14.06.26,gauche,Nyon,Givrins,5720,697,447,28,0,419,151,36.04%,268,63.96%,64.13%
salaire_min_legis,14.06.26,gauche,Nyon,Gland,5721,7303,4051,61,0,3698,1730,46.78%,1968,53.22%,55.47%
salaire_min_legis_cp,14.06.26,droite,Nyon,Gland,5721,7303,4051,121,0,3638,1916,52.67%,1722,47.33%,55.47%
salaire_min_legis_sub,14.06.26,gauche,Nyon,Gland,5721,7303,4051,182,0,3577,1604,44.84%,1973,55.16%,55.47%
salaire_min_legis,14.06.26,gauche,Nyon,Grens,5722,252,163,1,0,162,70,43.21%,92,56.79%,64.68%
salaire_min_legis_cp,14.06.26,droite,Nyon,Grens,5722,252,163,3,0,160,94,58.75%,66,41.25%,64.68%
salaire_min_legis_sub,14.06.26,gauche,Nyon,Grens,5722,252,163,8,0,155,59,38.06%,96,61.94%,64.68%
salaire_min_legis,14.06.26,gauche,Nyon,La Rippe,5726,722,438,15,0,423,159,37.59%,264,62.41%,60.66%
salaire_min_legis_cp,14.06.26,droite,Nyon,La Rippe,5726,722,438,15,0,423,245,57.92%,178,42.08%,60.66%
salaire_min_legis_sub,14.06.26,gauche,Nyon,La Rippe,5726,722,438,26,0,412,152,36.89%,260,63.11%,60.66%
salaire_min_legis,14.06.26,gauche,Nyon,Le Vaud,5731,907,10,0,3,7,6,85.71%,1,14.29%,1.10%
salaire_min_legis_cp,14.06.26,droite,Nyon,Le Vaud,5731,907,10,0,3,7,5,71.43%,2,28.57%,1.10%
salaire_min_legis_sub,14.06.26,gauche,Nyon,Le Vaud,5731,907,10,0,3,7,5,71.43%,2,28.57%,1.10%
salaire_min_legis,14.06.26,gauche,Nyon,Longirod,5429,361,208,0,0,197,91,46.19%,106,53.81%,57.62%
salaire_min_legis_cp,14.06.26,droite,Nyon,Longirod,5429,361,208,3,0,194,125,64.43%,69,35.57%,57.62%
salaire_min_legis_sub,14.06.26,gauche,Nyon,Longirod,5429,361,208,7,0,190,73,38.42%,117,61.58%,57.62%
salaire_min_legis,14.06.26,gauche,Nyon,Luins,5858,346,197,4,0,184,55,29.89%,129,70.11%,56.94%
salaire_min_legis_cp,14.06.26,droite,Nyon,Luins,5858,346,197,10,0,178,116,65.17%,62,34.83%,56.94%
salaire_min_legis_sub,14.06.26,gauche,Nyon,Luins,5858,346,197,8,0,180,128,71.11%,52,28.89%,56.94%
salaire_min_legis,14.06.26,gauche,Nyon,Marchissy,5430,334,204,0,0,195,78,40.00%,117,60.00%,61.08%
salaire_min_legis_cp,14.06.26,droite,Nyon,Marchissy,5430,334,204,2,0,193,113,58.55%,80,41.45%,61.08%
salaire_min_legis_sub,14.06.26,gauche,Nyon,Marchissy,5430,334,204,11,0,184,71,38.59%,113,61.41%,61.08%
salaire_min_legis,14.06.26,gauche,Nyon,Mies,5723,1094,643,9,0,595,236,39.66%,359,60.34%,58.78%
salaire_min_legis_cp,14.06.26,droite,Nyon,Mies,5723,1094,643,16,0,588,335,56.97%,253,43.03%,58.78%
salaire_min_legis_sub,14.06.26,gauche,Nyon,Mies,5723,1094,643,24,0,580,212,36.55%,368,63.45%,58.78%
salaire_min_legis,14.06.26,gauche,Nyon,Mont-sur-Rolle,5859,1627,922,14,0,857,365,42.59%,492,57.41%,56.67%
salaire_min_legis_cp,14.06.26,droite,Nyon,Mont-sur-Rolle,5859,1627,922,10,0,861,477,55.40%,384,44.60%,56.67%
salaire_min_legis_sub,14.06.26,gauche,Nyon,Mont-sur-Rolle,5859,1627,922,23,0,848,341,40.21%,507,59.79%,56.67%
salaire_min_legis,14.06.26,gauche,Nyon,Nyon,5724,11365,6122,102,12,5627,2980,52.96%,2647,47.04%,53.87%
salaire_min_legis_cp,14.06.26,droite,Nyon,Nyon,5724,11365,6122,120,12,5609,2693,48.01%,2916,51.99%,53.87%
salaire_min_legis_sub,14.06.26,gauche,Nyon,Nyon,5724,11365,6122,221,12,5508,2769,50.27%,2739,49.73%,53.87%
salaire_min_legis,14.06.26,gauche,Nyon,Perroy,5860,911,577,5,0,543,212,39.04%,331,60.96%,63.34%
salaire_min_legis_cp,14.06.26,droite,Nyon,Perroy,5860,911,577,12,0,536,282,52.61%,254,47.39%,63.34%
salaire_min_legis_sub,14.06.26,gauche,Nyon,Perroy,5860,911,577,27,0,521,196,37.62%,325,62.38%,63.34%
salaire_min_legis,14.06.26,gauche,Nyon,Prangins,5725,2428,1510,41,3,1388,616,44.38%,772,55.62%,62.19%
salaire_min_legis_cp,14.06.26,droite,Nyon,Prangins,5725,2428,1510,42,3,1387,765,55.16%,622,44.84%,62.19%
salaire_min_legis_sub,14.06.26,gauche,Nyon,Prangins,5725,2428,1510,70,3,1359,581,42.75%,778,57.25%,62.19%
salaire_min_legis,14.06.26,gauche,Nyon,Rolle,5861,3192,1739,23,0,1615,751,46.50%,864,53.50%,54.48%
salaire_min_legis_cp,14.06.26,droite,Nyon,Rolle,5861,3192,1739,32,0,1606,834,51.93%,772,48.07%,54.48%
salaire_min_legis_sub,14.06.26,gauche,Nyon,Rolle,5861,3192,1739,41,0,1597,722,45.21%,875,54.79%,54.48%
salaire_min_legis,14.06.26,gauche,Nyon,Saint-Cergue,5727,1674,850,16,2,779,360,46.21%,419,53.79%,50.78%
salaire_min_legis_cp,14.06.26,droite,Nyon,Saint-Cergue,5727,1674,850,22,2,773,413,53.43%,360,46.57%,50.78%
salaire_min_legis_sub,14.06.26,gauche,Nyon,Saint-Cergue,5727,1674,850,33,2,762,336,44.09%,426,55.91%,50.78%
salaire_min_legis,14.06.26,gauche,Nyon,Saint-George,5434,677,369,1,1,365,164,44.93%,201,55.07%,54.51%
salaire_min_legis_cp,14.06.26,droite,Nyon,Saint-George,5434,677,369,14,1,352,192,54.55%,160,45.45%,54.51%
salaire_min_legis_sub,14.06.26,gauche,Nyon,Saint-George,5434,677,369,19,1,347,145,41.79%,202,58.21%,54.51%
salaire_min_legis,14.06.26,gauche,Nyon,Signy-Avenex,5728,359,216,13,0,203,70,34.48%,133,65.52%,60.17%
salaire_min_legis_cp,14.06.26,droite,Nyon,Signy-Avenex,5728,359,216,16,0,200,112,56.00%,88,44.00%,60.17%
salaire_min_legis_sub,14.06.26,gauche,Nyon,Signy-Avenex,5728,359,216,24,0,192,61,31.77%,131,68.23%,60.17%
salaire_min_legis,14.06.26,gauche,Nyon,Tannay,5729,923,571,21,0,550,198,36.00%,352,64.00%,61.86%
salaire_min_legis_cp,14.06.26,droite,Nyon,Tannay,5729,923,571,38,0,533,319,59.85%,214,40.15%,61.86%
salaire_min_legis_sub,14.06.26,gauche,Nyon,Tannay,5729,923,571,42,0,529,182,34.40%,347,65.60%,61.86%
salaire_min_legis,14.06.26,gauche,Nyon,Tartegnin,5862,131,79,1,0,74,19,25.68%,55,74.32%,60.31%
salaire_min_legis_cp,14.06.26,droite,Nyon,Tartegnin,5862,131,79,2,0,73,43,58.90%,30,41.10%,60.31%
salaire_min_legis_sub,14.06.26,gauche,Nyon,Tartegnin,5862,131,79,6,0,69,17,24.64%,52,75.36%,60.31%
salaire_min_legis,14.06.26,gauche,Nyon,Trélex,5730,908,598,12,0,552,206,37.32%,346,62.68%,65.86%
salaire_min_legis_cp,14.06.26,droite,Nyon,Trélex,5730,908,598,11,0,553,323,58.41%,230,41.59%,65.86%
salaire_min_legis_sub,14.06.26,gauche,Nyon,Trélex,5730,908,598,17,0,547,196,35.83%,351,64.17%,65.86%
salaire_min_legis,14.06.26,gauche,Nyon,Vich,5732,665,386,5,0,362,136,37.57%,226,62.43%,58.05%
salaire_min_legis_cp,14.06.26,droite,Nyon,Vich,5732,665,386,3,0,364,218,59.89%,146,40.11%,58.05%
salaire_min_legis_sub,14.06.26,gauche,Nyon,Vich,5732,665,386,16,0,351,131,37.32%,220,62.68%,58.05%
salaire_min_legis,14.06.26,gauche,Nyon,Vinzel,5863,237,149,0,0,140,51,36.43%,89,63.57%,62.87%
salaire_min_legis_cp,14.06.26,droite,Nyon,Vinzel,5863,237,149,2,0,138,80,57.97%,58,42.03%,62.87%
salaire_min_legis_sub,14.06.26,gauche,Nyon,Vinzel,5863,237,149,6,0,134,49,36.57%,85,63.43%,62.87%
salaire_min_legis,14.06.26,gauche,Ouest lausannois,Bussigny,5624,5702,2955,41,7,2739,1423,51.95%,1316,48.05%,51.82%
salaire_min_legis_cp,14.06.26,droite,Ouest lausannois,Bussigny,5624,5702,2955,46,7,2734,1328,48.57%,1406,51.43%,51.82%
salaire_min_legis_sub,14.06.26,gauche,Ouest lausannois,Bussigny,5624,5702,2955,109,7,2671,1327,49.68%,1344,50.32%,51.82%
salaire_min_legis,14.06.26,gauche,Ouest lausannois,Chavannes-près-Renens,5627,3694,1502,16,2,1421,919,64.67%,502,35.33%,40.66%
salaire_min_legis_cp,14.06.26,droite,Ouest lausannois,Chavannes-près-Renens,5627,3694,1502,38,2,1399,553,39.53%,846,60.47%,40.66%
salaire_min_legis_sub,14.06.26,gauche,Ouest lausannois,Chavannes-près-Renens,5627,3694,1502,56,2,1381,880,63.72%,501,36.28%,40.66%
salaire_min_legis,14.06.26,gauche,Ouest lausannois,Crissier,5583,4934,2281,40,5,2102,1159,55.14%,943,44.86%,46.23%
salaire_min_legis_cp,14.06.26,droite,Ouest lausannois,Crissier,5583,4934,2281,44,5,2098,969,46.19%,1129,53.81%,46.23%
salaire_min_legis_sub,14.06.26,gauche,Ouest lausannois,Crissier,5583,4934,2281,85,5,2057,1079,52.46%,978,47.54%,46.23%
salaire_min_legis,14.06.26,gauche,Ouest lausannois,Ecublens VD,5635,5742,2940,44,5,2713,1459,53.78%,1254,46.22%,51.20%
salaire_min_legis_cp,14.06.26,droite,Ouest lausannois,Ecublens VD,5635,5742,2940,49,5,2708,1259,46.49%,1449,53.51%,51.20%
salaire_min_legis_sub,14.06.26,gauche,Ouest lausannois,Ecublens VD,5635,5742,2940,99,5,2658,1349,50.75%,1309,49.25%,51.20%
salaire_min_legis,14.06.26,gauche,Ouest lausannois,Prilly,5589,6009,3066,43,5,2852,1685,59.08%,1167,40.92%,51.02%
salaire_min_legis_cp,14.06.26,droite,Ouest lausannois,Prilly,5589,6009,3066,71,5,2824,1233,43.66%,1591,56.34%,51.02%
salaire_min_legis_sub,14.06.26,gauche,Ouest lausannois,Prilly,5589,6009,3066,113,5,2782,1540,55.36%,1242,44.64%,51.02%
salaire_min_legis,14.06.26,gauche,Ouest lausannois,Renens VD,5591,8827,3886,42,15,3634,2352,64.72%,1282,35.28%,44.02%
salaire_min_legis_cp,14.06.26,droite,Ouest lausannois,Renens VD,5591,8827,3886,81,15,3595,1390,38.66%,2205,61.34%,44.02%
salaire_min_legis_sub,14.06.26,gauche,Ouest lausannois,Renens VD,5591,8827,3886,117,15,3559,2204,61.93%,1355,38.07%,44.02%
salaire_min_legis,14.06.26,gauche,Ouest lausannois,Saint-Sulpice,5648,2291,1511,16,2,1418,568,40.06%,850,59.94%,65.95%
salaire_min_legis_cp,14.06.26,droite,Ouest lausannois,Saint-Sulpice,5648,2291,1511,21,2,1413,790,55.91%,623,44.09%,65.95%
salaire_min_legis_sub,14.06.26,gauche,Ouest lausannois,Saint-Sulpice,5648,2291,1511,36,2,1398,545,38.98%,853,61.02%,65.95%
salaire_min_legis,14.06.26,gauche,Ouest lausannois,Villars-Sainte-Croix,5651,554,278,7,0,266,117,43.98%,149,56.02%,50.18%
salaire_min_legis_cp,14.06.26,droite,Ouest lausannois,Villars-Sainte-Croix,5651,554,278,11,0,262,157,59.92%,105,40.08%,50.18%
salaire_min_legis_sub,14.06.26,gauche,Ouest lausannois,Villars-Sainte-Croix,5651,554,278,9,0,264,109,41.29%,155,58.71%,50.18%
salaire_min_legis,14.06.26,gauche,Vevey,Blonay - Saint-Légier,5892,7789,4703,78,3,4331,1702,39.30%,2629,60.70%,60.38%
salaire_min_legis_cp,14.06.26,droite,Vevey,Blonay - Saint-Légier,5892,7789,4703,88,3,4321,2513,58.16%,1808,41.84%,60.38%
salaire_min_legis_sub,14.06.26,gauche,Vevey,Blonay - Saint-Légier,5892,7789,4703,140,3,4269,1617,37.88%,2652,62.12%,60.38%
salaire_min_legis,14.06.26,gauche,Vevey,Chardonne,5882,2131,1327,16,2,1226,521,42.50%,705,57.50%,62.27%
salaire_min_legis_cp,14.06.26,droite,Vevey,Chardonne,5882,2131,1327,24,2,1218,657,53.94%,561,46.06%,62.27%
salaire_min_legis_sub,14.06.26,gauche,Vevey,Chardonne,5882,2131,1327,30,2,1212,483,39.85%,729,60.15%,62.27%
salaire_min_legis,14.06.26,gauche,Pays-d'Enhaut,Château-d'Oex,5841,2051,1070,24,3,967,307,31.75%,660,68.25%,52.17%
salaire_min_legis_cp,14.06.26,droite,Pays-d'Enhaut,Château-d'Oex,5841,2051,1070,33,3,958,584,60.96%,374,39.04%,52.17%
salaire_min_legis_sub,14.06.26,gauche,Pays-d'Enhaut,Château-d'Oex,5841,2051,1070,47,3,944,310,32.84%,634,67.16%,52.17%
salaire_min_legis,14.06.26,gauche,Vevey,Corseaux,5883,1445,960,13,1,893,374,41.88%,519,58.12%,66.44%
salaire_min_legis_cp,14.06.26,droite,Vevey,Corseaux,5883,1445,960,21,1,885,507,57.29%,378,42.71%,66.44%
salaire_min_legis_sub,14.06.26,gauche,Vevey,Corseaux,5883,1445,960,39,1,867,350,40.37%,517,59.63%,66.44%
salaire_min_legis,14.06.26,gauche,Vevey,Corsier-sur-Vevey,5884,1930,1096,22,1,1000,541,54.10%,459,45.90%,56.79%
salaire_min_legis_cp,14.06.26,droite,Vevey,Corsier-sur-Vevey,5884,1930,1096,30,1,992,458,46.17%,534,53.83%,56.79%
salaire_min_legis_sub,14.06.26,gauche,Vevey,Corsier-sur-Vevey,5884,1930,1096,45,1,977,494,50.56%,483,49.44%,56.79%
salaire_min_legis,14.06.26,gauche,Vevey,Jongny,5885,1113,757,14,1,724,305,42.13%,419,57.87%,68.01%
salaire_min_legis_cp,14.06.26,droite,Vevey,Jongny,5885,1113,757,16,1,722,379,52.49%,343,47.51%,68.01%
salaire_min_legis_sub,14.06.26,gauche,Vevey,Jongny,5885,1113,757,27,1,711,291,40.93%,420,59.07%,68.01%
salaire_min_legis,14.06.26,gauche,Vevey,La Tour-de-Peilz,5889,7493,4467,77,3,4121,2146,52.07%,1975,47.93%,59.62%
salaire_min_legis_cp,14.06.26,droite,Vevey,La Tour-de-Peilz,5889,7493,4467,109,3,4089,1952,47.74%,2137,52.26%,59.62%
salaire_min_legis_sub,14.06.26,gauche,Vevey,La Tour-de-Peilz,5889,7493,4467,156,3,4042,2036,50.37%,2006,49.63%,59.62%
salaire_min_legis,14.06.26,gauche,Vevey,Montreux,5886,12331,6278,104,15,5818,2868,49.30%,2950,50.70%,50.91%
salaire_min_legis_cp,14.06.26,droite,Vevey,Montreux,5886,12331,6278,165,15,5757,2837,49.28%,2920,50.72%,50.91%
salaire_min_legis_sub,14.06.26,gauche,Vevey,Montreux,5886,12331,6278,224,15,5698,2644,46.40%,3054,53.60%,50.91%
salaire_min_legis,14.06.26,gauche,Pays-d'Enhaut,Rossinière,5842,331,162,1,0,160,47,29.38%,113,70.62%,48.94%
salaire_min_legis_cp,14.06.26,droite,Pays-d'Enhaut,Rossinière,5842,331,162,6,0,155,86,55.48%,69,44.52%,48.94%
salaire_min_legis_sub,14.06.26,gauche,Pays-d'Enhaut,Rossinière,5842,331,162,7,0,154,50,32.47%,104,67.53%,48.94%
salaire_min_legis,14.06.26,gauche,Pays-d'Enhaut,Rougemont,5843,438,183,4,1,178,29,16.29%,149,83.71%,41.78%
salaire_min_legis_cp,14.06.26,droite,Pays-d'Enhaut,Rougemont,5843,438,183,7,1,175,117,66.86%,58,33.14%,41.78%
salaire_min_legis_sub,14.06.26,gauche,Pays-d'Enhaut,Rougemont,5843,438,183,14,1,168,30,17.86%,138,82.14%,41.78%
salaire_min_legis,14.06.26,gauche,Vevey,Vevey,5890,10009,5209,50,3,4901,3220,65.70%,1681,34.30%,52.04%
salaire_min_legis_cp,14.06.26,droite,Vevey,Vevey,5890,10009,5209,115,3,4836,1849,38.23%,2987,61.77%,52.04%
salaire_min_legis_sub,14.06.26,gauche,Vevey,Vevey,5890,10009,5209,159,3,4792,3026,63.15%,1766,36.85%,52.04%
salaire_min_legis,14.06.26,gauche,Vevey,Veytaux,5891,518,266,10,0,256,122,47.66%,134,52.34%,51.35%
salaire_min_legis_cp,14.06.26,droite,Vevey,Veytaux,5891,518,266,13,0,253,132,52.17%,121,47.83%,51.35%
salaire_min_legis_sub,14.06.26,gauche,Vevey,Veytaux,5891,518,266,16,0,250,131,52.40%,119,47.60%,51.35%
